{"id":"crid:~~2F~~2Fport.hu~~2F90866106-imi:00100000005D3F2F","countryCode":"HU","languageCode":"hun","deviceCode":"web","startTime":1525648200000,"endTime":1525651200000,"stationId":"826989607197","imi":"imi:00100000005D3F2F","mediaGroupId":"crid:~~2F~~2Fport.hu~~2F77117770","program":{"id":"crid:~~2F~~2Fport.hu~~2F90866106","title":"IMMAF Vil\u00e1gbajnoks\u00e1g","description":"Extr\u00e9m sportok","longDescription":"Extr\u00e9m sportok","languageCode":"hun","countryCode":"HU","deviceCode":"web","medium":"TV","categories":[{"id":"271090244353","title":"Sport","scheme":"urn:tva:metadata:cs:UPCEventGenreCS:2009"},{"id":"271090244370","title":"Extr\u00e9m sportok","scheme":"urn:tva:metadata:cs:UPCEventGenreCS:2009"}],"isAdult":false,"parentalRating":"3","cast":[],"directors":[],"images":[{"assetType":"boxart-large","assetTypes":["boxart-large"],"width":180,"height":260,"url":"https:\/\/wp16-images-hu-dynamic.horizon.tv\/HU\/Images\/upcgenre_4F.jpg?w=180&h=260&mode=box"},{"assetType":"boxart-xlarge","assetTypes":["boxart-xlarge"],"width":210,"height":303,"url":"https:\/\/wp16-images-hu-dynamic.horizon.tv\/HU\/Images\/upcgenre_4F.jpg?w=210&h=303&mode=box"},{"assetType":"tva-boxcover","assetTypes":["tva-boxcover"],"width":180,"height":260,"url":"https:\/\/wp16-images-hu-dynamic.horizon.tv\/HU\/Images\/upcgenre_4F.jpg"},{"assetType":"boxart-medium","assetTypes":["boxart-medium"],"width":110,"height":159,"url":"https:\/\/wp16-images-hu-dynamic.horizon.tv\/HU\/Images\/upcgenre_4F.jpg?w=110&h=159&mode=box"},{"assetType":"boxart-small","assetTypes":["boxart-small"],"width":75,"height":108,"url":"https:\/\/wp16-images-hu-dynamic.horizon.tv\/HU\/Images\/upcgenre_4F.jpg?w=75&h=108&mode=box"}],"mediaGroupId":"crid:~~2F~~2Fport.hu~~2F77117770","shortDescription":"Extr\u00e9m sportok","mediaType":"Episode","isReplayTv":false,"seriesEpisodeNumber":"1805070110","seriesNumber":"1805122150","videoStreams":[],"entitlements":["VIP","_OPEN_"],"currentProductIds":[],"currentTvodProductIds":[]},"parentId":"crid:~~2F~~2Fport.hu~~2F77117770","rootId":"crid:~~2F~~2Fport.hu~~2F77117770"}