{"id":"crid:~~2F~~2Fport.hu~~2F31497659-imi:00100000005D6366","countryCode":"HU","languageCode":"hun","deviceCode":"web","startTime":1525450200000,"endTime":1525451100000,"stationId":"826989607190","imi":"imi:00100000005D6366","mediaGroupId":"crid:~~2F~~2Fport.hu~~2F22578359","program":{"id":"crid:~~2F~~2Fport.hu~~2F31497659","title":"B\u00e9ci \u00e9s R\u00e9ci","description":"Rajzfilm","longDescription":"Rajzfilm","languageCode":"hun","countryCode":"HU","deviceCode":"web","medium":"TV","categories":[{"id":"271090244371","title":"Gyermek\/Ifj\u00fas\u00e1gi","scheme":"urn:tva:metadata:cs:UPCEventGenreCS:2009"},{"id":"271090244376","title":"Rajzfilm","scheme":"urn:tva:metadata:cs:UPCEventGenreCS:2009"}],"isAdult":false,"parentalRating":"3","cast":[],"directors":[],"images":[{"assetType":"boxart-large","assetTypes":["boxart-large"],"width":180,"height":260,"url":"https:\/\/wp23-images-hu-dynamic.horizon.tv\/HU\/Images\/bc_9c8c22d74e904f5492bfad16619efc5c5e425494.jpg?w=180&h=260&mode=box"},{"assetType":"boxart-xlarge","assetTypes":["boxart-xlarge"],"width":210,"height":303,"url":"https:\/\/wp23-images-hu-dynamic.horizon.tv\/HU\/Images\/bc_9c8c22d74e904f5492bfad16619efc5c5e425494.jpg?w=210&h=303&mode=box"},{"assetType":"tva-boxcover","assetTypes":["tva-boxcover"],"width":180,"height":260,"url":"https:\/\/wp23-images-hu-dynamic.horizon.tv\/HU\/Images\/bc_9c8c22d74e904f5492bfad16619efc5c5e425494.jpg"},{"assetType":"boxart-small","assetTypes":["boxart-small"],"width":75,"height":108,"url":"https:\/\/wp23-images-hu-dynamic.horizon.tv\/HU\/Images\/bc_9c8c22d74e904f5492bfad16619efc5c5e425494.jpg?w=75&h=108&mode=box"},{"assetType":"boxart-medium","assetTypes":["boxart-medium"],"width":110,"height":159,"url":"https:\/\/wp23-images-hu-dynamic.horizon.tv\/HU\/Images\/bc_9c8c22d74e904f5492bfad16619efc5c5e425494.jpg?w=110&h=159&mode=box"},{"assetType":"HighResLandscape","assetTypes":["HighResLandscape"],"url":"https:\/\/wp9-images-hu-dynamic.horizon.tv\/HU\/Images\/hrl_3757bc4439bd7a69b094c4f119aebc2c0d5a9fcf.jpg"}],"mediaGroupId":"crid:~~2F~~2Fport.hu~~2F22578359","secondaryTitle":"Kempingez\u00e9s\/\/A hull\u00e1mvas\u00fat","shortDescription":"Rajzfilm","mediaType":"Episode","year":"2015","isReplayTv":false,"seriesEpisodeNumber":"1805041810","seriesNumber":"1805021810","videoStreams":[],"airDate":1420070400000,"entitlements":["VIP","_OPEN_"],"currentProductIds":[],"currentTvodProductIds":[]},"parentId":"crid:~~2F~~2Fport.hu~~2F22578359","rootId":"crid:~~2F~~2Fport.hu~~2F22578359"}