{"id":"crid:~~2F~~2Fport.hu~~2F43544289-imi:00100000005D368E","countryCode":"HU","languageCode":"hun","deviceCode":"web","startTime":1525615800000,"endTime":1525619400000,"stationId":"826989607218","imi":"imi:00100000005D368E","mediaGroupId":"crid:~~2F~~2Fport.hu~~2F29679216","program":{"id":"crid:~~2F~~2Fport.hu~~2F43544289","title":"Skorpi\u00f3 \u2013 Agymen\u0151k akci\u00f3ban","description":"(II.\/3) Az Egyes\u00fclt \u00c1llamok Belbiztons\u00e1gi Miniszt\u00e9riuma beszervezi Walter O' Briant \u00e9s k\u00fcl\u00f6nc zsenikb\u0151l \u00e1ll\u00f3 csapat\u00e1t, hogy seg\u00edtsenek felvenni a harcot a vil\u00e1g cs\u00facstechnol\u00f3giai vesz\u00e9lyei ellen. A k\u00fcl\u00f6nleges egys\u00e9g a Skorpi\u00f3 fed\u0151nevet kapja.","longDescription":"(II.\/3) Az Egyes\u00fclt \u00c1llamok Belbiztons\u00e1gi Miniszt\u00e9riuma beszervezi Walter O' Briant \u00e9s k\u00fcl\u00f6nc zsenikb\u0151l \u00e1ll\u00f3 csapat\u00e1t, hogy seg\u00edtsenek felvenni a harcot a vil\u00e1g cs\u00facstechnol\u00f3giai vesz\u00e9lyei ellen. A k\u00fcl\u00f6nleges egys\u00e9g a Skorpi\u00f3 fed\u0151nevet kapja.","languageCode":"hun","countryCode":"HU","deviceCode":"web","medium":"TV","categories":[{"id":"271090244428","title":"Dr\u00e1ma","scheme":"urn:tva:metadata:cs:UPCEventGenreCS:2009"},{"id":"271090244430","title":"Akci\u00f3film","scheme":"urn:tva:metadata:cs:UPCEventGenreCS:2009"}],"isAdult":false,"parentalRating":"12","cast":["Elyes Gabel","Katharine McPhee","Eddie Kaye Thomas","Jadyn Wong","Ari Stidham"],"directors":["Gary Fleder","Mel Damski","Milan Cheylov","Matt Earl Beesley","Sam Hill"],"images":[{"assetType":"tva-boxcover","assetTypes":["tva-boxcover"],"width":180,"height":260,"url":"https:\/\/wp22-images-hu-dynamic.horizon.tv\/HU\/Images\/bc_12902bacd8722097d0e3102cf90bac489dd1593d.jpg"},{"assetType":"boxart-medium","assetTypes":["boxart-medium"],"width":110,"height":159,"url":"https:\/\/wp22-images-hu-dynamic.horizon.tv\/HU\/Images\/bc_12902bacd8722097d0e3102cf90bac489dd1593d.jpg?w=110&h=159&mode=box"},{"assetType":"boxart-xlarge","assetTypes":["boxart-xlarge"],"width":210,"height":303,"url":"https:\/\/wp22-images-hu-dynamic.horizon.tv\/HU\/Images\/bc_12902bacd8722097d0e3102cf90bac489dd1593d.jpg?w=210&h=303&mode=box"},{"assetType":"boxart-large","assetTypes":["boxart-large"],"width":180,"height":260,"url":"https:\/\/wp22-images-hu-dynamic.horizon.tv\/HU\/Images\/bc_12902bacd8722097d0e3102cf90bac489dd1593d.jpg?w=180&h=260&mode=box"},{"assetType":"boxart-small","assetTypes":["boxart-small"],"width":75,"height":108,"url":"https:\/\/wp22-images-hu-dynamic.horizon.tv\/HU\/Images\/bc_12902bacd8722097d0e3102cf90bac489dd1593d.jpg?w=75&h=108&mode=box"},{"assetType":"HighResLandscape","assetTypes":["HighResLandscape"],"url":"https:\/\/wp12-images-hu-dynamic.horizon.tv\/HU\/Images\/hrl_a84fcb0b7e6b7f094ac7bbdce1d4ded983f3bb2c.jpg"},{"assetType":"HighResPortrait","assetTypes":["HighResPortrait"],"url":"https:\/\/wp12-images-hu-dynamic.horizon.tv\/HU\/Images\/hrp_78e2500df67a9d8756186abd78c327ed01126014.jpg"}],"mediaGroupId":"crid:~~2F~~2Fport.hu~~2F29679216","secondaryTitle":"(II.\/3)","shortDescription":"Az Egyes\u00fclt \u00c1llamok Belbiztons\u00e1gi Miniszt\u00e9riuma beszervezi Walter O' Briant \u00e9s k\u00fcl\u00f6nc zsenikb\u0151l \u00e1ll\u00f3 csapat\u00e1t, hogy seg\u00edtsenek felvenni a harcot a vil\u00e1g cs\u00facstechnol\u00f3giai vesz\u00e9lyei ellen.","mediaType":"Episode","year":"2015","isReplayTv":false,"seriesEpisodeNumber":"3","seriesNumber":"2","videoStreams":[],"airDate":1420070400000,"entitlements":["VIP","_OPEN_"],"currentProductIds":[],"currentTvodProductIds":[]},"parentId":"crid:~~2F~~2Fport.hu~~2F29679216","rootId":"crid:~~2F~~2Fport.hu~~2F29679216"}