{"id":"crid:~~2F~~2Fport.hu~~2F64456970-imi:00100000005D5E89","countryCode":"HU","languageCode":"hun","deviceCode":"web","startTime":1525693200000,"endTime":1525694100000,"stationId":"826989607229","imi":"imi:00100000005D5E89","mediaGroupId":"crid:~~2F~~2Fport.hu~~2F45761274","program":{"id":"crid:~~2F~~2Fport.hu~~2F64456970","title":"Tashi","description":"Tashi \u00e9s Jack k\u00e9t j\u00f3bar\u00e1t, akik k\u00e9t teljesen k\u00fcl\u00f6nb\u00f6z\u0151 vil\u00e1gb\u00f3l sz\u00e1rmaznak. Jack nagyv\u00e1rosi h\u00e9tk\u00f6znapjaihoz k\u00e9pest Tashi sose l\u00e1tott \u00e9s hallott, mesebeli figur\u00e1kkal \u00e9s kalandokkal teli, t\u00e1voli kis faluja rengeteg izgalmat \u00e9s sz\u00f3rakoz\u00e1st rejt.","longDescription":"Tashi \u00e9s Jack k\u00e9t j\u00f3bar\u00e1t, akik k\u00e9t teljesen k\u00fcl\u00f6nb\u00f6z\u0151 vil\u00e1gb\u00f3l sz\u00e1rmaznak. Jack nagyv\u00e1rosi h\u00e9tk\u00f6znapjaihoz k\u00e9pest Tashi sose l\u00e1tott \u00e9s hallott, mesebeli figur\u00e1kkal \u00e9s kalandokkal teli, t\u00e1voli kis faluja rengeteg izgalmat \u00e9s sz\u00f3rakoz\u00e1st rejt.","languageCode":"hun","countryCode":"HU","deviceCode":"web","medium":"TV","categories":[{"id":"271090244428","title":"Dr\u00e1ma","scheme":"urn:tva:metadata:cs:UPCEventGenreCS:2009"}],"isAdult":false,"parentalRating":"6","cast":["James Buckingham","Emma Tate","Leon Williams","Cameron Ralph","Tin Pang"],"directors":["Marc Wasik","Noel Cleary"],"images":[{"assetType":"boxart-large","assetTypes":["boxart-large"],"width":180,"height":260,"url":"https:\/\/wp5-images-hu-dynamic.horizon.tv\/HU\/Images\/bc_59ee329c7a3322300dfbd1e313f6ac70d82385ea.jpg?w=180&h=260&mode=box"},{"assetType":"boxart-small","assetTypes":["boxart-small"],"width":75,"height":108,"url":"https:\/\/wp5-images-hu-dynamic.horizon.tv\/HU\/Images\/bc_59ee329c7a3322300dfbd1e313f6ac70d82385ea.jpg?w=75&h=108&mode=box"},{"assetType":"tva-boxcover","assetTypes":["tva-boxcover"],"width":180,"height":260,"url":"https:\/\/wp5-images-hu-dynamic.horizon.tv\/HU\/Images\/bc_59ee329c7a3322300dfbd1e313f6ac70d82385ea.jpg"},{"assetType":"boxart-medium","assetTypes":["boxart-medium"],"width":110,"height":159,"url":"https:\/\/wp5-images-hu-dynamic.horizon.tv\/HU\/Images\/bc_59ee329c7a3322300dfbd1e313f6ac70d82385ea.jpg?w=110&h=159&mode=box"},{"assetType":"boxart-xlarge","assetTypes":["boxart-xlarge"],"width":210,"height":303,"url":"https:\/\/wp5-images-hu-dynamic.horizon.tv\/HU\/Images\/bc_59ee329c7a3322300dfbd1e313f6ac70d82385ea.jpg?w=210&h=303&mode=box"}],"mediaGroupId":"crid:~~2F~~2Fport.hu~~2F45761274","secondaryTitle":"Tashi \u00e9s a mes\u00e9k k\u00f6nyve","shortDescription":"Tashi \u00e9s Jack k\u00e9t j\u00f3bar\u00e1t, akik k\u00e9t teljesen k\u00fcl\u00f6nb\u00f6z\u0151 vil\u00e1gb\u00f3l sz\u00e1rmaznak. Jack nagyv\u00e1rosi h\u00e9tk\u00f6znapjaihoz k\u00e9pest Tashi sose l\u00e1tott \u00e9s hallott, mesebeli figur\u00e1kkal \u00e9s kalandokkal teli, t\u00e1voli kis...","mediaType":"Episode","year":"2014","isReplayTv":false,"seriesEpisodeNumber":"1805071340","seriesNumber":"1805041340","videoStreams":[],"airDate":1388534400000,"entitlements":["VIP","_OPEN_"],"currentProductIds":[],"currentTvodProductIds":[]},"parentId":"crid:~~2F~~2Fport.hu~~2F45761274","rootId":"crid:~~2F~~2Fport.hu~~2F45761274"}