{"id":"crid:~~2F~~2Fport.hu~~2F1271482-imi:00100000005D34B1","countryCode":"HU","languageCode":"hun","deviceCode":"web","startTime":1525602600000,"endTime":1525604100000,"stationId":"826989607227","imi":"imi:00100000005D34B1","mediaGroupId":"crid:~~2F~~2Fport.hu~~2F1604232","program":{"id":"crid:~~2F~~2Fport.hu~~2F1271482","title":"Horseland \u2013 A lovasklub","description":"(I.\/2) Messze, egy leny\u0171g\u00f6z\u0151en sz\u00e9p vid\u00e9ken, van egy hely, amelyet \u00fagy h\u00edvnak Horseland Lovasklub, z\u00f6ld legel\u0151kkel \u00e9s rengeteg hegyi \u00f6sv\u00e9nnyel, az erd\u0151n kereszt\u00fcl. H\u00e1rom 11-12 \u00e9ves kisl\u00e1ny \u00e9s egy vel\u00fck egykor\u00fa kisfi\u00fa kalandjait k\u00f6vethetj\u00fck figyelemmel. Hamar a legjobb bar\u00e1tokk\u00e1 v\u00e1lnak mik\u00f6zben mindent megtanulnak a lovakr\u00f3l \u00e9s a lov\u00e1szkod\u00e1sr\u00f3l: az idom\u00edt\u00e1s bonyodalmait, a d\u00edjugrat\u00e1s izgalmait (\u00e9s buk\u00e1sait) \u00e9s az \u00e1llatok gondoz\u00e1s\u00e1t. Tal\u00e1lkozni fogunk egy elk\u00e9nyeztetett testv\u00e9rp\u00e1rral \u00e9s egy id\u0151sebb fi\u00faval, aki mindig rosszban s\u00e1ntik\u00e1l. De ami igaz\u00e1n k\u00fcl\u00f6nlegess\u00e9 teszi a Lovasklubot, az \u00e1llatok k\u00fcl\u00f6nleges k\u00e9pess\u00e9ge. A lovak \u00e9s az ist\u00e1ll\u00f3 k\u00f6r\u00fcli \u00e1llatok mind tudnak besz\u00e9lni. Legal\u00e1bb is egym\u00e1ssal.","longDescription":"(I.\/2) Messze, egy leny\u0171g\u00f6z\u0151en sz\u00e9p vid\u00e9ken, van egy hely, amelyet \u00fagy h\u00edvnak Horseland Lovasklub, z\u00f6ld legel\u0151kkel \u00e9s rengeteg hegyi \u00f6sv\u00e9nnyel, az erd\u0151n kereszt\u00fcl. H\u00e1rom 11-12 \u00e9ves kisl\u00e1ny \u00e9s egy vel\u00fck egykor\u00fa kisfi\u00fa kalandjait k\u00f6vethetj\u00fck figyelemmel. Hamar a legjobb bar\u00e1tokk\u00e1 v\u00e1lnak mik\u00f6zben mindent megtanulnak a lovakr\u00f3l \u00e9s a lov\u00e1szkod\u00e1sr\u00f3l: az idom\u00edt\u00e1s bonyodalmait, a d\u00edjugrat\u00e1s izgalmait (\u00e9s buk\u00e1sait) \u00e9s az \u00e1llatok gondoz\u00e1s\u00e1t. Tal\u00e1lkozni fogunk egy elk\u00e9nyeztetett testv\u00e9rp\u00e1rral \u00e9s egy id\u0151sebb fi\u00faval, aki mindig rosszban s\u00e1ntik\u00e1l. De ami igaz\u00e1n k\u00fcl\u00f6nlegess\u00e9 teszi a Lovasklubot, az \u00e1llatok k\u00fcl\u00f6nleges k\u00e9pess\u00e9ge. A lovak \u00e9s az ist\u00e1ll\u00f3 k\u00f6r\u00fcli \u00e1llatok mind tudnak besz\u00e9lni. Legal\u00e1bb is egym\u00e1ssal.","languageCode":"hun","countryCode":"HU","deviceCode":"web","medium":"TV","categories":[{"id":"271090244371","title":"Gyermek\/Ifj\u00fas\u00e1gi","scheme":"urn:tva:metadata:cs:UPCEventGenreCS:2009"},{"id":"271090244376","title":"Rajzfilm","scheme":"urn:tva:metadata:cs:UPCEventGenreCS:2009"}],"isAdult":false,"parentalRating":"6","cast":["David Kalis","Dana Donlan"],"directors":["Karen Hyden"],"images":[{"assetType":"tva-boxcover","assetTypes":["tva-boxcover"],"width":180,"height":260,"url":"https:\/\/wp4-images-hu-dynamic.horizon.tv\/HU\/Images\/upcgenre_55.jpg"},{"assetType":"boxart-medium","assetTypes":["boxart-medium"],"width":110,"height":159,"url":"https:\/\/wp4-images-hu-dynamic.horizon.tv\/HU\/Images\/upcgenre_55.jpg?w=110&h=159&mode=box"},{"assetType":"boxart-small","assetTypes":["boxart-small"],"width":75,"height":108,"url":"https:\/\/wp4-images-hu-dynamic.horizon.tv\/HU\/Images\/upcgenre_55.jpg?w=75&h=108&mode=box"},{"assetType":"boxart-large","assetTypes":["boxart-large"],"width":180,"height":260,"url":"https:\/\/wp4-images-hu-dynamic.horizon.tv\/HU\/Images\/upcgenre_55.jpg?w=180&h=260&mode=box"},{"assetType":"boxart-xlarge","assetTypes":["boxart-xlarge"],"width":210,"height":303,"url":"https:\/\/wp4-images-hu-dynamic.horizon.tv\/HU\/Images\/upcgenre_55.jpg?w=210&h=303&mode=box"}],"mediaGroupId":"crid:~~2F~~2Fport.hu~~2F1604232","secondaryTitle":"Nyerni is meg nem is (I.\/2)","shortDescription":"Messze egy sz\u00e9p vid\u00e9ken van egy hely, a Horseland Lovasklub, z\u00f6ld legel\u0151kkel \u00e9s hegyi \u00f6sv\u00e9nyekkel, az erd\u0151n kereszt\u00fcl. H\u00e1rom 11 \u00e9ves kisl\u00e1ny \u00e9s egy vel\u00fck egykor\u00fa kisfi\u00fa kalandjait k\u00f6vethetj\u00fck v\u00e9gig.","mediaType":"Episode","year":"2006","isReplayTv":false,"seriesEpisodeNumber":"2","seriesNumber":"1","videoStreams":[],"airDate":1136073600000,"entitlements":["VIP","_OPEN_"],"currentProductIds":[],"currentTvodProductIds":[]},"parentId":"crid:~~2F~~2Fport.hu~~2F1604232","rootId":"crid:~~2F~~2Fport.hu~~2F1604232"}