{"id":"crid:~~2F~~2Fport.hu~~2F90573455-imi:00100000005D0EDB","countryCode":"HU","languageCode":"hun","deviceCode":"web","startTime":1525387200000,"endTime":1525389300000,"stationId":"826989607236","imi":"imi:00100000005D0EDB","mediaGroupId":"crid:~~2F~~2Fport.hu~~2F61736688","program":{"id":"crid:~~2F~~2Fport.hu~~2F90573455","title":"A homok titkai","description":"A sorozat egy ikerp\u00e1rr\u00f3l (Ruth \u00e9s Raquel) sz\u00f3l, akik a megsz\u00f3lal\u00e1sig hasonl\u00edtanak egym\u00e1sra, de csakis k\u00fcls\u0151leg. Ruth kedves, szer\u00e9ny, visszah\u00faz\u00f3d\u00f3 szem\u00e9lyis\u00e9g, m\u00edg Raquel t\u00f6rekv\u0151, p\u00e9nz\u00e9hes \u00e9s cinikus. Egy napon Ruth megismerkedik Marcossal, akivel r\u00f6gt\u00f6n egym\u00e1sba szeretnek. Raquel azon van, hogy szerelm\u00fcket t\u00f6nkretegye, mert Marcos vagyon\u00e1ra f\u00e1j a foga.","longDescription":"A sorozat egy ikerp\u00e1rr\u00f3l (Ruth \u00e9s Raquel) sz\u00f3l, akik a megsz\u00f3lal\u00e1sig hasonl\u00edtanak egym\u00e1sra, de csakis k\u00fcls\u0151leg. Ruth kedves, szer\u00e9ny, visszah\u00faz\u00f3d\u00f3 szem\u00e9lyis\u00e9g, m\u00edg Raquel t\u00f6rekv\u0151, p\u00e9nz\u00e9hes \u00e9s cinikus. Egy napon Ruth megismerkedik Marcossal, akivel r\u00f6gt\u00f6n egym\u00e1sba szeretnek. Raquel azon van, hogy szerelm\u00fcket t\u00f6nkretegye, mert Marcos vagyon\u00e1ra f\u00e1j a foga.","languageCode":"hun","countryCode":"HU","deviceCode":"web","medium":"Movie","categories":[{"id":"271090244335","title":"Melodr\u00e1ma","scheme":"urn:tva:metadata:cs:UPCEventGenreCS:2009"}],"isAdult":false,"parentalRating":"12","cast":["Gl\u00f3ria Pires","Guilherme Fontes","Paulo Betti","Humberto Martins","Laura Cardoso","Sebastiao Vasconcelos","Paulo Goulart","Marcos Frota"],"directors":["Wolf Maya"],"images":[{"assetType":"tva-boxcover","assetTypes":["tva-boxcover"],"width":180,"height":260,"url":"https:\/\/wp2-images-hu-dynamic.horizon.tv\/HU\/Images\/upcgenre_15.jpg"},{"assetType":"boxart-xlarge","assetTypes":["boxart-xlarge"],"width":210,"height":303,"url":"https:\/\/wp2-images-hu-dynamic.horizon.tv\/HU\/Images\/upcgenre_15.jpg?w=210&h=303&mode=box"},{"assetType":"boxart-large","assetTypes":["boxart-large"],"width":180,"height":260,"url":"https:\/\/wp2-images-hu-dynamic.horizon.tv\/HU\/Images\/upcgenre_15.jpg?w=180&h=260&mode=box"},{"assetType":"boxart-small","assetTypes":["boxart-small"],"width":75,"height":108,"url":"https:\/\/wp2-images-hu-dynamic.horizon.tv\/HU\/Images\/upcgenre_15.jpg?w=75&h=108&mode=box"},{"assetType":"boxart-medium","assetTypes":["boxart-medium"],"width":110,"height":159,"url":"https:\/\/wp2-images-hu-dynamic.horizon.tv\/HU\/Images\/upcgenre_15.jpg?w=110&h=159&mode=box"}],"mediaGroupId":"crid:~~2F~~2Fport.hu~~2F61736688","secondaryTitle":"177. r\u00e9sz","shortDescription":"Egy napon Ruth (Gl\u00f3ria Pires) megismerkedik Marcossal, akivel r\u00f6gt\u00f6n egym\u00e1sba szeretnek. Ikertestv\u00e9re, Raquel azon van, hogy szerelm\u00fcket t\u00f6nkretegye, mert Marcos vagyon\u00e1ra f\u00e1j a foga.","mediaType":"FeatureFilm","year":"1993","isReplayTv":false,"seriesEpisodeNumber":"1805040040","seriesNumber":"1805030045","videoStreams":[],"airDate":725846400000,"entitlements":["VIP","_OPEN_"],"currentProductIds":[],"currentTvodProductIds":[]},"parentId":"crid:~~2F~~2Fport.hu~~2F61736688","rootId":"crid:~~2F~~2Fport.hu~~2F61736688"}