{"id":"crid:~~2F~~2Fport.hu~~2F90614452-imi:00100000005D4147","countryCode":"HU","languageCode":"hun","deviceCode":"web","startTime":1525628100000,"endTime":1525633800000,"stationId":"826989607173","imi":"imi:00100000005D4147","mediaGroupId":"crid:~~2F~~2Fport.hu~~2F67821192","program":{"id":"crid:~~2F~~2Fport.hu~~2F90614452","title":"Magyarorsz\u00e1g, szeretlek!","description":"L\u00e1tv\u00e1nyos show-m\u0171sor r\u00f3lunk, nek\u00fcnk, amelyben ismert \u00e9s elismert m\u0171v\u00e9szek, h\u00edress\u00e9gek m\u00e9rik \u00f6ssze tud\u00e1sukat Magyarorsz\u00e1g kult\u00far\u00e1j\u00e1r\u00f3l, t\u00f6rt\u00e9nelm\u00e9r\u0151l \u00e9s hagyom\u00e1nyair\u00f3l.","longDescription":"L\u00e1tv\u00e1nyos show-m\u0171sor r\u00f3lunk, nek\u00fcnk, amelyben ismert \u00e9s elismert m\u0171v\u00e9szek, h\u00edress\u00e9gek m\u00e9rik \u00f6ssze tud\u00e1sukat Magyarorsz\u00e1g kult\u00far\u00e1j\u00e1r\u00f3l, t\u00f6rt\u00e9nelm\u00e9r\u0151l \u00e9s hagyom\u00e1nyair\u00f3l.","languageCode":"hun","countryCode":"HU","deviceCode":"web","medium":"TV","categories":[{"id":"271090244349","title":"Show","scheme":"urn:tva:metadata:cs:UPCEventGenreCS:2009"},{"id":"271090244350","title":"J\u00e1t\u00e9kshow","scheme":"urn:tva:metadata:cs:UPCEventGenreCS:2009"}],"isAdult":false,"parentalRating":"3","cast":[],"directors":["S\u00f3falvi Kiss Csaba"],"images":[{"assetType":"boxart-small","assetTypes":["boxart-small"],"width":75,"height":108,"url":"https:\/\/wp11-images-hu-dynamic.horizon.tv\/HU\/Images\/bc_5cd7ded678f471f5e4f209013ab0e8186ea1f451.jpg?w=75&h=108&mode=box"},{"assetType":"boxart-medium","assetTypes":["boxart-medium"],"width":110,"height":159,"url":"https:\/\/wp11-images-hu-dynamic.horizon.tv\/HU\/Images\/bc_5cd7ded678f471f5e4f209013ab0e8186ea1f451.jpg?w=110&h=159&mode=box"},{"assetType":"boxart-large","assetTypes":["boxart-large"],"width":180,"height":260,"url":"https:\/\/wp11-images-hu-dynamic.horizon.tv\/HU\/Images\/bc_5cd7ded678f471f5e4f209013ab0e8186ea1f451.jpg?w=180&h=260&mode=box"},{"assetType":"boxart-xlarge","assetTypes":["boxart-xlarge"],"width":210,"height":303,"url":"https:\/\/wp11-images-hu-dynamic.horizon.tv\/HU\/Images\/bc_5cd7ded678f471f5e4f209013ab0e8186ea1f451.jpg?w=210&h=303&mode=box"},{"assetType":"tva-boxcover","assetTypes":["tva-boxcover"],"width":180,"height":260,"url":"https:\/\/wp11-images-hu-dynamic.horizon.tv\/HU\/Images\/bc_5cd7ded678f471f5e4f209013ab0e8186ea1f451.jpg"},{"assetType":"HighResLandscape","assetTypes":["HighResLandscape"],"url":"https:\/\/wp14-images-hu-dynamic.horizon.tv\/HU\/Images\/hrl_058a02d6fdd7b9fecb94a6b1f81e08ae8b09943b.jpg"},{"assetType":"HighResPortrait","assetTypes":["HighResPortrait"],"url":"https:\/\/wp14-images-hu-dynamic.horizon.tv\/HU\/Images\/hrp_5cd7ded678f471f5e4f209013ab0e8186ea1f451.jpg"}],"mediaGroupId":"crid:~~2F~~2Fport.hu~~2F67821192","shortDescription":"L\u00e1tv\u00e1nyos show-m\u0171sor r\u00f3lunk, nek\u00fcnk, amelyben ismert \u00e9s elismert m\u0171v\u00e9szek, h\u00edress\u00e9gek m\u00e9rik \u00f6ssze tud\u00e1sukat Magyarorsz\u00e1g kult\u00far\u00e1j\u00e1r\u00f3l, t\u00f6rt\u00e9nelm\u00e9r\u0151l \u00e9s hagyom\u00e1nyair\u00f3l.","mediaType":"Episode","year":"2018","isReplayTv":false,"seriesEpisodeNumber":"1805061935","seriesNumber":"1805061935","videoStreams":[],"airDate":1514764800000,"entitlements":["VIP","_OPEN_"],"currentProductIds":[],"currentTvodProductIds":[]},"parentId":"crid:~~2F~~2Fport.hu~~2F67821192","rootId":"crid:~~2F~~2Fport.hu~~2F67821192"}