{"id":"crid:~~2F~~2Fport.hu~~2F90329428-imi:00100000005D3C57","countryCode":"HU","languageCode":"hun","deviceCode":"web","startTime":1525518000000,"endTime":1525521600000,"stationId":"826989607133","imi":"imi:00100000005D3C57","mediaGroupId":"crid:~~2F~~2Fport.hu~~2F89123109","program":{"id":"crid:~~2F~~2Fport.hu~~2F90329428","title":"Selyem\u00fat a tengeren","description":"K\u00edna jelenleg egy 65 orsz\u00e1g 4,4 milli\u00e1rd lak\u00f3j\u00e1t \u00f6sszek\u00f6t\u0151, billi\u00f3doll\u00e1ros strat\u00e9gi\u00e1n dolgozik. A sz\u00e1razf\u00f6ldi \"\u00daj Selyem\u00fat\", amely vas\u00fattal k\u00f6ti \u00f6ssze \u00c1zsi\u00e1t Eur\u00f3p\u00e1val, \u00e9s a \"Tengeri Selyem\u00fat\", amely a vil\u00e1g kulcsfontoss\u00e1g\u00fa kik\u00f6t\u0151inek l\u00e1ncolat\u00e1b\u00f3l \u00e1ll, lehet\u0151v\u00e9 teszik K\u00edna sz\u00e1m\u00e1ra, hogy biztos\u00edtsa glob\u00e1lis szuperhatalmi poz\u00edci\u00f3j\u00e1t. A sorozat d\u00edjnyertes m\u0171sorvezet\u0151je, Anthony Morse beutazza a \"Tengeri Selyemutat\", hogy tanulm\u00e1nyozhassa ki\u00e9p\u00fcl\u00e9s\u00e9nek helyi \u00e9s vil\u00e1gm\u00e9ret\u0171 k\u00f6vetkezm\u00e9nyeit. Megl\u00e1togatja K\u00edna partvonal\u00e1nak megakik\u00f6t\u0151it, bej\u00e1rja a vita t\u00e1rgy\u00e1t k\u00e9pez\u0151 D\u00e9l-k\u00ednai-tengert, \u00e1tszeli az Indiai-\u00f3ce\u00e1nt, kik\u00f6t Kelet-Afrik\u00e1ban, v\u00e9g\u00fcl meg\u00e9rkezik G\u00f6r\u00f6gorsz\u00e1gba, mindv\u00e9gig azt kutatva, hogyan j\u00e1rul hozz\u00e1 a beruh\u00e1z\u00e1s a gazdas\u00e1gi fejl\u0151d\u00e9shez, \u00e9s hogyan osztja meg egyszersmind a k\u00f6zv\u00e9lem\u00e9nyt.","longDescription":"K\u00edna jelenleg egy 65 orsz\u00e1g 4,4 milli\u00e1rd lak\u00f3j\u00e1t \u00f6sszek\u00f6t\u0151, billi\u00f3doll\u00e1ros strat\u00e9gi\u00e1n dolgozik. A sz\u00e1razf\u00f6ldi \"\u00daj Selyem\u00fat\", amely vas\u00fattal k\u00f6ti \u00f6ssze \u00c1zsi\u00e1t Eur\u00f3p\u00e1val, \u00e9s a \"Tengeri Selyem\u00fat\", amely a vil\u00e1g kulcsfontoss\u00e1g\u00fa kik\u00f6t\u0151inek l\u00e1ncolat\u00e1b\u00f3l \u00e1ll, lehet\u0151v\u00e9 teszik K\u00edna sz\u00e1m\u00e1ra, hogy biztos\u00edtsa glob\u00e1lis szuperhatalmi poz\u00edci\u00f3j\u00e1t. A sorozat d\u00edjnyertes m\u0171sorvezet\u0151je, Anthony Morse beutazza a \"Tengeri Selyemutat\", hogy tanulm\u00e1nyozhassa ki\u00e9p\u00fcl\u00e9s\u00e9nek helyi \u00e9s vil\u00e1gm\u00e9ret\u0171 k\u00f6vetkezm\u00e9nyeit. Megl\u00e1togatja K\u00edna partvonal\u00e1nak megakik\u00f6t\u0151it, bej\u00e1rja a vita t\u00e1rgy\u00e1t k\u00e9pez\u0151 D\u00e9l-k\u00ednai-tengert, \u00e1tszeli az Indiai-\u00f3ce\u00e1nt, kik\u00f6t Kelet-Afrik\u00e1ban, v\u00e9g\u00fcl meg\u00e9rkezik G\u00f6r\u00f6gorsz\u00e1gba, mindv\u00e9gig azt kutatva, hogyan j\u00e1rul hozz\u00e1 a beruh\u00e1z\u00e1s a gazdas\u00e1gi fejl\u0151d\u00e9shez, \u00e9s hogyan osztja meg egyszersmind a k\u00f6zv\u00e9lem\u00e9nyt.","languageCode":"hun","countryCode":"HU","deviceCode":"web","medium":"TV","categories":[{"id":"271090244411","title":"Szabadid\u0151","scheme":"urn:tva:metadata:cs:UPCEventGenreCS:2009"}],"isAdult":false,"parentalRating":"12","cast":[],"directors":[],"images":[{"assetType":"boxart-small","assetTypes":["boxart-small"],"width":75,"height":108,"url":"https:\/\/wp28-images-hu-dynamic.horizon.tv\/HU\/Images\/upcgenre_A0.jpg?w=75&h=108&mode=box"},{"assetType":"boxart-large","assetTypes":["boxart-large"],"width":180,"height":260,"url":"https:\/\/wp28-images-hu-dynamic.horizon.tv\/HU\/Images\/upcgenre_A0.jpg?w=180&h=260&mode=box"},{"assetType":"boxart-medium","assetTypes":["boxart-medium"],"width":110,"height":159,"url":"https:\/\/wp28-images-hu-dynamic.horizon.tv\/HU\/Images\/upcgenre_A0.jpg?w=110&h=159&mode=box"},{"assetType":"tva-boxcover","assetTypes":["tva-boxcover"],"width":180,"height":260,"url":"https:\/\/wp28-images-hu-dynamic.horizon.tv\/HU\/Images\/upcgenre_A0.jpg"},{"assetType":"boxart-xlarge","assetTypes":["boxart-xlarge"],"width":210,"height":303,"url":"https:\/\/wp28-images-hu-dynamic.horizon.tv\/HU\/Images\/upcgenre_A0.jpg?w=210&h=303&mode=box"}],"mediaGroupId":"crid:~~2F~~2Fport.hu~~2F89123109","shortDescription":"K\u00edna jelenleg egy 65 orsz\u00e1g 4,4 milli\u00e1rd lak\u00f3j\u00e1t \u00f6sszek\u00f6t\u0151, billi\u00f3doll\u00e1ros strat\u00e9gi\u00e1n dolgozik. A sz\u00e1razf\u00f6ldi \"\u00daj Selyem\u00fat\", amely vas\u00fattal k\u00f6ti \u00f6ssze \u00c1zsi\u00e1t Eur\u00f3p\u00e1val, \u00e9s a \"Tengeri Selyem\u00fat\",...","mediaType":"Episode","year":"2016","isReplayTv":false,"seriesEpisodeNumber":"1805051300","seriesNumber":"1805051300","videoStreams":[],"airDate":1451606400000,"entitlements":["VIP","_OPEN_"],"currentProductIds":[],"currentTvodProductIds":[]},"parentId":"crid:~~2F~~2Fport.hu~~2F89123109","rootId":"crid:~~2F~~2Fport.hu~~2F89123109"}