{"id":"crid:~~2F~~2Fport.hu~~2F90570707-imi:00100000005D420D","countryCode":"HU","languageCode":"hun","deviceCode":"web","startTime":1525617300000,"endTime":1525618800000,"stationId":"826989607228","imi":"imi:00100000005D420D","mediaGroupId":"crid:~~2F~~2Fport.hu~~2F68103952","program":{"id":"crid:~~2F~~2Fport.hu~~2F90570707","title":"\u00c9letkor","description":"T\u00e1rsadalomtudom\u00e1ny","longDescription":"T\u00e1rsadalomtudom\u00e1ny","languageCode":"hun","countryCode":"HU","deviceCode":"web","medium":"TV","categories":[{"id":"271090244402","title":"Ismeretterjeszt\u0151 m\u0171sorok","scheme":"urn:tva:metadata:cs:UPCEventGenreCS:2009"},{"id":"271090244407","title":"T\u00e1rsadalomtudom\u00e1ny","scheme":"urn:tva:metadata:cs:UPCEventGenreCS:2009"}],"isAdult":false,"parentalRating":"3","cast":[],"directors":[],"images":[{"assetType":"boxart-xlarge","assetTypes":["boxart-xlarge"],"width":210,"height":303,"url":"https:\/\/wp21-images-hu-dynamic.horizon.tv\/HU\/Images\/upcgenre_95.jpg?w=210&h=303&mode=box"},{"assetType":"boxart-medium","assetTypes":["boxart-medium"],"width":110,"height":159,"url":"https:\/\/wp21-images-hu-dynamic.horizon.tv\/HU\/Images\/upcgenre_95.jpg?w=110&h=159&mode=box"},{"assetType":"boxart-large","assetTypes":["boxart-large"],"width":180,"height":260,"url":"https:\/\/wp21-images-hu-dynamic.horizon.tv\/HU\/Images\/upcgenre_95.jpg?w=180&h=260&mode=box"},{"assetType":"boxart-small","assetTypes":["boxart-small"],"width":75,"height":108,"url":"https:\/\/wp21-images-hu-dynamic.horizon.tv\/HU\/Images\/upcgenre_95.jpg?w=75&h=108&mode=box"},{"assetType":"tva-boxcover","assetTypes":["tva-boxcover"],"width":180,"height":260,"url":"https:\/\/wp21-images-hu-dynamic.horizon.tv\/HU\/Images\/upcgenre_95.jpg"},{"assetType":"HighResLandscape","assetTypes":["HighResLandscape"],"url":"https:\/\/wp28-images-hu-dynamic.horizon.tv\/HU\/Images\/hrl_77c1dff012e0e2f0e80a54ddf355b2c50cabb781.jpg"}],"mediaGroupId":"crid:~~2F~~2Fport.hu~~2F68103952","shortDescription":"T\u00e1rsadalomtudom\u00e1ny","mediaType":"Episode","isReplayTv":false,"seriesEpisodeNumber":"1805061635","seriesNumber":"1805120400","videoStreams":[],"entitlements":["VIP","_OPEN_"],"currentProductIds":[],"currentTvodProductIds":[]},"parentId":"crid:~~2F~~2Fport.hu~~2F68103952","rootId":"crid:~~2F~~2Fport.hu~~2F68103952"}