{"id":"crid:~~2F~~2Fport.hu~~2F71990117-imi:00100000005D4031","countryCode":"HU","languageCode":"hun","deviceCode":"web","startTime":1525602600000,"endTime":1525604400000,"stationId":"826989607202","imi":"imi:00100000005D4031","mediaGroupId":"crid:~~2F~~2Fport.hu~~2F4988122","program":{"id":"crid:~~2F~~2Fport.hu~~2F71990117","title":"Matt Hatter kr\u00f3nik\u00e1k","description":"Matt nem egy \u00e1tlagos fi\u00fa, hiszen birtok\u00e1ban van egy k\u00fcl\u00f6nleges k\u00e9pess\u00e9gnek, \u00e1t tud l\u00e9pni egy m\u00e1sik dimenzi\u00f3ba. K\u00fcldet\u00e9se: megmenteni a vil\u00e1got, megv\u00edvni a csat\u00e1t a rosszh\u00edr\u0171 emberekkel akiket eddig csak filmekb\u0151l, m\u00edtoszokb\u00f3l \u00e9s legend\u00e1kb\u00f3l ismert\u00e9l.","longDescription":"Matt nem egy \u00e1tlagos fi\u00fa, hiszen birtok\u00e1ban van egy k\u00fcl\u00f6nleges k\u00e9pess\u00e9gnek, \u00e1t tud l\u00e9pni egy m\u00e1sik dimenzi\u00f3ba. K\u00fcldet\u00e9se: megmenteni a vil\u00e1got, megv\u00edvni a csat\u00e1t a rosszh\u00edr\u0171 emberekkel akiket eddig csak filmekb\u0151l, m\u00edtoszokb\u00f3l \u00e9s legend\u00e1kb\u00f3l ismert\u00e9l.","languageCode":"hun","countryCode":"HU","deviceCode":"web","medium":"TV","categories":[{"id":"271090244371","title":"Gyermek\/Ifj\u00fas\u00e1gi","scheme":"urn:tva:metadata:cs:UPCEventGenreCS:2009"},{"id":"271090244376","title":"Rajzfilm","scheme":"urn:tva:metadata:cs:UPCEventGenreCS:2009"}],"isAdult":false,"parentalRating":"3","cast":[],"directors":[],"images":[{"assetType":"tva-boxcover","assetTypes":["tva-boxcover"],"width":180,"height":260,"url":"https:\/\/wp9-images-hu-dynamic.horizon.tv\/HU\/Images\/bc_e4e276abfe66398180237e43addcc7a2c3584c37.jpg"},{"assetType":"boxart-small","assetTypes":["boxart-small"],"width":75,"height":108,"url":"https:\/\/wp9-images-hu-dynamic.horizon.tv\/HU\/Images\/bc_e4e276abfe66398180237e43addcc7a2c3584c37.jpg?w=75&h=108&mode=box"},{"assetType":"boxart-xlarge","assetTypes":["boxart-xlarge"],"width":210,"height":303,"url":"https:\/\/wp9-images-hu-dynamic.horizon.tv\/HU\/Images\/bc_e4e276abfe66398180237e43addcc7a2c3584c37.jpg?w=210&h=303&mode=box"},{"assetType":"boxart-medium","assetTypes":["boxart-medium"],"width":110,"height":159,"url":"https:\/\/wp9-images-hu-dynamic.horizon.tv\/HU\/Images\/bc_e4e276abfe66398180237e43addcc7a2c3584c37.jpg?w=110&h=159&mode=box"},{"assetType":"boxart-large","assetTypes":["boxart-large"],"width":180,"height":260,"url":"https:\/\/wp9-images-hu-dynamic.horizon.tv\/HU\/Images\/bc_e4e276abfe66398180237e43addcc7a2c3584c37.jpg?w=180&h=260&mode=box"}],"mediaGroupId":"crid:~~2F~~2Fport.hu~~2F4988122","secondaryTitle":"A MINDENT L\u00c1T\u00d3 SZEM","shortDescription":"Matt nem egy \u00e1tlagos fi\u00fa, hiszen birtok\u00e1ban van egy k\u00fcl\u00f6nleges k\u00e9pess\u00e9gnek, \u00e1t tud l\u00e9pni egy m\u00e1sik dimenzi\u00f3ba. K\u00fcldet\u00e9se: megmenteni a vil\u00e1got, megv\u00edvni a csat\u00e1t a rosszh\u00edr\u0171 emberekkel akiket eddig...","mediaType":"Episode","year":"2015","isReplayTv":true,"seriesEpisodeNumber":"1805061230","seriesNumber":"1805031230","videoStreams":[],"airDate":1420070400000,"entitlements":["VIP","_OPEN_"],"currentProductIds":[],"currentTvodProductIds":[]},"parentId":"crid:~~2F~~2Fport.hu~~2F4988122","rootId":"crid:~~2F~~2Fport.hu~~2F4988122"}