{"id":"crid:~~2F~~2Fport.hu~~2F85957755-imi:00100000005D232A","countryCode":"HU","languageCode":"hun","deviceCode":"web","startTime":1525471500000,"endTime":1525475100000,"stationId":"826989607205","imi":"imi:00100000005D232A","mediaGroupId":"crid:~~2F~~2Fport.hu~~2F85922828","program":{"id":"crid:~~2F~~2Fport.hu~~2F85957755","title":"Sz\u00edvhelyzet","description":"Sinan egy sikeres fiatal orvos, aki a k\u00f3rh\u00e1z baleseti oszt\u00e1ly\u00e1n dolgozik. Egyed\u00fcl lakik, \u00e9s nagyon \u00e9lvezi a csendes, esem\u00e9nytelen \u00e9let\u00e9t. Egyik nap kora reggel zajra \u00e9bred, amint egy fiatal l\u00e1ny megpr\u00f3b\u00e1l bek\u00f6lt\u00f6zni a szomsz\u00e9dos lak\u00e1sba. Teljesen v\u00e9letlen\u00fcl Sinan megtudja, hogy Nisan, a l\u00e1ny, aki t\u00f6nkretette a reggel\u00e9t, az \u0151 \u00faj seg\u00e9dorvosa. Sinan ezut\u00e1n k\u00e9nytelen v\u00e1ltoztatni a napjain, mivel \u00fagy t\u0171nik, a nyugalom v\u00e9gleg elhagyja az \u00e9let\u00e9t.","longDescription":"Sinan egy sikeres fiatal orvos, aki a k\u00f3rh\u00e1z baleseti oszt\u00e1ly\u00e1n dolgozik. Egyed\u00fcl lakik, \u00e9s nagyon \u00e9lvezi a csendes, esem\u00e9nytelen \u00e9let\u00e9t. Egyik nap kora reggel zajra \u00e9bred, amint egy fiatal l\u00e1ny megpr\u00f3b\u00e1l bek\u00f6lt\u00f6zni a szomsz\u00e9dos lak\u00e1sba. Teljesen v\u00e9letlen\u00fcl Sinan megtudja, hogy Nisan, a l\u00e1ny, aki t\u00f6nkretette a reggel\u00e9t, az \u0151 \u00faj seg\u00e9dorvosa. Sinan ezut\u00e1n k\u00e9nytelen v\u00e1ltoztatni a napjain, mivel \u00fagy t\u0171nik, a nyugalom v\u00e9gleg elhagyja az \u00e9let\u00e9t.","languageCode":"hun","countryCode":"HU","deviceCode":"web","medium":"TV","categories":[{"id":"271090244428","title":"Dr\u00e1ma","scheme":"urn:tva:metadata:cs:UPCEventGenreCS:2009"},{"id":"271090244433","title":"Melodr\u00e1ma","scheme":"urn:tva:metadata:cs:UPCEventGenreCS:2009"}],"isAdult":false,"parentalRating":"12","cast":[],"directors":["Baris Kirimselioglu"],"images":[{"assetType":"boxart-medium","assetTypes":["boxart-medium"],"width":110,"height":159,"url":"https:\/\/wp12-images-hu-dynamic.horizon.tv\/HU\/Images\/bc_7064a18385511b20b7c10f3636ffd5f3c5a9cdae.jpg?w=110&h=159&mode=box"},{"assetType":"tva-boxcover","assetTypes":["tva-boxcover"],"width":180,"height":260,"url":"https:\/\/wp12-images-hu-dynamic.horizon.tv\/HU\/Images\/bc_7064a18385511b20b7c10f3636ffd5f3c5a9cdae.jpg"},{"assetType":"boxart-large","assetTypes":["boxart-large"],"width":180,"height":260,"url":"https:\/\/wp12-images-hu-dynamic.horizon.tv\/HU\/Images\/bc_7064a18385511b20b7c10f3636ffd5f3c5a9cdae.jpg?w=180&h=260&mode=box"},{"assetType":"boxart-xlarge","assetTypes":["boxart-xlarge"],"width":210,"height":303,"url":"https:\/\/wp12-images-hu-dynamic.horizon.tv\/HU\/Images\/bc_7064a18385511b20b7c10f3636ffd5f3c5a9cdae.jpg?w=210&h=303&mode=box"},{"assetType":"boxart-small","assetTypes":["boxart-small"],"width":75,"height":108,"url":"https:\/\/wp12-images-hu-dynamic.horizon.tv\/HU\/Images\/bc_7064a18385511b20b7c10f3636ffd5f3c5a9cdae.jpg?w=75&h=108&mode=box"},{"assetType":"HighResPortrait","assetTypes":["HighResPortrait"],"url":"https:\/\/wp12-images-hu-dynamic.horizon.tv\/HU\/Images\/hrp_7064a18385511b20b7c10f3636ffd5f3c5a9cdae.jpg"},{"assetType":"HighResLandscape","assetTypes":["HighResLandscape"],"url":"https:\/\/wp12-images-hu-dynamic.horizon.tv\/HU\/Images\/hrl_5259b563bb00df0f78757cda74108dd2c5d1fee3.jpg"}],"mediaGroupId":"crid:~~2F~~2Fport.hu~~2F85922828","shortDescription":"Sinan egy sikeres fiatal orvos, aki a k\u00f3rh\u00e1z baleseti oszt\u00e1ly\u00e1n dolgozik. Egyed\u00fcl lakik, \u00e9s nagyon \u00e9lvezi a csendes, esem\u00e9nytelen \u00e9let\u00e9t. Egyik nap kora reggel zajra \u00e9bred, amint egy fiatal l\u00e1ny...","mediaType":"Episode","year":"2015","isReplayTv":false,"seriesEpisodeNumber":"1805041650","seriesNumber":"1805031105","videoStreams":[],"airDate":1420070400000,"entitlements":["VIP","_OPEN_"],"currentProductIds":[],"currentTvodProductIds":[]},"parentId":"crid:~~2F~~2Fport.hu~~2F85922828","rootId":"crid:~~2F~~2Fport.hu~~2F85922828"}