{"id":"crid:~~2F~~2Fport.hu~~2F90409946-imi:00100000005D5EF2","countryCode":"HU","languageCode":"hun","deviceCode":"web","startTime":1525680900000,"endTime":1525681800000,"stationId":"826989607230","imi":"imi:00100000005D5EF2","mediaGroupId":"crid:~~2F~~2Fport.hu~~2F90405668","program":{"id":"crid:~~2F~~2Fport.hu~~2F90409946","title":"Tippek River Cottage-b\u00f3l","description":"D\u0151lj\u00f6n h\u00e1tra, laz\u00edtson \u00e9s engedje, hogy ebben a sorozatban a River Cottage szak\u00e9rt\u0151i szem\u00e9lyesen tan\u00edts\u00e1k meg a f\u0151z\u00e9s \u00e9s a vid\u00e9ki konyham\u0171v\u00e9szet tr\u00fckkjeire, titkaira. Mindent megtudhat t\u00f6bbek k\u00f6z\u00f6tt arr\u00f3l, hogyan s\u00fcss\u00fcnk csod\u00e1latos h\u00e1zi kenyeret, kedvelt s\u00fctem\u00e9nyeket, vagy hogy hogyan kell termeszteni, betakar\u00edtani kiskert\u00fcnkben, megf\u0151zni \u00e9s eltenni a legjobbat abb\u00f3l, amit a kert\u00fcnk, vagy ak\u00e1r a piac ny\u00fajtani tud. Ez az oktat\u00f3 jelleg\u0171 kisfilmekb\u0151l \u00e1ll\u00f3 sorozat a \"r\u00e9gim\u00f3di\" otthoni praktik\u00e1k egy eg\u00e9szen \u00faj vil\u00e1g\u00e1t t\u00e1rja fel, a saj\u00e1t sonk\u00e1id f\u00fcst\u00f6l\u00e9s\u00e9t\u0151l \u00e9s \u00e9rlel\u00e9s\u00e9t\u0151l kezdve a saj\u00e1t s\u00f6r\u00f6d f\u0151z\u00e9s\u00e9ig. A l\u00e9p\u00e9sr\u0151l l\u00e9p\u00e9sre halad\u00f3 sorozatban visszak\u00f6sz\u00f6n a Hugh Fearnley-Whittingstall River Cottage TV-sorozat\u00e1b\u00f3l megismert \u00f6sszes ismer\u0151s arc, \u00edgy a f\u0151szak\u00e1cs Gill Meller, \"a Tart\u00f3s\u00edt\u00f3k Kir\u00e1lyn\u0151je\", Pam Corbin \u00e9s a \"Takarm\u00e1ny Guru\" John Wright, valamint Steve Lamb \u00e9s Hugh szak\u00e9rt\u0151 csapat\u00e1nak sok m\u00e1sik tagja. Sonk\u00e1k, dzsemek, savany\u00fas\u00e1gok, t\u00f6m\u00e9nyek, s\u00f6r\u00f6k, zseml\u00e9k, kekszek, ropog\u00f3s cip\u00f3k, croissant-ok, kagyl\u00f3k, h\u00e1zi z\u00f6lds\u00e9gek, bogy\u00f3k \u00e9s f\u0171szerek a kert\u00fcnkb\u0151l \u2013 mindenki sz\u00e1m\u00e1ra van itt valami \u00e9s mindent megtal\u00e1lhat, amire valaha sz\u00fcks\u00e9ge lehet, hogy \u00fagy f\u0151zz\u00f6n \u00e9s \u00e9ljen, mint Hugh.","longDescription":"D\u0151lj\u00f6n h\u00e1tra, laz\u00edtson \u00e9s engedje, hogy ebben a sorozatban a River Cottage szak\u00e9rt\u0151i szem\u00e9lyesen tan\u00edts\u00e1k meg a f\u0151z\u00e9s \u00e9s a vid\u00e9ki konyham\u0171v\u00e9szet tr\u00fckkjeire, titkaira. Mindent megtudhat t\u00f6bbek k\u00f6z\u00f6tt arr\u00f3l, hogyan s\u00fcss\u00fcnk csod\u00e1latos h\u00e1zi kenyeret, kedvelt s\u00fctem\u00e9nyeket, vagy hogy hogyan kell termeszteni, betakar\u00edtani kiskert\u00fcnkben, megf\u0151zni \u00e9s eltenni a legjobbat abb\u00f3l, amit a kert\u00fcnk, vagy ak\u00e1r a piac ny\u00fajtani tud. Ez az oktat\u00f3 jelleg\u0171 kisfilmekb\u0151l \u00e1ll\u00f3 sorozat a \"r\u00e9gim\u00f3di\" otthoni praktik\u00e1k egy eg\u00e9szen \u00faj vil\u00e1g\u00e1t t\u00e1rja fel, a saj\u00e1t sonk\u00e1id f\u00fcst\u00f6l\u00e9s\u00e9t\u0151l \u00e9s \u00e9rlel\u00e9s\u00e9t\u0151l kezdve a saj\u00e1t s\u00f6r\u00f6d f\u0151z\u00e9s\u00e9ig. A l\u00e9p\u00e9sr\u0151l l\u00e9p\u00e9sre halad\u00f3 sorozatban visszak\u00f6sz\u00f6n a Hugh Fearnley-Whittingstall River Cottage TV-sorozat\u00e1b\u00f3l megismert \u00f6sszes ismer\u0151s arc, \u00edgy a f\u0151szak\u00e1cs Gill Meller, \"a Tart\u00f3s\u00edt\u00f3k Kir\u00e1lyn\u0151je\", Pam Corbin \u00e9s a \"Takarm\u00e1ny Guru\" John Wright, valamint Steve Lamb \u00e9s Hugh szak\u00e9rt\u0151 csapat\u00e1nak sok m\u00e1sik tagja. Sonk\u00e1k, dzsemek, savany\u00fas\u00e1gok, t\u00f6m\u00e9nyek, s\u00f6r\u00f6k, zseml\u00e9k, kekszek, ropog\u00f3s cip\u00f3k, croissant-ok, kagyl\u00f3k, h\u00e1zi z\u00f6lds\u00e9gek, bogy\u00f3k \u00e9s f\u0171szerek a kert\u00fcnkb\u0151l \u2013 mindenki sz\u00e1m\u00e1ra van itt valami \u00e9s mindent megtal\u00e1lhat, amire valaha sz\u00fcks\u00e9ge lehet, hogy \u00fagy f\u0151zz\u00f6n \u00e9s \u00e9ljen, mint Hugh.","languageCode":"hun","countryCode":"HU","deviceCode":"web","medium":"TV","categories":[{"id":"271090244398","title":"T\u00e1rsadalmi\/Politikai","scheme":"urn:tva:metadata:cs:UPCEventGenreCS:2009"}],"isAdult":false,"parentalRating":"12","cast":[],"directors":[],"images":[{"assetType":"boxart-medium","assetTypes":["boxart-medium"],"width":110,"height":159,"url":"https:\/\/wp2-images-hu-dynamic.horizon.tv\/HU\/Images\/upcgenre_80.jpg?w=110&h=159&mode=box"},{"assetType":"boxart-large","assetTypes":["boxart-large"],"width":180,"height":260,"url":"https:\/\/wp2-images-hu-dynamic.horizon.tv\/HU\/Images\/upcgenre_80.jpg?w=180&h=260&mode=box"},{"assetType":"boxart-small","assetTypes":["boxart-small"],"width":75,"height":108,"url":"https:\/\/wp2-images-hu-dynamic.horizon.tv\/HU\/Images\/upcgenre_80.jpg?w=75&h=108&mode=box"},{"assetType":"boxart-xlarge","assetTypes":["boxart-xlarge"],"width":210,"height":303,"url":"https:\/\/wp2-images-hu-dynamic.horizon.tv\/HU\/Images\/upcgenre_80.jpg?w=210&h=303&mode=box"},{"assetType":"tva-boxcover","assetTypes":["tva-boxcover"],"width":180,"height":260,"url":"https:\/\/wp2-images-hu-dynamic.horizon.tv\/HU\/Images\/upcgenre_80.jpg"}],"mediaGroupId":"crid:~~2F~~2Fport.hu~~2F90405668","shortDescription":"D\u0151lj\u00f6n h\u00e1tra, laz\u00edtson \u00e9s engedje, hogy ebben a sorozatban a River Cottage szak\u00e9rt\u0151i szem\u00e9lyesen tan\u00edts\u00e1k meg a f\u0151z\u00e9s \u00e9s a vid\u00e9ki konyham\u0171v\u00e9szet tr\u00fckkjeire, titkaira. Mindent megtudhat t\u00f6bbek...","mediaType":"Episode","year":"2013","duration":900,"latestBroadcastStartTime":1525457700000,"latestBroadcastEndTime":1525458600000,"isReplayTv":true,"listingId":"crid:~~2F~~2Fport.hu~~2F90409946-imi:00100000005D2A54","seriesEpisodeNumber":"1805042015","seriesNumber":"1805110600","videoStreams":[],"airDate":1356998400000,"entitlements":["crid:~~2F~~2Fupc.com~~2FReplayTV~~2FTV_Paprika_ReplayTV_CU","VIP","_OPEN_"],"currentProductIds":["crid:~~2F~~2Fupc.com~~2FReplayTV~~2FTV_Paprika_ReplayTV_CU"],"currentTvodProductIds":[]},"parentId":"crid:~~2F~~2Fport.hu~~2F90405668","rootId":"crid:~~2F~~2Fport.hu~~2F90405668"}