{"id":"crid:~~2F~~2Fport.hu~~2F77052302-imi:00100000005D5A7E","countryCode":"HU","languageCode":"hun","deviceCode":"web","startTime":1525706100000,"endTime":1525708200000,"stationId":"826989607166","imi":"imi:00100000005D5A7E","mediaGroupId":"crid:~~2F~~2Fport.hu~~2F73155064","program":{"id":"crid:~~2F~~2Fport.hu~~2F77052302","title":"\u00c9des \u00e9let Toszk\u00e1n\u00e1ban","description":"T\u00e1rsadalmi\/Politikai","longDescription":"T\u00e1rsadalmi\/Politikai","languageCode":"hun","countryCode":"HU","deviceCode":"web","medium":"TV","categories":[{"id":"271090244398","title":"T\u00e1rsadalmi\/Politikai","scheme":"urn:tva:metadata:cs:UPCEventGenreCS:2009"}],"isAdult":false,"parentalRating":"12","cast":[],"directors":[],"images":[{"assetType":"boxart-xlarge","assetTypes":["boxart-xlarge"],"width":210,"height":303,"url":"https:\/\/wp14-images-hu-dynamic.horizon.tv\/HU\/Images\/upcgenre_80.jpg?w=210&h=303&mode=box"},{"assetType":"boxart-small","assetTypes":["boxart-small"],"width":75,"height":108,"url":"https:\/\/wp14-images-hu-dynamic.horizon.tv\/HU\/Images\/upcgenre_80.jpg?w=75&h=108&mode=box"},{"assetType":"boxart-large","assetTypes":["boxart-large"],"width":180,"height":260,"url":"https:\/\/wp14-images-hu-dynamic.horizon.tv\/HU\/Images\/upcgenre_80.jpg?w=180&h=260&mode=box"},{"assetType":"tva-boxcover","assetTypes":["tva-boxcover"],"width":180,"height":260,"url":"https:\/\/wp14-images-hu-dynamic.horizon.tv\/HU\/Images\/upcgenre_80.jpg"},{"assetType":"boxart-medium","assetTypes":["boxart-medium"],"width":110,"height":159,"url":"https:\/\/wp14-images-hu-dynamic.horizon.tv\/HU\/Images\/upcgenre_80.jpg?w=110&h=159&mode=box"}],"mediaGroupId":"crid:~~2F~~2Fport.hu~~2F73155064","shortDescription":"T\u00e1rsadalmi\/Politikai","mediaType":"Episode","isReplayTv":false,"seriesEpisodeNumber":"1805071715","seriesNumber":"1805040645","videoStreams":[],"entitlements":["VIP","_OPEN_"],"currentProductIds":[],"currentTvodProductIds":[]},"parentId":"crid:~~2F~~2Fport.hu~~2F73155064","rootId":"crid:~~2F~~2Fport.hu~~2F73155064"}