{"id":"crid:~~2F~~2Fport.hu~~2F1267608-imi:00100000005D3B8E","countryCode":"HU","languageCode":"hun","deviceCode":"web","startTime":1525532100000,"endTime":1525539600000,"stationId":"826989607170","imi":"imi:00100000005D3B8E","mediaGroupId":"crid:~~2F~~2Fport.hu~~2F1603737","program":{"id":"crid:~~2F~~2Fport.hu~~2F1267608","title":"\u00c1lomhaj\u00f3","description":"(I.\/49) Egy haj\u00f3, amely bej\u00e1rja a vil\u00e1got, var\u00e1zslatos t\u00e1jakokra viszi utasait, akik k\u00f6zben \u00e9lik \u00e9let\u00fcket. Hogy ez az \u00e9let ott tart\u00f3zkod\u00e1suk idej\u00e9n min\u00e9l szebb legyen, arr\u00f3l a kapit\u00e1ny, a f\u0151komornyik, \u00e9s a haj\u00f3doktor \u00e9s a leg\u00e9nys\u00e9g\u00fck gondoskodik.","longDescription":"(I.\/49) Egy haj\u00f3, amely bej\u00e1rja a vil\u00e1got, var\u00e1zslatos t\u00e1jakokra viszi utasait, akik k\u00f6zben \u00e9lik \u00e9let\u00fcket. Hogy ez az \u00e9let ott tart\u00f3zkod\u00e1suk idej\u00e9n min\u00e9l szebb legyen, arr\u00f3l a kapit\u00e1ny, a f\u0151komornyik, \u00e9s a haj\u00f3doktor \u00e9s a leg\u00e9nys\u00e9g\u00fck gondoskodik.","languageCode":"hun","countryCode":"HU","deviceCode":"web","medium":"TV","categories":[{"id":"271090244428","title":"Dr\u00e1ma","scheme":"urn:tva:metadata:cs:UPCEventGenreCS:2009"}],"isAdult":false,"parentalRating":"3","cast":["Siegfried Rauch","Heide Keller","Horst Naumann","Heinz Weiss","Gila von Weitershausen"],"directors":["Michael Steinke","Karola Meeder","Hans-J\u00fcrgen T\u00f6gel","Gero Erhardt"],"images":[{"assetType":"boxart-large","assetTypes":["boxart-large"],"width":180,"height":260,"url":"https:\/\/wp27-images-hu-dynamic.horizon.tv\/HU\/Images\/bc_b39493a3577aa5779de5b1882271ea3645d593c7.jpg?w=180&h=260&mode=box"},{"assetType":"boxart-small","assetTypes":["boxart-small"],"width":75,"height":108,"url":"https:\/\/wp27-images-hu-dynamic.horizon.tv\/HU\/Images\/bc_b39493a3577aa5779de5b1882271ea3645d593c7.jpg?w=75&h=108&mode=box"},{"assetType":"tva-boxcover","assetTypes":["tva-boxcover"],"width":180,"height":260,"url":"https:\/\/wp27-images-hu-dynamic.horizon.tv\/HU\/Images\/bc_b39493a3577aa5779de5b1882271ea3645d593c7.jpg"},{"assetType":"boxart-medium","assetTypes":["boxart-medium"],"width":110,"height":159,"url":"https:\/\/wp27-images-hu-dynamic.horizon.tv\/HU\/Images\/bc_b39493a3577aa5779de5b1882271ea3645d593c7.jpg?w=110&h=159&mode=box"},{"assetType":"boxart-xlarge","assetTypes":["boxart-xlarge"],"width":210,"height":303,"url":"https:\/\/wp27-images-hu-dynamic.horizon.tv\/HU\/Images\/bc_b39493a3577aa5779de5b1882271ea3645d593c7.jpg?w=210&h=303&mode=box"},{"assetType":"HighResLandscape","assetTypes":["HighResLandscape"],"url":"https:\/\/wp10-images-hu-dynamic.horizon.tv\/HU\/Images\/hrl_d996ecf3642483d57c50ccbb78a361d62fd4c9d3.jpg"},{"assetType":"HighResPortrait","assetTypes":["HighResPortrait"],"url":"https:\/\/wp10-images-hu-dynamic.horizon.tv\/HU\/Images\/hrp_83ca1ef0d1de0dc9457e552a4e05bf916eb3a3d6.jpg"}],"mediaGroupId":"crid:~~2F~~2Fport.hu~~2F1603737","secondaryTitle":"Om\u00e1n (I.\/49)","shortDescription":"Egy haj\u00f3, amely bej\u00e1rja a vil\u00e1got, var\u00e1zslatos t\u00e1jakra viszi utasait. Hogy az otttart\u00f3zkod\u00e1suk min\u00e9l szebb legyen, arr\u00f3l a kapit\u00e1ny, a f\u0151komornyik, a haj\u00f3doktor \u00e9s a leg\u00e9nys\u00e9g\u00fck gondoskodik.","mediaType":"Episode","year":"2005","isReplayTv":false,"seriesEpisodeNumber":"49","seriesNumber":"1","videoStreams":[],"airDate":1104537600000,"entitlements":["VIP","_OPEN_"],"currentProductIds":[],"currentTvodProductIds":[]},"parentId":"crid:~~2F~~2Fport.hu~~2F1603737","rootId":"crid:~~2F~~2Fport.hu~~2F1603737"}