{"id":"crid:~~2F~~2Fport.hu~~2F2640063-imi:00100000005D4C51","countryCode":"HU","languageCode":"hun","deviceCode":"web","startTime":1525497300000,"endTime":1525499100000,"stationId":"826989607167","imi":"imi:00100000005D4C51","mediaGroupId":"crid:~~2F~~2Fport.hu~~2F2601555","program":{"id":"crid:~~2F~~2Fport.hu~~2F2640063","title":"\u00c9n kicsi p\u00f3nim: Var\u00e1zslatos bar\u00e1ts\u00e1g","description":"(I.\/6) Equestria var\u00e1zslatos f\u00f6ldj\u00e9n a kir\u00e1lys\u00e1got kiz\u00e1r\u00f3lag sz\u00ednes p\u00f3nik lakj\u00e1k. Ragyog\u00f3 alkony, egy fiatal t\u00f6rekv\u0151 unikornis, akit csak a m\u00e1gikus k\u00e9pess\u00e9geinek fejleszt\u00e9se \u00e9rdekel. Egy nap nagyon fontos feladatot kap tan\u00e1r\u00e1t\u00f3l, Celestia hercegn\u0151t\u0151l: \"Dugd ki v\u00e9gre az orrod azokb\u00f3l a k\u00f6nyvekb\u0151l \u00e9s szerezz bar\u00e1tokat!","longDescription":"(I.\/6) Equestria var\u00e1zslatos f\u00f6ldj\u00e9n a kir\u00e1lys\u00e1got kiz\u00e1r\u00f3lag sz\u00ednes p\u00f3nik lakj\u00e1k. Ragyog\u00f3 alkony, egy fiatal t\u00f6rekv\u0151 unikornis, akit csak a m\u00e1gikus k\u00e9pess\u00e9geinek fejleszt\u00e9se \u00e9rdekel. Egy nap nagyon fontos feladatot kap tan\u00e1r\u00e1t\u00f3l, Celestia hercegn\u0151t\u0151l: \"Dugd ki v\u00e9gre az orrod azokb\u00f3l a k\u00f6nyvekb\u0151l \u00e9s szerezz bar\u00e1tokat!","languageCode":"hun","countryCode":"HU","deviceCode":"web","medium":"TV","categories":[{"id":"271090244428","title":"Dr\u00e1ma","scheme":"urn:tva:metadata:cs:UPCEventGenreCS:2009"}],"isAdult":false,"parentalRating":"12","cast":["Ashleigh Ball","Tara Strong","Tabitha St. Germain","Andrea Libman","Cathy Weseluck"],"directors":["Jayson Thiessen","James Wootton"],"images":[{"assetType":"boxart-medium","assetTypes":["boxart-medium"],"width":110,"height":159,"url":"https:\/\/wp21-images-hu-dynamic.horizon.tv\/HU\/Images\/bc_b1121a316f60f63c5a7818fee1ff8289c7ad6750.jpg?w=110&h=159&mode=box"},{"assetType":"tva-boxcover","assetTypes":["tva-boxcover"],"width":180,"height":260,"url":"https:\/\/wp21-images-hu-dynamic.horizon.tv\/HU\/Images\/bc_b1121a316f60f63c5a7818fee1ff8289c7ad6750.jpg"},{"assetType":"boxart-large","assetTypes":["boxart-large"],"width":180,"height":260,"url":"https:\/\/wp21-images-hu-dynamic.horizon.tv\/HU\/Images\/bc_b1121a316f60f63c5a7818fee1ff8289c7ad6750.jpg?w=180&h=260&mode=box"},{"assetType":"boxart-small","assetTypes":["boxart-small"],"width":75,"height":108,"url":"https:\/\/wp21-images-hu-dynamic.horizon.tv\/HU\/Images\/bc_b1121a316f60f63c5a7818fee1ff8289c7ad6750.jpg?w=75&h=108&mode=box"},{"assetType":"boxart-xlarge","assetTypes":["boxart-xlarge"],"width":210,"height":303,"url":"https:\/\/wp21-images-hu-dynamic.horizon.tv\/HU\/Images\/bc_b1121a316f60f63c5a7818fee1ff8289c7ad6750.jpg?w=210&h=303&mode=box"},{"assetType":"HighResLandscape","assetTypes":["HighResLandscape"],"url":"https:\/\/wp11-images-hu-dynamic.horizon.tv\/HU\/Images\/hrl_28dad41e9de1eb6c55f82cd009a84f158bf44bad.jpg"}],"mediaGroupId":"crid:~~2F~~2Fport.hu~~2F2601555","secondaryTitle":"(I.\/6)","shortDescription":"Equestria var\u00e1zslatos f\u00f6ldj\u00e9n a kir\u00e1lys\u00e1got kiz\u00e1r\u00f3lag sz\u00ednes p\u00f3nik lakj\u00e1k. Ragyog\u00f3 alkony, egy fiatal t\u00f6rekv\u0151 unikornis, akit csak a m\u00e1gikus k\u00e9pess\u00e9geinek fejleszt\u00e9se \u00e9rdekel.","mediaType":"Episode","year":"2011","isReplayTv":true,"seriesEpisodeNumber":"6","seriesNumber":"1","videoStreams":[],"airDate":1293840000000,"entitlements":["VIP","_OPEN_"],"currentProductIds":[],"currentTvodProductIds":[]},"parentId":"crid:~~2F~~2Fport.hu~~2F2601555","rootId":"crid:~~2F~~2Fport.hu~~2F2601555"}