{"id":"crid:~~2F~~2Fport.hu~~2F90362163-imi:00100000005D37CB","countryCode":"HU","languageCode":"hun","deviceCode":"web","startTime":1525514400000,"endTime":1525516200000,"stationId":"826989607220","imi":"imi:00100000005D37CB","mediaGroupId":"crid:~~2F~~2Fport.hu~~2F65516940","program":{"id":"crid:~~2F~~2Fport.hu~~2F90362163","title":"H\u00edrad\u00f3","description":"benne: sport \u00e9s id\u0151j\u00e1r\u00e1s","longDescription":"benne: sport \u00e9s id\u0151j\u00e1r\u00e1s","languageCode":"hun","countryCode":"HU","deviceCode":"web","medium":"TV","categories":[{"id":"271090244344","title":"H\u00edrek","scheme":"urn:tva:metadata:cs:UPCEventGenreCS:2009"}],"isAdult":false,"parentalRating":"3","cast":[],"directors":[],"images":[{"assetType":"boxart-large","assetTypes":["boxart-large"],"width":180,"height":260,"url":"https:\/\/wp8-images-hu-dynamic.horizon.tv\/HU\/Images\/upcgenre_20.jpg?w=180&h=260&mode=box"},{"assetType":"boxart-small","assetTypes":["boxart-small"],"width":75,"height":108,"url":"https:\/\/wp8-images-hu-dynamic.horizon.tv\/HU\/Images\/upcgenre_20.jpg?w=75&h=108&mode=box"},{"assetType":"tva-boxcover","assetTypes":["tva-boxcover"],"width":180,"height":260,"url":"https:\/\/wp8-images-hu-dynamic.horizon.tv\/HU\/Images\/upcgenre_20.jpg"},{"assetType":"boxart-medium","assetTypes":["boxart-medium"],"width":110,"height":159,"url":"https:\/\/wp8-images-hu-dynamic.horizon.tv\/HU\/Images\/upcgenre_20.jpg?w=110&h=159&mode=box"},{"assetType":"boxart-xlarge","assetTypes":["boxart-xlarge"],"width":210,"height":303,"url":"https:\/\/wp8-images-hu-dynamic.horizon.tv\/HU\/Images\/upcgenre_20.jpg?w=210&h=303&mode=box"}],"mediaGroupId":"crid:~~2F~~2Fport.hu~~2F65516940","shortDescription":"A m\u0171sor naponta t\u00f6bbsz\u00f6r jelentkezik a K\u00e1rp\u00e1t-medence \u00e9s a nagyvil\u00e1g legfrissebb h\u00edreivel.","mediaType":"Episode","isReplayTv":false,"seriesEpisodeNumber":"1805051200","seriesNumber":"1805030700","videoStreams":[],"entitlements":["VIP","_OPEN_"],"currentProductIds":[],"currentTvodProductIds":[]},"parentId":"crid:~~2F~~2Fport.hu~~2F65516940","rootId":"crid:~~2F~~2Fport.hu~~2F65516940"}