{"id":"crid:~~2F~~2Fport.hu~~2F90922162-imi:00100000005D3214","countryCode":"HU","languageCode":"hun","deviceCode":"web","startTime":1525482000000,"endTime":1525482900000,"stationId":"826989607167","imi":"imi:00100000005D3214","mediaGroupId":"crid:~~2F~~2Fport.hu~~2F87980000","program":{"id":"crid:~~2F~~2Fport.hu~~2F90922162","title":"Percy \u00e9s a tigris mes\u00e9k","description":"Rajzfilm","longDescription":"Rajzfilm","languageCode":"hun","countryCode":"HU","deviceCode":"web","medium":"TV","categories":[{"id":"271090244371","title":"Gyermek\/Ifj\u00fas\u00e1gi","scheme":"urn:tva:metadata:cs:UPCEventGenreCS:2009"},{"id":"271090244376","title":"Rajzfilm","scheme":"urn:tva:metadata:cs:UPCEventGenreCS:2009"}],"isAdult":false,"parentalRating":"12","cast":[],"directors":[],"images":[{"assetType":"boxart-medium","assetTypes":["boxart-medium"],"width":110,"height":159,"url":"https:\/\/wp6-images-hu-dynamic.horizon.tv\/HU\/Images\/upcgenre_55.jpg?w=110&h=159&mode=box"},{"assetType":"boxart-small","assetTypes":["boxart-small"],"width":75,"height":108,"url":"https:\/\/wp6-images-hu-dynamic.horizon.tv\/HU\/Images\/upcgenre_55.jpg?w=75&h=108&mode=box"},{"assetType":"boxart-xlarge","assetTypes":["boxart-xlarge"],"width":210,"height":303,"url":"https:\/\/wp6-images-hu-dynamic.horizon.tv\/HU\/Images\/upcgenre_55.jpg?w=210&h=303&mode=box"},{"assetType":"boxart-large","assetTypes":["boxart-large"],"width":180,"height":260,"url":"https:\/\/wp6-images-hu-dynamic.horizon.tv\/HU\/Images\/upcgenre_55.jpg?w=180&h=260&mode=box"},{"assetType":"tva-boxcover","assetTypes":["tva-boxcover"],"width":180,"height":260,"url":"https:\/\/wp6-images-hu-dynamic.horizon.tv\/HU\/Images\/upcgenre_55.jpg"}],"mediaGroupId":"crid:~~2F~~2Fport.hu~~2F87980000","shortDescription":"Rajzfilm","mediaType":"Episode","year":"2012","isReplayTv":false,"seriesEpisodeNumber":"1805041730","seriesNumber":"1805030950","videoStreams":[],"airDate":1325376000000,"entitlements":["VIP","_OPEN_"],"currentProductIds":[],"currentTvodProductIds":[]},"parentId":"crid:~~2F~~2Fport.hu~~2F87980000","rootId":"crid:~~2F~~2Fport.hu~~2F87980000"}