{"id":"crid:~~2F~~2Fport.hu~~2F91383132-imi:00100000005D9438","countryCode":"HU","languageCode":"hun","deviceCode":"web","startTime":1525413000000,"endTime":1525415100000,"stationId":"826989607168","imi":"imi:00100000005D9438","mediaGroupId":"crid:~~2F~~2Fport.hu~~2F67482516","program":{"id":"crid:~~2F~~2Fport.hu~~2F91383132","title":"Egyszer\u0171, finom, gyors!","description":"Gyorsan elk\u00e9sz\u00edthet\u0151 \u00e9s \u00edzletes \u00e9telek k\u00edn\u00e1lata szerepel a sorozatban. \u00c9telkalauzunk, Rudolph van Veen bemutatja nek\u00fcnk a nemzetk\u00f6zi konyha remekeit, amivel az eg\u00e9sz csal\u00e1dot az asztal k\u00f6r\u00e9 csalogathatjuk!","longDescription":"Gyorsan elk\u00e9sz\u00edthet\u0151 \u00e9s \u00edzletes \u00e9telek k\u00edn\u00e1lata szerepel a sorozatban. \u00c9telkalauzunk, Rudolph van Veen bemutatja nek\u00fcnk a nemzetk\u00f6zi konyha remekeit, amivel az eg\u00e9sz csal\u00e1dot az asztal k\u00f6r\u00e9 csalogathatjuk!","languageCode":"hun","countryCode":"HU","deviceCode":"web","medium":"TV","categories":[{"id":"271090244398","title":"T\u00e1rsadalmi\/Politikai","scheme":"urn:tva:metadata:cs:UPCEventGenreCS:2009"}],"isAdult":false,"parentalRating":"12","cast":[],"directors":[],"images":[{"assetType":"boxart-small","assetTypes":["boxart-small"],"width":75,"height":108,"url":"https:\/\/wp6-images-hu-dynamic.horizon.tv\/HU\/Images\/upcgenre_80.jpg?w=75&h=108&mode=box"},{"assetType":"boxart-large","assetTypes":["boxart-large"],"width":180,"height":260,"url":"https:\/\/wp6-images-hu-dynamic.horizon.tv\/HU\/Images\/upcgenre_80.jpg?w=180&h=260&mode=box"},{"assetType":"tva-boxcover","assetTypes":["tva-boxcover"],"width":180,"height":260,"url":"https:\/\/wp6-images-hu-dynamic.horizon.tv\/HU\/Images\/upcgenre_80.jpg"},{"assetType":"boxart-medium","assetTypes":["boxart-medium"],"width":110,"height":159,"url":"https:\/\/wp6-images-hu-dynamic.horizon.tv\/HU\/Images\/upcgenre_80.jpg?w=110&h=159&mode=box"},{"assetType":"boxart-xlarge","assetTypes":["boxart-xlarge"],"width":210,"height":303,"url":"https:\/\/wp6-images-hu-dynamic.horizon.tv\/HU\/Images\/upcgenre_80.jpg?w=210&h=303&mode=box"}],"mediaGroupId":"crid:~~2F~~2Fport.hu~~2F67482516","shortDescription":"H\u00e1zigazda: Rudolph van Veen","mediaType":"Episode","year":"2012","isReplayTv":false,"seriesEpisodeNumber":"1805040750","seriesNumber":"1805020750","videoStreams":[],"airDate":1325376000000,"entitlements":["VIP","_OPEN_"],"currentProductIds":[],"currentTvodProductIds":[]},"parentId":"crid:~~2F~~2Fport.hu~~2F67482516","rootId":"crid:~~2F~~2Fport.hu~~2F67482516"}