{"id":"crid:~~2F~~2Fport.hu~~2F72363647-imi:00100000005DBDCF","countryCode":"HU","languageCode":"hun","deviceCode":"web","startTime":1525416300000,"endTime":1525417680000,"stationId":"826989607164","imi":"imi:00100000005DBDCF","mediaGroupId":"crid:~~2F~~2Fport.hu~~2F68176022","program":{"id":"crid:~~2F~~2Fport.hu~~2F72363647","title":"Lak\u00f3kocsi-bemutat\u00f3","description":"(6) Tim, Rob \u00e9s a csapat befejezik a Berkeley \u00e9p\u00edt\u00e9s\u00e9t, de lehet-e majd vontatni? Alex ker\u00e9kp\u00e1rtart\u00f3kat tesztel, \u00e9s bemutatja a legjobb mini lak\u00f3kocsikat.","longDescription":"(6) Tim, Rob \u00e9s a csapat befejezik a Berkeley \u00e9p\u00edt\u00e9s\u00e9t, de lehet-e majd vontatni? Alex ker\u00e9kp\u00e1rtart\u00f3kat tesztel, \u00e9s bemutatja a legjobb mini lak\u00f3kocsikat.","languageCode":"hun","countryCode":"HU","deviceCode":"web","medium":"TV","categories":[{"id":"271090244411","title":"Szabadid\u0151","scheme":"urn:tva:metadata:cs:UPCEventGenreCS:2009"},{"id":"271090244412","title":"Utaz\u00e1s","scheme":"urn:tva:metadata:cs:UPCEventGenreCS:2009"}],"isAdult":false,"parentalRating":"3","cast":[],"directors":[],"images":[{"assetType":"boxart-large","assetTypes":["boxart-large"],"width":180,"height":260,"url":"https:\/\/wp18-images-hu-dynamic.horizon.tv\/HU\/Images\/upcgenre_A1.jpg?w=180&h=260&mode=box"},{"assetType":"boxart-small","assetTypes":["boxart-small"],"width":75,"height":108,"url":"https:\/\/wp18-images-hu-dynamic.horizon.tv\/HU\/Images\/upcgenre_A1.jpg?w=75&h=108&mode=box"},{"assetType":"boxart-xlarge","assetTypes":["boxart-xlarge"],"width":210,"height":303,"url":"https:\/\/wp18-images-hu-dynamic.horizon.tv\/HU\/Images\/upcgenre_A1.jpg?w=210&h=303&mode=box"},{"assetType":"boxart-medium","assetTypes":["boxart-medium"],"width":110,"height":159,"url":"https:\/\/wp18-images-hu-dynamic.horizon.tv\/HU\/Images\/upcgenre_A1.jpg?w=110&h=159&mode=box"},{"assetType":"tva-boxcover","assetTypes":["tva-boxcover"],"width":180,"height":260,"url":"https:\/\/wp18-images-hu-dynamic.horizon.tv\/HU\/Images\/upcgenre_A1.jpg"}],"mediaGroupId":"crid:~~2F~~2Fport.hu~~2F68176022","secondaryTitle":"(6)","shortDescription":"A Discovery csatorna nosztalgi\u00e1val \u00e9s humorral mutatja be az \u00e1talak\u00edtott lak\u00f3kocsikat, \u00e9s azokat, akik sz\u00e1m\u00e1ra a lak\u00f3kocsis utaz\u00e1s \u00e9letform\u00e1v\u00e1 v\u00e1lt.","mediaType":"Episode","isReplayTv":false,"seriesEpisodeNumber":"6","seriesNumber":"1805020845","videoStreams":[],"entitlements":["VIP","_OPEN_"],"currentProductIds":[],"currentTvodProductIds":[]},"parentId":"crid:~~2F~~2Fport.hu~~2F68176022","rootId":"crid:~~2F~~2Fport.hu~~2F68176022"}