{"id":"crid:~~2F~~2Fport.hu~~2F90575579-imi:00100000005D4A1B","countryCode":"HU","languageCode":"hun","deviceCode":"web","startTime":1525541400000,"endTime":1525547700000,"stationId":"826989607242","imi":"imi:00100000005D4A1B","mediaGroupId":"crid:~~2F~~2Fport.hu~~2F74973352","program":{"id":"crid:~~2F~~2Fport.hu~~2F90575579","title":"Labdar\u00fag\u00f3 k\u00f6zvet\u00edt\u00e9s","description":"OTP Bank Liga: Videoton FC \u2013 Ferencv\u00e1rosi TC m\u00e9rk\u0151z\u00e9s","longDescription":"OTP Bank Liga: Videoton FC \u2013 Ferencv\u00e1rosi TC m\u00e9rk\u0151z\u00e9s","languageCode":"hun","countryCode":"HU","deviceCode":"web","medium":"TV","categories":[{"id":"271090244353","title":"Sport","scheme":"urn:tva:metadata:cs:UPCEventGenreCS:2009"},{"id":"271090244359","title":"Labdar\u00fag\u00e1s","scheme":"urn:tva:metadata:cs:UPCEventGenreCS:2009"}],"isAdult":false,"parentalRating":"3","cast":[],"directors":[],"images":[{"assetType":"boxart-large","assetTypes":["boxart-large"],"width":180,"height":260,"url":"https:\/\/wp3-images-hu-dynamic.horizon.tv\/HU\/Images\/upcgenre_43.jpg?w=180&h=260&mode=box"},{"assetType":"tva-boxcover","assetTypes":["tva-boxcover"],"width":180,"height":260,"url":"https:\/\/wp3-images-hu-dynamic.horizon.tv\/HU\/Images\/upcgenre_43.jpg"},{"assetType":"boxart-medium","assetTypes":["boxart-medium"],"width":110,"height":159,"url":"https:\/\/wp3-images-hu-dynamic.horizon.tv\/HU\/Images\/upcgenre_43.jpg?w=110&h=159&mode=box"},{"assetType":"boxart-small","assetTypes":["boxart-small"],"width":75,"height":108,"url":"https:\/\/wp3-images-hu-dynamic.horizon.tv\/HU\/Images\/upcgenre_43.jpg?w=75&h=108&mode=box"},{"assetType":"boxart-xlarge","assetTypes":["boxart-xlarge"],"width":210,"height":303,"url":"https:\/\/wp3-images-hu-dynamic.horizon.tv\/HU\/Images\/upcgenre_43.jpg?w=210&h=303&mode=box"}],"mediaGroupId":"crid:~~2F~~2Fport.hu~~2F74973352","secondaryTitle":"OTP Bank Liga: Videoton FC \u2013 Ferencv\u00e1rosi TC m\u00e9rk\u0151z\u00e9s","shortDescription":"OTP Bank Liga: Videoton FC \u2013 Ferencv\u00e1rosi TC m\u00e9rk\u0151z\u00e9s","mediaType":"Episode","isReplayTv":false,"seriesEpisodeNumber":"1805051930","seriesNumber":"1805030800","videoStreams":[],"entitlements":["VIP","_OPEN_"],"currentProductIds":[],"currentTvodProductIds":[]},"parentId":"crid:~~2F~~2Fport.hu~~2F74973352","rootId":"crid:~~2F~~2Fport.hu~~2F74973352"}