{"id":"crid:~~2F~~2Fport.hu~~2F69703556-imi:00100000005E1C1D","countryCode":"HU","languageCode":"hun","deviceCode":"web","startTime":1525334100000,"endTime":1525335900000,"actualStartTime":1525334100000,"actualEndTime":1525335900000,"expirationDate":1525938900000,"stationId":"826989607185","imi":"imi:00100000005E1C1D","mediaGroupId":"crid:~~2F~~2Fport.hu~~2F2428510","program":{"id":"crid:~~2F~~2Fport.hu~~2F69703556","title":"T\u00fcnd\u00e9ri keresztsz\u00fcl\u0151k","description":"(X.\/165) A 10 \u00e9ves Timmy Turner el\u00e9g okos, de \u00f6sszess\u00e9g\u00e9ben \u00e1tlagos fi\u00fa, sz\u00fclei egyed\u00fcli gyermeke. Timmy \u00e9lete azonban m\u00e9gsem teljesen szokv\u00e1nyos, hiszen ott van neki Cosmo \u00e9s Wanda, a k\u00e9t t\u00fcnd\u00e9r-keresztsz\u00fcl\u0151, akiknek l\u00e9tez\u00e9s\u00e9r\u0151l Timmyn k\u00edv\u00fcl senki nem tud.","longDescription":"(X.\/165) A 10 \u00e9ves Timmy Turner el\u00e9g okos, de \u00f6sszess\u00e9g\u00e9ben \u00e1tlagos fi\u00fa, sz\u00fclei egyed\u00fcli gyermeke. Timmy \u00e9lete azonban m\u00e9gsem teljesen szokv\u00e1nyos, hiszen ott van neki Cosmo \u00e9s Wanda, a k\u00e9t t\u00fcnd\u00e9r-keresztsz\u00fcl\u0151, akiknek l\u00e9tez\u00e9s\u00e9r\u0151l Timmyn k\u00edv\u00fcl senki nem tud.","languageCode":"hun","countryCode":"HU","deviceCode":"web","medium":"TV","categories":[{"id":"271090244428","title":"Dr\u00e1ma","scheme":"urn:tva:metadata:cs:UPCEventGenreCS:2009"}],"isAdult":false,"parentalRating":"6","cast":["Tara Strong","Susan Blakeslee","Daran Norris","Jim Ward","Grey DeLisle","Carlos Alazraqui","Frankie Muniz","Alec Baldwin"],"directors":["Sarah Frost","Butch Hartman","Larry Leichliter","Gary Conrad","Jaime Diaz","John Fountain"],"images":[{"assetType":"tva-boxcover","assetTypes":["tva-boxcover"],"width":180,"height":260,"url":"https:\/\/wp2-images-hu-dynamic.horizon.tv\/HU\/Images\/bc_bb37c4d096134d44e372a650dfa1b0a3beea93ee.jpg"},{"assetType":"boxart-small","assetTypes":["boxart-small"],"width":75,"height":108,"url":"https:\/\/wp2-images-hu-dynamic.horizon.tv\/HU\/Images\/bc_bb37c4d096134d44e372a650dfa1b0a3beea93ee.jpg?w=75&h=108&mode=box"},{"assetType":"boxart-large","assetTypes":["boxart-large"],"width":180,"height":260,"url":"https:\/\/wp2-images-hu-dynamic.horizon.tv\/HU\/Images\/bc_bb37c4d096134d44e372a650dfa1b0a3beea93ee.jpg?w=180&h=260&mode=box"},{"assetType":"boxart-medium","assetTypes":["boxart-medium"],"width":110,"height":159,"url":"https:\/\/wp2-images-hu-dynamic.horizon.tv\/HU\/Images\/bc_bb37c4d096134d44e372a650dfa1b0a3beea93ee.jpg?w=110&h=159&mode=box"},{"assetType":"boxart-xlarge","assetTypes":["boxart-xlarge"],"width":210,"height":303,"url":"https:\/\/wp2-images-hu-dynamic.horizon.tv\/HU\/Images\/bc_bb37c4d096134d44e372a650dfa1b0a3beea93ee.jpg?w=210&h=303&mode=box"}],"mediaGroupId":"crid:~~2F~~2Fport.hu~~2F2428510","secondaryTitle":"Csacska Macskaember \/ Crocker \u00fajrat\u00f6ltve (X.\/165)","shortDescription":"A 10 \u00e9ves Timmy Turner el\u00e9g okos, de \u00f6sszess\u00e9g\u00e9ben \u00e1tlagos fi\u00fa, sz\u00fclei egyed\u00fcli gyermeke. Timmy \u00e9lete azonban m\u00e9gsem teljesen szokv\u00e1nyos, hiszen ott van neki Cosmo \u00e9s Wanda, a k\u00e9t t\u00fcnd\u00e9r-keresztsz\u00fcl\u0151.","mediaType":"Episode","year":"2001","duration":1800,"latestBroadcastStartTime":1525334100000,"latestBroadcastEndTime":1525335900000,"isReplayTv":true,"listingId":"crid:~~2F~~2Fport.hu~~2F69703556-imi:00100000005E1C1D","seriesEpisodeNumber":"165","seriesNumber":"10","videoStreams":[{"assetType":"Orion-HSS","assetTypes":["Orion-HSS"],"width":720,"url":"http:\/\/link.theplatform.com\/s\/LgiHuP\/eaV2cQKxeaG5?feed=catalogue%3A%20Allprograms","duration":1800,"protectionKey":"bcaa60ef-e71e-4712-8063-b722c3101bbc","protectionScheme":"playReady","format":"Unknown","broadcastStartTime":1525334100000,"broadcastEndTime":1525335900000,"listingId":"crid:~~2F~~2Fport.hu~~2F69703556-imi:00100000005E1C1D","contentLocator":"urn:orion:media:std:eaV2cQKxeaG5"},{"assetType":"Orion-DASH","assetTypes":["Orion-DASH"],"width":720,"duration":1800,"protectionKey":"bcaa60ef-e71e-4712-8063-b722c3101bbc","protectionScheme":"widevine","format":"Unknown","broadcastStartTime":1525334100000,"broadcastEndTime":1525335900000,"listingId":"crid:~~2F~~2Fport.hu~~2F69703556-imi:00100000005E1C1D","contentLocator":"urn:orion:media:oesp:dash:eaV2cQKxeaG5"}],"airDate":978307200000,"entitlements":["crid:~~2F~~2Fupc.com~~2FReplayTV~~2FNickelodeon_HD_ReplayTV","crid:~~2F~~2Fupc.com~~2FReplayTV~~2FNickelodeon_ReplayTV","VIP","_OPEN_"],"currentProductIds":["crid:~~2F~~2Fupc.com~~2FReplayTV~~2FNickelodeon_HD_ReplayTV","crid:~~2F~~2Fupc.com~~2FReplayTV~~2FNickelodeon_ReplayTV"],"currentTvodProductIds":[]},"parentId":"crid:~~2F~~2Fport.hu~~2F2428510","rootId":"crid:~~2F~~2Fport.hu~~2F2428510","replayTvAvailable":true}