{"id":"crid:~~2F~~2Fport.hu~~2F91880194-imi:00100000005E2400","countryCode":"HU","languageCode":"hun","deviceCode":"web","startTime":1525415400000,"endTime":1525426200000,"stationId":"826989607132","imi":"imi:00100000005E2400","mediaGroupId":"crid:~~2F~~2Fport.hu~~2F67510446","program":{"id":"crid:~~2F~~2Fport.hu~~2F91880194","title":"Labdar\u00fag\u00e1s","description":"Bajnokok Lig\u00e1jad\u00f6nt\u0151, visszav\u00e1g\u00f3, Real Madrid \u2013 Bayern M\u00fcnchen","longDescription":"Bajnokok Lig\u00e1jad\u00f6nt\u0151, visszav\u00e1g\u00f3, Real Madrid \u2013 Bayern M\u00fcnchen","languageCode":"hun","countryCode":"HU","deviceCode":"web","medium":"TV","categories":[{"id":"271090244353","title":"Sport","scheme":"urn:tva:metadata:cs:UPCEventGenreCS:2009"},{"id":"271090244359","title":"Labdar\u00fag\u00e1s","scheme":"urn:tva:metadata:cs:UPCEventGenreCS:2009"}],"isAdult":false,"parentalRating":"3","cast":[],"directors":[],"images":[{"assetType":"tva-boxcover","assetTypes":["tva-boxcover"],"width":180,"height":260,"url":"https:\/\/wp10-images-hu-dynamic.horizon.tv\/HU\/Images\/upcgenre_43.jpg"},{"assetType":"boxart-large","assetTypes":["boxart-large"],"width":180,"height":260,"url":"https:\/\/wp10-images-hu-dynamic.horizon.tv\/HU\/Images\/upcgenre_43.jpg?w=180&h=260&mode=box"},{"assetType":"boxart-medium","assetTypes":["boxart-medium"],"width":110,"height":159,"url":"https:\/\/wp10-images-hu-dynamic.horizon.tv\/HU\/Images\/upcgenre_43.jpg?w=110&h=159&mode=box"},{"assetType":"boxart-small","assetTypes":["boxart-small"],"width":75,"height":108,"url":"https:\/\/wp10-images-hu-dynamic.horizon.tv\/HU\/Images\/upcgenre_43.jpg?w=75&h=108&mode=box"},{"assetType":"boxart-xlarge","assetTypes":["boxart-xlarge"],"width":210,"height":303,"url":"https:\/\/wp10-images-hu-dynamic.horizon.tv\/HU\/Images\/upcgenre_43.jpg?w=210&h=303&mode=box"}],"mediaGroupId":"crid:~~2F~~2Fport.hu~~2F67510446","secondaryTitle":"Bajnokok Lig\u00e1jad\u00f6nt\u0151, visszav\u00e1g\u00f3, Real Madrid \u2013 Bayern M\u00fcnchen","shortDescription":"Bajnokok Lig\u00e1jad\u00f6nt\u0151, visszav\u00e1g\u00f3, Real Madrid \u2013 Bayern M\u00fcnchen","mediaType":"Episode","isReplayTv":false,"seriesEpisodeNumber":"1805040830","seriesNumber":"1805030915","videoStreams":[],"entitlements":["VIP","_OPEN_"],"currentProductIds":[],"currentTvodProductIds":[]},"parentId":"crid:~~2F~~2Fport.hu~~2F67510446","rootId":"crid:~~2F~~2Fport.hu~~2F67510446"}