{"id":"crid:~~2F~~2Fport.hu~~2F72351546-imi:00100000005D22D4","countryCode":"HU","languageCode":"hun","deviceCode":"web","startTime":1525461000000,"endTime":1525461900000,"stationId":"826989607196","imi":"imi:00100000005D22D4","mediaGroupId":"crid:~~2F~~2Fport.hu~~2F26131296","program":{"id":"crid:~~2F~~2Fport.hu~~2F72351546","title":"Steven Universe","description":"Steven Universe els\u0151 r\u00e1n\u00e9z\u00e9sre egy eg\u00e9szen h\u00e9tk\u00f6znapi, \u00e1tlagos kisfi\u00fa. M\u00e1gikus erej\u00e9t a k\u00f6ld\u00f6k\u00e9ben rejl\u0151 krist\u00e1lynak k\u00f6sz\u00f6nheti, a 'vil\u00e1gmegment\u0151' tudom\u00e1ny\u00e1t pedig a h\u00e1rom krist\u00e1lyt\u00fcnd\u00e9rt\u0151l: Ametiszt\u0151l, Gr\u00e1n\u00e1tt\u00f3l \u00e9s Gy\u00f6ngyt\u0151l lesi el.","longDescription":"Steven Universe els\u0151 r\u00e1n\u00e9z\u00e9sre egy eg\u00e9szen h\u00e9tk\u00f6znapi, \u00e1tlagos kisfi\u00fa. M\u00e1gikus erej\u00e9t a k\u00f6ld\u00f6k\u00e9ben rejl\u0151 krist\u00e1lynak k\u00f6sz\u00f6nheti, a 'vil\u00e1gmegment\u0151' tudom\u00e1ny\u00e1t pedig a h\u00e1rom krist\u00e1lyt\u00fcnd\u00e9rt\u0151l: Ametiszt\u0151l, Gr\u00e1n\u00e1tt\u00f3l \u00e9s Gy\u00f6ngyt\u0151l lesi el.","languageCode":"hun","countryCode":"HU","deviceCode":"web","medium":"TV","categories":[{"id":"271090244371","title":"Gyermek\/Ifj\u00fas\u00e1gi","scheme":"urn:tva:metadata:cs:UPCEventGenreCS:2009"},{"id":"271090244376","title":"Rajzfilm","scheme":"urn:tva:metadata:cs:UPCEventGenreCS:2009"}],"isAdult":false,"parentalRating":"3","cast":["Zach Callison","Estelle","Kate Micucci","Matthew Moy","Dee Bradley Baker","Sinbad","Nicki Minaj"],"directors":["Ian Jones-Quartey"],"images":[{"assetType":"boxart-xlarge","assetTypes":["boxart-xlarge"],"width":210,"height":303,"url":"https:\/\/wp21-images-hu-dynamic.horizon.tv\/HU\/Images\/upcgenre_55.jpg?w=210&h=303&mode=box"},{"assetType":"boxart-large","assetTypes":["boxart-large"],"width":180,"height":260,"url":"https:\/\/wp21-images-hu-dynamic.horizon.tv\/HU\/Images\/upcgenre_55.jpg?w=180&h=260&mode=box"},{"assetType":"boxart-medium","assetTypes":["boxart-medium"],"width":110,"height":159,"url":"https:\/\/wp21-images-hu-dynamic.horizon.tv\/HU\/Images\/upcgenre_55.jpg?w=110&h=159&mode=box"},{"assetType":"tva-boxcover","assetTypes":["tva-boxcover"],"width":180,"height":260,"url":"https:\/\/wp21-images-hu-dynamic.horizon.tv\/HU\/Images\/upcgenre_55.jpg"},{"assetType":"boxart-small","assetTypes":["boxart-small"],"width":75,"height":108,"url":"https:\/\/wp21-images-hu-dynamic.horizon.tv\/HU\/Images\/upcgenre_55.jpg?w=75&h=108&mode=box"},{"assetType":"HighResLandscape","assetTypes":["HighResLandscape"],"url":"https:\/\/wp8-images-hu-dynamic.horizon.tv\/HU\/Images\/hrl_575ec794f36f4e242c39353fa75c619e3f7940c1.jpg"}],"mediaGroupId":"crid:~~2F~~2Fport.hu~~2F26131296","secondaryTitle":"Ha alacsony vagy...","shortDescription":"Steven Universe els\u0151 r\u00e1n\u00e9z\u00e9sre egy eg\u00e9szen h\u00e9tk\u00f6znapi, \u00e1tlagos kisfi\u00fa. M\u00e1gikus erej\u00e9t a k\u00f6ld\u00f6k\u00e9ben rejl\u0151 krist\u00e1lynak k\u00f6sz\u00f6nheti.","mediaType":"Episode","year":"2013","isReplayTv":false,"seriesEpisodeNumber":"1805042110","seriesNumber":"1805022110","videoStreams":[],"airDate":1356998400000,"entitlements":["VIP","_OPEN_"],"currentProductIds":[],"currentTvodProductIds":[]},"parentId":"crid:~~2F~~2Fport.hu~~2F26131296","rootId":"crid:~~2F~~2Fport.hu~~2F26131296"}