{"id":"crid:~~2F~~2Fport.hu~~2F54549462-imi:00100000005D7C1A","countryCode":"HU","languageCode":"hun","deviceCode":"web","startTime":1525695300000,"endTime":1525697100000,"stationId":"826989607249","imi":"imi:00100000005D7C1A","mediaGroupId":"crid:~~2F~~2Fport.hu~~2F13967654","program":{"id":"crid:~~2F~~2Fport.hu~~2F54549462","title":"Igen, Dr\u00e1g\u00e1m!","description":"(II.\/22) Greg Warner egy amb\u00edci\u00f3zus filmproducer, aki nem igaz\u00e1n t\u0171ri a lezsers\u00e9get. Feles\u00e9ge, Kim h\u00e1ztart\u00e1sbeli, aki k\u00f6vetkezetesen neveli fi\u00e1t, Samet \u00e9s ir\u00e1ny\u00edtja f\u00e9rj\u00e9t. A csal\u00e1d eddig eg\u00e9sz norm\u00e1lisnak t\u0171nik, \u00e1m a helyzetet bonyol\u00edtja, hogy Kim n\u0151v\u00e9re, Christine eg\u00e9sz pereputty\u00e1val, teh\u00e1t f\u00e9rj\u00e9vel, Jimmy-vel \u00e9s k\u00e9t fiukkal, Dominic-kel \u00e9s Logannel Greg\u00e9k vend\u00e9gh\u00e1z\u00e1ba k\u00f6lt\u00f6zik. Az egy\u00fctt\u00e9l\u00e9s m\u00e9g is lenne probl\u00e9m\u00e1s, ha Greg nem h\u00fazn\u00e1 fel id\u0151r\u0151l-id\u0151re mag\u00e1t a Hudges csal\u00e1d meglehet\u0151sen gondtalan \u00e9letszeml\u00e9let\u00e9n. \u00c9s b\u00e1r a k\u00e9t csal\u00e1d k\u00f6z\u00f6tt szoros a kapcsolat, ez m\u00e9g nem akad\u00e1lyozza meg \u0151ket abban, hogy v\u00e1logatott gonoszs\u00e1gokat eszeljenek ki egym\u00e1s ellen.","longDescription":"(II.\/22) Greg Warner egy amb\u00edci\u00f3zus filmproducer, aki nem igaz\u00e1n t\u0171ri a lezsers\u00e9get. Feles\u00e9ge, Kim h\u00e1ztart\u00e1sbeli, aki k\u00f6vetkezetesen neveli fi\u00e1t, Samet \u00e9s ir\u00e1ny\u00edtja f\u00e9rj\u00e9t. A csal\u00e1d eddig eg\u00e9sz norm\u00e1lisnak t\u0171nik, \u00e1m a helyzetet bonyol\u00edtja, hogy Kim n\u0151v\u00e9re, Christine eg\u00e9sz pereputty\u00e1val, teh\u00e1t f\u00e9rj\u00e9vel, Jimmy-vel \u00e9s k\u00e9t fiukkal, Dominic-kel \u00e9s Logannel Greg\u00e9k vend\u00e9gh\u00e1z\u00e1ba k\u00f6lt\u00f6zik. Az egy\u00fctt\u00e9l\u00e9s m\u00e9g is lenne probl\u00e9m\u00e1s, ha Greg nem h\u00fazn\u00e1 fel id\u0151r\u0151l-id\u0151re mag\u00e1t a Hudges csal\u00e1d meglehet\u0151sen gondtalan \u00e9letszeml\u00e9let\u00e9n. \u00c9s b\u00e1r a k\u00e9t csal\u00e1d k\u00f6z\u00f6tt szoros a kapcsolat, ez m\u00e9g nem akad\u00e1lyozza meg \u0151ket abban, hogy v\u00e1logatott gonoszs\u00e1gokat eszeljenek ki egym\u00e1s ellen.","languageCode":"hun","countryCode":"HU","deviceCode":"web","medium":"TV","categories":[{"id":"271090244428","title":"Dr\u00e1ma","scheme":"urn:tva:metadata:cs:UPCEventGenreCS:2009"},{"id":"271090244432","title":"Kom\u00e9dia\/Filmv\u00edgj\u00e1t\u00e9k","scheme":"urn:tva:metadata:cs:UPCEventGenreCS:2009"}],"isAdult":false,"parentalRating":"12","cast":["Anthony Clark","Jean Louisa Kelly","Mike O'Malley","Liza Snyder","Anthony Bain","Michael Bain"],"directors":["Mark Cendrowski","Richard Correll"],"images":[{"assetType":"boxart-small","assetTypes":["boxart-small"],"width":75,"height":108,"url":"https:\/\/wp4-images-hu-dynamic.horizon.tv\/HU\/Images\/bc_5fe486cf5122ee9f41bb416090465d85fbcb6d24.jpg?w=75&h=108&mode=box"},{"assetType":"boxart-xlarge","assetTypes":["boxart-xlarge"],"width":210,"height":303,"url":"https:\/\/wp4-images-hu-dynamic.horizon.tv\/HU\/Images\/bc_5fe486cf5122ee9f41bb416090465d85fbcb6d24.jpg?w=210&h=303&mode=box"},{"assetType":"tva-boxcover","assetTypes":["tva-boxcover"],"width":180,"height":260,"url":"https:\/\/wp4-images-hu-dynamic.horizon.tv\/HU\/Images\/bc_5fe486cf5122ee9f41bb416090465d85fbcb6d24.jpg"},{"assetType":"boxart-medium","assetTypes":["boxart-medium"],"width":110,"height":159,"url":"https:\/\/wp4-images-hu-dynamic.horizon.tv\/HU\/Images\/bc_5fe486cf5122ee9f41bb416090465d85fbcb6d24.jpg?w=110&h=159&mode=box"},{"assetType":"boxart-large","assetTypes":["boxart-large"],"width":180,"height":260,"url":"https:\/\/wp4-images-hu-dynamic.horizon.tv\/HU\/Images\/bc_5fe486cf5122ee9f41bb416090465d85fbcb6d24.jpg?w=180&h=260&mode=box"}],"mediaGroupId":"crid:~~2F~~2Fport.hu~~2F13967654","secondaryTitle":"(II.\/22)","shortDescription":"(II.\/22) Greg Warner egy amb\u00edci\u00f3zus filmproducer, aki nem igaz\u00e1n t\u0171ri a lezsers\u00e9get. Feles\u00e9ge, Kim h\u00e1ztart\u00e1sbeli, aki k\u00f6vetkezetesen neveli fi\u00e1t, Samet \u00e9s ir\u00e1ny\u00edtja f\u00e9rj\u00e9t. A csal\u00e1d eddig eg\u00e9sz...","mediaType":"Episode","year":"2000","isReplayTv":false,"seriesEpisodeNumber":"22","seriesNumber":"2","videoStreams":[],"airDate":946684800000,"entitlements":["VIP","_OPEN_"],"currentProductIds":[],"currentTvodProductIds":[]},"parentId":"crid:~~2F~~2Fport.hu~~2F13967654","rootId":"crid:~~2F~~2Fport.hu~~2F13967654"}