{"id":"crid:~~2F~~2Fport.hu~~2F83343354-imi:00100000005D3BCF","countryCode":"HU","languageCode":"hun","deviceCode":"web","startTime":1525543200000,"endTime":1525550400000,"stationId":"826989607178","imi":"imi:00100000005D3BCF","mediaGroupId":"crid:~~2F~~2Fport.hu~~2F35790157","program":{"id":"crid:~~2F~~2Fport.hu~~2F83343354","title":"\u00cdgy kerek az \u00e9letem!","description":"(IV.\/3) Whitney Thore egy alig 50 kg-os t\u00e1ncosn\u0151 volt, de egy hormonzavar k\u00f6vetkezt\u00e9ben megh\u00edzott. A s\u00falya ellen\u00e9re intenz\u00edven t\u00e1ncol, \u00e9s arra t\u00f6rekszik, hogy nevet szerezzen mag\u00e1nak egy olyan vil\u00e1gban, ahol az embereket a m\u00e9ret\u00fck alapj\u00e1n \u00edt\u00e9lik meg.","longDescription":"(IV.\/3) Whitney Thore egy alig 50 kg-os t\u00e1ncosn\u0151 volt, de egy hormonzavar k\u00f6vetkezt\u00e9ben megh\u00edzott. A s\u00falya ellen\u00e9re intenz\u00edven t\u00e1ncol, \u00e9s arra t\u00f6rekszik, hogy nevet szerezzen mag\u00e1nak egy olyan vil\u00e1gban, ahol az embereket a m\u00e9ret\u00fck alapj\u00e1n \u00edt\u00e9lik meg.","languageCode":"hun","countryCode":"HU","deviceCode":"web","medium":"TV","categories":[{"id":"271090244411","title":"Szabadid\u0151","scheme":"urn:tva:metadata:cs:UPCEventGenreCS:2009"},{"id":"271090244416","title":"Eg\u00e9szs\u00e9g","scheme":"urn:tva:metadata:cs:UPCEventGenreCS:2009"}],"isAdult":false,"parentalRating":"3","cast":["David Reid","Mike Kane","Eric Johannsen","Whitney Way Thore"],"directors":[],"images":[{"assetType":"boxart-xlarge","assetTypes":["boxart-xlarge"],"width":210,"height":303,"url":"https:\/\/wp27-images-hu-dynamic.horizon.tv\/HU\/Images\/bc_07030f43e2c127e1aa86f11e183bb4dc44e7cf73.jpg?w=210&h=303&mode=box"},{"assetType":"tva-boxcover","assetTypes":["tva-boxcover"],"width":180,"height":260,"url":"https:\/\/wp27-images-hu-dynamic.horizon.tv\/HU\/Images\/bc_07030f43e2c127e1aa86f11e183bb4dc44e7cf73.jpg"},{"assetType":"boxart-large","assetTypes":["boxart-large"],"width":180,"height":260,"url":"https:\/\/wp27-images-hu-dynamic.horizon.tv\/HU\/Images\/bc_07030f43e2c127e1aa86f11e183bb4dc44e7cf73.jpg?w=180&h=260&mode=box"},{"assetType":"boxart-medium","assetTypes":["boxart-medium"],"width":110,"height":159,"url":"https:\/\/wp27-images-hu-dynamic.horizon.tv\/HU\/Images\/bc_07030f43e2c127e1aa86f11e183bb4dc44e7cf73.jpg?w=110&h=159&mode=box"},{"assetType":"boxart-small","assetTypes":["boxart-small"],"width":75,"height":108,"url":"https:\/\/wp27-images-hu-dynamic.horizon.tv\/HU\/Images\/bc_07030f43e2c127e1aa86f11e183bb4dc44e7cf73.jpg?w=75&h=108&mode=box"},{"assetType":"HighResLandscape","assetTypes":["HighResLandscape"],"url":"https:\/\/wp12-images-hu-dynamic.horizon.tv\/HU\/Images\/hrl_5dcfda0595081d61add928229c9ba5a5c30b2aa6.jpg"},{"assetType":"HighResPortrait","assetTypes":["HighResPortrait"],"url":"https:\/\/wp12-images-hu-dynamic.horizon.tv\/HU\/Images\/hrp_07030f43e2c127e1aa86f11e183bb4dc44e7cf73.jpg"}],"mediaGroupId":"crid:~~2F~~2Fport.hu~~2F35790157","secondaryTitle":"Megr\u00e1zk\u00f3dtat\u00e1sok (IV.\/3)","shortDescription":"Whitney Thore egy alig 50 kg-os t\u00e1ncosn\u0151 volt, de egy hormonzavar k\u00f6vetkezt\u00e9ben megh\u00edzott. A s\u00falya ellen\u00e9re intenz\u00edven t\u00e1ncol, \u00e9s arra t\u00f6rekszik, hogy nevet szerezzen mag\u00e1nak.","mediaType":"Episode","isReplayTv":false,"seriesEpisodeNumber":"3","seriesNumber":"4","videoStreams":[],"entitlements":["VIP","_OPEN_"],"currentProductIds":[],"currentTvodProductIds":[]},"parentId":"crid:~~2F~~2Fport.hu~~2F35790157","rootId":"crid:~~2F~~2Fport.hu~~2F35790157"}