{"id":"crid:~~2F~~2Fport.hu~~2F67711934-imi:00100000005D57C6","countryCode":"HU","languageCode":"hun","deviceCode":"web","startTime":1525684200000,"endTime":1525687800000,"stationId":"826989607208","imi":"imi:00100000005D57C6","mediaGroupId":"crid:~~2F~~2Fport.hu~~2F49585144","program":{"id":"crid:~~2F~~2Fport.hu~~2F67711934","title":"Shannara \u2013 A j\u00f6v\u0151 kr\u00f3nik\u00e1ja","description":"(I.\/4) A vil\u00e1got s\u00f6t\u00e9t er\u0151k fenyegetik. A gonosz ellen h\u00e1rom, egym\u00e1st\u00f3l gy\u00f6keresen elt\u00e9r\u0151 szem\u00e9lyis\u00e9g fog \u00f6ssze: Amberle, az elf hercegn\u0151, a Shannara-csal\u00e1d utols\u00f3 lesz\u00e1rmazottja, a f\u00e9lig ember, f\u00e9lig elf Will \u00e9s Eretria, a bandita.","longDescription":"(I.\/4) A vil\u00e1got s\u00f6t\u00e9t er\u0151k fenyegetik. A gonosz ellen h\u00e1rom, egym\u00e1st\u00f3l gy\u00f6keresen elt\u00e9r\u0151 szem\u00e9lyis\u00e9g fog \u00f6ssze: Amberle, az elf hercegn\u0151, a Shannara-csal\u00e1d utols\u00f3 lesz\u00e1rmazottja, a f\u00e9lig ember, f\u00e9lig elf Will \u00e9s Eretria, a bandita.","languageCode":"hun","countryCode":"HU","deviceCode":"web","medium":"TV","categories":[{"id":"271090244428","title":"Dr\u00e1ma","scheme":"urn:tva:metadata:cs:UPCEventGenreCS:2009"},{"id":"271090244430","title":"Akci\u00f3film","scheme":"urn:tva:metadata:cs:UPCEventGenreCS:2009"}],"isAdult":false,"parentalRating":"12","cast":["Austin Butler","Poppy Drayton","Ivana Baquero","Manu Bennett","Emilia Burns","John Rhys-Davies","Aaron Jakubenko","Marcus Vanco","Daniel MacPherson","Brooke Williams","Jed Brophy","James Remar"],"directors":["Brad Turner"],"images":[{"assetType":"boxart-large","assetTypes":["boxart-large"],"width":180,"height":260,"url":"https:\/\/wp16-images-hu-dynamic.horizon.tv\/HU\/Images\/bc_0c0c8db97f3ceb0d1b746839171dfe3967df0058.jpg?w=180&h=260&mode=box"},{"assetType":"boxart-xlarge","assetTypes":["boxart-xlarge"],"width":210,"height":303,"url":"https:\/\/wp16-images-hu-dynamic.horizon.tv\/HU\/Images\/bc_0c0c8db97f3ceb0d1b746839171dfe3967df0058.jpg?w=210&h=303&mode=box"},{"assetType":"tva-boxcover","assetTypes":["tva-boxcover"],"width":180,"height":260,"url":"https:\/\/wp16-images-hu-dynamic.horizon.tv\/HU\/Images\/bc_0c0c8db97f3ceb0d1b746839171dfe3967df0058.jpg"},{"assetType":"boxart-small","assetTypes":["boxart-small"],"width":75,"height":108,"url":"https:\/\/wp16-images-hu-dynamic.horizon.tv\/HU\/Images\/bc_0c0c8db97f3ceb0d1b746839171dfe3967df0058.jpg?w=75&h=108&mode=box"},{"assetType":"boxart-medium","assetTypes":["boxart-medium"],"width":110,"height":159,"url":"https:\/\/wp16-images-hu-dynamic.horizon.tv\/HU\/Images\/bc_0c0c8db97f3ceb0d1b746839171dfe3967df0058.jpg?w=110&h=159&mode=box"},{"assetType":"HighResPortrait","assetTypes":["HighResPortrait"],"url":"https:\/\/wp27-images-hu-dynamic.horizon.tv\/HU\/Images\/hrp_0c0c8db97f3ceb0d1b746839171dfe3967df0058.jpg"},{"assetType":"HighResLandscape","assetTypes":["HighResLandscape"],"url":"https:\/\/wp27-images-hu-dynamic.horizon.tv\/HU\/Images\/hrl_278c5a0fbc497c90a326dbe7f87adaa4bc8f6760.jpg"}],"mediaGroupId":"crid:~~2F~~2Fport.hu~~2F49585144","secondaryTitle":"(I.\/4)","shortDescription":"A vil\u00e1got s\u00f6t\u00e9t er\u0151k fenyegetik. A gonosz ellen h\u00e1rom, egym\u00e1st\u00f3l gy\u00f6keresen elt\u00e9r\u0151 szem\u00e9lyis\u00e9g fog \u00f6ssze: Amberle, az elf hercegn\u0151, a Shannara, a f\u00e9lig ember, f\u00e9lig elf Will \u00e9s Eretria, a bandita.","mediaType":"Episode","year":"2015","isReplayTv":false,"seriesEpisodeNumber":"4","seriesNumber":"1","videoStreams":[],"airDate":1420070400000,"entitlements":["VIP","_OPEN_"],"currentProductIds":[],"currentTvodProductIds":[]},"parentId":"crid:~~2F~~2Fport.hu~~2F49585144","rootId":"crid:~~2F~~2Fport.hu~~2F49585144"}