{"id":"crid:~~2F~~2Fport.hu~~2F67690213-imi:00100000005D3E0E","countryCode":"HU","languageCode":"hun","deviceCode":"web","startTime":1525647000000,"endTime":1525648800000,"stationId":"826989607154","imi":"imi:00100000005D3E0E","mediaGroupId":"crid:~~2F~~2Fport.hu~~2F19579535","program":{"id":"crid:~~2F~~2Fport.hu~~2F67690213","title":"Brooklyn 99 \u2013 Nemsz\u00e1zas k\u00f6rzet","description":"(III.\/6) A New York 99. sz\u00e1m\u00fa rend\u0151r\u0151rs\u00e9n j\u00e1tsz\u00f3d\u00f3, po\u00e9nokkal t\u0171zdelt sorozat a tehets\u00e9ges, \u00e1m gyerekes m\u00f3don viselked\u0151 Jake Peralta nyomoz\u00f3 (Andy Samberg) \u00e9s \u00fajdons\u00fclt f\u0151n\u00f6ke, a mogorva Ray Holt (Andre Braugher) k\u00f6z\u00f6tti konfliktusokat mutatja be rendk\u00edv\u00fcl vicces form\u00e1ban, amihez persze az \u0151rs t\u00f6bbi, nem kev\u00e9sb\u00e9 defektes munkat\u00e1rsa is assziszt\u00e1l. A k\u00e1oszt csak fokozza, hogy az \u00faj vezet\u0151 d\u00f6nt\u00e9sei nem k\u00f6nny\u00edtik meg a szolg\u00e1lati szab\u00e1lyzatot igencsak laz\u00e1n kezel\u0151 Peralta \u00e9let\u00e9t.","longDescription":"(III.\/6) A New York 99. sz\u00e1m\u00fa rend\u0151r\u0151rs\u00e9n j\u00e1tsz\u00f3d\u00f3, po\u00e9nokkal t\u0171zdelt sorozat a tehets\u00e9ges, \u00e1m gyerekes m\u00f3don viselked\u0151 Jake Peralta nyomoz\u00f3 (Andy Samberg) \u00e9s \u00fajdons\u00fclt f\u0151n\u00f6ke, a mogorva Ray Holt (Andre Braugher) k\u00f6z\u00f6tti konfliktusokat mutatja be rendk\u00edv\u00fcl vicces form\u00e1ban, amihez persze az \u0151rs t\u00f6bbi, nem kev\u00e9sb\u00e9 defektes munkat\u00e1rsa is assziszt\u00e1l. A k\u00e1oszt csak fokozza, hogy az \u00faj vezet\u0151 d\u00f6nt\u00e9sei nem k\u00f6nny\u00edtik meg a szolg\u00e1lati szab\u00e1lyzatot igencsak laz\u00e1n kezel\u0151 Peralta \u00e9let\u00e9t.","languageCode":"hun","countryCode":"HU","deviceCode":"web","medium":"TV","categories":[{"id":"271090244428","title":"Dr\u00e1ma","scheme":"urn:tva:metadata:cs:UPCEventGenreCS:2009"},{"id":"271090244432","title":"Kom\u00e9dia\/Filmv\u00edgj\u00e1t\u00e9k","scheme":"urn:tva:metadata:cs:UPCEventGenreCS:2009"}],"isAdult":false,"parentalRating":"12","cast":["Andy Samberg","Andre Braugher","Terry Crews","Joe Lo Truglio","Stephanie Beatriz","Melissa Fumero","Chelsea Peretti","Joel McKinnon Miller","Dirk Blocker"],"directors":["Dean Holland","Jason Ensler","Craig Zisk","Julie Anne Robinson"],"images":[{"assetType":"boxart-large","assetTypes":["boxart-large"],"width":180,"height":260,"url":"https:\/\/wp21-images-hu-dynamic.horizon.tv\/HU\/Images\/bc_e727f792f862b5f159824cfc0976ea7166de9692.jpg?w=180&h=260&mode=box"},{"assetType":"boxart-xlarge","assetTypes":["boxart-xlarge"],"width":210,"height":303,"url":"https:\/\/wp21-images-hu-dynamic.horizon.tv\/HU\/Images\/bc_e727f792f862b5f159824cfc0976ea7166de9692.jpg?w=210&h=303&mode=box"},{"assetType":"boxart-small","assetTypes":["boxart-small"],"width":75,"height":108,"url":"https:\/\/wp21-images-hu-dynamic.horizon.tv\/HU\/Images\/bc_e727f792f862b5f159824cfc0976ea7166de9692.jpg?w=75&h=108&mode=box"},{"assetType":"boxart-medium","assetTypes":["boxart-medium"],"width":110,"height":159,"url":"https:\/\/wp21-images-hu-dynamic.horizon.tv\/HU\/Images\/bc_e727f792f862b5f159824cfc0976ea7166de9692.jpg?w=110&h=159&mode=box"},{"assetType":"tva-boxcover","assetTypes":["tva-boxcover"],"width":180,"height":260,"url":"https:\/\/wp21-images-hu-dynamic.horizon.tv\/HU\/Images\/bc_e727f792f862b5f159824cfc0976ea7166de9692.jpg"},{"assetType":"HighResLandscape","assetTypes":["HighResLandscape"],"url":"https:\/\/wp1-images-hu-dynamic.horizon.tv\/HU\/Images\/hrl_4df600762bee287c8bb5b57e9d5133fd63bc88b7.jpg"}],"mediaGroupId":"crid:~~2F~~2Fport.hu~~2F19579535","secondaryTitle":"Nemsz\u00e1zas k\u00f6rzet (III.\/6)","shortDescription":"A New York 99. sz\u00e1m\u00fa rend\u0151r\u0151rs\u00e9n j\u00e1tsz\u00f3d\u00f3 sorozat, a tehets\u00e9ges, \u00e1m gyerekes m\u00f3don viselked\u0151 Jake Peralta nyomoz\u00f3 \u00e9s \u00fajdons\u00fclt f\u0151n\u00f6ke, a mogorva Ray Holt k\u00f6z\u00f6tti konfliktusokat mutatja be.","mediaType":"Episode","year":"2013","duration":1800,"latestBroadcastStartTime":1525510800000,"latestBroadcastEndTime":1525512600000,"isReplayTv":true,"listingId":"crid:~~2F~~2Fport.hu~~2F67690213-imi:00100000005D3E26","seriesEpisodeNumber":"6","seriesNumber":"3","videoStreams":[],"airDate":1356998400000,"entitlements":["crid:~~2F~~2Fupc.com~~2FReplayTV~~2FAXN_Black_ReplayTV_Template","VIP","_OPEN_"],"currentProductIds":["crid:~~2F~~2Fupc.com~~2FReplayTV~~2FAXN_Black_ReplayTV_Template"],"currentTvodProductIds":[]},"parentId":"crid:~~2F~~2Fport.hu~~2F19579535","rootId":"crid:~~2F~~2Fport.hu~~2F19579535"}