{"id":"crid:~~2F~~2Fport.hu~~2F29460572-imi:00100000005D3FF9","countryCode":"HU","languageCode":"hun","deviceCode":"web","startTime":1525632000000,"endTime":1525633500000,"stationId":"826989607202","imi":"imi:00100000005D3FF9","mediaGroupId":"crid:~~2F~~2Fport.hu~~2F29180044","program":{"id":"crid:~~2F~~2Fport.hu~~2F29460572","title":"\u00c9letem legrosszabb \u00e9ve, ...m\u00e1r megint","description":"(I.\/6) Mindenki azt mondja neked, hogy az iskolai \u00e9vek \u00e9leted legjobb \u00e9vei? Na persze, m\u00e1r akinek azok! El tudod k\u00e9pzelni, milyen lenne, ha r\u00e1ad\u00e1sul egyik nap arra \u00e9bredn\u00e9l, hogy \u00fajra\u00e9led a tal\u00e1n legborzaszt\u00f3bb \u00e9vedet, amikor csupa kellemetlen dolog t\u00f6rt\u00e9nt veled?Alexnak rettenetes \u00e9ve volt, megal\u00e1zt\u00e1k a tan\u00e1rai, a t\u00f6bbi di\u00e1k c\u00e9lt\u00e1bl\u00e1ja volt, ha valakin nevetni akartak, r\u00e1ad\u00e1sul valahogy mindig kudarcba fulladt, amikor le akarta ny\u0171g\u00f6zni a suli legn\u00e9pszer\u0171bb l\u00e1ny\u00e1t. Most pedig \u00e1t\u00e9lheti az eg\u00e9szet m\u00e9g egyszer? Jaj, ne m\u00e1r!","longDescription":"(I.\/6) Mindenki azt mondja neked, hogy az iskolai \u00e9vek \u00e9leted legjobb \u00e9vei? Na persze, m\u00e1r akinek azok! El tudod k\u00e9pzelni, milyen lenne, ha r\u00e1ad\u00e1sul egyik nap arra \u00e9bredn\u00e9l, hogy \u00fajra\u00e9led a tal\u00e1n legborzaszt\u00f3bb \u00e9vedet, amikor csupa kellemetlen dolog t\u00f6rt\u00e9nt veled?Alexnak rettenetes \u00e9ve volt, megal\u00e1zt\u00e1k a tan\u00e1rai, a t\u00f6bbi di\u00e1k c\u00e9lt\u00e1bl\u00e1ja volt, ha valakin nevetni akartak, r\u00e1ad\u00e1sul valahogy mindig kudarcba fulladt, amikor le akarta ny\u0171g\u00f6zni a suli legn\u00e9pszer\u0171bb l\u00e1ny\u00e1t. Most pedig \u00e1t\u00e9lheti az eg\u00e9szet m\u00e9g egyszer? Jaj, ne m\u00e1r!","languageCode":"hun","countryCode":"HU","deviceCode":"web","medium":"TV","categories":[{"id":"271090244428","title":"Dr\u00e1ma","scheme":"urn:tva:metadata:cs:UPCEventGenreCS:2009"},{"id":"271090244432","title":"Kom\u00e9dia\/Filmv\u00edgj\u00e1t\u00e9k","scheme":"urn:tva:metadata:cs:UPCEventGenreCS:2009"}],"isAdult":false,"parentalRating":"3","cast":["Ned Napier","Tiarnie Coupland","Laurence Boxhall","Lana Golja","Xander Speight"],"directors":["John Hartley","Darren Ashton","Pino Amenta"],"images":[{"assetType":"boxart-small","assetTypes":["boxart-small"],"width":75,"height":108,"url":"https:\/\/wp28-images-hu-dynamic.horizon.tv\/HU\/Images\/upcgenre_E4.jpg?w=75&h=108&mode=box"},{"assetType":"boxart-medium","assetTypes":["boxart-medium"],"width":110,"height":159,"url":"https:\/\/wp28-images-hu-dynamic.horizon.tv\/HU\/Images\/upcgenre_E4.jpg?w=110&h=159&mode=box"},{"assetType":"tva-boxcover","assetTypes":["tva-boxcover"],"width":180,"height":260,"url":"https:\/\/wp28-images-hu-dynamic.horizon.tv\/HU\/Images\/upcgenre_E4.jpg"},{"assetType":"boxart-large","assetTypes":["boxart-large"],"width":180,"height":260,"url":"https:\/\/wp28-images-hu-dynamic.horizon.tv\/HU\/Images\/upcgenre_E4.jpg?w=180&h=260&mode=box"},{"assetType":"boxart-xlarge","assetTypes":["boxart-xlarge"],"width":210,"height":303,"url":"https:\/\/wp28-images-hu-dynamic.horizon.tv\/HU\/Images\/upcgenre_E4.jpg?w=210&h=303&mode=box"},{"assetType":"HighResLandscape","assetTypes":["HighResLandscape"],"url":"https:\/\/wp24-images-hu-dynamic.horizon.tv\/HU\/Images\/hrl_b67095f01cfd3b2bcfd69721c119dfac7142b66d.jpg"}],"mediaGroupId":"crid:~~2F~~2Fport.hu~~2F29180044","secondaryTitle":"J\u00fanius Matek dolgozat (I.\/6)","shortDescription":"Alexnak rettenetes \u00e9ve volt, megal\u00e1zt\u00e1k a tan\u00e1rai, a t\u00f6bbi di\u00e1k c\u00e9lt\u00e1bl\u00e1ja volt. Most pedig \u00e1t\u00e9lheti az eg\u00e9szet m\u00e9g egyszer? Jaj, ne m\u00e1r!","mediaType":"Episode","year":"2014","isReplayTv":false,"seriesEpisodeNumber":"6","seriesNumber":"1","videoStreams":[],"airDate":1388534400000,"entitlements":["VIP","_OPEN_"],"currentProductIds":[],"currentTvodProductIds":[]},"parentId":"crid:~~2F~~2Fport.hu~~2F29180044","rootId":"crid:~~2F~~2Fport.hu~~2F29180044"}