{"id":"crid:~~2F~~2Fport.hu~~2F91910093-imi:00100000005E2BB4","countryCode":"HU","languageCode":"hun","deviceCode":"web","startTime":1525692300000,"endTime":1525692900000,"stationId":"826989607266","imi":"imi:00100000005E2BB4","mediaGroupId":"crid:~~2F~~2Fport.hu~~2F66068631","program":{"id":"crid:~~2F~~2Fport.hu~~2F91910093","title":"Z\u00f6ld-Feh\u00e9r h\u00edrek","description":"Sportm\u0171sor","longDescription":"Sportm\u0171sor","languageCode":"hun","countryCode":"HU","deviceCode":"web","medium":"TV","categories":[{"id":"271090244353","title":"Sport","scheme":"urn:tva:metadata:cs:UPCEventGenreCS:2009"}],"isAdult":false,"parentalRating":"3","cast":[],"directors":[],"images":[{"assetType":"tva-boxcover","assetTypes":["tva-boxcover"],"width":180,"height":260,"url":"https:\/\/wp21-images-hu-dynamic.horizon.tv\/HU\/Images\/upcgenre_40.jpg"},{"assetType":"boxart-small","assetTypes":["boxart-small"],"width":75,"height":108,"url":"https:\/\/wp21-images-hu-dynamic.horizon.tv\/HU\/Images\/upcgenre_40.jpg?w=75&h=108&mode=box"},{"assetType":"boxart-xlarge","assetTypes":["boxart-xlarge"],"width":210,"height":303,"url":"https:\/\/wp21-images-hu-dynamic.horizon.tv\/HU\/Images\/upcgenre_40.jpg?w=210&h=303&mode=box"},{"assetType":"boxart-large","assetTypes":["boxart-large"],"width":180,"height":260,"url":"https:\/\/wp21-images-hu-dynamic.horizon.tv\/HU\/Images\/upcgenre_40.jpg?w=180&h=260&mode=box"},{"assetType":"boxart-medium","assetTypes":["boxart-medium"],"width":110,"height":159,"url":"https:\/\/wp21-images-hu-dynamic.horizon.tv\/HU\/Images\/upcgenre_40.jpg?w=110&h=159&mode=box"}],"mediaGroupId":"crid:~~2F~~2Fport.hu~~2F66068631","secondaryTitle":"Sportm\u0171sor","shortDescription":"Sportm\u0171sor","mediaType":"Episode","isReplayTv":false,"seriesEpisodeNumber":"1805071325","seriesNumber":"1805110715","videoStreams":[],"entitlements":["VIP","_OPEN_"],"currentProductIds":[],"currentTvodProductIds":[]},"parentId":"crid:~~2F~~2Fport.hu~~2F66068631","rootId":"crid:~~2F~~2Fport.hu~~2F66068631"}