{"id":"crid:~~2F~~2Fport.hu~~2F90691198-imi:00100000005D4BC0","countryCode":"HU","languageCode":"hun","deviceCode":"web","startTime":1525593000000,"endTime":1525595100000,"stationId":"826989607176","imi":"imi:00100000005D4BC0","mediaGroupId":"crid:~~2F~~2Fport.hu~~2F89028728","program":{"id":"crid:~~2F~~2Fport.hu~~2F90691198","title":"Design m\u0171hely Dorogi Gabriell\u00e1val","description":"M\u0171sorvezet\u0151: Dorogi Gabriella","longDescription":"M\u0171sorvezet\u0151: Dorogi Gabriella","languageCode":"hun","countryCode":"HU","deviceCode":"web","medium":"TV","categories":[{"id":"271090244398","title":"T\u00e1rsadalmi\/Politikai","scheme":"urn:tva:metadata:cs:UPCEventGenreCS:2009"}],"isAdult":false,"parentalRating":"12","cast":[],"directors":[],"images":[{"assetType":"boxart-xlarge","assetTypes":["boxart-xlarge"],"width":210,"height":303,"url":"https:\/\/wp23-images-hu-dynamic.horizon.tv\/HU\/Images\/upcgenre_80.jpg?w=210&h=303&mode=box"},{"assetType":"boxart-medium","assetTypes":["boxart-medium"],"width":110,"height":159,"url":"https:\/\/wp23-images-hu-dynamic.horizon.tv\/HU\/Images\/upcgenre_80.jpg?w=110&h=159&mode=box"},{"assetType":"boxart-small","assetTypes":["boxart-small"],"width":75,"height":108,"url":"https:\/\/wp23-images-hu-dynamic.horizon.tv\/HU\/Images\/upcgenre_80.jpg?w=75&h=108&mode=box"},{"assetType":"boxart-large","assetTypes":["boxart-large"],"width":180,"height":260,"url":"https:\/\/wp23-images-hu-dynamic.horizon.tv\/HU\/Images\/upcgenre_80.jpg?w=180&h=260&mode=box"},{"assetType":"tva-boxcover","assetTypes":["tva-boxcover"],"width":180,"height":260,"url":"https:\/\/wp23-images-hu-dynamic.horizon.tv\/HU\/Images\/upcgenre_80.jpg"}],"mediaGroupId":"crid:~~2F~~2Fport.hu~~2F89028728","shortDescription":"M\u0171sorvezet\u0151: Dorogi Gabriella","mediaType":"Episode","year":"2018","isReplayTv":false,"seriesEpisodeNumber":"1805060950","seriesNumber":"1805060950","videoStreams":[],"airDate":1514764800000,"entitlements":["VIP","_OPEN_"],"currentProductIds":[],"currentTvodProductIds":[]},"parentId":"crid:~~2F~~2Fport.hu~~2F89028728","rootId":"crid:~~2F~~2Fport.hu~~2F89028728"}