{"id":"crid:~~2F~~2Fport.hu~~2F68179388-imi:00100000005D00D1","countryCode":"HU","languageCode":"hun","deviceCode":"web","startTime":1525392000000,"endTime":1525394880000,"stationId":"826989607224","imi":"imi:00100000005D00D1","mediaGroupId":"crid:~~2F~~2Fport.hu~~2F68178129","program":{"id":"crid:~~2F~~2Fport.hu~~2F68179388","title":"2. vil\u00e1gh\u00e1bor\u00fa: Pokol a tenger alatt","description":"(I.\/6) 1943. m\u00e1rcius: K\u00e9t sz\u00f6vets\u00e9ges haj\u00f3konvoj indul \u00c9szak-Amerik\u00e1b\u00f3l Nagy-Britannia fel\u00e9. A HX 229 \u00e9s az SC 12 konvoj k\u00f6zel sz\u00e1z j\u00e1rm\u0171ve \u00e9lelmet \u00e9s egy\u00e9b l\u00e9tfontoss\u00e1g\u00fa cikkeket sz\u00e1ll\u00edt az Eur\u00f3p\u00e1ban harcol\u00f3 sz\u00f6vets\u00e9ges csapatoknak. Az Atlanti-\u00f3ce\u00e1n k\u00f6zep\u00e9n azonban n\u00e9met tengeralattj\u00e1r\u00f3k az \u00fatjukat \u00e1llj\u00e1k, \u00e9s ezzel \u2013 egy tombol\u00f3 atlanti vihar k\u00f6zepette \u2013 megkezd\u0151dik a 2. vil\u00e1gh\u00e1bor\u00fa legnagyobb konvojcsat\u00e1ja\u2026","longDescription":"(I.\/6) 1943. m\u00e1rcius: K\u00e9t sz\u00f6vets\u00e9ges haj\u00f3konvoj indul \u00c9szak-Amerik\u00e1b\u00f3l Nagy-Britannia fel\u00e9. A HX 229 \u00e9s az SC 12 konvoj k\u00f6zel sz\u00e1z j\u00e1rm\u0171ve \u00e9lelmet \u00e9s egy\u00e9b l\u00e9tfontoss\u00e1g\u00fa cikkeket sz\u00e1ll\u00edt az Eur\u00f3p\u00e1ban harcol\u00f3 sz\u00f6vets\u00e9ges csapatoknak. Az Atlanti-\u00f3ce\u00e1n k\u00f6zep\u00e9n azonban n\u00e9met tengeralattj\u00e1r\u00f3k az \u00fatjukat \u00e1llj\u00e1k, \u00e9s ezzel \u2013 egy tombol\u00f3 atlanti vihar k\u00f6zepette \u2013 megkezd\u0151dik a 2. vil\u00e1gh\u00e1bor\u00fa legnagyobb konvojcsat\u00e1ja\u2026","languageCode":"hun","countryCode":"HU","deviceCode":"web","medium":"TV","categories":[{"id":"271090244398","title":"T\u00e1rsadalmi\/Politikai","scheme":"urn:tva:metadata:cs:UPCEventGenreCS:2009"},{"id":"271090244399","title":"Dokumentumfilm","scheme":"urn:tva:metadata:cs:UPCEventGenreCS:2009"}],"isAdult":false,"parentalRating":"12","cast":[],"directors":[],"images":[{"assetType":"boxart-xlarge","assetTypes":["boxart-xlarge"],"width":210,"height":303,"url":"https:\/\/wp12-images-hu-dynamic.horizon.tv\/HU\/Images\/upcgenre_81.jpg?w=210&h=303&mode=box"},{"assetType":"tva-boxcover","assetTypes":["tva-boxcover"],"width":180,"height":260,"url":"https:\/\/wp12-images-hu-dynamic.horizon.tv\/HU\/Images\/upcgenre_81.jpg"},{"assetType":"boxart-large","assetTypes":["boxart-large"],"width":180,"height":260,"url":"https:\/\/wp12-images-hu-dynamic.horizon.tv\/HU\/Images\/upcgenre_81.jpg?w=180&h=260&mode=box"},{"assetType":"boxart-small","assetTypes":["boxart-small"],"width":75,"height":108,"url":"https:\/\/wp12-images-hu-dynamic.horizon.tv\/HU\/Images\/upcgenre_81.jpg?w=75&h=108&mode=box"},{"assetType":"boxart-medium","assetTypes":["boxart-medium"],"width":110,"height":159,"url":"https:\/\/wp12-images-hu-dynamic.horizon.tv\/HU\/Images\/upcgenre_81.jpg?w=110&h=159&mode=box"},{"assetType":"HighResLandscape","assetTypes":["HighResLandscape"],"url":"https:\/\/wp7-images-hu-dynamic.horizon.tv\/HU\/Images\/hrl_28158c6c4dab238fc159be1442355e6c35ca9cfc.jpg"}],"mediaGroupId":"crid:~~2F~~2Fport.hu~~2F68178129","secondaryTitle":"A nagy atlanti konvojcsata (I.\/6)","shortDescription":"Az Atlanti-\u00f3ce\u00e1n k\u00f6zep\u00e9n n\u00e9met tengeralattj\u00e1r\u00f3k lecsapnak egy ut\u00e1np\u00f3tl\u00e1st sz\u00e1ll\u00edt\u00f3 amerikai haj\u00f3oszlopra, \u00e9s ezzel megkezd\u0151dik a 2. vil\u00e1gh\u00e1bor\u00fa legnagyobb konvojcsat\u00e1ja\u2026","mediaType":"Episode","year":"2016","isReplayTv":true,"seriesEpisodeNumber":"6","seriesNumber":"1","videoStreams":[],"airDate":1451606400000,"entitlements":["VIP","_OPEN_"],"currentProductIds":[],"currentTvodProductIds":[]},"parentId":"crid:~~2F~~2Fport.hu~~2F68178129","rootId":"crid:~~2F~~2Fport.hu~~2F68178129"}