{"id":"crid:~~2F~~2Fport.hu~~2F79898208-imi:00100000005D21EA","countryCode":"HU","languageCode":"hun","deviceCode":"web","startTime":1525464000000,"endTime":1525467600000,"stationId":"826989607160","imi":"imi:00100000005D21EA","mediaGroupId":"crid:~~2F~~2Fport.hu~~2F6277138","program":{"id":"crid:~~2F~~2Fport.hu~~2F79898208","title":"Amcsi benzinfal\u00f3k","description":"(V.\/1) \u00daj korszak kezd\u0151dik a m\u0171hely \u00e9let\u00e9ben. A csapatnak egy 73-as Chevy P30 Step Van kocsit kell fel\u00faj\u00edtania \u2013 ez lesz az els\u0151 komoly feladatuk, amelyet Aaron n\u00e9lk\u00fcl kell elv\u00e9gezni\u00fck.","longDescription":"(V.\/1) \u00daj korszak kezd\u0151dik a m\u0171hely \u00e9let\u00e9ben. A csapatnak egy 73-as Chevy P30 Step Van kocsit kell fel\u00faj\u00edtania \u2013 ez lesz az els\u0151 komoly feladatuk, amelyet Aaron n\u00e9lk\u00fcl kell elv\u00e9gezni\u00fck.","languageCode":"hun","countryCode":"HU","deviceCode":"web","medium":"TV","categories":[{"id":"271090244349","title":"Show","scheme":"urn:tva:metadata:cs:UPCEventGenreCS:2009"}],"isAdult":false,"parentalRating":"3","cast":[],"directors":[],"images":[{"assetType":"boxart-medium","assetTypes":["boxart-medium"],"width":110,"height":159,"url":"https:\/\/wp18-images-hu-dynamic.horizon.tv\/HU\/Images\/bc_b3b5b68398e045bb4457098b2275adc2a18eea40.jpg?w=110&h=159&mode=box"},{"assetType":"boxart-large","assetTypes":["boxart-large"],"width":180,"height":260,"url":"https:\/\/wp18-images-hu-dynamic.horizon.tv\/HU\/Images\/bc_b3b5b68398e045bb4457098b2275adc2a18eea40.jpg?w=180&h=260&mode=box"},{"assetType":"boxart-small","assetTypes":["boxart-small"],"width":75,"height":108,"url":"https:\/\/wp18-images-hu-dynamic.horizon.tv\/HU\/Images\/bc_b3b5b68398e045bb4457098b2275adc2a18eea40.jpg?w=75&h=108&mode=box"},{"assetType":"boxart-xlarge","assetTypes":["boxart-xlarge"],"width":210,"height":303,"url":"https:\/\/wp18-images-hu-dynamic.horizon.tv\/HU\/Images\/bc_b3b5b68398e045bb4457098b2275adc2a18eea40.jpg?w=210&h=303&mode=box"},{"assetType":"tva-boxcover","assetTypes":["tva-boxcover"],"width":180,"height":260,"url":"https:\/\/wp18-images-hu-dynamic.horizon.tv\/HU\/Images\/bc_b3b5b68398e045bb4457098b2275adc2a18eea40.jpg"},{"assetType":"HighResPortrait","assetTypes":["HighResPortrait"],"url":"https:\/\/wp16-images-hu-dynamic.horizon.tv\/HU\/Images\/hrp_b3b5b68398e045bb4457098b2275adc2a18eea40.jpg"},{"assetType":"HighResLandscape","assetTypes":["HighResLandscape"],"url":"https:\/\/wp16-images-hu-dynamic.horizon.tv\/HU\/Images\/hrl_7344c937ce7afe11b79be71940fb9378028a4a72.jpg"}],"mediaGroupId":"crid:~~2F~~2Fport.hu~~2F6277138","secondaryTitle":"(V.\/1)","shortDescription":"(V.\/1) \u00daj korszak kezd\u0151dik a m\u0171hely \u00e9let\u00e9ben. A csapatnak egy 73-as Chevy P30 Step Van kocsit kell fel\u00faj\u00edtania \u2013 ez lesz az els\u0151 komoly feladatuk, amelyet Aaron n\u00e9lk\u00fcl kell elv\u00e9gezni\u00fck.","mediaType":"Episode","year":"2017","isReplayTv":false,"seriesEpisodeNumber":"1","seriesNumber":"5","videoStreams":[],"airDate":1483228800000,"entitlements":["VIP","_OPEN_"],"currentProductIds":[],"currentTvodProductIds":[]},"parentId":"crid:~~2F~~2Fport.hu~~2F6277138","rootId":"crid:~~2F~~2Fport.hu~~2F6277138"}