{"id":"crid:~~2F~~2Fport.hu~~2F72614032-imi:00100000005D9153","countryCode":"HU","languageCode":"hun","deviceCode":"web","startTime":1525622400000,"endTime":1525624200000,"stationId":"826989607276","imi":"imi:00100000005D9153","mediaGroupId":"crid:~~2F~~2Fport.hu~~2F59017019","program":{"id":"crid:~~2F~~2Fport.hu~~2F72614032","title":"H\u00e1zvad\u00e1szok","description":"(LX.\/3) Natalie \u00e9s Travis a gyors d\u00f6nt\u00e9sek h\u00edvei: az elm\u00falt h\u00e1rom \u00e9vben megismerkedtek, \u00f6sszeh\u00e1zasodtak, gyerek\u00fck sz\u00fcletett, Nebrask\u00e1b\u00f3l Illinoisba k\u00f6lt\u00f6ztek \u00e9s most \u00fajra gyermeket v\u00e1rnak. Most v\u00e1s\u00e1rolnak el\u0151sz\u00f6r ingatlant, \u00e9s nagyok az elv\u00e1r\u00e1saik.","longDescription":"(LX.\/3) Natalie \u00e9s Travis a gyors d\u00f6nt\u00e9sek h\u00edvei: az elm\u00falt h\u00e1rom \u00e9vben megismerkedtek, \u00f6sszeh\u00e1zasodtak, gyerek\u00fck sz\u00fcletett, Nebrask\u00e1b\u00f3l Illinoisba k\u00f6lt\u00f6ztek \u00e9s most \u00fajra gyermeket v\u00e1rnak. Most v\u00e1s\u00e1rolnak el\u0151sz\u00f6r ingatlant, \u00e9s nagyok az elv\u00e1r\u00e1saik.","languageCode":"hun","countryCode":"HU","deviceCode":"web","medium":"TV","categories":[{"id":"271090244349","title":"Show","scheme":"urn:tva:metadata:cs:UPCEventGenreCS:2009"}],"isAdult":false,"parentalRating":"3","cast":[],"directors":["David Silver","Michele Gardner-Smith","Dominique Anders","Selene Kassin","Tom Brickner"],"images":[{"assetType":"tva-boxcover","assetTypes":["tva-boxcover"],"width":180,"height":260,"url":"https:\/\/wp27-images-hu-dynamic.horizon.tv\/HU\/Images\/bc_6d9ea8ae2127a03a11352ecba3ff4a0afcd1fdbd.jpg"},{"assetType":"boxart-small","assetTypes":["boxart-small"],"width":75,"height":108,"url":"https:\/\/wp27-images-hu-dynamic.horizon.tv\/HU\/Images\/bc_6d9ea8ae2127a03a11352ecba3ff4a0afcd1fdbd.jpg?w=75&h=108&mode=box"},{"assetType":"boxart-medium","assetTypes":["boxart-medium"],"width":110,"height":159,"url":"https:\/\/wp27-images-hu-dynamic.horizon.tv\/HU\/Images\/bc_6d9ea8ae2127a03a11352ecba3ff4a0afcd1fdbd.jpg?w=110&h=159&mode=box"},{"assetType":"boxart-large","assetTypes":["boxart-large"],"width":180,"height":260,"url":"https:\/\/wp27-images-hu-dynamic.horizon.tv\/HU\/Images\/bc_6d9ea8ae2127a03a11352ecba3ff4a0afcd1fdbd.jpg?w=180&h=260&mode=box"},{"assetType":"boxart-xlarge","assetTypes":["boxart-xlarge"],"width":210,"height":303,"url":"https:\/\/wp27-images-hu-dynamic.horizon.tv\/HU\/Images\/bc_6d9ea8ae2127a03a11352ecba3ff4a0afcd1fdbd.jpg?w=210&h=303&mode=box"}],"mediaGroupId":"crid:~~2F~~2Fport.hu~~2F59017019","secondaryTitle":"H\u00e1zv\u00e1s\u00e1rl\u00e1s babav\u00e1r\u00e1s k\u00f6zben (LX.\/3)","shortDescription":"Amerikai fiatal p\u00e1rok keresik \u00e9let\u00fck els\u0151 otthon\u00e1t Meddig lesz megfelel\u0151 a lak\u00e1s? Lesz-e hely a kuty\u00e1nak. Hogyan tudj\u00e1k egyeztetni az izl\u00e9s\u00fcket?","mediaType":"Episode","year":"2012","isReplayTv":false,"seriesEpisodeNumber":"3","seriesNumber":"60","videoStreams":[],"airDate":1325376000000,"entitlements":["VIP","_OPEN_"],"currentProductIds":[],"currentTvodProductIds":[]},"parentId":"crid:~~2F~~2Fport.hu~~2F59017019","rootId":"crid:~~2F~~2Fport.hu~~2F59017019"}