{"id":"crid:~~2F~~2Fport.hu~~2F91425871-imi:00100000005D8841","countryCode":"HU","languageCode":"hun","deviceCode":"web","startTime":1525564800000,"endTime":1525568400000,"stationId":"826989607265","imi":"imi:00100000005D8841","mediaGroupId":"crid:~~2F~~2Fport.hu~~2F4123658","program":{"id":"crid:~~2F~~2Fport.hu~~2F91425871","title":"World Stage","description":"Az MTV led\u00f6nti a falakat, \u00e9s hozz\u00e1f\u00e9r\u00e9st enged rajong\u00f3inak a vil\u00e1g leg\u00fct\u0151sebb zenet\u00e1r\u00e1hoz!","longDescription":"Az MTV led\u00f6nti a falakat, \u00e9s hozz\u00e1f\u00e9r\u00e9st enged rajong\u00f3inak a vil\u00e1g leg\u00fct\u0151sebb zenet\u00e1r\u00e1hoz!","languageCode":"hun","countryCode":"HU","deviceCode":"web","medium":"TV","categories":[{"id":"271090244377","title":"Zene","scheme":"urn:tva:metadata:cs:UPCEventGenreCS:2009"},{"id":"271090244378","title":"Rock\/pop","scheme":"urn:tva:metadata:cs:UPCEventGenreCS:2009"}],"isAdult":false,"parentalRating":"3","cast":[],"directors":[],"images":[{"assetType":"boxart-xlarge","assetTypes":["boxart-xlarge"],"width":210,"height":303,"url":"https:\/\/wp20-images-hu-dynamic.horizon.tv\/HU\/Images\/bc_a9e19a848639e422734f774d938c312e2bdc4240.jpg?w=210&h=303&mode=box"},{"assetType":"tva-boxcover","assetTypes":["tva-boxcover"],"width":180,"height":260,"url":"https:\/\/wp20-images-hu-dynamic.horizon.tv\/HU\/Images\/bc_a9e19a848639e422734f774d938c312e2bdc4240.jpg"},{"assetType":"boxart-large","assetTypes":["boxart-large"],"width":180,"height":260,"url":"https:\/\/wp20-images-hu-dynamic.horizon.tv\/HU\/Images\/bc_a9e19a848639e422734f774d938c312e2bdc4240.jpg?w=180&h=260&mode=box"},{"assetType":"boxart-medium","assetTypes":["boxart-medium"],"width":110,"height":159,"url":"https:\/\/wp20-images-hu-dynamic.horizon.tv\/HU\/Images\/bc_a9e19a848639e422734f774d938c312e2bdc4240.jpg?w=110&h=159&mode=box"},{"assetType":"boxart-small","assetTypes":["boxart-small"],"width":75,"height":108,"url":"https:\/\/wp20-images-hu-dynamic.horizon.tv\/HU\/Images\/bc_a9e19a848639e422734f774d938c312e2bdc4240.jpg?w=75&h=108&mode=box"}],"mediaGroupId":"crid:~~2F~~2Fport.hu~~2F4123658","shortDescription":"Az MTV led\u00f6nti a falakat, \u00e9s hozz\u00e1f\u00e9r\u00e9st enged rajong\u00f3inak a vil\u00e1g leg\u00fct\u0151sebb zenet\u00e1r\u00e1hoz!","mediaType":"Episode","isReplayTv":false,"seriesEpisodeNumber":"1805060200","seriesNumber":"1805120200","videoStreams":[],"entitlements":["VIP","_OPEN_"],"currentProductIds":[],"currentTvodProductIds":[]},"parentId":"crid:~~2F~~2Fport.hu~~2F4123658","rootId":"crid:~~2F~~2Fport.hu~~2F4123658"}