{"id":"crid:~~2F~~2Fport.hu~~2F60601703-imi:00100000005D62F6","countryCode":"HU","languageCode":"hun","deviceCode":"web","startTime":1525456320000,"endTime":1525456500000,"stationId":"826989607190","imi":"imi:00100000005D62F6","mediaGroupId":"crid:~~2F~~2Fport.hu~~2F57063753","program":{"id":"crid:~~2F~~2Fport.hu~~2F60601703","title":"Amikor Henry tal\u00e1lkozott...","description":"Rajzfilm","longDescription":"Rajzfilm","languageCode":"hun","countryCode":"HU","deviceCode":"web","medium":"TV","categories":[{"id":"271090244371","title":"Gyermek\/Ifj\u00fas\u00e1gi","scheme":"urn:tva:metadata:cs:UPCEventGenreCS:2009"},{"id":"271090244376","title":"Rajzfilm","scheme":"urn:tva:metadata:cs:UPCEventGenreCS:2009"}],"isAdult":false,"parentalRating":"3","cast":[],"directors":[],"images":[{"assetType":"tva-boxcover","assetTypes":["tva-boxcover"],"width":180,"height":260,"url":"https:\/\/wp3-images-hu-dynamic.horizon.tv\/HU\/Images\/bc_37a1e333286b984374ed010086874f41f767ef03.jpg"},{"assetType":"boxart-xlarge","assetTypes":["boxart-xlarge"],"width":210,"height":303,"url":"https:\/\/wp3-images-hu-dynamic.horizon.tv\/HU\/Images\/bc_37a1e333286b984374ed010086874f41f767ef03.jpg?w=210&h=303&mode=box"},{"assetType":"boxart-medium","assetTypes":["boxart-medium"],"width":110,"height":159,"url":"https:\/\/wp3-images-hu-dynamic.horizon.tv\/HU\/Images\/bc_37a1e333286b984374ed010086874f41f767ef03.jpg?w=110&h=159&mode=box"},{"assetType":"boxart-large","assetTypes":["boxart-large"],"width":180,"height":260,"url":"https:\/\/wp3-images-hu-dynamic.horizon.tv\/HU\/Images\/bc_37a1e333286b984374ed010086874f41f767ef03.jpg?w=180&h=260&mode=box"},{"assetType":"boxart-small","assetTypes":["boxart-small"],"width":75,"height":108,"url":"https:\/\/wp3-images-hu-dynamic.horizon.tv\/HU\/Images\/bc_37a1e333286b984374ed010086874f41f767ef03.jpg?w=75&h=108&mode=box"},{"assetType":"HighResLandscape","assetTypes":["HighResLandscape"],"url":"https:\/\/wp4-images-hu-dynamic.horizon.tv\/HU\/Images\/hrl_86df32fbbd394cd0efc3d3d5051d9a1bdf3099be.jpg"}],"mediaGroupId":"crid:~~2F~~2Fport.hu~~2F57063753","secondaryTitle":"Amikor Henry tal\u00e1lkozott\u2026 a rep\u00fcl\u0151g\u00e9ppel (I.\/6)","shortDescription":"Rajzfilm","mediaType":"Episode","year":"2015","isReplayTv":true,"seriesEpisodeNumber":"6","seriesNumber":"1","videoStreams":[],"airDate":1420070400000,"entitlements":["VIP","_OPEN_"],"currentProductIds":[],"currentTvodProductIds":[]},"parentId":"crid:~~2F~~2Fport.hu~~2F57063753","rootId":"crid:~~2F~~2Fport.hu~~2F57063753"}