{"id":"crid:~~2F~~2Fport.hu~~2F72298135-imi:00100000005E53B7","countryCode":"HU","languageCode":"hun","deviceCode":"web","startTime":1525729200000,"endTime":1525730100000,"stationId":"826989607190","imi":"imi:00100000005E53B7","mediaGroupId":"crid:~~2F~~2Fport.hu~~2F16512201","program":{"id":"crid:~~2F~~2Fport.hu~~2F72298135","title":"Mancs \u0150rj\u00e1rat","description":"(I.\/23) A Mancs \u0150rj\u00e1rat egy sz\u00e1m\u00edt\u00f3g\u00e9pes anim\u00e1ci\u00f3s, akci\u00f3-kaland sorozat a kicsiknek, melynek f\u0151szerepl\u0151i a hat h\u0151sies kutyus: Chase, Marshall, Rocky, Zuma, Rubble, \u00e9s Skye, akiket a technikai zseni 10 \u00e9ves Ryder vezet. K\u00fcl\u00f6nleges probl\u00e9mamegold\u00f3 k\u00e9pess\u00e9geikkel, men\u0151 j\u00e1rm\u0171veikkel \u00e9s rengeteg aranyos kutyus humorral felv\u00e9rtezve a Mancs \u0150rj\u00e1rat az\u00e9rt dolgozik egy\u00fctt, rendk\u00edv\u00fcli k\u00fcldet\u00e9seiken, hogy megments\u00e9k az \"Adventure Bay\"-beli k\u00f6z\u00f6ss\u00e9get.Kezdve Marshall-al a t\u0171zolt\u00f3 kuty\u00e1val, Chasen a rend\u0151rkuty\u00e1n \u00e1t Skyeig aki magasan sz\u00e1rnyal saj\u00e1t helikopter\u00e9n, minden kutyus egyedi szem\u00e9lyis\u00e9get \u00e9s k\u00e9pess\u00e9geket hoz a csoportba, \u00edgy bizony\u00edtva a csapatmunka \u00e9s a k\u00f6z\u00f6ss\u00e9g\u00e9rt val\u00f3 tenni akar\u00e1s fontoss\u00e1g\u00e1t. A h\u00e1tukon speci\u00e1lis \"pup pack\"-el rendelkeznek, mely seg\u00edts\u00e9g\u00fckre van k\u00fcldet\u00e9seik megold\u00e1s\u00e1ban \u2013 cic\u00e1kat menteni a f\u00e1r\u00f3l \u00e9pp\u00fagy, mint a kisiklott vonatot meg\u00e1ll\u00edtani! Azonban nem sz\u00e1m\u00edt mekkora a kaland, a mancs \u0151rj\u00e1ratnak mind\u00edg van ideje egy j\u00e1t\u00e9kra, nevet\u00e9sre, vagy egy f\u00fclvakar\u00e1sra Rydert\u0151l.","longDescription":"(I.\/23) A Mancs \u0150rj\u00e1rat egy sz\u00e1m\u00edt\u00f3g\u00e9pes anim\u00e1ci\u00f3s, akci\u00f3-kaland sorozat a kicsiknek, melynek f\u0151szerepl\u0151i a hat h\u0151sies kutyus: Chase, Marshall, Rocky, Zuma, Rubble, \u00e9s Skye, akiket a technikai zseni 10 \u00e9ves Ryder vezet. K\u00fcl\u00f6nleges probl\u00e9mamegold\u00f3 k\u00e9pess\u00e9geikkel, men\u0151 j\u00e1rm\u0171veikkel \u00e9s rengeteg aranyos kutyus humorral felv\u00e9rtezve a Mancs \u0150rj\u00e1rat az\u00e9rt dolgozik egy\u00fctt, rendk\u00edv\u00fcli k\u00fcldet\u00e9seiken, hogy megments\u00e9k az \"Adventure Bay\"-beli k\u00f6z\u00f6ss\u00e9get.Kezdve Marshall-al a t\u0171zolt\u00f3 kuty\u00e1val, Chasen a rend\u0151rkuty\u00e1n \u00e1t Skyeig aki magasan sz\u00e1rnyal saj\u00e1t helikopter\u00e9n, minden kutyus egyedi szem\u00e9lyis\u00e9get \u00e9s k\u00e9pess\u00e9geket hoz a csoportba, \u00edgy bizony\u00edtva a csapatmunka \u00e9s a k\u00f6z\u00f6ss\u00e9g\u00e9rt val\u00f3 tenni akar\u00e1s fontoss\u00e1g\u00e1t. A h\u00e1tukon speci\u00e1lis \"pup pack\"-el rendelkeznek, mely seg\u00edts\u00e9g\u00fckre van k\u00fcldet\u00e9seik megold\u00e1s\u00e1ban \u2013 cic\u00e1kat menteni a f\u00e1r\u00f3l \u00e9pp\u00fagy, mint a kisiklott vonatot meg\u00e1ll\u00edtani! Azonban nem sz\u00e1m\u00edt mekkora a kaland, a mancs \u0151rj\u00e1ratnak mind\u00edg van ideje egy j\u00e1t\u00e9kra, nevet\u00e9sre, vagy egy f\u00fclvakar\u00e1sra Rydert\u0151l.","languageCode":"hun","countryCode":"HU","deviceCode":"web","medium":"TV","categories":[{"id":"271090244371","title":"Gyermek\/Ifj\u00fas\u00e1gi","scheme":"urn:tva:metadata:cs:UPCEventGenreCS:2009"},{"id":"271090244376","title":"Rajzfilm","scheme":"urn:tva:metadata:cs:UPCEventGenreCS:2009"}],"isAdult":false,"parentalRating":"3","cast":["Alex Thorne","Devan Cohen","Christian Distefano","Gage Munroe","Kallan Holley"],"directors":["Jamie Whitney"],"images":[{"assetType":"boxart-small","assetTypes":["boxart-small"],"width":75,"height":108,"url":"https:\/\/wp16-images-hu-dynamic.horizon.tv\/HU\/Images\/bc_e4e10ec5bb7fea2bd8ed5a7c922c9ea89475ccc8.jpg?w=75&h=108&mode=box"},{"assetType":"boxart-medium","assetTypes":["boxart-medium"],"width":110,"height":159,"url":"https:\/\/wp16-images-hu-dynamic.horizon.tv\/HU\/Images\/bc_e4e10ec5bb7fea2bd8ed5a7c922c9ea89475ccc8.jpg?w=110&h=159&mode=box"},{"assetType":"boxart-large","assetTypes":["boxart-large"],"width":180,"height":260,"url":"https:\/\/wp16-images-hu-dynamic.horizon.tv\/HU\/Images\/bc_e4e10ec5bb7fea2bd8ed5a7c922c9ea89475ccc8.jpg?w=180&h=260&mode=box"},{"assetType":"boxart-xlarge","assetTypes":["boxart-xlarge"],"width":210,"height":303,"url":"https:\/\/wp16-images-hu-dynamic.horizon.tv\/HU\/Images\/bc_e4e10ec5bb7fea2bd8ed5a7c922c9ea89475ccc8.jpg?w=210&h=303&mode=box"},{"assetType":"tva-boxcover","assetTypes":["tva-boxcover"],"width":180,"height":260,"url":"https:\/\/wp16-images-hu-dynamic.horizon.tv\/HU\/Images\/bc_e4e10ec5bb7fea2bd8ed5a7c922c9ea89475ccc8.jpg"},{"assetType":"HighResLandscape","assetTypes":["HighResLandscape"],"url":"https:\/\/wp14-images-hu-dynamic.horizon.tv\/HU\/Images\/hrl_e062bb763065a5673cb9b059a0ec3a895089d4a0.jpg"},{"assetType":"HighResPortrait","assetTypes":["HighResPortrait"],"url":"https:\/\/wp14-images-hu-dynamic.horizon.tv\/HU\/Images\/hrp_e4e10ec5bb7fea2bd8ed5a7c922c9ea89475ccc8.jpg"}],"mediaGroupId":"crid:~~2F~~2Fport.hu~~2F16512201","secondaryTitle":"(I.\/23)","shortDescription":"A Mancs \u0150rj\u00e1rat egy sz\u00e1m\u00edt\u00f3g\u00e9pes anim\u00e1ci\u00f3s, akci\u00f3-kaland sorozat a kicsiknek, melynek f\u0151szerepl\u0151i a hat h\u0151sies kutyus, akiket a technikai zseni 10 \u00e9ves Ryder vezet.","mediaType":"Episode","year":"2013","isReplayTv":true,"seriesEpisodeNumber":"23","seriesNumber":"1","videoStreams":[],"airDate":1356998400000,"entitlements":["VIP","_OPEN_"],"currentProductIds":[],"currentTvodProductIds":[]},"parentId":"crid:~~2F~~2Fport.hu~~2F16512201","rootId":"crid:~~2F~~2Fport.hu~~2F16512201"}