{"id":"crid:~~2F~~2Fport.hu~~2F56912285-imi:00100000005D35F8","countryCode":"HU","languageCode":"hun","deviceCode":"web","startTime":1525582500000,"endTime":1525582800000,"stationId":"826989607225","imi":"imi:00100000005D35F8","mediaGroupId":"crid:~~2F~~2Fport.hu~~2F56910741","program":{"id":"crid:~~2F~~2Fport.hu~~2F56912285","title":"Cracke","description":"(10) K\u00f6vesd nyomon Ed \u00e9s szerencs\u00e9s kis f\u00e9szeklak\u00f3i kalandjait! A mindig j\u00f3t akar\u00f3, de n\u00e9mileg tapasztalatlan apa, Ed k\u00e9ts\u00e9gbeesetten pr\u00f3b\u00e1lja v\u00e9delmezni toj\u00e1sait mindenf\u00e9le r\u00e1juk les\u0151 veszedelemt\u0151l","longDescription":"(10) K\u00f6vesd nyomon Ed \u00e9s szerencs\u00e9s kis f\u00e9szeklak\u00f3i kalandjait! A mindig j\u00f3t akar\u00f3, de n\u00e9mileg tapasztalatlan apa, Ed k\u00e9ts\u00e9gbeesetten pr\u00f3b\u00e1lja v\u00e9delmezni toj\u00e1sait mindenf\u00e9le r\u00e1juk les\u0151 veszedelemt\u0151l","languageCode":"hun","countryCode":"HU","deviceCode":"web","medium":"TV","categories":[{"id":"271090244371","title":"Gyermek\/Ifj\u00fas\u00e1gi","scheme":"urn:tva:metadata:cs:UPCEventGenreCS:2009"},{"id":"271090244376","title":"Rajzfilm","scheme":"urn:tva:metadata:cs:UPCEventGenreCS:2009"}],"isAdult":false,"parentalRating":"3","cast":[],"directors":[],"images":[{"assetType":"boxart-medium","assetTypes":["boxart-medium"],"width":110,"height":159,"url":"https:\/\/wp10-images-hu-dynamic.horizon.tv\/HU\/Images\/bc_7134d1f96f3e42e4f55d701762b6f41f1c2e5642.jpg?w=110&h=159&mode=box"},{"assetType":"boxart-large","assetTypes":["boxart-large"],"width":180,"height":260,"url":"https:\/\/wp10-images-hu-dynamic.horizon.tv\/HU\/Images\/bc_7134d1f96f3e42e4f55d701762b6f41f1c2e5642.jpg?w=180&h=260&mode=box"},{"assetType":"boxart-small","assetTypes":["boxart-small"],"width":75,"height":108,"url":"https:\/\/wp10-images-hu-dynamic.horizon.tv\/HU\/Images\/bc_7134d1f96f3e42e4f55d701762b6f41f1c2e5642.jpg?w=75&h=108&mode=box"},{"assetType":"tva-boxcover","assetTypes":["tva-boxcover"],"width":180,"height":260,"url":"https:\/\/wp10-images-hu-dynamic.horizon.tv\/HU\/Images\/bc_7134d1f96f3e42e4f55d701762b6f41f1c2e5642.jpg"},{"assetType":"boxart-xlarge","assetTypes":["boxart-xlarge"],"width":210,"height":303,"url":"https:\/\/wp10-images-hu-dynamic.horizon.tv\/HU\/Images\/bc_7134d1f96f3e42e4f55d701762b6f41f1c2e5642.jpg?w=210&h=303&mode=box"}],"mediaGroupId":"crid:~~2F~~2Fport.hu~~2F56910741","secondaryTitle":"(10)","shortDescription":"(10) K\u00f6vesd nyomon Ed \u00e9s szerencs\u00e9s kis f\u00e9szeklak\u00f3i kalandjait! A mindig j\u00f3t akar\u00f3, de n\u00e9mileg tapasztalatlan apa, Ed k\u00e9ts\u00e9gbeesetten pr\u00f3b\u00e1lja v\u00e9delmezni toj\u00e1sait mindenf\u00e9le r\u00e1juk les\u0151 veszedelemt\u0151l","mediaType":"Episode","year":"2015","isReplayTv":false,"seriesEpisodeNumber":"10","seriesNumber":"1805050655","videoStreams":[],"airDate":1420070400000,"entitlements":["VIP","_OPEN_"],"currentProductIds":[],"currentTvodProductIds":[]},"parentId":"crid:~~2F~~2Fport.hu~~2F56910741","rootId":"crid:~~2F~~2Fport.hu~~2F56910741"}