{"id":"crid:~~2F~~2Fport.hu~~2F76383328-imi:00100000005D370D","countryCode":"HU","languageCode":"hun","deviceCode":"web","startTime":1525509000000,"endTime":1525510800000,"stationId":"826989607230","imi":"imi:00100000005D370D","mediaGroupId":"crid:~~2F~~2Fport.hu~~2F60860438","program":{"id":"crid:~~2F~~2Fport.hu~~2F76383328","title":"Martha Stewart \u2013 S\u00fctivil\u00e1g","description":"Tanuld meg a legkiv\u00e1l\u00f3bb desszertek \u00e9s m\u00e1s finoms\u00e1gok elk\u00e9sz\u00edt\u00e9s\u00e9t saj\u00e1t otthonodban. Martha Stewart legjobb s\u00fct\u00e9si tippjeit \u00e9s m\u00f3dszereit osztja meg a n\u00e9z\u0151kkel, b\u00e1tor\u00edtva \u0151ket, hogy \u00edzletes s\u00fclt finoms\u00e1gokat k\u00e9sz\u00edtsenek saj\u00e1t otthonaikban - szinte semmib\u0151l.","longDescription":"Tanuld meg a legkiv\u00e1l\u00f3bb desszertek \u00e9s m\u00e1s finoms\u00e1gok elk\u00e9sz\u00edt\u00e9s\u00e9t saj\u00e1t otthonodban. Martha Stewart legjobb s\u00fct\u00e9si tippjeit \u00e9s m\u00f3dszereit osztja meg a n\u00e9z\u0151kkel, b\u00e1tor\u00edtva \u0151ket, hogy \u00edzletes s\u00fclt finoms\u00e1gokat k\u00e9sz\u00edtsenek saj\u00e1t otthonaikban - szinte semmib\u0151l.","languageCode":"hun","countryCode":"HU","deviceCode":"web","medium":"TV","categories":[{"id":"271090244398","title":"T\u00e1rsadalmi\/Politikai","scheme":"urn:tva:metadata:cs:UPCEventGenreCS:2009"}],"isAdult":false,"parentalRating":"12","cast":[],"directors":["Irene Wong"],"images":[{"assetType":"boxart-small","assetTypes":["boxart-small"],"width":75,"height":108,"url":"https:\/\/wp18-images-hu-dynamic.horizon.tv\/HU\/Images\/bc_dec8b2ed55cd5e1fb07b56c35a9c0a62e23b1d0a.jpg?w=75&h=108&mode=box"},{"assetType":"boxart-large","assetTypes":["boxart-large"],"width":180,"height":260,"url":"https:\/\/wp18-images-hu-dynamic.horizon.tv\/HU\/Images\/bc_dec8b2ed55cd5e1fb07b56c35a9c0a62e23b1d0a.jpg?w=180&h=260&mode=box"},{"assetType":"boxart-medium","assetTypes":["boxart-medium"],"width":110,"height":159,"url":"https:\/\/wp18-images-hu-dynamic.horizon.tv\/HU\/Images\/bc_dec8b2ed55cd5e1fb07b56c35a9c0a62e23b1d0a.jpg?w=110&h=159&mode=box"},{"assetType":"boxart-xlarge","assetTypes":["boxart-xlarge"],"width":210,"height":303,"url":"https:\/\/wp18-images-hu-dynamic.horizon.tv\/HU\/Images\/bc_dec8b2ed55cd5e1fb07b56c35a9c0a62e23b1d0a.jpg?w=210&h=303&mode=box"},{"assetType":"tva-boxcover","assetTypes":["tva-boxcover"],"width":180,"height":260,"url":"https:\/\/wp18-images-hu-dynamic.horizon.tv\/HU\/Images\/bc_dec8b2ed55cd5e1fb07b56c35a9c0a62e23b1d0a.jpg"},{"assetType":"HighResPortrait","assetTypes":["HighResPortrait"],"url":"https:\/\/wp19-images-hu-dynamic.horizon.tv\/HU\/Images\/hrp_dec8b2ed55cd5e1fb07b56c35a9c0a62e23b1d0a.jpg"},{"assetType":"HighResLandscape","assetTypes":["HighResLandscape"],"url":"https:\/\/wp19-images-hu-dynamic.horizon.tv\/HU\/Images\/hrl_777406ee9aff0d197e81ce4e385b8cb2ef0f2a10.jpg"}],"mediaGroupId":"crid:~~2F~~2Fport.hu~~2F60860438","shortDescription":"Martha Stewart legjobb s\u00fct\u00e9si tippjeit \u00e9s m\u00f3dszereit osztja meg a n\u00e9z\u0151kkel, b\u00e1tor\u00edtva \u0151ket, hogy \u00edzletes s\u00fclt finoms\u00e1gokat k\u00e9sz\u00edtsenek saj\u00e1t otthonaikban - szinte semmib\u0151l.","mediaType":"Episode","year":"2016","duration":1800,"latestBroadcastStartTime":1525012200000,"latestBroadcastEndTime":1525014000000,"isReplayTv":true,"listingId":"crid:~~2F~~2Fport.hu~~2F76383328-imi:00100000005CB026","seriesEpisodeNumber":"1805051030","seriesNumber":"1805051030","videoStreams":[],"airDate":1451606400000,"entitlements":["crid:~~2F~~2Fupc.com~~2FReplayTV~~2FTV_Paprika_ReplayTV_CU","VIP","_OPEN_"],"currentProductIds":["crid:~~2F~~2Fupc.com~~2FReplayTV~~2FTV_Paprika_ReplayTV_CU"],"currentTvodProductIds":[]},"parentId":"crid:~~2F~~2Fport.hu~~2F60860438","rootId":"crid:~~2F~~2Fport.hu~~2F60860438"}