{"id":"crid:~~2F~~2Fport.hu~~2F90362220-imi:00100000005D37BC","countryCode":"HU","languageCode":"hun","deviceCode":"web","startTime":1525564200000,"endTime":1525567200000,"stationId":"826989607220","imi":"imi:00100000005D37BC","mediaGroupId":"crid:~~2F~~2Fport.hu~~2F66928020","program":{"id":"crid:~~2F~~2Fport.hu~~2F90362220","title":"Civil k\u00f6r","description":"Civilek mondj\u00e1k. Politikai, kultur\u00e1lis \u00e9s k\u00f6z\u00e9leti t\u00e9m\u00e1k civilek szem\u00fcveg\u00e9n kereszt\u00fcl.","longDescription":"Civilek mondj\u00e1k. Politikai, kultur\u00e1lis \u00e9s k\u00f6z\u00e9leti t\u00e9m\u00e1k civilek szem\u00fcveg\u00e9n kereszt\u00fcl.","languageCode":"hun","countryCode":"HU","deviceCode":"web","medium":"TV","categories":[{"id":"271090244398","title":"T\u00e1rsadalmi\/Politikai","scheme":"urn:tva:metadata:cs:UPCEventGenreCS:2009"}],"isAdult":false,"parentalRating":"3","cast":[],"directors":[],"images":[{"assetType":"boxart-large","assetTypes":["boxart-large"],"width":180,"height":260,"url":"https:\/\/wp3-images-hu-dynamic.horizon.tv\/HU\/Images\/upcgenre_80.jpg?w=180&h=260&mode=box"},{"assetType":"boxart-xlarge","assetTypes":["boxart-xlarge"],"width":210,"height":303,"url":"https:\/\/wp3-images-hu-dynamic.horizon.tv\/HU\/Images\/upcgenre_80.jpg?w=210&h=303&mode=box"},{"assetType":"boxart-small","assetTypes":["boxart-small"],"width":75,"height":108,"url":"https:\/\/wp3-images-hu-dynamic.horizon.tv\/HU\/Images\/upcgenre_80.jpg?w=75&h=108&mode=box"},{"assetType":"tva-boxcover","assetTypes":["tva-boxcover"],"width":180,"height":260,"url":"https:\/\/wp3-images-hu-dynamic.horizon.tv\/HU\/Images\/upcgenre_80.jpg"},{"assetType":"boxart-medium","assetTypes":["boxart-medium"],"width":110,"height":159,"url":"https:\/\/wp3-images-hu-dynamic.horizon.tv\/HU\/Images\/upcgenre_80.jpg?w=110&h=159&mode=box"}],"mediaGroupId":"crid:~~2F~~2Fport.hu~~2F66928020","shortDescription":"Civilek mondj\u00e1k. Politikai, kultur\u00e1lis \u00e9s k\u00f6z\u00e9leti t\u00e9m\u00e1k civilek szem\u00fcveg\u00e9n kereszt\u00fcl.","mediaType":"Episode","isReplayTv":false,"seriesEpisodeNumber":"1805060150","seriesNumber":"1805052105","videoStreams":[],"entitlements":["VIP","_OPEN_"],"currentProductIds":[],"currentTvodProductIds":[]},"parentId":"crid:~~2F~~2Fport.hu~~2F66928020","rootId":"crid:~~2F~~2Fport.hu~~2F66928020"}