{"id":"crid:~~2F~~2Fport.hu~~2F68181442-imi:00100000005D9437","countryCode":"HU","languageCode":"hun","deviceCode":"web","startTime":1525420500000,"endTime":1525424100000,"stationId":"826989607168","imi":"imi:00100000005D9437","mediaGroupId":"crid:~~2F~~2Fport.hu~~2F70398304","program":{"id":"crid:~~2F~~2Fport.hu~~2F68181442","title":"A k\u00ednai konyha titkai","description":"(II.\/6) Tal\u00e1n mindenki ismeri Confucius, a nagy k\u00ednai filoz\u00f3fus nev\u00e9t, azt azonban csak kevesen tudj\u00e1k r\u00f3la, hogy nemcsak tan\u00edt\u00f3, de igazi \u00ednyenc is volt, aki azt vallotta: kiz\u00e1r\u00f3lag frisset \u00e9s szezon\u00e1lisat egy\u00fcnk! Christine Cushing, a kanadai s\u00e9f Confucius tan\u00edt\u00e1sait k\u00f6vetve t\u00f6bb ezer m\u00e9rf\u00f6ldes utaz\u00e1sra indul \u00c9szak-Amerik\u00e1ban, hogy elm\u00e9ly\u00fclj\u00f6n az anyaorsz\u00e1g, valamint a bev\u00e1ndorl\u00f3k t\u00f6rt\u00e9nelm\u00e9ben \u00e9s kult\u00far\u00e1j\u00e1ban, amelyek \u00e9letet adtak \u00e9s form\u00e1lt\u00e1k a k\u00ednai f\u0151z\u00e9si ir\u00e1nyzatokat. A kulin\u00e1ris \u00e9s spiritu\u00e1lis \u00fat sor\u00e1n megtudhatjuk, hogy az \u00e9telek milyen fontos alapk\u00f6v\u00e9t k\u00e9pezik kultur\u00e1lis identit\u00e1sunknak, ugyanakkor h\u00eddk\u00e9nt is szolg\u00e1lnak a n\u00e9pek k\u00f6z\u00f6tt, \u00edgy form\u00e1lva nap, nap ut\u00e1n az elt\u00e9r\u0151 szok\u00e1sokat.","longDescription":"(II.\/6) Tal\u00e1n mindenki ismeri Confucius, a nagy k\u00ednai filoz\u00f3fus nev\u00e9t, azt azonban csak kevesen tudj\u00e1k r\u00f3la, hogy nemcsak tan\u00edt\u00f3, de igazi \u00ednyenc is volt, aki azt vallotta: kiz\u00e1r\u00f3lag frisset \u00e9s szezon\u00e1lisat egy\u00fcnk! Christine Cushing, a kanadai s\u00e9f Confucius tan\u00edt\u00e1sait k\u00f6vetve t\u00f6bb ezer m\u00e9rf\u00f6ldes utaz\u00e1sra indul \u00c9szak-Amerik\u00e1ban, hogy elm\u00e9ly\u00fclj\u00f6n az anyaorsz\u00e1g, valamint a bev\u00e1ndorl\u00f3k t\u00f6rt\u00e9nelm\u00e9ben \u00e9s kult\u00far\u00e1j\u00e1ban, amelyek \u00e9letet adtak \u00e9s form\u00e1lt\u00e1k a k\u00ednai f\u0151z\u00e9si ir\u00e1nyzatokat. A kulin\u00e1ris \u00e9s spiritu\u00e1lis \u00fat sor\u00e1n megtudhatjuk, hogy az \u00e9telek milyen fontos alapk\u00f6v\u00e9t k\u00e9pezik kultur\u00e1lis identit\u00e1sunknak, ugyanakkor h\u00eddk\u00e9nt is szolg\u00e1lnak a n\u00e9pek k\u00f6z\u00f6tt, \u00edgy form\u00e1lva nap, nap ut\u00e1n az elt\u00e9r\u0151 szok\u00e1sokat.","languageCode":"hun","countryCode":"HU","deviceCode":"web","medium":"TV","categories":[{"id":"271090244349","title":"Show","scheme":"urn:tva:metadata:cs:UPCEventGenreCS:2009"}],"isAdult":false,"parentalRating":"12","cast":[],"directors":[],"images":[{"assetType":"tva-boxcover","assetTypes":["tva-boxcover"],"width":180,"height":260,"url":"https:\/\/wp7-images-hu-dynamic.horizon.tv\/HU\/Images\/upcgenre_30.jpg"},{"assetType":"boxart-xlarge","assetTypes":["boxart-xlarge"],"width":210,"height":303,"url":"https:\/\/wp7-images-hu-dynamic.horizon.tv\/HU\/Images\/upcgenre_30.jpg?w=210&h=303&mode=box"},{"assetType":"boxart-medium","assetTypes":["boxart-medium"],"width":110,"height":159,"url":"https:\/\/wp7-images-hu-dynamic.horizon.tv\/HU\/Images\/upcgenre_30.jpg?w=110&h=159&mode=box"},{"assetType":"boxart-small","assetTypes":["boxart-small"],"width":75,"height":108,"url":"https:\/\/wp7-images-hu-dynamic.horizon.tv\/HU\/Images\/upcgenre_30.jpg?w=75&h=108&mode=box"},{"assetType":"boxart-large","assetTypes":["boxart-large"],"width":180,"height":260,"url":"https:\/\/wp7-images-hu-dynamic.horizon.tv\/HU\/Images\/upcgenre_30.jpg?w=180&h=260&mode=box"}],"mediaGroupId":"crid:~~2F~~2Fport.hu~~2F70398304","secondaryTitle":"(II.\/6)","shortDescription":"(II.\/6) Tal\u00e1n mindenki ismeri Confucius, a nagy k\u00ednai filoz\u00f3fus nev\u00e9t, azt azonban csak kevesen tudj\u00e1k r\u00f3la, hogy nemcsak tan\u00edt\u00f3, de igazi \u00ednyenc is volt, aki azt vallotta: kiz\u00e1r\u00f3lag frisset \u00e9s...","mediaType":"Episode","year":"2015","isReplayTv":false,"seriesEpisodeNumber":"6","seriesNumber":"2","videoStreams":[],"airDate":1420070400000,"entitlements":["VIP","_OPEN_"],"currentProductIds":[],"currentTvodProductIds":[]},"parentId":"crid:~~2F~~2Fport.hu~~2F70398304","rootId":"crid:~~2F~~2Fport.hu~~2F70398304"}