{"id":"crid:~~2F~~2Fport.hu~~2F13174547-imi:00100000005D204D","countryCode":"HU","languageCode":"hun","deviceCode":"web","startTime":1525411200000,"endTime":1525414800000,"stationId":"826989607159","imi":"imi:00100000005D204D","mediaGroupId":"crid:~~2F~~2Fport.hu~~2F2600946","program":{"id":"crid:~~2F~~2Fport.hu~~2F13174547","title":"Heartland","description":"(VI.\/3) Amynek Heartland az otthona, ami\u00f3ta az esz\u00e9t tudja: kiskor\u00e1t\u00f3l figyeli, ahogyan \u00e9desanyja a lovakkal t\u00f6r\u0151dik. A l\u00e1ny \u00f6r\u00f6k\u00f6lte anyja term\u00e9szet adta tehets\u00e9g\u00e9t, \u00e9rt a lovak nyelv\u00e9n. Amikor egy tragikus baleset mindent megv\u00e1ltoztat, Amynek hinnie kell a csod\u00e1kban, ahogyan \u00e9desanyj\u00e1t\u00f3l tanulta.","longDescription":"(VI.\/3) Amynek Heartland az otthona, ami\u00f3ta az esz\u00e9t tudja: kiskor\u00e1t\u00f3l figyeli, ahogyan \u00e9desanyja a lovakkal t\u00f6r\u0151dik. A l\u00e1ny \u00f6r\u00f6k\u00f6lte anyja term\u00e9szet adta tehets\u00e9g\u00e9t, \u00e9rt a lovak nyelv\u00e9n. Amikor egy tragikus baleset mindent megv\u00e1ltoztat, Amynek hinnie kell a csod\u00e1kban, ahogyan \u00e9desanyj\u00e1t\u00f3l tanulta.","languageCode":"hun","countryCode":"HU","deviceCode":"web","medium":"TV","categories":[{"id":"271090244428","title":"Dr\u00e1ma","scheme":"urn:tva:metadata:cs:UPCEventGenreCS:2009"}],"isAdult":false,"parentalRating":"12","cast":["Treat Williams","Amber Marshall","Shaun Johnston","Jessica Amlee","Nathaniel Arcand","Kari Matchett","Chris Martin","Danielle Nicolet","Gage Golightly"],"directors":["David Hollander","Steve DiMarco","Grant Harvey","Dean Bennett","Steve Gomer"],"images":[{"assetType":"boxart-large","assetTypes":["boxart-large"],"width":180,"height":260,"url":"https:\/\/wp12-images-hu-dynamic.horizon.tv\/HU\/Images\/bc_75ff0fe13c27cc5294d9374d6298f423c4974539.jpg?w=180&h=260&mode=box"},{"assetType":"boxart-medium","assetTypes":["boxart-medium"],"width":110,"height":159,"url":"https:\/\/wp12-images-hu-dynamic.horizon.tv\/HU\/Images\/bc_75ff0fe13c27cc5294d9374d6298f423c4974539.jpg?w=110&h=159&mode=box"},{"assetType":"boxart-xlarge","assetTypes":["boxart-xlarge"],"width":210,"height":303,"url":"https:\/\/wp12-images-hu-dynamic.horizon.tv\/HU\/Images\/bc_75ff0fe13c27cc5294d9374d6298f423c4974539.jpg?w=210&h=303&mode=box"},{"assetType":"tva-boxcover","assetTypes":["tva-boxcover"],"width":180,"height":260,"url":"https:\/\/wp12-images-hu-dynamic.horizon.tv\/HU\/Images\/bc_75ff0fe13c27cc5294d9374d6298f423c4974539.jpg"},{"assetType":"boxart-small","assetTypes":["boxart-small"],"width":75,"height":108,"url":"https:\/\/wp12-images-hu-dynamic.horizon.tv\/HU\/Images\/bc_75ff0fe13c27cc5294d9374d6298f423c4974539.jpg?w=75&h=108&mode=box"},{"assetType":"HighResLandscape","assetTypes":["HighResLandscape"],"url":"https:\/\/wp27-images-hu-dynamic.horizon.tv\/HU\/Images\/hrl_528254b99f3f45bf41a921741f7ebcc7e0276508.jpg"}],"mediaGroupId":"crid:~~2F~~2Fport.hu~~2F2600946","secondaryTitle":"l\u00e1tszat (VI.\/3)","shortDescription":"Amynek Heartland az otthona, ami\u00f3ta az esz\u00e9t tudja. Amikor egy tragikus baleset mindent megv\u00e1ltoztat, Amynek hinnie kell a csod\u00e1kban, ahogyan \u00e9desanyj\u00e1t\u00f3l tanulta.","mediaType":"Episode","year":"2012","isReplayTv":false,"seriesEpisodeNumber":"3","seriesNumber":"6","videoStreams":[],"airDate":1325376000000,"entitlements":["VIP","_OPEN_"],"currentProductIds":[],"currentTvodProductIds":[]},"parentId":"crid:~~2F~~2Fport.hu~~2F2600946","rootId":"crid:~~2F~~2Fport.hu~~2F2600946"}