{"id":"crid:~~2F~~2Fport.hu~~2F68541621-imi:00100000005D2A4B","countryCode":"HU","languageCode":"hun","deviceCode":"web","startTime":1525484400000,"endTime":1525485900000,"stationId":"826989607230","imi":"imi:00100000005D2A4B","mediaGroupId":"crid:~~2F~~2Fport.hu~~2F70383138","program":{"id":"crid:~~2F~~2Fport.hu~~2F68541621","title":"Fitt-t\u00e9r\u00edt\u0151k","description":"(I.\/3) B\u00e9res Alexandra \u00e9s Kov\u00e1cs L\u00e1z\u00e1r, azaz L\u00e1z\u00e1r Chef a TV Paprika Fitt-t\u00e9r\u00edt\u0151i a m\u0171sor eddigi koncepci\u00f3j\u00e1t\u00f3l elt\u00e9r\u0151en, most nem a n\u00e9z\u0151k szem\u00e9lyis\u00e9g\u00e9re, egyedi t\u00f6rt\u00e9net\u00fckre koncentr\u00e1lva tal\u00e1lj\u00e1k ki a men\u00fcsort \u00e9s a mozg\u00e1sprogramot, hanem sokkal ink\u00e1bb betegs\u00e9gekre, probl\u00e9m\u00e1kra keresnek az \u00e9tkez\u00e9ssel \u00f6sszef\u00fcgg\u0151 megold\u00e1sokat. Nem komoly, azonnali orvosi beavatkoz\u00e1st ig\u00e9nyl\u0151 betegs\u00e9gekre kell gondolni, hanem olyan kisebb probl\u00e9m\u00e1kra, mint az influenza, a v\u00e9rszeg\u00e9nys\u00e9g, az \u00e1lmatlans\u00e1g, a v\u00e1rand\u00f3ss\u00e1g, a szoptat\u00e1s, a kimer\u00fclts\u00e9g, stb. Az \u00e9telek elk\u00e9sz\u00edt\u00e9se k\u00f6zben minden oldalr\u00f3l k\u00f6rbej\u00e1rj\u00e1k a javasolt alapanyag \u00e9lettani hat\u00e1sait is, \u00edgy az egyes epiz\u00f3dok v\u00e9g\u00e9re mindenki sz\u00e1m\u00e1ra vil\u00e1gos k\u00e9p alakul ki arr\u00f3l, hogy a j\u00f3l kiv\u00e1lasztott, term\u00e9szetes alapanyagok tudatos felhaszn\u00e1l\u00e1s\u00e1val, mi mindent tehet\u00fcnk az eg\u00e9szs\u00e9g\u00fcnk meg\u0151rz\u00e9se \u00e9rdek\u00e9ben. A n\u00e9z\u0151knek mindek\u00f6zben az \u00e9dess\u00e9gekr\u0151l sem kell lemondania, mert Alexandra \u00e9s L\u00e1z\u00e1r mellett a desszertek koron\u00e1zatlan kir\u00e1lyn\u0151je, Baracskay Ang\u00e9la is tagja a csapatnak, aki eg\u00e9szs\u00e9ges \u00e9s finom desszerteket aj\u00e1nl a m\u0171sorban.","longDescription":"(I.\/3) B\u00e9res Alexandra \u00e9s Kov\u00e1cs L\u00e1z\u00e1r, azaz L\u00e1z\u00e1r Chef a TV Paprika Fitt-t\u00e9r\u00edt\u0151i a m\u0171sor eddigi koncepci\u00f3j\u00e1t\u00f3l elt\u00e9r\u0151en, most nem a n\u00e9z\u0151k szem\u00e9lyis\u00e9g\u00e9re, egyedi t\u00f6rt\u00e9net\u00fckre koncentr\u00e1lva tal\u00e1lj\u00e1k ki a men\u00fcsort \u00e9s a mozg\u00e1sprogramot, hanem sokkal ink\u00e1bb betegs\u00e9gekre, probl\u00e9m\u00e1kra keresnek az \u00e9tkez\u00e9ssel \u00f6sszef\u00fcgg\u0151 megold\u00e1sokat. Nem komoly, azonnali orvosi beavatkoz\u00e1st ig\u00e9nyl\u0151 betegs\u00e9gekre kell gondolni, hanem olyan kisebb probl\u00e9m\u00e1kra, mint az influenza, a v\u00e9rszeg\u00e9nys\u00e9g, az \u00e1lmatlans\u00e1g, a v\u00e1rand\u00f3ss\u00e1g, a szoptat\u00e1s, a kimer\u00fclts\u00e9g, stb. Az \u00e9telek elk\u00e9sz\u00edt\u00e9se k\u00f6zben minden oldalr\u00f3l k\u00f6rbej\u00e1rj\u00e1k a javasolt alapanyag \u00e9lettani hat\u00e1sait is, \u00edgy az egyes epiz\u00f3dok v\u00e9g\u00e9re mindenki sz\u00e1m\u00e1ra vil\u00e1gos k\u00e9p alakul ki arr\u00f3l, hogy a j\u00f3l kiv\u00e1lasztott, term\u00e9szetes alapanyagok tudatos felhaszn\u00e1l\u00e1s\u00e1val, mi mindent tehet\u00fcnk az eg\u00e9szs\u00e9g\u00fcnk meg\u0151rz\u00e9se \u00e9rdek\u00e9ben. A n\u00e9z\u0151knek mindek\u00f6zben az \u00e9dess\u00e9gekr\u0151l sem kell lemondania, mert Alexandra \u00e9s L\u00e1z\u00e1r mellett a desszertek koron\u00e1zatlan kir\u00e1lyn\u0151je, Baracskay Ang\u00e9la is tagja a csapatnak, aki eg\u00e9szs\u00e9ges \u00e9s finom desszerteket aj\u00e1nl a m\u0171sorban.","languageCode":"hun","countryCode":"HU","deviceCode":"web","medium":"TV","categories":[{"id":"271090244349","title":"Show","scheme":"urn:tva:metadata:cs:UPCEventGenreCS:2009"}],"isAdult":false,"parentalRating":"12","cast":[],"directors":[],"images":[{"assetType":"boxart-large","assetTypes":["boxart-large"],"width":180,"height":260,"url":"https:\/\/wp16-images-hu-dynamic.horizon.tv\/HU\/Images\/bc_ad283e308a10c7b5e7190f9ac5fa876c0ebfdab2.jpg?w=180&h=260&mode=box"},{"assetType":"tva-boxcover","assetTypes":["tva-boxcover"],"width":180,"height":260,"url":"https:\/\/wp16-images-hu-dynamic.horizon.tv\/HU\/Images\/bc_ad283e308a10c7b5e7190f9ac5fa876c0ebfdab2.jpg"},{"assetType":"boxart-small","assetTypes":["boxart-small"],"width":75,"height":108,"url":"https:\/\/wp16-images-hu-dynamic.horizon.tv\/HU\/Images\/bc_ad283e308a10c7b5e7190f9ac5fa876c0ebfdab2.jpg?w=75&h=108&mode=box"},{"assetType":"boxart-xlarge","assetTypes":["boxart-xlarge"],"width":210,"height":303,"url":"https:\/\/wp16-images-hu-dynamic.horizon.tv\/HU\/Images\/bc_ad283e308a10c7b5e7190f9ac5fa876c0ebfdab2.jpg?w=210&h=303&mode=box"},{"assetType":"boxart-medium","assetTypes":["boxart-medium"],"width":110,"height":159,"url":"https:\/\/wp16-images-hu-dynamic.horizon.tv\/HU\/Images\/bc_ad283e308a10c7b5e7190f9ac5fa876c0ebfdab2.jpg?w=110&h=159&mode=box"},{"assetType":"HighResLandscape","assetTypes":["HighResLandscape"],"url":"https:\/\/wp4-images-hu-dynamic.horizon.tv\/HU\/Images\/hrl_6ba9ac7678961d7adc137e409c477f4d3dcf5f15.jpg"},{"assetType":"HighResPortrait","assetTypes":["HighResPortrait"],"url":"https:\/\/wp4-images-hu-dynamic.horizon.tv\/HU\/Images\/hrp_ad283e308a10c7b5e7190f9ac5fa876c0ebfdab2.jpg"}],"mediaGroupId":"crid:~~2F~~2Fport.hu~~2F70383138","secondaryTitle":"(I.\/3)","shortDescription":"B\u00e9res Alexandra \u00e9s Kov\u00e1cs L\u00e1z\u00e1r, azaz L\u00e1z\u00e1r Chef a TV Paprika Fitt-t\u00e9r\u00edt\u0151i a betegs\u00e9gekre, probl\u00e9m\u00e1kra keresnek az \u00e9tkez\u00e9ssel \u00f6sszef\u00fcgg\u0151 megold\u00e1sokat.","mediaType":"Episode","year":"2011","isReplayTv":false,"seriesEpisodeNumber":"3","seriesNumber":"1","videoStreams":[],"airDate":1293840000000,"entitlements":["VIP","_OPEN_"],"currentProductIds":[],"currentTvodProductIds":[]},"parentId":"crid:~~2F~~2Fport.hu~~2F70383138","rootId":"crid:~~2F~~2Fport.hu~~2F70383138"}