{"id":"crid:~~2F~~2Fport.hu~~2F18663681-imi:00100000005D9F64","countryCode":"HU","languageCode":"hun","deviceCode":"web","startTime":1525707000000,"endTime":1525708800000,"stationId":"826989607239","imi":"imi:00100000005D9F64","mediaGroupId":"crid:~~2F~~2Fport.hu~~2F6342406","program":{"id":"crid:~~2F~~2Fport.hu~~2F18663681","title":"Melissa \u00e9s Joey","description":"(III.\/10) Mel Burke \u00f6nkorm\u00e1nyzati politikus, aki egyed\u00fcl\u00e1ll\u00f3 p\u00f3tanyak\u00e9nt neveli tizen\u00e9ves unokah\u00fag\u00e1t \u00e9s unoka\u00f6ccs\u00e9t. \u00c9ppen kezdenek \u00f6sszecsapni a feje f\u00f6l\u00f6tt a hull\u00e1mok, amikor a gyerekek mell\u00e9 \u00e9s a h\u00e1ztart\u00e1s vezet\u00e9s\u00e9re v\u00e1ratlan seg\u00edts\u00e9g jelentkezik: Joe, aki t\u00f6rt\u00e9netesen Mel s\u00f3gora miatt vesztette el minden vagyon\u00e1t.","longDescription":"(III.\/10) Mel Burke \u00f6nkorm\u00e1nyzati politikus, aki egyed\u00fcl\u00e1ll\u00f3 p\u00f3tanyak\u00e9nt neveli tizen\u00e9ves unokah\u00fag\u00e1t \u00e9s unoka\u00f6ccs\u00e9t. \u00c9ppen kezdenek \u00f6sszecsapni a feje f\u00f6l\u00f6tt a hull\u00e1mok, amikor a gyerekek mell\u00e9 \u00e9s a h\u00e1ztart\u00e1s vezet\u00e9s\u00e9re v\u00e1ratlan seg\u00edts\u00e9g jelentkezik: Joe, aki t\u00f6rt\u00e9netesen Mel s\u00f3gora miatt vesztette el minden vagyon\u00e1t.","languageCode":"hun","countryCode":"HU","deviceCode":"web","medium":"TV","categories":[{"id":"271090244428","title":"Dr\u00e1ma","scheme":"urn:tva:metadata:cs:UPCEventGenreCS:2009"},{"id":"271090244432","title":"Kom\u00e9dia\/Filmv\u00edgj\u00e1t\u00e9k","scheme":"urn:tva:metadata:cs:UPCEventGenreCS:2009"}],"isAdult":false,"parentalRating":"12","cast":["Melissa Joan Hart","Joseph Lawrence","Taylor Spreitler","Lucy DeVito","Elizabeth Ho","Rachel G. Fox","Miles Wood","Marla Sokoloff"],"directors":["Steve Zuckerman","David Trainer","Ted Wass","Melissa Joan Hart"],"images":[{"assetType":"boxart-large","assetTypes":["boxart-large"],"width":180,"height":260,"url":"https:\/\/wp24-images-hu-dynamic.horizon.tv\/HU\/Images\/bc_20a5a857d6339775672d9d51be2c28f6182c98f1.jpg?w=180&h=260&mode=box"},{"assetType":"boxart-small","assetTypes":["boxart-small"],"width":75,"height":108,"url":"https:\/\/wp24-images-hu-dynamic.horizon.tv\/HU\/Images\/bc_20a5a857d6339775672d9d51be2c28f6182c98f1.jpg?w=75&h=108&mode=box"},{"assetType":"boxart-xlarge","assetTypes":["boxart-xlarge"],"width":210,"height":303,"url":"https:\/\/wp24-images-hu-dynamic.horizon.tv\/HU\/Images\/bc_20a5a857d6339775672d9d51be2c28f6182c98f1.jpg?w=210&h=303&mode=box"},{"assetType":"tva-boxcover","assetTypes":["tva-boxcover"],"width":180,"height":260,"url":"https:\/\/wp24-images-hu-dynamic.horizon.tv\/HU\/Images\/bc_20a5a857d6339775672d9d51be2c28f6182c98f1.jpg"},{"assetType":"boxart-medium","assetTypes":["boxart-medium"],"width":110,"height":159,"url":"https:\/\/wp24-images-hu-dynamic.horizon.tv\/HU\/Images\/bc_20a5a857d6339775672d9d51be2c28f6182c98f1.jpg?w=110&h=159&mode=box"},{"assetType":"HighResLandscape","assetTypes":["HighResLandscape"],"url":"https:\/\/wp18-images-hu-dynamic.horizon.tv\/HU\/Images\/hrl_4cf045976770a808636e0d0d724217fa2a389b35.jpg"}],"mediaGroupId":"crid:~~2F~~2Fport.hu~~2F6342406","secondaryTitle":"Csal\u00e1dban nem marad (III.\/10)","shortDescription":"Mel Burke \u00f6nkorm\u00e1nyzati politikus, aki egyed\u00fcl\u00e1ll\u00f3 p\u00f3tanyak\u00e9nt neveli tizen\u00e9ves unokah\u00fag\u00e1t \u00e9s unoka\u00f6ccs\u00e9t. a gyerekek mell\u00e9 \u00e9s a h\u00e1ztart\u00e1s vezet\u00e9s\u00e9re v\u00e1ratlan seg\u00edts\u00e9g jelentkezik Joe szem\u00e9ly\u00e9ben.","mediaType":"Episode","year":"2013","isReplayTv":false,"seriesEpisodeNumber":"10","seriesNumber":"3","videoStreams":[],"airDate":1356998400000,"entitlements":["VIP","_OPEN_"],"currentProductIds":[],"currentTvodProductIds":[]},"parentId":"crid:~~2F~~2Fport.hu~~2F6342406","rootId":"crid:~~2F~~2Fport.hu~~2F6342406"}