{"id":"crid:~~2F~~2Fport.hu~~2F33696876-imi:00100000005DA957","countryCode":"HU","languageCode":"hun","deviceCode":"web","startTime":1525552800000,"endTime":1525557900000,"stationId":"826989607217","imi":"imi:00100000005DA957","mediaGroupId":"crid:~~2F~~2Fport.hu~~2F33696876","program":{"id":"crid:~~2F~~2Fport.hu~~2F33696876","title":"V\u00e1gyak nyom\u00e1ban","description":"A \"\"Naps\u00fct\u00f6tte Toszk\u00e1na\"\" mint\u00e1j\u00e1ra, James (Ethan Peck) kil\u00e9p a munkahely\u00e9r\u0151l \u00e9s v\u00e9g\u00fcl elkezdi k\u00f6vetni az \u00e1lm\u00e1t. Egy nagy szerep inspir\u00e1lja \u0151t, elmegy egy \u00f6nfelfedez\u0151 \u00fatra, Spanyolorsz\u00e1gba. Ott James megismerkedik a gy\u00f6ny\u00f6r\u0171 Veronic\u00e1val (Elsa Pataky), valamint a dr\u00e1ma\u00edr\u00f3val, aki megv\u00e1ltoztatta az \u00e9let\u00e9t. James gyorsan a v\u00e1gy, a szerelem \u00e9s a megt\u00f6rt bizalom kusza h\u00e1l\u00f3j\u00e1ba ker\u00fcl.","longDescription":"A \"\"Naps\u00fct\u00f6tte Toszk\u00e1na\"\" mint\u00e1j\u00e1ra, James (Ethan Peck) kil\u00e9p a munkahely\u00e9r\u0151l \u00e9s v\u00e9g\u00fcl elkezdi k\u00f6vetni az \u00e1lm\u00e1t. Egy nagy szerep inspir\u00e1lja \u0151t, elmegy egy \u00f6nfelfedez\u0151 \u00fatra, Spanyolorsz\u00e1gba. Ott James megismerkedik a gy\u00f6ny\u00f6r\u0171 Veronic\u00e1val (Elsa Pataky), valamint a dr\u00e1ma\u00edr\u00f3val, aki megv\u00e1ltoztatta az \u00e9let\u00e9t. James gyorsan a v\u00e1gy, a szerelem \u00e9s a megt\u00f6rt bizalom kusza h\u00e1l\u00f3j\u00e1ba ker\u00fcl.","languageCode":"hun","countryCode":"HU","deviceCode":"web","medium":"Movie","categories":[{"id":"271090244337","title":"Filmdr\u00e1ma","scheme":"urn:tva:metadata:cs:UPCEventGenreCS:2009"}],"isAdult":false,"parentalRating":"16","cast":["Elsa Pataky","Marcia Gay Harden","Sonia Braga","Kelsey Chow","Ethan Peck","Mimi Gianopulos","Najwa Nimri","Dominic Allburn","Rebecca Flinn","Ross Kurt Le","Jonathan D. Mellor","Michael Scott Allen","Daniel Montgomery","Bob Wells","Francesc Prat","Tomas Conlon","Kate Rappoport","Cristina Dilla","Michelle N. Grey","KC Wright","Laura Thatcher","Albert Morera","Andrea L. Hart","Jassen Lloyd","Montel Vander Horck III","Nicholas Dominic Talvola","Afrika Bibang"],"directors":["Maria Matteoli"],"images":[{"assetType":"boxart-small","assetTypes":["boxart-small"],"width":75,"height":108,"url":"https:\/\/wp19-images-hu-dynamic.horizon.tv\/HU\/Images\/upcgenre_17.jpg?w=75&h=108&mode=box"},{"assetType":"boxart-large","assetTypes":["boxart-large"],"width":180,"height":260,"url":"https:\/\/wp19-images-hu-dynamic.horizon.tv\/HU\/Images\/upcgenre_17.jpg?w=180&h=260&mode=box"},{"assetType":"tva-boxcover","assetTypes":["tva-boxcover"],"width":180,"height":260,"url":"https:\/\/wp19-images-hu-dynamic.horizon.tv\/HU\/Images\/upcgenre_17.jpg"},{"assetType":"boxart-xlarge","assetTypes":["boxart-xlarge"],"width":210,"height":303,"url":"https:\/\/wp19-images-hu-dynamic.horizon.tv\/HU\/Images\/upcgenre_17.jpg?w=210&h=303&mode=box"},{"assetType":"boxart-medium","assetTypes":["boxart-medium"],"width":110,"height":159,"url":"https:\/\/wp19-images-hu-dynamic.horizon.tv\/HU\/Images\/upcgenre_17.jpg?w=110&h=159&mode=box"},{"assetType":"HighResLandscape","assetTypes":["HighResLandscape"],"url":"https:\/\/wp25-images-hu-dynamic.horizon.tv\/HU\/Images\/hrl_08c12021bab5b8c9151d2a0e3dcce7fbb78e777c.jpg"}],"mediaGroupId":"crid:~~2F~~2Fport.hu~~2F33696876","shortDescription":"A \"\"Naps\u00fct\u00f6tte Toszk\u00e1na\"\" mint\u00e1j\u00e1ra, James (Ethan Peck) kil\u00e9p a munkahely\u00e9r\u0151l \u00e9s v\u00e9g\u00fcl elkezdi k\u00f6vetni az \u00e1lm\u00e1t. Egy nagy szerep inspir\u00e1lja \u0151t, elmegy egy \u00f6nfelfedez\u0151 \u00fatra, Spanyolorsz\u00e1gba. Ott...","mediaType":"FeatureFilm","year":"2013","isReplayTv":false,"videoStreams":[],"airDate":1356998400000,"entitlements":["VIP","_OPEN_"],"currentProductIds":[],"currentTvodProductIds":[]},"parentId":"crid:~~2F~~2Fport.hu~~2F33696876","rootId":"crid:~~2F~~2Fport.hu~~2F33696876"}