{"id":"crid:~~2F~~2Fport.hu~~2F91022018-imi:00100000005D4B1A","countryCode":"HU","languageCode":"hun","deviceCode":"web","startTime":1525602000000,"endTime":1525606500000,"stationId":"826989607151","imi":"imi:00100000005D4B1A","mediaGroupId":"crid:~~2F~~2Fport.hu~~2F91022018","program":{"id":"crid:~~2F~~2Fport.hu~~2F91022018","title":"Motogp Spanyol Nagyd\u00edj \u2013 Moto2 Futam","description":"A gyorsas\u00e1gi motoros vil\u00e1gbajnoks\u00e1g, ismertebb nev\u00e9n MotoGP, a motorker\u00e9kp\u00e1rsport legmagasabb oszt\u00e1lya, szab\u00e1lyait az FIM hat\u00e1rozza meg. Jelenleg h\u00e1rom sz\u00e9ria kap helyet a sport\u00e1gban: a Moto3, a Moto2 \u00e9s a MotoGP. A gyorsas\u00e1gi motoros vil\u00e1gbajnoks\u00e1g 19 versenyhelysz\u00ednb\u0151l \u00e1ll\u00f3 2018-as szezonj\u00e1nak k\u00f6zvet\u00edt\u00e9se a Sp\u00edler TV m\u0171sor\u00e1n!","longDescription":"A gyorsas\u00e1gi motoros vil\u00e1gbajnoks\u00e1g, ismertebb nev\u00e9n MotoGP, a motorker\u00e9kp\u00e1rsport legmagasabb oszt\u00e1lya, szab\u00e1lyait az FIM hat\u00e1rozza meg. Jelenleg h\u00e1rom sz\u00e9ria kap helyet a sport\u00e1gban: a Moto3, a Moto2 \u00e9s a MotoGP. A gyorsas\u00e1gi motoros vil\u00e1gbajnoks\u00e1g 19 versenyhelysz\u00ednb\u0151l \u00e1ll\u00f3 2018-as szezonj\u00e1nak k\u00f6zvet\u00edt\u00e9se a Sp\u00edler TV m\u0171sor\u00e1n!","languageCode":"hun","countryCode":"HU","deviceCode":"web","medium":"TV","categories":[{"id":"271090244353","title":"Sport","scheme":"urn:tva:metadata:cs:UPCEventGenreCS:2009"},{"id":"271090244365","title":"Motorsport","scheme":"urn:tva:metadata:cs:UPCEventGenreCS:2009"}],"isAdult":false,"parentalRating":"12","cast":[],"directors":[],"images":[{"assetType":"boxart-medium","assetTypes":["boxart-medium"],"width":110,"height":159,"url":"https:\/\/wp22-images-hu-dynamic.horizon.tv\/HU\/Images\/upcgenre_47.jpg?w=110&h=159&mode=box"},{"assetType":"boxart-large","assetTypes":["boxart-large"],"width":180,"height":260,"url":"https:\/\/wp22-images-hu-dynamic.horizon.tv\/HU\/Images\/upcgenre_47.jpg?w=180&h=260&mode=box"},{"assetType":"boxart-xlarge","assetTypes":["boxart-xlarge"],"width":210,"height":303,"url":"https:\/\/wp22-images-hu-dynamic.horizon.tv\/HU\/Images\/upcgenre_47.jpg?w=210&h=303&mode=box"},{"assetType":"tva-boxcover","assetTypes":["tva-boxcover"],"width":180,"height":260,"url":"https:\/\/wp22-images-hu-dynamic.horizon.tv\/HU\/Images\/upcgenre_47.jpg"},{"assetType":"boxart-small","assetTypes":["boxart-small"],"width":75,"height":108,"url":"https:\/\/wp22-images-hu-dynamic.horizon.tv\/HU\/Images\/upcgenre_47.jpg?w=75&h=108&mode=box"}],"mediaGroupId":"crid:~~2F~~2Fport.hu~~2F91022018","shortDescription":"A gyorsas\u00e1gi motoros vil\u00e1gbajnoks\u00e1g, ismertebb nev\u00e9n MotoGP, a motorker\u00e9kp\u00e1rsport legmagasabb oszt\u00e1lya, szab\u00e1lyait az FIM hat\u00e1rozza meg. Jelenleg h\u00e1rom sz\u00e9ria kap helyet a sport\u00e1gban: a Moto3, a...","mediaType":"Episode","year":"2018","isReplayTv":false,"videoStreams":[],"airDate":1514764800000,"entitlements":["VIP","_OPEN_"],"currentProductIds":[],"currentTvodProductIds":[]},"parentId":"crid:~~2F~~2Fport.hu~~2F91022018","rootId":"crid:~~2F~~2Fport.hu~~2F91022018"}