{"id":"crid:~~2F~~2Fport.hu~~2F90467956-imi:00100000005D5400","countryCode":"HU","languageCode":"hun","deviceCode":"web","startTime":1525718100000,"endTime":1525719600000,"stationId":"826989607189","imi":"imi:00100000005D5400","mediaGroupId":"crid:~~2F~~2Fport.hu~~2F4256734","program":{"id":"crid:~~2F~~2Fport.hu~~2F90467956","title":"Judy b\u00edr\u00f3n\u0151","description":"Dokumentumfilm","longDescription":"Dokumentumfilm","languageCode":"hun","countryCode":"HU","deviceCode":"web","medium":"TV","categories":[{"id":"271090244398","title":"T\u00e1rsadalmi\/Politikai","scheme":"urn:tva:metadata:cs:UPCEventGenreCS:2009"},{"id":"271090244399","title":"Dokumentumfilm","scheme":"urn:tva:metadata:cs:UPCEventGenreCS:2009"}],"isAdult":false,"parentalRating":"3","cast":[],"directors":[],"images":[{"assetType":"boxart-xlarge","assetTypes":["boxart-xlarge"],"width":210,"height":303,"url":"https:\/\/wp15-images-hu-dynamic.horizon.tv\/HU\/Images\/bc_70a9c8d21a8477e6716f30d34235581c8ae0c4cc.jpg?w=210&h=303&mode=box"},{"assetType":"boxart-small","assetTypes":["boxart-small"],"width":75,"height":108,"url":"https:\/\/wp15-images-hu-dynamic.horizon.tv\/HU\/Images\/bc_70a9c8d21a8477e6716f30d34235581c8ae0c4cc.jpg?w=75&h=108&mode=box"},{"assetType":"boxart-medium","assetTypes":["boxart-medium"],"width":110,"height":159,"url":"https:\/\/wp15-images-hu-dynamic.horizon.tv\/HU\/Images\/bc_70a9c8d21a8477e6716f30d34235581c8ae0c4cc.jpg?w=110&h=159&mode=box"},{"assetType":"tva-boxcover","assetTypes":["tva-boxcover"],"width":180,"height":260,"url":"https:\/\/wp15-images-hu-dynamic.horizon.tv\/HU\/Images\/bc_70a9c8d21a8477e6716f30d34235581c8ae0c4cc.jpg"},{"assetType":"boxart-large","assetTypes":["boxart-large"],"width":180,"height":260,"url":"https:\/\/wp15-images-hu-dynamic.horizon.tv\/HU\/Images\/bc_70a9c8d21a8477e6716f30d34235581c8ae0c4cc.jpg?w=180&h=260&mode=box"}],"mediaGroupId":"crid:~~2F~~2Fport.hu~~2F4256734","shortDescription":"Dokumentumfilm","mediaType":"Episode","isReplayTv":false,"seriesEpisodeNumber":"1805071125","seriesNumber":"1805111100","videoStreams":[],"entitlements":["VIP","_OPEN_"],"currentProductIds":[],"currentTvodProductIds":[]},"parentId":"crid:~~2F~~2Fport.hu~~2F4256734","rootId":"crid:~~2F~~2Fport.hu~~2F4256734"}