{"id":"crid:~~2F~~2Fport.hu~~2F1523716-imi:00100000005D3B0E","countryCode":"HU","languageCode":"hun","deviceCode":"web","startTime":1525511400000,"endTime":1525518600000,"stationId":"826989607219","imi":"imi:00100000005D3B0E","mediaGroupId":"crid:~~2F~~2Fport.hu~~2F1523716","program":{"id":"crid:~~2F~~2Fport.hu~~2F1523716","title":"A temet\u00e9sem szervezem","description":"A v\u00e1rosiak hossz\u00fa \u00e9vek \u00f3ta rettegnek Felix Bush-t\u00f3l pedig a f\u00e9rfi mag\u00e1nyosan \u00e9l erdei h\u00e1z\u00e1ban. M\u00e9gis, az emberek \u00fagy tartj\u00e1k, elmondhatatlan b\u0171n\u00f6k terhelik a f\u00e9rfit, hidegv\u00e9rrel gyilkol, s\u0151t, m\u00e9g az \u00f6rd\u00f6ggel is sz\u00f6vetkezett. Felixet \u00fagy ker\u00fcli mindenki, mintha pestises lenne, \u0151 egy nap m\u00e9gis lemegy a v\u00e1rosba, hogy a temetkez\u00e9si v\u00e1llalkoz\u00f3val rendezze saj\u00e1t temet\u00e9s\u00e9nek \u00fcgy\u00e9t. Persze nem szok\u00e1sos szertart\u00e1sban gondolkodik: r\u00e9szt k\u00edv\u00e1n venni az esem\u00e9nyen, m\u00e9ghozz\u00e1 \u00e9lesben \u2013 vagyis minden gy\u00e1szol\u00f3 k\u00f6teles elmes\u00e9lni egy r\u00f3la sz\u00f3l\u00f3, legend\u00e1s t\u00f6rt\u00e9netet. A v\u00e1llalkoz\u00f3 seg\u00e9dje k\u00f6zel ker\u00fcl a k\u00fcl\u00f6nc \u00f6reg\u00farhoz. A r\u00e9szletek sz\u00e9p lassan \u00f6ssze\u00e1llnak, felt\u00e1rva egy s\u00f6t\u00e9t titok \u00e9s egy hatalmas szerelem r\u00e9szleteit.","longDescription":"A v\u00e1rosiak hossz\u00fa \u00e9vek \u00f3ta rettegnek Felix Bush-t\u00f3l pedig a f\u00e9rfi mag\u00e1nyosan \u00e9l erdei h\u00e1z\u00e1ban. M\u00e9gis, az emberek \u00fagy tartj\u00e1k, elmondhatatlan b\u0171n\u00f6k terhelik a f\u00e9rfit, hidegv\u00e9rrel gyilkol, s\u0151t, m\u00e9g az \u00f6rd\u00f6ggel is sz\u00f6vetkezett. Felixet \u00fagy ker\u00fcli mindenki, mintha pestises lenne, \u0151 egy nap m\u00e9gis lemegy a v\u00e1rosba, hogy a temetkez\u00e9si v\u00e1llalkoz\u00f3val rendezze saj\u00e1t temet\u00e9s\u00e9nek \u00fcgy\u00e9t. Persze nem szok\u00e1sos szertart\u00e1sban gondolkodik: r\u00e9szt k\u00edv\u00e1n venni az esem\u00e9nyen, m\u00e9ghozz\u00e1 \u00e9lesben \u2013 vagyis minden gy\u00e1szol\u00f3 k\u00f6teles elmes\u00e9lni egy r\u00f3la sz\u00f3l\u00f3, legend\u00e1s t\u00f6rt\u00e9netet. A v\u00e1llalkoz\u00f3 seg\u00e9dje k\u00f6zel ker\u00fcl a k\u00fcl\u00f6nc \u00f6reg\u00farhoz. A r\u00e9szletek sz\u00e9p lassan \u00f6ssze\u00e1llnak, felt\u00e1rva egy s\u00f6t\u00e9t titok \u00e9s egy hatalmas szerelem r\u00e9szleteit.","languageCode":"hun","countryCode":"HU","deviceCode":"web","medium":"Movie","categories":[{"id":"271090244337","title":"Filmdr\u00e1ma","scheme":"urn:tva:metadata:cs:UPCEventGenreCS:2009"}],"isAdult":false,"parentalRating":"12","cast":["Robert Duvall","Bill Murray","Sissy Spacek","Lucas Black","Bill Cobbs","Gerald McRaney","Scott Cooper","Lori Beth Edgeman"],"directors":["Aaron Schneider"],"images":[{"assetType":"boxart-large","assetTypes":["boxart-large"],"width":180,"height":260,"url":"https:\/\/wp19-images-hu-dynamic.horizon.tv\/HU\/Images\/bc_f71d60833aa0afaeabb6c85190884b0c01dd1006.jpg?w=180&h=260&mode=box"},{"assetType":"boxart-medium","assetTypes":["boxart-medium"],"width":110,"height":159,"url":"https:\/\/wp19-images-hu-dynamic.horizon.tv\/HU\/Images\/bc_f71d60833aa0afaeabb6c85190884b0c01dd1006.jpg?w=110&h=159&mode=box"},{"assetType":"boxart-small","assetTypes":["boxart-small"],"width":75,"height":108,"url":"https:\/\/wp19-images-hu-dynamic.horizon.tv\/HU\/Images\/bc_f71d60833aa0afaeabb6c85190884b0c01dd1006.jpg?w=75&h=108&mode=box"},{"assetType":"boxart-xlarge","assetTypes":["boxart-xlarge"],"width":210,"height":303,"url":"https:\/\/wp19-images-hu-dynamic.horizon.tv\/HU\/Images\/bc_f71d60833aa0afaeabb6c85190884b0c01dd1006.jpg?w=210&h=303&mode=box"},{"assetType":"tva-boxcover","assetTypes":["tva-boxcover"],"width":180,"height":260,"url":"https:\/\/wp19-images-hu-dynamic.horizon.tv\/HU\/Images\/bc_f71d60833aa0afaeabb6c85190884b0c01dd1006.jpg"}],"mediaGroupId":"crid:~~2F~~2Fport.hu~~2F1523716","shortDescription":"Felix Bush egy nap lemegy a v\u00e1rosba, hogy a temetkez\u00e9si v\u00e1llalkoz\u00f3val rendezze saj\u00e1t temet\u00e9s\u00e9nek \u00fcgy\u00e9t. Persze nem szok\u00e1sos szertart\u00e1sban gondolkodik: r\u00e9szt k\u00edv\u00e1n venni az esem\u00e9nyen, m\u00e9ghozz\u00e1 \u00e9lve.","mediaType":"FeatureFilm","year":"2009","duration":7200,"latestBroadcastStartTime":1525266900000,"latestBroadcastEndTime":1525274100000,"isReplayTv":true,"listingId":"crid:~~2F~~2Fport.hu~~2F1523716-imi:00100000005CED4F","videoStreams":[],"airDate":1230768000000,"entitlements":["VIP","_OPEN_","crid:~~2F~~2Fupc.com~~2FReplayTV~~2FFilm_Mania_ReplayTV_CU"],"currentProductIds":["crid:~~2F~~2Fupc.com~~2FReplayTV~~2FFilm_Mania_ReplayTV_CU"],"currentTvodProductIds":[]},"parentId":"crid:~~2F~~2Fport.hu~~2F1523716","rootId":"crid:~~2F~~2Fport.hu~~2F1523716"}