{"id":"crid:~~2F~~2Fport.hu~~2F90273328-imi:00100000005D364A","countryCode":"HU","languageCode":"hun","deviceCode":"web","startTime":1525521600000,"endTime":1525522500000,"stationId":"826989607279","imi":"imi:00100000005D364A","mediaGroupId":"crid:~~2F~~2Fport.hu~~2F68056721","program":{"id":"crid:~~2F~~2Fport.hu~~2F90273328","title":"Watts","description":"Magazinm\u0171sor","longDescription":"Magazinm\u0171sor","languageCode":"hun","countryCode":"HU","deviceCode":"web","medium":"TV","categories":[{"id":"271090244353","title":"Sport","scheme":"urn:tva:metadata:cs:UPCEventGenreCS:2009"},{"id":"271090244358","title":"Magazinm\u0171sor","scheme":"urn:tva:metadata:cs:UPCEventGenreCS:2009"}],"isAdult":false,"parentalRating":"3","cast":[],"directors":[],"images":[{"assetType":"tva-boxcover","assetTypes":["tva-boxcover"],"width":180,"height":260,"url":"https:\/\/wp13-images-hu-dynamic.horizon.tv\/HU\/Images\/upcgenre_42.jpg"},{"assetType":"boxart-medium","assetTypes":["boxart-medium"],"width":110,"height":159,"url":"https:\/\/wp13-images-hu-dynamic.horizon.tv\/HU\/Images\/upcgenre_42.jpg?w=110&h=159&mode=box"},{"assetType":"boxart-large","assetTypes":["boxart-large"],"width":180,"height":260,"url":"https:\/\/wp13-images-hu-dynamic.horizon.tv\/HU\/Images\/upcgenre_42.jpg?w=180&h=260&mode=box"},{"assetType":"boxart-small","assetTypes":["boxart-small"],"width":75,"height":108,"url":"https:\/\/wp13-images-hu-dynamic.horizon.tv\/HU\/Images\/upcgenre_42.jpg?w=75&h=108&mode=box"},{"assetType":"boxart-xlarge","assetTypes":["boxart-xlarge"],"width":210,"height":303,"url":"https:\/\/wp13-images-hu-dynamic.horizon.tv\/HU\/Images\/upcgenre_42.jpg?w=210&h=303&mode=box"},{"assetType":"HighResLandscape","assetTypes":["HighResLandscape"],"url":"https:\/\/wp3-images-hu-dynamic.horizon.tv\/HU\/Images\/hrl_06f2caa95cb1274029964eb94d44e317da92ae8e.jpg"}],"mediaGroupId":"crid:~~2F~~2Fport.hu~~2F68056721","shortDescription":"Magazinm\u0171sor","mediaType":"Episode","isReplayTv":false,"seriesEpisodeNumber":"1805051400","seriesNumber":"1805032105","videoStreams":[],"entitlements":["VIP","_OPEN_"],"currentProductIds":[],"currentTvodProductIds":[]},"parentId":"crid:~~2F~~2Fport.hu~~2F68056721","rootId":"crid:~~2F~~2Fport.hu~~2F68056721"}