{"id":"crid:~~2F~~2Fport.hu~~2F74587153-imi:00100000005D1F6B","countryCode":"HU","languageCode":"hun","deviceCode":"web","startTime":1525425900000,"endTime":1525426200000,"stationId":"826989607229","imi":"imi:00100000005D1F6B","mediaGroupId":"crid:~~2F~~2Fport.hu~~2F67739616","program":{"id":"crid:~~2F~~2Fport.hu~~2F74587153","title":"Kukori \u00e9s Kotkoda","description":"Kukori \u00e9s Kotkoda h\u00e1zass\u00e1ga nem mondhat\u00f3 felh\u0151tlennek. Kukori nem nagyon szereti a h\u00e1zimunk\u00e1t, \u00edgy sok bossz\u00fas\u00e1got okoz Kotkod\u00e1nak. A b\u00fcntet\u00e9s csak az\u00e9rt maradhat el, mert ezek a sz\u00e1rnyasok szeretik egym\u00e1st. Milyen sz\u00e9p is a t\u00e1rsas kapirg\u00e1l\u00e1s a k\u00f6z\u00f6s szem\u00e9tdombon!","longDescription":"Kukori \u00e9s Kotkoda h\u00e1zass\u00e1ga nem mondhat\u00f3 felh\u0151tlennek. Kukori nem nagyon szereti a h\u00e1zimunk\u00e1t, \u00edgy sok bossz\u00fas\u00e1got okoz Kotkod\u00e1nak. A b\u00fcntet\u00e9s csak az\u00e9rt maradhat el, mert ezek a sz\u00e1rnyasok szeretik egym\u00e1st. Milyen sz\u00e9p is a t\u00e1rsas kapirg\u00e1l\u00e1s a k\u00f6z\u00f6s szem\u00e9tdombon!","languageCode":"hun","countryCode":"HU","deviceCode":"web","medium":"TV","categories":[{"id":"271090244428","title":"Dr\u00e1ma","scheme":"urn:tva:metadata:cs:UPCEventGenreCS:2009"}],"isAdult":false,"parentalRating":"3","cast":["K\u00f3ti Katalin","Simor Erzsi","D\u00f6ms\u00f6di J\u00e1nos","Kautzky J\u00f3zsef"],"directors":["Mata J\u00e1nos","Szab\u00f3 Szabolcs"],"images":[{"assetType":"boxart-small","assetTypes":["boxart-small"],"width":75,"height":108,"url":"https:\/\/wp12-images-hu-dynamic.horizon.tv\/HU\/Images\/bc_a8d6860677ce4a88e8e5c8a019474efe1c2e3252.jpg?w=75&h=108&mode=box"},{"assetType":"boxart-medium","assetTypes":["boxart-medium"],"width":110,"height":159,"url":"https:\/\/wp12-images-hu-dynamic.horizon.tv\/HU\/Images\/bc_a8d6860677ce4a88e8e5c8a019474efe1c2e3252.jpg?w=110&h=159&mode=box"},{"assetType":"boxart-large","assetTypes":["boxart-large"],"width":180,"height":260,"url":"https:\/\/wp12-images-hu-dynamic.horizon.tv\/HU\/Images\/bc_a8d6860677ce4a88e8e5c8a019474efe1c2e3252.jpg?w=180&h=260&mode=box"},{"assetType":"boxart-xlarge","assetTypes":["boxart-xlarge"],"width":210,"height":303,"url":"https:\/\/wp12-images-hu-dynamic.horizon.tv\/HU\/Images\/bc_a8d6860677ce4a88e8e5c8a019474efe1c2e3252.jpg?w=210&h=303&mode=box"},{"assetType":"tva-boxcover","assetTypes":["tva-boxcover"],"width":180,"height":260,"url":"https:\/\/wp12-images-hu-dynamic.horizon.tv\/HU\/Images\/bc_a8d6860677ce4a88e8e5c8a019474efe1c2e3252.jpg"},{"assetType":"HighResLandscape","assetTypes":["HighResLandscape"],"url":"https:\/\/wp3-images-hu-dynamic.horizon.tv\/HU\/Images\/hrl_6ed896caea1f9449736cf0b4ca2001f4130668c6.jpg"}],"mediaGroupId":"crid:~~2F~~2Fport.hu~~2F67739616","secondaryTitle":"Valami rep\u00fcl","shortDescription":"Kukori \u00e9s Kotkoda \"h\u00e1zass\u00e1ga\" nem mondhat\u00f3 felh\u0151tlennek. Kukori nem nagyon szereti a h\u00e1zimunk\u00e1t, \u00edgy sok bossz\u00fas\u00e1got okoz Kotkod\u00e1nak.","mediaType":"Episode","isReplayTv":false,"seriesEpisodeNumber":"1805040500","seriesNumber":"1805021125","videoStreams":[],"entitlements":["VIP","_OPEN_"],"currentProductIds":[],"currentTvodProductIds":[]},"parentId":"crid:~~2F~~2Fport.hu~~2F67739616","rootId":"crid:~~2F~~2Fport.hu~~2F67739616"}