{"id":"crid:~~2F~~2Fport.hu~~2F3407337-imi:00100000005D3A4E","countryCode":"HU","languageCode":"hun","deviceCode":"web","startTime":1525528500000,"endTime":1525535100000,"stationId":"826989607208","imi":"imi:00100000005D3A4E","mediaGroupId":"crid:~~2F~~2Fport.hu~~2F3407337","program":{"id":"crid:~~2F~~2Fport.hu~~2F3407337","title":"A pof\u00e1tlan","description":"Steve Barker mer\u00e9sz \u00f6tlettel \u00e1ll el\u0151, hogyan lehetne p\u00e9nzt szerezni nagyb\u00e1tyja k\u00e1rtyaad\u00f3ss\u00e1g\u00e1nak t\u00f6rleszt\u00e9shez: fogyat\u00e9kosnak adja ki mag\u00e1t \u00e9s benevez a p\u00e9nzd\u00edjas paralimpi\u00e1ra. A versenyt\u00e1rsakat azonban r\u00e1j\u00f6nnek a turpiss\u00e1gra.","longDescription":"Steve Barker mer\u00e9sz \u00f6tlettel \u00e1ll el\u0151, hogyan lehetne p\u00e9nzt szerezni nagyb\u00e1tyja k\u00e1rtyaad\u00f3ss\u00e1g\u00e1nak t\u00f6rleszt\u00e9shez: fogyat\u00e9kosnak adja ki mag\u00e1t \u00e9s benevez a p\u00e9nzd\u00edjas paralimpi\u00e1ra. A versenyt\u00e1rsakat azonban r\u00e1j\u00f6nnek a turpiss\u00e1gra.","languageCode":"hun","countryCode":"HU","deviceCode":"web","medium":"Movie","categories":[{"id":"271090244334","title":"Kom\u00e9dia\/Filmv\u00edgj\u00e1t\u00e9k","scheme":"urn:tva:metadata:cs:UPCEventGenreCS:2009"}],"isAdult":false,"parentalRating":"12","cast":["Johnny Knoxville","Jed Rees","Katherine Heigl","Geoffrey Arend","Terry Funk","Leonard Earl Howze","Brian Cox"],"directors":["Barry W. Blaustein"],"images":[{"assetType":"boxart-xlarge","assetTypes":["boxart-xlarge"],"width":210,"height":303,"url":"https:\/\/wp14-images-hu-dynamic.horizon.tv\/HU\/Images\/bc_01e371d9b37fa271f3bf2aec8f65c66a7e2ab434.jpg?w=210&h=303&mode=box"},{"assetType":"tva-boxcover","assetTypes":["tva-boxcover"],"width":180,"height":260,"url":"https:\/\/wp14-images-hu-dynamic.horizon.tv\/HU\/Images\/bc_01e371d9b37fa271f3bf2aec8f65c66a7e2ab434.jpg"},{"assetType":"boxart-large","assetTypes":["boxart-large"],"width":180,"height":260,"url":"https:\/\/wp14-images-hu-dynamic.horizon.tv\/HU\/Images\/bc_01e371d9b37fa271f3bf2aec8f65c66a7e2ab434.jpg?w=180&h=260&mode=box"},{"assetType":"boxart-medium","assetTypes":["boxart-medium"],"width":110,"height":159,"url":"https:\/\/wp14-images-hu-dynamic.horizon.tv\/HU\/Images\/bc_01e371d9b37fa271f3bf2aec8f65c66a7e2ab434.jpg?w=110&h=159&mode=box"},{"assetType":"boxart-small","assetTypes":["boxart-small"],"width":75,"height":108,"url":"https:\/\/wp14-images-hu-dynamic.horizon.tv\/HU\/Images\/bc_01e371d9b37fa271f3bf2aec8f65c66a7e2ab434.jpg?w=75&h=108&mode=box"},{"assetType":"HighResPortrait","assetTypes":["HighResPortrait"],"url":"https:\/\/wp13-images-hu-dynamic.horizon.tv\/HU\/Images\/hrp_01e371d9b37fa271f3bf2aec8f65c66a7e2ab434.jpg"},{"assetType":"HighResLandscape","assetTypes":["HighResLandscape"],"url":"https:\/\/wp13-images-hu-dynamic.horizon.tv\/HU\/Images\/hrl_0d89ff66d91206a86ec78d7402eb00aca1f31514.jpg"}],"mediaGroupId":"crid:~~2F~~2Fport.hu~~2F3407337","shortDescription":"Steve mer\u00e9sz \u00f6tlettel \u00e1ll el\u0151, hogyan lehetne p\u00e9nzt szerezni nagyb\u00e1tyja k\u00e1rtyaad\u00f3ss\u00e1g\u00e1nak t\u00f6rleszt\u00e9shez: fogyat\u00e9kosnak adja ki mag\u00e1t, \u00e9s benevez a p\u00e9nzd\u00edjas paralimpi\u00e1ra.","mediaType":"FeatureFilm","year":"2005","duration":5700,"latestBroadcastStartTime":1524722100000,"latestBroadcastEndTime":1524727800000,"isReplayTv":true,"listingId":"crid:~~2F~~2Fport.hu~~2F3407337-imi:00100000005C76DF","videoStreams":[],"airDate":1104537600000,"entitlements":["crid:~~2F~~2Fupc.com~~2FReplayTV~~2FHBO2_ReplayTV","VIP","_OPEN_"],"currentProductIds":["crid:~~2F~~2Fupc.com~~2FReplayTV~~2FHBO2_ReplayTV"],"currentTvodProductIds":[]},"parentId":"crid:~~2F~~2Fport.hu~~2F3407337","rootId":"crid:~~2F~~2Fport.hu~~2F3407337"}