{"id":"crid:~~2F~~2Fport.hu~~2F28740113-imi:00100000005D284B","countryCode":"HU","languageCode":"hun","deviceCode":"web","startTime":1525420500000,"endTime":1525426800000,"stationId":"826989607135","imi":"imi:00100000005D284B","mediaGroupId":"crid:~~2F~~2Fport.hu~~2F28740113","program":{"id":"crid:~~2F~~2Fport.hu~~2F28740113","title":"Nyomaszt\u00f3 m\u00falt","description":"Mary Gilbert visszat\u00e9r a r\u00e9gi kast\u00e9lyba. A gondnok r\u00e1besz\u00e9li, hogy ossza meg az eml\u00e9keit vele. A kast\u00e9ly folyos\u00f3in k\u00f3borolva felid\u00e9z\u0151dnek az 50-es \u00e9vek, amikor fiatal l\u00e1nyk\u00e9nt r\u00e9szt vett az est\u00e9lyeken. Az HBO saj\u00e1t gy\u00e1rt\u00e1s\u00fa filmje.","longDescription":"Mary Gilbert visszat\u00e9r a r\u00e9gi kast\u00e9lyba. A gondnok r\u00e1besz\u00e9li, hogy ossza meg az eml\u00e9keit vele. A kast\u00e9ly folyos\u00f3in k\u00f3borolva felid\u00e9z\u0151dnek az 50-es \u00e9vek, amikor fiatal l\u00e1nyk\u00e9nt r\u00e9szt vett az est\u00e9lyeken. Az HBO saj\u00e1t gy\u00e1rt\u00e1s\u00fa filmje.","languageCode":"hun","countryCode":"HU","deviceCode":"web","medium":"Movie","categories":[{"id":"271090244337","title":"Filmdr\u00e1ma","scheme":"urn:tva:metadata:cs:UPCEventGenreCS:2009"}],"isAdult":false,"parentalRating":"12","cast":["Maggie Smith","Danny Lee Wynter","Gemma Arterton","David Walliams","Ruth Wilson"],"directors":["Stephen Poliakoff"],"images":[{"assetType":"boxart-large","assetTypes":["boxart-large"],"width":180,"height":260,"url":"https:\/\/wp21-images-hu-dynamic.horizon.tv\/HU\/Images\/bc_5b8da8d4819c075c784c27d6d54779ed4089b090.jpg?w=180&h=260&mode=box"},{"assetType":"boxart-xlarge","assetTypes":["boxart-xlarge"],"width":210,"height":303,"url":"https:\/\/wp21-images-hu-dynamic.horizon.tv\/HU\/Images\/bc_5b8da8d4819c075c784c27d6d54779ed4089b090.jpg?w=210&h=303&mode=box"},{"assetType":"boxart-medium","assetTypes":["boxart-medium"],"width":110,"height":159,"url":"https:\/\/wp21-images-hu-dynamic.horizon.tv\/HU\/Images\/bc_5b8da8d4819c075c784c27d6d54779ed4089b090.jpg?w=110&h=159&mode=box"},{"assetType":"tva-boxcover","assetTypes":["tva-boxcover"],"width":180,"height":260,"url":"https:\/\/wp21-images-hu-dynamic.horizon.tv\/HU\/Images\/bc_5b8da8d4819c075c784c27d6d54779ed4089b090.jpg"},{"assetType":"boxart-small","assetTypes":["boxart-small"],"width":75,"height":108,"url":"https:\/\/wp21-images-hu-dynamic.horizon.tv\/HU\/Images\/bc_5b8da8d4819c075c784c27d6d54779ed4089b090.jpg?w=75&h=108&mode=box"}],"mediaGroupId":"crid:~~2F~~2Fport.hu~~2F28740113","shortDescription":"Mary Gilbert visszat\u00e9r a r\u00e9gi, egykoron f\u00e9ny\u0171z\u0151 kast\u00e9lyba. A gondnok Joe Dix \u00fcdv\u00f6zli a szunnyad\u00f3 h\u00e1zban \u00e9s r\u00e1besz\u00e9li, hogy ossza meg az eml\u00e9keit vele. A m\u00falt felid\u00e9z\u00e9se nem mindig boldog utaz\u00e1s.","mediaType":"FeatureFilm","year":"2007","duration":6300,"latestBroadcastStartTime":1524384900000,"latestBroadcastEndTime":1524391200000,"isReplayTv":true,"listingId":"crid:~~2F~~2Fport.hu~~2F28740113-imi:00100000005C097A","videoStreams":[],"airDate":1167609600000,"entitlements":["VIP","_OPEN_"],"currentProductIds":[],"currentTvodProductIds":[]},"parentId":"crid:~~2F~~2Fport.hu~~2F28740113","rootId":"crid:~~2F~~2Fport.hu~~2F28740113"}