{"id":"crid:~~2F~~2Fport.hu~~2F90589002-imi:00100000005D4AAF","countryCode":"HU","languageCode":"hun","deviceCode":"web","startTime":1525527900000,"endTime":1525530300000,"stationId":"826989607245","imi":"imi:00100000005D4AAF","mediaGroupId":"crid:~~2F~~2Fport.hu~~2F67809760","program":{"id":"crid:~~2F~~2Fport.hu~~2F90589002","title":"A rejt\u00e9lyes XX. sz\u00e1zad","description":"A gazdagon illusztr\u00e1lt dokumentumfilm sorozat igyekszik megfejteni az elm\u00falt \u00e9vsz\u00e1zad titkait. Neves politikusok, m\u00e1sk\u00e9nt gondolkod\u00f3k, h\u00edrszerz\u0151k sz\u00f3lalnak meg a kamera el\u0151tt, h\u00e1bor\u00fakr\u00f3l, reform k\u00eds\u00e9rletekr\u0151l \u00e9s hat\u00e1rok meg\u00e1llap\u00edt\u00e1s\u00e1r\u00f3l esik sz\u00f3.","longDescription":"A gazdagon illusztr\u00e1lt dokumentumfilm sorozat igyekszik megfejteni az elm\u00falt \u00e9vsz\u00e1zad titkait. Neves politikusok, m\u00e1sk\u00e9nt gondolkod\u00f3k, h\u00edrszerz\u0151k sz\u00f3lalnak meg a kamera el\u0151tt, h\u00e1bor\u00fakr\u00f3l, reform k\u00eds\u00e9rletekr\u0151l \u00e9s hat\u00e1rok meg\u00e1llap\u00edt\u00e1s\u00e1r\u00f3l esik sz\u00f3.","languageCode":"hun","countryCode":"HU","deviceCode":"web","medium":"TV","categories":[{"id":"271090244402","title":"Ismeretterjeszt\u0151 m\u0171sorok","scheme":"urn:tva:metadata:cs:UPCEventGenreCS:2009"},{"id":"271090244407","title":"T\u00e1rsadalomtudom\u00e1ny","scheme":"urn:tva:metadata:cs:UPCEventGenreCS:2009"}],"isAdult":false,"parentalRating":"3","cast":[],"directors":["G\u00e1bor P\u00e9ter"],"images":[{"assetType":"boxart-small","assetTypes":["boxart-small"],"width":75,"height":108,"url":"https:\/\/wp13-images-hu-dynamic.horizon.tv\/HU\/Images\/bc_3e1ee5a0da5dd7ba4be4c05de7ac6b5233e81ce4.jpg?w=75&h=108&mode=box"},{"assetType":"tva-boxcover","assetTypes":["tva-boxcover"],"width":180,"height":260,"url":"https:\/\/wp13-images-hu-dynamic.horizon.tv\/HU\/Images\/bc_3e1ee5a0da5dd7ba4be4c05de7ac6b5233e81ce4.jpg"},{"assetType":"boxart-medium","assetTypes":["boxart-medium"],"width":110,"height":159,"url":"https:\/\/wp13-images-hu-dynamic.horizon.tv\/HU\/Images\/bc_3e1ee5a0da5dd7ba4be4c05de7ac6b5233e81ce4.jpg?w=110&h=159&mode=box"},{"assetType":"boxart-large","assetTypes":["boxart-large"],"width":180,"height":260,"url":"https:\/\/wp13-images-hu-dynamic.horizon.tv\/HU\/Images\/bc_3e1ee5a0da5dd7ba4be4c05de7ac6b5233e81ce4.jpg?w=180&h=260&mode=box"},{"assetType":"boxart-xlarge","assetTypes":["boxart-xlarge"],"width":210,"height":303,"url":"https:\/\/wp13-images-hu-dynamic.horizon.tv\/HU\/Images\/bc_3e1ee5a0da5dd7ba4be4c05de7ac6b5233e81ce4.jpg?w=210&h=303&mode=box"},{"assetType":"HighResLandscape","assetTypes":["HighResLandscape"],"url":"https:\/\/wp26-images-hu-dynamic.horizon.tv\/HU\/Images\/hrl_d8805eb360569169e42568c8fcc10dee17a92200.jpg"}],"mediaGroupId":"crid:~~2F~~2Fport.hu~~2F67809760","shortDescription":"Kun Mikl\u00f3s dokumentumfilm sorozata igyekszik megfejteni az elm\u00falt \u00e9vsz\u00e1zad titkait. Neves politikusok, m\u00e1sk\u00e9nt gondolkod\u00f3k, h\u00edrszerz\u0151k sz\u00f3lalnak meg a kamera el\u0151tt.","mediaType":"Episode","isReplayTv":false,"seriesEpisodeNumber":"1805051545","seriesNumber":"1805031230","videoStreams":[],"entitlements":["VIP","_OPEN_"],"currentProductIds":[],"currentTvodProductIds":[]},"parentId":"crid:~~2F~~2Fport.hu~~2F67809760","rootId":"crid:~~2F~~2Fport.hu~~2F67809760"}