{"id":"crid:~~2F~~2Fport.hu~~2F76555566-imi:00100000005D3AAB","countryCode":"HU","languageCode":"hun","deviceCode":"web","startTime":1525492800000,"endTime":1525494300000,"stationId":"826989607213","imi":"imi:00100000005D3AAB","mediaGroupId":"crid:~~2F~~2Fport.hu~~2F5575409","program":{"id":"crid:~~2F~~2Fport.hu~~2F76555566","title":"Bob Burger Falod\u00e1ja","description":"(VII.\/8) Az amerikai sitcom rajzfilmsorozat a Belcher csal\u00e1dr\u00f3l \u00e9s az \u00e1ltaluk vezetett hamburgerb\u00fcf\u00e9r\u0151l sz\u00f3l. Bob Belcher a burgerfaloda tulaja, \u00e9s b\u00fcf\u00e9j\u00e9t a vil\u00e1gon (szinte) mindenn\u00e9l jobban im\u00e1dja. Linda Bob feles\u00e9gek\u00e9nt t\u00e1rsa az \u00e9letben \u00e9s az \u00fczletben; mindig igyekszik \u00faj dolgokat kipr\u00f3b\u00e1lni m\u00e9g akkor is, ha nem tudja, mi s\u00fcl ki a dologb\u00f3l.","longDescription":"(VII.\/8) Az amerikai sitcom rajzfilmsorozat a Belcher csal\u00e1dr\u00f3l \u00e9s az \u00e1ltaluk vezetett hamburgerb\u00fcf\u00e9r\u0151l sz\u00f3l. Bob Belcher a burgerfaloda tulaja, \u00e9s b\u00fcf\u00e9j\u00e9t a vil\u00e1gon (szinte) mindenn\u00e9l jobban im\u00e1dja. Linda Bob feles\u00e9gek\u00e9nt t\u00e1rsa az \u00e9letben \u00e9s az \u00fczletben; mindig igyekszik \u00faj dolgokat kipr\u00f3b\u00e1lni m\u00e9g akkor is, ha nem tudja, mi s\u00fcl ki a dologb\u00f3l.","languageCode":"hun","countryCode":"HU","deviceCode":"web","medium":"TV","categories":[{"id":"271090244428","title":"Dr\u00e1ma","scheme":"urn:tva:metadata:cs:UPCEventGenreCS:2009"},{"id":"271090244432","title":"Kom\u00e9dia\/Filmv\u00edgj\u00e1t\u00e9k","scheme":"urn:tva:metadata:cs:UPCEventGenreCS:2009"}],"isAdult":false,"parentalRating":"16","cast":["H. Jon Benjamin","Dan Mintz","Eugene Mirman","John Roberts","Kristen Schaal"],"directors":["Kyoung Hee Lim","Boo Hwan Lim","Anthony Chun"],"images":[{"assetType":"boxart-large","assetTypes":["boxart-large"],"width":180,"height":260,"url":"https:\/\/wp9-images-hu-dynamic.horizon.tv\/HU\/Images\/bc_c56ab025716d3dff598939b730e00dad40db905f.jpg?w=180&h=260&mode=box"},{"assetType":"boxart-medium","assetTypes":["boxart-medium"],"width":110,"height":159,"url":"https:\/\/wp9-images-hu-dynamic.horizon.tv\/HU\/Images\/bc_c56ab025716d3dff598939b730e00dad40db905f.jpg?w=110&h=159&mode=box"},{"assetType":"tva-boxcover","assetTypes":["tva-boxcover"],"width":180,"height":260,"url":"https:\/\/wp9-images-hu-dynamic.horizon.tv\/HU\/Images\/bc_c56ab025716d3dff598939b730e00dad40db905f.jpg"},{"assetType":"boxart-small","assetTypes":["boxart-small"],"width":75,"height":108,"url":"https:\/\/wp9-images-hu-dynamic.horizon.tv\/HU\/Images\/bc_c56ab025716d3dff598939b730e00dad40db905f.jpg?w=75&h=108&mode=box"},{"assetType":"boxart-xlarge","assetTypes":["boxart-xlarge"],"width":210,"height":303,"url":"https:\/\/wp9-images-hu-dynamic.horizon.tv\/HU\/Images\/bc_c56ab025716d3dff598939b730e00dad40db905f.jpg?w=210&h=303&mode=box"},{"assetType":"HighResPortrait","assetTypes":["HighResPortrait"],"url":"https:\/\/wp8-images-hu-dynamic.horizon.tv\/HU\/Images\/hrp_c56ab025716d3dff598939b730e00dad40db905f.jpg"},{"assetType":"HighResLandscape","assetTypes":["HighResLandscape"],"url":"https:\/\/wp8-images-hu-dynamic.horizon.tv\/HU\/Images\/hrl_433fc5c547894501f05c644272d3a9e971d35d80.jpg"}],"mediaGroupId":"crid:~~2F~~2Fport.hu~~2F5575409","secondaryTitle":"(VII.\/8)","shortDescription":"Bob Belcher a burgerfaloda tulaja, \u00e9s b\u00fcf\u00e9j\u00e9t a vil\u00e1gon mindenn\u00e9l jobban im\u00e1dja. Linda, feles\u00e9gek\u00e9nt t\u00e1rsa az \u00e9letben \u00e9s az \u00fczletben; mindig igyekszik \u00faj dolgokat kipr\u00f3b\u00e1lni.","mediaType":"Episode","year":"2017","isReplayTv":false,"seriesEpisodeNumber":"8","seriesNumber":"7","videoStreams":[],"airDate":1483228800000,"entitlements":["VIP","_OPEN_"],"currentProductIds":[],"currentTvodProductIds":[]},"parentId":"crid:~~2F~~2Fport.hu~~2F5575409","rootId":"crid:~~2F~~2Fport.hu~~2F5575409"}