{"id":"crid:~~2F~~2Fport.hu~~2F71866083-imi:00100000005D5431","countryCode":"HU","languageCode":"hun","deviceCode":"web","startTime":1525717200000,"endTime":1525721100000,"stationId":"826989607236","imi":"imi:00100000005D5431","mediaGroupId":"crid:~~2F~~2Fport.hu~~2F68603790","program":{"id":"crid:~~2F~~2Fport.hu~~2F71866083","title":"Megt\u00f6rt\u00e9nt b\u0171n\u00fcgyek","description":"A r\u00e9gis\u00e9geket \u00e9s \u00e9kszereket gy\u0171jt\u0151 Tam\u00e1s doktort egyik reggel holtan tal\u00e1lj\u00e1k dolgoz\u00f3szob\u00e1j\u00e1ban. A gyan\u00fa unokah\u00fag\u00e1ra terel\u0151dik. K\u00f6zben meggyilkolj\u00e1k Tausz Albert s\u00edrk\u0151farag\u00f3t is, akinek komoly gondjai voltak feles\u00e9g\u00e9vel, \u00e9ppen ez\u00e9rt az asszonyt gyan\u00fas\u00edtj\u00e1k. \u00c1m ekkor kider\u00fcl, hogy a gyilkoss\u00e1gokat ugyanazzal a pisztollyal k\u00f6vett\u00e9k el.","longDescription":"A r\u00e9gis\u00e9geket \u00e9s \u00e9kszereket gy\u0171jt\u0151 Tam\u00e1s doktort egyik reggel holtan tal\u00e1lj\u00e1k dolgoz\u00f3szob\u00e1j\u00e1ban. A gyan\u00fa unokah\u00fag\u00e1ra terel\u0151dik. K\u00f6zben meggyilkolj\u00e1k Tausz Albert s\u00edrk\u0151farag\u00f3t is, akinek komoly gondjai voltak feles\u00e9g\u00e9vel, \u00e9ppen ez\u00e9rt az asszonyt gyan\u00fas\u00edtj\u00e1k. \u00c1m ekkor kider\u00fcl, hogy a gyilkoss\u00e1gokat ugyanazzal a pisztollyal k\u00f6vett\u00e9k el.","languageCode":"hun","countryCode":"HU","deviceCode":"web","medium":"TV","categories":[{"id":"271090244428","title":"Dr\u00e1ma","scheme":"urn:tva:metadata:cs:UPCEventGenreCS:2009"},{"id":"271090756041","title":"Krimi","scheme":"urn:tva:metadata:cs:UPCEventGenreCS:2009"}],"isAdult":false,"parentalRating":"12","cast":["Sunyovszky Szilvia","Kal\u00f3 Fl\u00f3ri\u00e1n","Koltai J\u00e1nos","Sz\u00e9n\u00e1si Ern\u0151","Zoltay Mikl\u00f3s"],"directors":["B\u00e1cskai Laur\u00f3 Istv\u00e1n"],"images":[{"assetType":"boxart-small","assetTypes":["boxart-small"],"width":75,"height":108,"url":"https:\/\/wp13-images-hu-dynamic.horizon.tv\/HU\/Images\/upcgenre_E9.jpg?w=75&h=108&mode=box"},{"assetType":"boxart-xlarge","assetTypes":["boxart-xlarge"],"width":210,"height":303,"url":"https:\/\/wp13-images-hu-dynamic.horizon.tv\/HU\/Images\/upcgenre_E9.jpg?w=210&h=303&mode=box"},{"assetType":"boxart-medium","assetTypes":["boxart-medium"],"width":110,"height":159,"url":"https:\/\/wp13-images-hu-dynamic.horizon.tv\/HU\/Images\/upcgenre_E9.jpg?w=110&h=159&mode=box"},{"assetType":"tva-boxcover","assetTypes":["tva-boxcover"],"width":180,"height":260,"url":"https:\/\/wp13-images-hu-dynamic.horizon.tv\/HU\/Images\/upcgenre_E9.jpg"},{"assetType":"boxart-large","assetTypes":["boxart-large"],"width":180,"height":260,"url":"https:\/\/wp13-images-hu-dynamic.horizon.tv\/HU\/Images\/upcgenre_E9.jpg?w=180&h=260&mode=box"}],"mediaGroupId":"crid:~~2F~~2Fport.hu~~2F68603790","secondaryTitle":"Sz\u00e1raz martini","shortDescription":"A sorozat minden epiz\u00f3dja egy-egy \u00f6n\u00e1ll\u00f3 t\u00f6rt\u00e9net, ami egy megt\u00f6rt\u00e9nt b\u0171nesetet dolgoz fel.","mediaType":"Episode","year":"1973","isReplayTv":false,"seriesEpisodeNumber":"1805072020","seriesNumber":"1805111210","videoStreams":[],"airDate":94694400000,"entitlements":["VIP","_OPEN_"],"currentProductIds":[],"currentTvodProductIds":[]},"parentId":"crid:~~2F~~2Fport.hu~~2F68603790","rootId":"crid:~~2F~~2Fport.hu~~2F68603790"}