{"id":"crid:~~2F~~2Fport.hu~~2F1535376-imi:00100000005D9F5B","countryCode":"HU","languageCode":"hun","deviceCode":"web","startTime":1525717800000,"endTime":1525719600000,"stationId":"826989607239","imi":"imi:00100000005D9F5B","mediaGroupId":"crid:~~2F~~2Fport.hu~~2F1587160","program":{"id":"crid:~~2F~~2Fport.hu~~2F1535376","title":"\u00cdgy j\u00e1rtam any\u00e1tokkal","description":"(V.\/8) Ahogy a c\u00edm is mondja a t\u00f6rt\u00e9net arr\u00f3l sz\u00f3l, hogy Ted Mosby 2030-ban elmes\u00e9li gyermekeinek, hogyan ismerkedtek \u00f6ssze a sz\u00fcleik. A t\u00f6rt\u00e9net kezdet\u00e9n Ted legjobb bar\u00e1tja, Marshall el\u00e1rulja, hogy meg akarja k\u00e9rni bar\u00e1tn\u0151je, Lily kez\u00e9t. Ted ebben a pillanatban d\u00f6bben r\u00e1, hogy t\u00f6bb\u00e9 nem v\u00e1rhatja az igaz szerelmet, l\u00e9pnie kell.","longDescription":"(V.\/8) Ahogy a c\u00edm is mondja a t\u00f6rt\u00e9net arr\u00f3l sz\u00f3l, hogy Ted Mosby 2030-ban elmes\u00e9li gyermekeinek, hogyan ismerkedtek \u00f6ssze a sz\u00fcleik. A t\u00f6rt\u00e9net kezdet\u00e9n Ted legjobb bar\u00e1tja, Marshall el\u00e1rulja, hogy meg akarja k\u00e9rni bar\u00e1tn\u0151je, Lily kez\u00e9t. Ted ebben a pillanatban d\u00f6bben r\u00e1, hogy t\u00f6bb\u00e9 nem v\u00e1rhatja az igaz szerelmet, l\u00e9pnie kell.","languageCode":"hun","countryCode":"HU","deviceCode":"web","medium":"TV","categories":[{"id":"271090244428","title":"Dr\u00e1ma","scheme":"urn:tva:metadata:cs:UPCEventGenreCS:2009"},{"id":"271090244432","title":"Kom\u00e9dia\/Filmv\u00edgj\u00e1t\u00e9k","scheme":"urn:tva:metadata:cs:UPCEventGenreCS:2009"}],"isAdult":false,"parentalRating":"12","cast":["Josh Radnor","Jason Segel","Cobie Smulders","Neil Patrick Harris","Alyson Hannigan","Charlene Amoia","Joe Nieves","Jennifer Morrison","Marshall Manesh"],"directors":["Rob Greenberg","Pamela Fryman"],"images":[{"assetType":"boxart-small","assetTypes":["boxart-small"],"width":75,"height":108,"url":"https:\/\/wp3-images-hu-dynamic.horizon.tv\/HU\/Images\/bc_090e12c1942f446e0717ba8ee802a5dbc42b443c.jpg?w=75&h=108&mode=box"},{"assetType":"boxart-xlarge","assetTypes":["boxart-xlarge"],"width":210,"height":303,"url":"https:\/\/wp3-images-hu-dynamic.horizon.tv\/HU\/Images\/bc_090e12c1942f446e0717ba8ee802a5dbc42b443c.jpg?w=210&h=303&mode=box"},{"assetType":"boxart-large","assetTypes":["boxart-large"],"width":180,"height":260,"url":"https:\/\/wp3-images-hu-dynamic.horizon.tv\/HU\/Images\/bc_090e12c1942f446e0717ba8ee802a5dbc42b443c.jpg?w=180&h=260&mode=box"},{"assetType":"boxart-medium","assetTypes":["boxart-medium"],"width":110,"height":159,"url":"https:\/\/wp3-images-hu-dynamic.horizon.tv\/HU\/Images\/bc_090e12c1942f446e0717ba8ee802a5dbc42b443c.jpg?w=110&h=159&mode=box"},{"assetType":"tva-boxcover","assetTypes":["tva-boxcover"],"width":180,"height":260,"url":"https:\/\/wp3-images-hu-dynamic.horizon.tv\/HU\/Images\/bc_090e12c1942f446e0717ba8ee802a5dbc42b443c.jpg"},{"assetType":"HighResPortrait","assetTypes":["HighResPortrait"],"url":"https:\/\/wp18-images-hu-dynamic.horizon.tv\/HU\/Images\/hrp_6413590fa8bfe28f3861d5d7fcd7e770c3a3371f.jpg"},{"assetType":"HighResLandscape","assetTypes":["HighResLandscape"],"url":"https:\/\/wp18-images-hu-dynamic.horizon.tv\/HU\/Images\/hrl_bec2b01ae64dd9465cb0002bb2a924d3d67cf4f8.jpg"}],"mediaGroupId":"crid:~~2F~~2Fport.hu~~2F1587160","secondaryTitle":"A Taktikai K\u00f6nyv (V.\/8)","shortDescription":"A t\u00f6rt\u00e9net arr\u00f3l sz\u00f3l, hogy Ted Mosby (Josh Radnor) 2030-ban elmes\u00e9li gyermekeinek, hogyan ismerkedtek \u00f6ssze a sz\u00fcleik.","mediaType":"Episode","year":"2009","isReplayTv":false,"seriesEpisodeNumber":"8","seriesNumber":"5","videoStreams":[],"airDate":1230768000000,"entitlements":["VIP","_OPEN_"],"currentProductIds":[],"currentTvodProductIds":[]},"parentId":"crid:~~2F~~2Fport.hu~~2F1587160","rootId":"crid:~~2F~~2Fport.hu~~2F1587160"}