{"id":"crid:~~2F~~2Fport.hu~~2F89676655-imi:00100000005D21F7","countryCode":"HU","languageCode":"hun","deviceCode":"web","startTime":1525427400000,"endTime":1525430700000,"stationId":"826989607183","imi":"imi:00100000005D21F7","mediaGroupId":"crid:~~2F~~2Fport.hu~~2F77633359","program":{"id":"crid:~~2F~~2Fport.hu~~2F89676655","title":"Vad\u0151r\u00f6k akci\u00f3ban","description":"A vad\u0151r\u00f6knek sok a dolga, mert ny\u00e1ron a helybeliek k\u00f6z\u00fcl sokan v\u00edzre sz\u00e1llnak, hogy halat fogjanak. Parker vad\u0151r egy l\u00f6v\u00f6ld\u00f6z\u0151 alak nyom\u00e1ba ered.","longDescription":"A vad\u0151r\u00f6knek sok a dolga, mert ny\u00e1ron a helybeliek k\u00f6z\u00fcl sokan v\u00edzre sz\u00e1llnak, hogy halat fogjanak. Parker vad\u0151r egy l\u00f6v\u00f6ld\u00f6z\u0151 alak nyom\u00e1ba ered.","languageCode":"hun","countryCode":"HU","deviceCode":"web","medium":"TV","categories":[{"id":"271090244411","title":"Szabadid\u0151","scheme":"urn:tva:metadata:cs:UPCEventGenreCS:2009"}],"isAdult":false,"parentalRating":"3","cast":[],"directors":[],"images":[{"assetType":"boxart-small","assetTypes":["boxart-small"],"width":75,"height":108,"url":"https:\/\/wp15-images-hu-dynamic.horizon.tv\/HU\/Images\/bc_3b38c91a11329ae18334a263e2e1f1baf0404e94.jpg?w=75&h=108&mode=box"},{"assetType":"boxart-large","assetTypes":["boxart-large"],"width":180,"height":260,"url":"https:\/\/wp15-images-hu-dynamic.horizon.tv\/HU\/Images\/bc_3b38c91a11329ae18334a263e2e1f1baf0404e94.jpg?w=180&h=260&mode=box"},{"assetType":"boxart-xlarge","assetTypes":["boxart-xlarge"],"width":210,"height":303,"url":"https:\/\/wp15-images-hu-dynamic.horizon.tv\/HU\/Images\/bc_3b38c91a11329ae18334a263e2e1f1baf0404e94.jpg?w=210&h=303&mode=box"},{"assetType":"tva-boxcover","assetTypes":["tva-boxcover"],"width":180,"height":260,"url":"https:\/\/wp15-images-hu-dynamic.horizon.tv\/HU\/Images\/bc_3b38c91a11329ae18334a263e2e1f1baf0404e94.jpg"},{"assetType":"boxart-medium","assetTypes":["boxart-medium"],"width":110,"height":159,"url":"https:\/\/wp15-images-hu-dynamic.horizon.tv\/HU\/Images\/bc_3b38c91a11329ae18334a263e2e1f1baf0404e94.jpg?w=110&h=159&mode=box"},{"assetType":"HighResPortrait","assetTypes":["HighResPortrait"],"url":"https:\/\/wp23-images-hu-dynamic.horizon.tv\/HU\/Images\/hrp_1135462f37131f6fd76e8b9eb849cc4f5056abe6.jpg"},{"assetType":"HighResLandscape","assetTypes":["HighResLandscape"],"url":"https:\/\/wp23-images-hu-dynamic.horizon.tv\/HU\/Images\/hrl_3a017d1e0f3166cacbb6f2ba2d0b20f02320b6fa.jpg"}],"mediaGroupId":"crid:~~2F~~2Fport.hu~~2F77633359","secondaryTitle":"Ny\u00e1rid\u0151","shortDescription":"A vad\u0151r\u00f6knek sok a dolga, mert ny\u00e1ron a helybeliek k\u00f6z\u00fcl sokan v\u00edzre sz\u00e1llnak, hogy halat fogjanak. Parker vad\u0151r egy l\u00f6v\u00f6ld\u00f6z\u0151 alak nyom\u00e1ba ered.","mediaType":"Episode","isReplayTv":false,"seriesEpisodeNumber":"1805031720","seriesNumber":"1805031720","videoStreams":[],"entitlements":["VIP","_OPEN_"],"currentProductIds":[],"currentTvodProductIds":[]},"parentId":"crid:~~2F~~2Fport.hu~~2F77633359","rootId":"crid:~~2F~~2Fport.hu~~2F77633359"}