{"id":"crid:~~2F~~2Fport.hu~~2F68188988-imi:00100000005D3E04","countryCode":"HU","languageCode":"hun","deviceCode":"web","startTime":1525498500000,"endTime":1525500300000,"stationId":"826989607205","imi":"imi:00100000005D3E04","mediaGroupId":"crid:~~2F~~2Fport.hu~~2F68188652","program":{"id":"crid:~~2F~~2Fport.hu~~2F68188988","title":"St\u00edlusp\u00e1rbaj Lakatos M\u00e1rkkal","description":"(I.\/7) Indul a St\u00edlusp\u00e1rbaj Lakatos M\u00e1rkkal a VIASAT3-onAz els\u0151 h\u00e9ten Vajna T\u00edmea \u00e9s Barab\u00e1s Niki seg\u00edtik a versenyz\u0151ketSt\u00edlusp\u00e1rbaj Lakatos M\u00e1rkkal c\u00edmmel deb\u00fct\u00e1l a stylist meg\u00fajult st\u00edlustan\u00e1csad\u00f3 m\u0171sora a VIASAT3-on, amelyben ezent\u00fal a hazai divatszakma legjobbjai, valamint n\u00e9pszer\u0171 sz\u00edn\u00e9szek, \u00e9nekesek is felt\u0171nnek. T\u00f6bbek k\u00f6z\u00f6tt Vajna T\u00edmea, Nagy Ervin, Nanushka, \u00c1rpa Attila \u00e9s Barab\u00e1s Niki modell is divattippekkel l\u00e1tja el a versenyz\u0151ket, hogy a lehet\u0151 legjobb form\u00e1jukat hozz\u00e1k a kifut\u00f3n. M\u00e1rcius 13-t\u00f3l a VIASAT3-on minden h\u00e9ten \u00f6t divatm\u00e1ni\u00e1s j\u00e1t\u00e9kos pr\u00f3b\u00e1lja bebizony\u00edtani, hogy az \u0151 st\u00edlusa a legtrendibb; divatblogger, divatim\u00e1d\u00f3 jog\u00e1sz, rocker \u00e9nekesn\u0151, \u00f3v\u00f3n\u00e9ni \u00e9s operettsz\u00edn\u00e9szn\u0151 is megk\u00fczd majd a f\u0151nyerem\u00e9ny\u00e9rt. Lakatos M\u00e1rk meg\u00fajult m\u0171sor\u00e1ban mostant\u00f3l a j\u00e1t\u00e9kosok mellett h\u00e9tr\u0151l-h\u00e9tre olyan divatikonok is szerepelnek, mint a n\u00e9pszer\u0171 divattervez\u0151, Nanushka, a Los Angelesben \u00e9l\u0151 magyar sz\u00edn\u00e9szn\u0151 \u00e9s modell, Barab\u00e1s Niki \u00e9s \u00c1rpa Attila. R\u00e1ad\u00e1sul hazai \u00e9nekesek, sz\u00edn\u00e9szek is \u00e9rt\u00e9kelik majd a versenyz\u0151ket, akik ruhat\u00e1ruk kedvenc darabjaiban is felvonulnak.\"Nagyon \u00e9lveztem a forgat\u00e1st, Lakatos M\u00e1rkot pedig egyenesen im\u00e1dom. Mivel k\u00fclf\u00f6ld\u00f6n \u00e9lek, ink\u00e1bb ott v\u00e1s\u00e1rolok, de ha otthon vagyok, szeretek haz\u00e1nk tehets\u00e9ges divattervez\u0151inek ruh\u00e1i k\u00f6z\u00f6tt is b\u00f6ng\u00e9szni. Mindig n\u00e9zem, hogy mi a trendi, de szerintem a legfontosabb, hogy az ember a szem\u00e9lyis\u00e9g\u00e9nek megfelel\u0151en v\u00e1lasszon, \u00e9s ne csak a trendet n\u00e9zze. Hiszen lehet a ti\u00e9d aleg\u00fajabb ruhadarab, ha nem \u00e1ll j\u00f3l, mert nem \"te vagy\", akkor nem fog \u00fagy mutatni. \u00c9n e szerint \u00f6lt\u00f6zk\u00f6d\u00f6m\" - mes\u00e9lte Barab\u00e1s Niki, modell-sz\u00edn\u00e9szn\u0151.A m\u0171sor sok \u00fajdons\u00e1got tartogat, a h\u00e1zigazda, Lakatos M\u00e1rk p\u00e9ld\u00e1ul egy izgalmas csavarral megnehez\u00edti a versenyz\u0151k dolg\u00e1t, \u00e9s mostant\u00f3l csak a szerencs\u00e9n m\u00falik, hogy ki mennyi p\u00e9nzt k\u00f6lthet az Arena Plaz\u00e1ban egy-egy szettre. A szerepl\u0151k a j\u00e1t\u00e9k elej\u00e9n bor\u00edt\u00e9kot h\u00faznak, \u00e9s 50-200 ezer forint k\u00f6z\u00f6tti \u00f6sszegb\u0151l gazd\u00e1lkodhatnak. Tov\u00e1bbi \u00faj\u00edt\u00e1s, hogy a j\u00e1t\u00e9kosok m\u00e1r v\u00e1s\u00e1rl\u00e1s k\u00f6zben is kik\u00e9rhetik M\u00e1rk v\u00e9lem\u00e9ny\u00e9t, ha esetleg elbizonytalanodn\u00e1nak.\"Ez a m\u0171sor egy h\u00e9tk\u00f6znap est\u00e9nk\u00e9nt jelentkez\u0151 st\u00edlusvet\u00e9lked\u0151, amelyben olyan l\u00e1nyok-fi\u00fak, p\u00e1rok m\u00e9rhetik \u00f6ssze a tud\u00e1sukat, akik \u00fagy gondolj\u00e1k, t\u00f6k men\u0151 az \u00f6lt\u00f6zk\u00f6d\u00e9si st\u00edlusuk. A m\u0171sorban nem a saj\u00e1t st\u00edlus megmutat\u00e1sa \u00e9s kialak\u00edt\u00e1sa lesz a f\u0151 csap\u00e1sir\u00e1ny, hanem mindig a heti tematik\u00e1nak megfelel\u0151 naprak\u00e9sz st\u00edlustan\u00e1csad\u00e1s lesz a fontos. A heti feladatot \u00fagy kell megoldani, hogy k\u00f6zben mindenki a legjobbat hozza ki mag\u00e1b\u00f3l. Az teszi m\u00e9g izgalmasabb\u00e1 az ad\u00e1sokat,hogy a versenyz\u0151knek egym\u00e1st is \u00e9rt\u00e9kelni, kritiz\u00e1lni kell\" - nyilatkozta kor\u00e1bban M\u00e1rk.A m\u0171sor z\u00e1r\u00e1sak\u00e9nt a j\u00e1t\u00e9kosok k\u00fcl\u00f6n-k\u00fcl\u00f6n bemutatj\u00e1k az \u00e1ltaluk \u00f6ssze\u00e1ll\u00edtott szetteket, \u00e9s pontozz\u00e1k egym\u00e1st. M\u00e1rk pedig a h\u00e9t utols\u00f3 m\u0171sor\u00e1ban \u00e9rt\u00e9keli \u0151ket. A h\u00e9t f\u0151 esem\u00e9ny\u00e9n, a divatbemutat\u00f3n az \u00f6sszes versenyz\u0151 v\u00e9gigvonul a kifut\u00f3n, ahol Lakatos M\u00e1rk a h\u00edress\u00e9gekkel egy\u00fctt hasznos tippekkel l\u00e1tja el \u0151ket, hogyan tehetn\u00e9k m\u00e9g \u00fct\u0151sebb\u00e9 szettj\u00fcket. A legmagasabb pontsz\u00e1mot el\u00e9r\u0151,vagyis a legst\u00edlusosabb ruhak\u00f6ltem\u00e9ny tulajdonosa minden h\u00e9ten 150.000 Ft \u00e9rt\u00e9k\u0171 Arena Plaza v\u00e1s\u00e1rl\u00e1si utalv\u00e1nyt nyer, hogy tov\u00e1bb h\u00f3dolhasson szenved\u00e9ly\u00e9nek, a v\u00e1s\u00e1rl\u00e1snak. St\u00edlusp\u00e1rbaj Lakatos M\u00e1rkkal m\u00e1rcius 13-t\u00f3l h\u00e9tf\u0151t\u0151l p\u00e9ntekig 20.05-kor a VIASAT3-on.","longDescription":"(I.\/7) Indul a St\u00edlusp\u00e1rbaj Lakatos M\u00e1rkkal a VIASAT3-onAz els\u0151 h\u00e9ten Vajna T\u00edmea \u00e9s Barab\u00e1s Niki seg\u00edtik a versenyz\u0151ketSt\u00edlusp\u00e1rbaj Lakatos M\u00e1rkkal c\u00edmmel deb\u00fct\u00e1l a stylist meg\u00fajult st\u00edlustan\u00e1csad\u00f3 m\u0171sora a VIASAT3-on, amelyben ezent\u00fal a hazai divatszakma legjobbjai, valamint n\u00e9pszer\u0171 sz\u00edn\u00e9szek, \u00e9nekesek is felt\u0171nnek. T\u00f6bbek k\u00f6z\u00f6tt Vajna T\u00edmea, Nagy Ervin, Nanushka, \u00c1rpa Attila \u00e9s Barab\u00e1s Niki modell is divattippekkel l\u00e1tja el a versenyz\u0151ket, hogy a lehet\u0151 legjobb form\u00e1jukat hozz\u00e1k a kifut\u00f3n. M\u00e1rcius 13-t\u00f3l a VIASAT3-on minden h\u00e9ten \u00f6t divatm\u00e1ni\u00e1s j\u00e1t\u00e9kos pr\u00f3b\u00e1lja bebizony\u00edtani, hogy az \u0151 st\u00edlusa a legtrendibb; divatblogger, divatim\u00e1d\u00f3 jog\u00e1sz, rocker \u00e9nekesn\u0151, \u00f3v\u00f3n\u00e9ni \u00e9s operettsz\u00edn\u00e9szn\u0151 is megk\u00fczd majd a f\u0151nyerem\u00e9ny\u00e9rt. Lakatos M\u00e1rk meg\u00fajult m\u0171sor\u00e1ban mostant\u00f3l a j\u00e1t\u00e9kosok mellett h\u00e9tr\u0151l-h\u00e9tre olyan divatikonok is szerepelnek, mint a n\u00e9pszer\u0171 divattervez\u0151, Nanushka, a Los Angelesben \u00e9l\u0151 magyar sz\u00edn\u00e9szn\u0151 \u00e9s modell, Barab\u00e1s Niki \u00e9s \u00c1rpa Attila. R\u00e1ad\u00e1sul hazai \u00e9nekesek, sz\u00edn\u00e9szek is \u00e9rt\u00e9kelik majd a versenyz\u0151ket, akik ruhat\u00e1ruk kedvenc darabjaiban is felvonulnak.\"Nagyon \u00e9lveztem a forgat\u00e1st, Lakatos M\u00e1rkot pedig egyenesen im\u00e1dom. Mivel k\u00fclf\u00f6ld\u00f6n \u00e9lek, ink\u00e1bb ott v\u00e1s\u00e1rolok, de ha otthon vagyok, szeretek haz\u00e1nk tehets\u00e9ges divattervez\u0151inek ruh\u00e1i k\u00f6z\u00f6tt is b\u00f6ng\u00e9szni. Mindig n\u00e9zem, hogy mi a trendi, de szerintem a legfontosabb, hogy az ember a szem\u00e9lyis\u00e9g\u00e9nek megfelel\u0151en v\u00e1lasszon, \u00e9s ne csak a trendet n\u00e9zze. Hiszen lehet a ti\u00e9d aleg\u00fajabb ruhadarab, ha nem \u00e1ll j\u00f3l, mert nem \"te vagy\", akkor nem fog \u00fagy mutatni. \u00c9n e szerint \u00f6lt\u00f6zk\u00f6d\u00f6m\" - mes\u00e9lte Barab\u00e1s Niki, modell-sz\u00edn\u00e9szn\u0151.A m\u0171sor sok \u00fajdons\u00e1got tartogat, a h\u00e1zigazda, Lakatos M\u00e1rk p\u00e9ld\u00e1ul egy izgalmas csavarral megnehez\u00edti a versenyz\u0151k dolg\u00e1t, \u00e9s mostant\u00f3l csak a szerencs\u00e9n m\u00falik, hogy ki mennyi p\u00e9nzt k\u00f6lthet az Arena Plaz\u00e1ban egy-egy szettre. A szerepl\u0151k a j\u00e1t\u00e9k elej\u00e9n bor\u00edt\u00e9kot h\u00faznak, \u00e9s 50-200 ezer forint k\u00f6z\u00f6tti \u00f6sszegb\u0151l gazd\u00e1lkodhatnak. Tov\u00e1bbi \u00faj\u00edt\u00e1s, hogy a j\u00e1t\u00e9kosok m\u00e1r v\u00e1s\u00e1rl\u00e1s k\u00f6zben is kik\u00e9rhetik M\u00e1rk v\u00e9lem\u00e9ny\u00e9t, ha esetleg elbizonytalanodn\u00e1nak.\"Ez a m\u0171sor egy h\u00e9tk\u00f6znap est\u00e9nk\u00e9nt jelentkez\u0151 st\u00edlusvet\u00e9lked\u0151, amelyben olyan l\u00e1nyok-fi\u00fak, p\u00e1rok m\u00e9rhetik \u00f6ssze a tud\u00e1sukat, akik \u00fagy gondolj\u00e1k, t\u00f6k men\u0151 az \u00f6lt\u00f6zk\u00f6d\u00e9si st\u00edlusuk. A m\u0171sorban nem a saj\u00e1t st\u00edlus megmutat\u00e1sa \u00e9s kialak\u00edt\u00e1sa lesz a f\u0151 csap\u00e1sir\u00e1ny, hanem mindig a heti tematik\u00e1nak megfelel\u0151 naprak\u00e9sz st\u00edlustan\u00e1csad\u00e1s lesz a fontos. A heti feladatot \u00fagy kell megoldani, hogy k\u00f6zben mindenki a legjobbat hozza ki mag\u00e1b\u00f3l. Az teszi m\u00e9g izgalmasabb\u00e1 az ad\u00e1sokat,hogy a versenyz\u0151knek egym\u00e1st is \u00e9rt\u00e9kelni, kritiz\u00e1lni kell\" - nyilatkozta kor\u00e1bban M\u00e1rk.A m\u0171sor z\u00e1r\u00e1sak\u00e9nt a j\u00e1t\u00e9kosok k\u00fcl\u00f6n-k\u00fcl\u00f6n bemutatj\u00e1k az \u00e1ltaluk \u00f6ssze\u00e1ll\u00edtott szetteket, \u00e9s pontozz\u00e1k egym\u00e1st. M\u00e1rk pedig a h\u00e9t utols\u00f3 m\u0171sor\u00e1ban \u00e9rt\u00e9keli \u0151ket. A h\u00e9t f\u0151 esem\u00e9ny\u00e9n, a divatbemutat\u00f3n az \u00f6sszes versenyz\u0151 v\u00e9gigvonul a kifut\u00f3n, ahol Lakatos M\u00e1rk a h\u00edress\u00e9gekkel egy\u00fctt hasznos tippekkel l\u00e1tja el \u0151ket, hogyan tehetn\u00e9k m\u00e9g \u00fct\u0151sebb\u00e9 szettj\u00fcket. A legmagasabb pontsz\u00e1mot el\u00e9r\u0151,vagyis a legst\u00edlusosabb ruhak\u00f6ltem\u00e9ny tulajdonosa minden h\u00e9ten 150.000 Ft \u00e9rt\u00e9k\u0171 Arena Plaza v\u00e1s\u00e1rl\u00e1si utalv\u00e1nyt nyer, hogy tov\u00e1bb h\u00f3dolhasson szenved\u00e9ly\u00e9nek, a v\u00e1s\u00e1rl\u00e1snak. St\u00edlusp\u00e1rbaj Lakatos M\u00e1rkkal m\u00e1rcius 13-t\u00f3l h\u00e9tf\u0151t\u0151l p\u00e9ntekig 20.05-kor a VIASAT3-on.","languageCode":"hun","countryCode":"HU","deviceCode":"web","medium":"TV","categories":[{"id":"271090244398","title":"T\u00e1rsadalmi\/Politikai","scheme":"urn:tva:metadata:cs:UPCEventGenreCS:2009"}],"isAdult":false,"parentalRating":"12","cast":[],"directors":[],"images":[{"assetType":"boxart-large","assetTypes":["boxart-large"],"width":180,"height":260,"url":"https:\/\/wp8-images-hu-dynamic.horizon.tv\/HU\/Images\/bc_0fa0affe0fd93b50a2ef77bbbc84a47802429d24.jpg?w=180&h=260&mode=box"},{"assetType":"boxart-medium","assetTypes":["boxart-medium"],"width":110,"height":159,"url":"https:\/\/wp8-images-hu-dynamic.horizon.tv\/HU\/Images\/bc_0fa0affe0fd93b50a2ef77bbbc84a47802429d24.jpg?w=110&h=159&mode=box"},{"assetType":"boxart-small","assetTypes":["boxart-small"],"width":75,"height":108,"url":"https:\/\/wp8-images-hu-dynamic.horizon.tv\/HU\/Images\/bc_0fa0affe0fd93b50a2ef77bbbc84a47802429d24.jpg?w=75&h=108&mode=box"},{"assetType":"boxart-xlarge","assetTypes":["boxart-xlarge"],"width":210,"height":303,"url":"https:\/\/wp8-images-hu-dynamic.horizon.tv\/HU\/Images\/bc_0fa0affe0fd93b50a2ef77bbbc84a47802429d24.jpg?w=210&h=303&mode=box"},{"assetType":"tva-boxcover","assetTypes":["tva-boxcover"],"width":180,"height":260,"url":"https:\/\/wp8-images-hu-dynamic.horizon.tv\/HU\/Images\/bc_0fa0affe0fd93b50a2ef77bbbc84a47802429d24.jpg"},{"assetType":"HighResLandscape","assetTypes":["HighResLandscape"],"url":"https:\/\/wp1-images-hu-dynamic.horizon.tv\/HU\/Images\/hrl_3804cb53a2d96fa89f627dfb57ca1177a43c0223.jpg"}],"mediaGroupId":"crid:~~2F~~2Fport.hu~~2F68188652","secondaryTitle":"(I.\/7)","shortDescription":"(I.\/7) Indul a St\u00edlusp\u00e1rbaj Lakatos M\u00e1rkkal a VIASAT3-onAz els\u0151 h\u00e9ten Vajna T\u00edmea \u00e9s Barab\u00e1s Niki seg\u00edtik a versenyz\u0151ketSt\u00edlusp\u00e1rbaj Lakatos M\u00e1rkkal c\u00edmmel deb\u00fct\u00e1l a stylist meg\u00fajult...","mediaType":"Episode","year":"2017","isReplayTv":false,"seriesEpisodeNumber":"7","seriesNumber":"1","videoStreams":[],"airDate":1483228800000,"entitlements":["VIP","_OPEN_"],"currentProductIds":[],"currentTvodProductIds":[]},"parentId":"crid:~~2F~~2Fport.hu~~2F68188652","rootId":"crid:~~2F~~2Fport.hu~~2F68188652"}