{"id":"crid:~~2F~~2Fport.hu~~2F1695115-imi:00100000005D35B4","countryCode":"HU","languageCode":"hun","deviceCode":"web","startTime":1525626000000,"endTime":1525631400000,"stationId":"826989607225","imi":"imi:00100000005D35B4","mediaGroupId":"crid:~~2F~~2Fport.hu~~2F1695115","program":{"id":"crid:~~2F~~2Fport.hu~~2F1695115","title":"Sok sikert, Charlie: A film \u2013 A nagy utaz\u00e1s","description":"Teddy \u00e9s Amy elszakad a csal\u00e1d t\u00f6bbi tagj\u00e1t\u00f3l, amikor a nagysz\u00fcl\u0151khoz indulnak kar\u00e1csonyra. Igyekeznek egyed\u00fcl odatal\u00e1lni, de seg\u00edts\u00e9g \u00e9rkezik, \u00e9s id\u0151ben \u00e9rnek oda az \u00fcnnepre!","longDescription":"Teddy \u00e9s Amy elszakad a csal\u00e1d t\u00f6bbi tagj\u00e1t\u00f3l, amikor a nagysz\u00fcl\u0151khoz indulnak kar\u00e1csonyra. Igyekeznek egyed\u00fcl odatal\u00e1lni, de seg\u00edts\u00e9g \u00e9rkezik, \u00e9s id\u0151ben \u00e9rnek oda az \u00fcnnepre!","languageCode":"hun","countryCode":"HU","deviceCode":"web","medium":"Movie","categories":[{"id":"271090244334","title":"Kom\u00e9dia\/Filmv\u00edgj\u00e1t\u00e9k","scheme":"urn:tva:metadata:cs:UPCEventGenreCS:2009"}],"isAdult":false,"parentalRating":"3","cast":["Bridgit Mendler","Mia Talerico","Leigh Allyn Baker","Jason Dolley","Bradley Steven Perry","Eric Allan Kramer"],"directors":["Arlene Sanford"],"images":[{"assetType":"boxart-xlarge","assetTypes":["boxart-xlarge"],"width":210,"height":303,"url":"https:\/\/wp28-images-hu-dynamic.horizon.tv\/HU\/Images\/bc_20b98a07c2152af84c5071a43f3765a655b27959.jpg?w=210&h=303&mode=box"},{"assetType":"boxart-large","assetTypes":["boxart-large"],"width":180,"height":260,"url":"https:\/\/wp28-images-hu-dynamic.horizon.tv\/HU\/Images\/bc_20b98a07c2152af84c5071a43f3765a655b27959.jpg?w=180&h=260&mode=box"},{"assetType":"tva-boxcover","assetTypes":["tva-boxcover"],"width":180,"height":260,"url":"https:\/\/wp28-images-hu-dynamic.horizon.tv\/HU\/Images\/bc_20b98a07c2152af84c5071a43f3765a655b27959.jpg"},{"assetType":"boxart-medium","assetTypes":["boxart-medium"],"width":110,"height":159,"url":"https:\/\/wp28-images-hu-dynamic.horizon.tv\/HU\/Images\/bc_20b98a07c2152af84c5071a43f3765a655b27959.jpg?w=110&h=159&mode=box"},{"assetType":"boxart-small","assetTypes":["boxart-small"],"width":75,"height":108,"url":"https:\/\/wp28-images-hu-dynamic.horizon.tv\/HU\/Images\/bc_20b98a07c2152af84c5071a43f3765a655b27959.jpg?w=75&h=108&mode=box"},{"assetType":"HighResLandscape","assetTypes":["HighResLandscape"],"url":"https:\/\/wp22-images-hu-dynamic.horizon.tv\/HU\/Images\/hrl_1737e5de17bcb9878cd1866ed5df446a5a3237b7.jpg"},{"assetType":"HighResPortrait","assetTypes":["HighResPortrait"],"url":"https:\/\/wp22-images-hu-dynamic.horizon.tv\/HU\/Images\/hrp_20b98a07c2152af84c5071a43f3765a655b27959.jpg"}],"mediaGroupId":"crid:~~2F~~2Fport.hu~~2F1695115","shortDescription":"Amy \u00e9s Teddy nem tudnak rep\u00fcl\u0151vel menni nagysz\u00fcl\u0151kh\u00f6z Palm Springs-be, \u00edgy azt\u00e1n minden utaz\u00e1si eszk\u00f6zt ig\u00e9nybe vesznek, hogy id\u0151ben meg\u00e9rkezzenek szentest\u00e9re csal\u00e1dhoz.","mediaType":"FeatureFilm","year":"2011","isReplayTv":false,"videoStreams":[],"airDate":1293840000000,"entitlements":["VIP","_OPEN_"],"currentProductIds":[],"currentTvodProductIds":[]},"parentId":"crid:~~2F~~2Fport.hu~~2F1695115","rootId":"crid:~~2F~~2Fport.hu~~2F1695115"}