{"id":"crid:~~2F~~2Fport.hu~~2F51767971-imi:00100000005D382A","countryCode":"HU","languageCode":"hun","deviceCode":"web","startTime":1525541100000,"endTime":1525544100000,"stationId":"826989607198","imi":"imi:00100000005D382A","mediaGroupId":"crid:~~2F~~2Fport.hu~~2F47336049","program":{"id":"crid:~~2F~~2Fport.hu~~2F51767971","title":"Jeges vizek cowboyai","description":"(III.\/2) A jeges vizek cowboyainak m\u00e1sodik \u00e9vadj\u00e1hoz \u00dajfundland leghidegebb tele ny\u00fajtja a helysz\u00ednt. A szikl\u00e1t\u00f3l majdnem minden ir\u00e1nyba, t\u00f6bb mint 450 km-s k\u00f6rzetben hatalmas j\u00e9ghegyek ter\u00fclnek el. A b\u00e1tors\u00e1g\u00e9 a f\u0151szerep, mikor visszat\u00e9r\u0151 h\u0151seink megpr\u00f3b\u00e1lnak els\u0151k\u00e9nt \u00e9rni hal\u00e1szhely\u00fckre. A hossz\u00fa t\u00e9l azt jelenti, k\u00e9s\u0151bb kezdhetnek, \u00e9s kevesebb idej\u00fck van kifogni a halmennyis\u00e9get, amelyet a kv\u00f3t\u00e1juk enged. Az \u00f3ra egy percre sem \u00e1ll meg, hal\u00e1szainknak pedig az anyaterm\u00e9szettel kell szembesz\u00e1llniuk a dicsekv\u00e9s jog\u00e1\u00e9rt \u00e9s a hatalmas halmennyis\u00e9g\u00e9rt.","longDescription":"(III.\/2) A jeges vizek cowboyainak m\u00e1sodik \u00e9vadj\u00e1hoz \u00dajfundland leghidegebb tele ny\u00fajtja a helysz\u00ednt. A szikl\u00e1t\u00f3l majdnem minden ir\u00e1nyba, t\u00f6bb mint 450 km-s k\u00f6rzetben hatalmas j\u00e9ghegyek ter\u00fclnek el. A b\u00e1tors\u00e1g\u00e9 a f\u0151szerep, mikor visszat\u00e9r\u0151 h\u0151seink megpr\u00f3b\u00e1lnak els\u0151k\u00e9nt \u00e9rni hal\u00e1szhely\u00fckre. A hossz\u00fa t\u00e9l azt jelenti, k\u00e9s\u0151bb kezdhetnek, \u00e9s kevesebb idej\u00fck van kifogni a halmennyis\u00e9get, amelyet a kv\u00f3t\u00e1juk enged. Az \u00f3ra egy percre sem \u00e1ll meg, hal\u00e1szainknak pedig az anyaterm\u00e9szettel kell szembesz\u00e1llniuk a dicsekv\u00e9s jog\u00e1\u00e9rt \u00e9s a hatalmas halmennyis\u00e9g\u00e9rt.","languageCode":"hun","countryCode":"HU","deviceCode":"web","medium":"TV","categories":[{"id":"271090244349","title":"Show","scheme":"urn:tva:metadata:cs:UPCEventGenreCS:2009"}],"isAdult":false,"parentalRating":"12","cast":["Richard Gillett","Conway Caines","Justin Bridger","Donald Spence","Paul Tiller"],"directors":["Samara Truster","Michael Sheehan","P\u00e9ter Gombos","Christopher Behnisch","Matthew Shewchuk","Michael Morrow","Tyson Hepburn"],"images":[{"assetType":"boxart-small","assetTypes":["boxart-small"],"width":75,"height":108,"url":"https:\/\/wp11-images-hu-dynamic.horizon.tv\/HU\/Images\/bc_88141d260539a4c7fefcd31495d28ced1bb55541.jpg?w=75&h=108&mode=box"},{"assetType":"boxart-xlarge","assetTypes":["boxart-xlarge"],"width":210,"height":303,"url":"https:\/\/wp11-images-hu-dynamic.horizon.tv\/HU\/Images\/bc_88141d260539a4c7fefcd31495d28ced1bb55541.jpg?w=210&h=303&mode=box"},{"assetType":"boxart-medium","assetTypes":["boxart-medium"],"width":110,"height":159,"url":"https:\/\/wp11-images-hu-dynamic.horizon.tv\/HU\/Images\/bc_88141d260539a4c7fefcd31495d28ced1bb55541.jpg?w=110&h=159&mode=box"},{"assetType":"boxart-large","assetTypes":["boxart-large"],"width":180,"height":260,"url":"https:\/\/wp11-images-hu-dynamic.horizon.tv\/HU\/Images\/bc_88141d260539a4c7fefcd31495d28ced1bb55541.jpg?w=180&h=260&mode=box"},{"assetType":"tva-boxcover","assetTypes":["tva-boxcover"],"width":180,"height":260,"url":"https:\/\/wp11-images-hu-dynamic.horizon.tv\/HU\/Images\/bc_88141d260539a4c7fefcd31495d28ced1bb55541.jpg"},{"assetType":"HighResLandscape","assetTypes":["HighResLandscape"],"url":"https:\/\/wp2-images-hu-dynamic.horizon.tv\/HU\/Images\/hrl_4ca4e8740120bb1741904548ec07a88f71468183.jpg"}],"mediaGroupId":"crid:~~2F~~2Fport.hu~~2F47336049","secondaryTitle":"Megk\u00fczd\u00f6k az\u00e9rt, ami az eny\u00e9m (III.\/2)","shortDescription":"A szikl\u00e1t\u00f3l majdnem minden ir\u00e1nyba, t\u00f6bb mint 450 km-s k\u00f6rzetben hatalmas j\u00e9ghegyek ter\u00fclnek el. A b\u00e1tors\u00e1g\u00e9 a f\u0151szerep, mikor visszat\u00e9r\u0151 h\u0151seink megpr\u00f3b\u00e1lnak els\u0151k\u00e9nt \u00e9rni hal\u00e1szhely\u00fckre.","mediaType":"Episode","year":"2016","isReplayTv":false,"seriesEpisodeNumber":"2","seriesNumber":"3","videoStreams":[],"airDate":1451606400000,"entitlements":["VIP","_OPEN_"],"currentProductIds":[],"currentTvodProductIds":[]},"parentId":"crid:~~2F~~2Fport.hu~~2F47336049","rootId":"crid:~~2F~~2Fport.hu~~2F47336049"}