{"id":"crid:~~2F~~2Fport.hu~~2F72614748-imi:00100000005D3D97","countryCode":"HU","languageCode":"hun","deviceCode":"web","startTime":1525610100000,"endTime":1525610700000,"stationId":"826989607196","imi":"imi:00100000005D3D97","mediaGroupId":"crid:~~2F~~2Fport.hu~~2F65816050","program":{"id":"crid:~~2F~~2Fport.hu~~2F72614748","title":"Pind\u00far pand\u00farok","description":"H\u00e1rom a kisl\u00e1ny: Blossom, Bubbles \u00e9s Buttercap egy nagyszab\u00e1s\u00fa k\u00eds\u00e9rlet eredm\u00e9nyek\u00e9nt sz\u00fcletett a bar\u00e1ts\u00e1gos Townsville-ben. Utonium professzor r\u00e9g\u00f3ta nagyhatalmi \u00e1lmait d\u00e9delgeti. Laborat\u00f3rium\u00e1ban a t\u00f6k\u00e9letes kisgyerek titk\u00e1t keresi. Csakhogy a professzor jobbkeze, Jojo majom hib\u00e1t v\u00e9t \u00e9s valamib\u0151l t\u00f6bb ker\u00fcl a kever\u00e9kbe. Egyszerre h\u00e1rom kisl\u00e1ny is lesz az eredm\u00e9ny. Apr\u00f3 szuperh\u0151s\u00f6k sz\u00fclet\u00e9s\u00fckt\u0151l fogva, de m\u00e9g nem tudj\u00e1k igaz\u00e1n uralni k\u00e9pess\u00e9geiket. Jojo majom \u00e1t akarja venni a v\u00e1ros ir\u00e1ny\u00edt\u00e1s\u00e1t majombar\u00e1taival egy\u00fctt. A szuperl\u00e1nyoknak r\u00e9sen kell lenni\u00fck. Meg kell menteni a vil\u00e1got.","longDescription":"H\u00e1rom a kisl\u00e1ny: Blossom, Bubbles \u00e9s Buttercap egy nagyszab\u00e1s\u00fa k\u00eds\u00e9rlet eredm\u00e9nyek\u00e9nt sz\u00fcletett a bar\u00e1ts\u00e1gos Townsville-ben. Utonium professzor r\u00e9g\u00f3ta nagyhatalmi \u00e1lmait d\u00e9delgeti. Laborat\u00f3rium\u00e1ban a t\u00f6k\u00e9letes kisgyerek titk\u00e1t keresi. Csakhogy a professzor jobbkeze, Jojo majom hib\u00e1t v\u00e9t \u00e9s valamib\u0151l t\u00f6bb ker\u00fcl a kever\u00e9kbe. Egyszerre h\u00e1rom kisl\u00e1ny is lesz az eredm\u00e9ny. Apr\u00f3 szuperh\u0151s\u00f6k sz\u00fclet\u00e9s\u00fckt\u0151l fogva, de m\u00e9g nem tudj\u00e1k igaz\u00e1n uralni k\u00e9pess\u00e9geiket. Jojo majom \u00e1t akarja venni a v\u00e1ros ir\u00e1ny\u00edt\u00e1s\u00e1t majombar\u00e1taival egy\u00fctt. A szuperl\u00e1nyoknak r\u00e9sen kell lenni\u00fck. Meg kell menteni a vil\u00e1got.","languageCode":"hun","countryCode":"HU","deviceCode":"web","medium":"TV","categories":[{"id":"271090244371","title":"Gyermek\/Ifj\u00fas\u00e1gi","scheme":"urn:tva:metadata:cs:UPCEventGenreCS:2009"},{"id":"271090244376","title":"Rajzfilm","scheme":"urn:tva:metadata:cs:UPCEventGenreCS:2009"}],"isAdult":false,"parentalRating":"3","cast":[],"directors":["Robert Alvarez","Craig McCracken","John McIntyre","Randy Myers","Robert Renzetti","Genndy Tartakovsky"],"images":[{"assetType":"tva-boxcover","assetTypes":["tva-boxcover"],"width":180,"height":260,"url":"https:\/\/wp16-images-hu-dynamic.horizon.tv\/HU\/Images\/bc_3c9a07abdcb68672889402a73c7ef555e2304c32.jpg"},{"assetType":"boxart-large","assetTypes":["boxart-large"],"width":180,"height":260,"url":"https:\/\/wp16-images-hu-dynamic.horizon.tv\/HU\/Images\/bc_3c9a07abdcb68672889402a73c7ef555e2304c32.jpg?w=180&h=260&mode=box"},{"assetType":"boxart-xlarge","assetTypes":["boxart-xlarge"],"width":210,"height":303,"url":"https:\/\/wp16-images-hu-dynamic.horizon.tv\/HU\/Images\/bc_3c9a07abdcb68672889402a73c7ef555e2304c32.jpg?w=210&h=303&mode=box"},{"assetType":"boxart-small","assetTypes":["boxart-small"],"width":75,"height":108,"url":"https:\/\/wp16-images-hu-dynamic.horizon.tv\/HU\/Images\/bc_3c9a07abdcb68672889402a73c7ef555e2304c32.jpg?w=75&h=108&mode=box"},{"assetType":"boxart-medium","assetTypes":["boxart-medium"],"width":110,"height":159,"url":"https:\/\/wp16-images-hu-dynamic.horizon.tv\/HU\/Images\/bc_3c9a07abdcb68672889402a73c7ef555e2304c32.jpg?w=110&h=159&mode=box"},{"assetType":"HighResPortrait","assetTypes":["HighResPortrait"],"url":"https:\/\/wp16-images-hu-dynamic.horizon.tv\/HU\/Images\/hrp_3fd22ba1d37415b93df748aaa7e696a70690db8a.jpg"},{"assetType":"HighResLandscape","assetTypes":["HighResLandscape"],"url":"https:\/\/wp16-images-hu-dynamic.horizon.tv\/HU\/Images\/hrl_5c412ddf5d6404d81142bc93bd3b7751bbaef940.jpg"}],"mediaGroupId":"crid:~~2F~~2Fport.hu~~2F65816050","secondaryTitle":"Karhatalom","shortDescription":"A sorozat h\u00e1rom f\u0151szerepl\u0151je gyakorlatilag m\u00e9g \u00f3vod\u00e1s kor\u00fa, de ez nem akad\u00e1lyozza meg \u0151ket abban, hogy lefekv\u00e9s el\u0151tt mindennap legal\u00e1bb egyszer megments\u00e9k a vil\u00e1got.","mediaType":"Episode","year":"1998","isReplayTv":false,"seriesEpisodeNumber":"1805030745","seriesNumber":"1805100745","videoStreams":[],"airDate":883612800000,"entitlements":["VIP","_OPEN_"],"currentProductIds":[],"currentTvodProductIds":[]},"parentId":"crid:~~2F~~2Fport.hu~~2F65816050","rootId":"crid:~~2F~~2Fport.hu~~2F65816050"}