{"id":"crid:~~2F~~2Fport.hu~~2F69594754-imi:00100000005D38CC","countryCode":"HU","languageCode":"hun","deviceCode":"web","startTime":1525560000000,"endTime":1525561680000,"stationId":"826989607183","imi":"imi:00100000005D38CC","mediaGroupId":"crid:~~2F~~2Fport.hu~~2F67971937","program":{"id":"crid:~~2F~~2Fport.hu~~2F69594754","title":"Shamwari \u2013 \u00c9let a vadonban","description":"H\u00e1rom francia cirkuszi oroszl\u00e1n \u00e9rkezik Shamwariba. Az \u00faj leop\u00e1rd k\u00f6ly\u00f6k gyorsan n\u0151, m\u00edg Juliusnak, a vad\u0151rnek vesz\u00e9lyes tal\u00e1lkoz\u00e1sban van r\u00e9sze.","longDescription":"H\u00e1rom francia cirkuszi oroszl\u00e1n \u00e9rkezik Shamwariba. Az \u00faj leop\u00e1rd k\u00f6ly\u00f6k gyorsan n\u0151, m\u00edg Juliusnak, a vad\u0151rnek vesz\u00e9lyes tal\u00e1lkoz\u00e1sban van r\u00e9sze.","languageCode":"hun","countryCode":"HU","deviceCode":"web","medium":"TV","categories":[{"id":"271090244411","title":"Szabadid\u0151","scheme":"urn:tva:metadata:cs:UPCEventGenreCS:2009"}],"isAdult":false,"parentalRating":"3","cast":["Lyndal Davies"],"directors":["Lyndal Davies"],"images":[{"assetType":"boxart-xlarge","assetTypes":["boxart-xlarge"],"width":210,"height":303,"url":"https:\/\/wp24-images-hu-dynamic.horizon.tv\/HU\/Images\/upcgenre_A0.jpg?w=210&h=303&mode=box"},{"assetType":"boxart-small","assetTypes":["boxart-small"],"width":75,"height":108,"url":"https:\/\/wp24-images-hu-dynamic.horizon.tv\/HU\/Images\/upcgenre_A0.jpg?w=75&h=108&mode=box"},{"assetType":"boxart-large","assetTypes":["boxart-large"],"width":180,"height":260,"url":"https:\/\/wp24-images-hu-dynamic.horizon.tv\/HU\/Images\/upcgenre_A0.jpg?w=180&h=260&mode=box"},{"assetType":"tva-boxcover","assetTypes":["tva-boxcover"],"width":180,"height":260,"url":"https:\/\/wp24-images-hu-dynamic.horizon.tv\/HU\/Images\/upcgenre_A0.jpg"},{"assetType":"boxart-medium","assetTypes":["boxart-medium"],"width":110,"height":159,"url":"https:\/\/wp24-images-hu-dynamic.horizon.tv\/HU\/Images\/upcgenre_A0.jpg?w=110&h=159&mode=box"},{"assetType":"HighResLandscape","assetTypes":["HighResLandscape"],"url":"https:\/\/wp6-images-hu-dynamic.horizon.tv\/HU\/Images\/hrl_014a02b7013634a313a8bd60bfcbc789faf556b2.jpg"}],"mediaGroupId":"crid:~~2F~~2Fport.hu~~2F67971937","shortDescription":"Az afrikai Shamwari Rezerv\u00e1tum doktorainak \u00e9s \u00e1pol\u00f3inak munk\u00e1ja kicsit sem vesz\u00e9lytelen. Huszon\u00f6tezer hekt\u00e1rnyi h\u00e1bor\u00edtatlan ter\u00fcleten kell gondoskodniuk az ott \u00e9l\u0151, v\u00e9dett \u00e1llatok j\u00f3ll\u00e9tr\u0151l.","mediaType":"Episode","isReplayTv":false,"seriesEpisodeNumber":"1805051530","seriesNumber":"1805030625","videoStreams":[],"entitlements":["VIP","_OPEN_"],"currentProductIds":[],"currentTvodProductIds":[]},"parentId":"crid:~~2F~~2Fport.hu~~2F67971937","rootId":"crid:~~2F~~2Fport.hu~~2F67971937"}