{"id":"crid:~~2F~~2Fport.hu~~2F91338280-imi:00100000005D7130","countryCode":"HU","languageCode":"hun","deviceCode":"web","startTime":1525437420000,"endTime":1525437840000,"stationId":"826989607179","imi":"imi:00100000005D7130","mediaGroupId":"crid:~~2F~~2Fport.hu~~2F41746844","program":{"id":"crid:~~2F~~2Fport.hu~~2F91338280","title":"M\u00e1r ezt is tudod","description":"A m\u00f3k\u00e1s 2D anim\u00e1lt, de \u00e9l\u0151 k\u00f6rnyezetben j\u00e1tsz\u00f3d\u00f3 b\u00e1b sorozat a tudom\u00e1ny \u00e9s a term\u00e9szet izgalmas k\u00e9rd\u00e9seit feszegeti, p\u00e9ld\u00e1ul mi is t\u00f6rt\u00e9nt a d\u00edn\u00f3kkal, hov\u00e1 lesz a nap \u00e9jszaka, \u00e9s hogy csin\u00e1lj\u00e1k a m\u00e9hecsk\u00e9k a m\u00e9zet.","longDescription":"A m\u00f3k\u00e1s 2D anim\u00e1lt, de \u00e9l\u0151 k\u00f6rnyezetben j\u00e1tsz\u00f3d\u00f3 b\u00e1b sorozat a tudom\u00e1ny \u00e9s a term\u00e9szet izgalmas k\u00e9rd\u00e9seit feszegeti, p\u00e9ld\u00e1ul mi is t\u00f6rt\u00e9nt a d\u00edn\u00f3kkal, hov\u00e1 lesz a nap \u00e9jszaka, \u00e9s hogy csin\u00e1lj\u00e1k a m\u00e9hecsk\u00e9k a m\u00e9zet.","languageCode":"hun","countryCode":"HU","deviceCode":"web","medium":"TV","categories":[{"id":"271090244428","title":"Dr\u00e1ma","scheme":"urn:tva:metadata:cs:UPCEventGenreCS:2009"}],"isAdult":false,"parentalRating":"3","cast":["Frank Meschkuleit","Marty Stelnick","Indiana Williams","David McMillen","Jacob Soley"],"directors":["Ben Mazzotta"],"images":[{"assetType":"boxart-medium","assetTypes":["boxart-medium"],"width":110,"height":159,"url":"https:\/\/wp6-images-hu-dynamic.horizon.tv\/HU\/Images\/upcgenre_E0.jpg?w=110&h=159&mode=box"},{"assetType":"boxart-small","assetTypes":["boxart-small"],"width":75,"height":108,"url":"https:\/\/wp6-images-hu-dynamic.horizon.tv\/HU\/Images\/upcgenre_E0.jpg?w=75&h=108&mode=box"},{"assetType":"boxart-large","assetTypes":["boxart-large"],"width":180,"height":260,"url":"https:\/\/wp6-images-hu-dynamic.horizon.tv\/HU\/Images\/upcgenre_E0.jpg?w=180&h=260&mode=box"},{"assetType":"boxart-xlarge","assetTypes":["boxart-xlarge"],"width":210,"height":303,"url":"https:\/\/wp6-images-hu-dynamic.horizon.tv\/HU\/Images\/upcgenre_E0.jpg?w=210&h=303&mode=box"},{"assetType":"tva-boxcover","assetTypes":["tva-boxcover"],"width":180,"height":260,"url":"https:\/\/wp6-images-hu-dynamic.horizon.tv\/HU\/Images\/upcgenre_E0.jpg"},{"assetType":"HighResLandscape","assetTypes":["HighResLandscape"],"url":"https:\/\/wp7-images-hu-dynamic.horizon.tv\/HU\/Images\/hrl_732c80e8be182fab2a352cbe06efc3988d9c7cc1.jpg"}],"mediaGroupId":"crid:~~2F~~2Fport.hu~~2F41746844","shortDescription":"A b\u00e1bsorozat a tudom\u00e1ny \u00e9s a term\u00e9szet izgalmas k\u00e9rd\u00e9seit feszegeti, p\u00e9ld\u00e1ul mi is t\u00f6rt\u00e9nt a d\u00edn\u00f3kkal, hov\u00e1 lesz a nap \u00e9jszaka, \u00e9s hogy csin\u00e1lj\u00e1k a m\u00e9hecsk\u00e9k a m\u00e9zet.","mediaType":"Episode","isReplayTv":false,"seriesEpisodeNumber":"1805041437","seriesNumber":"1805021030","videoStreams":[],"entitlements":["VIP","_OPEN_"],"currentProductIds":[],"currentTvodProductIds":[]},"parentId":"crid:~~2F~~2Fport.hu~~2F41746844","rootId":"crid:~~2F~~2Fport.hu~~2F41746844"}