{"id":"crid:~~2F~~2Fport.hu~~2F91131450-imi:00100000005D5643","countryCode":"HU","languageCode":"hun","deviceCode":"web","startTime":1525654800000,"endTime":1525656600000,"stationId":"826989607245","imi":"imi:00100000005D5643","mediaGroupId":"crid:~~2F~~2Fport.hu~~2F69047563","program":{"id":"crid:~~2F~~2Fport.hu~~2F91131450","title":"Opera Caf\u00e9","description":"A Magyar \u00c1llami Operah\u00e1z magazinm\u0171sora. J\u00f6jjenek vel\u00fcnk minden h\u00e9ten az Operah\u00e1z \u00e9s az Erkel Sz\u00ednh\u00e1z kulissz\u00e1i m\u00f6g\u00e9, n\u00e9zz\u00e9k meg, hogy zajlanak a pr\u00f3b\u00e1k \u00e9s az el\u0151ad\u00e1sok!","longDescription":"A Magyar \u00c1llami Operah\u00e1z magazinm\u0171sora. J\u00f6jjenek vel\u00fcnk minden h\u00e9ten az Operah\u00e1z \u00e9s az Erkel Sz\u00ednh\u00e1z kulissz\u00e1i m\u00f6g\u00e9, n\u00e9zz\u00e9k meg, hogy zajlanak a pr\u00f3b\u00e1k \u00e9s az el\u0151ad\u00e1sok!","languageCode":"hun","countryCode":"HU","deviceCode":"web","medium":"TV","categories":[{"id":"271090244385","title":"M\u0171v\u00e9szetek\/Kult\u00fara","scheme":"urn:tva:metadata:cs:UPCEventGenreCS:2009"},{"id":"271090244395","title":"M\u0171v\u00e9szeti magazin","scheme":"urn:tva:metadata:cs:UPCEventGenreCS:2009"}],"isAdult":false,"parentalRating":"3","cast":[],"directors":["-."],"images":[{"assetType":"boxart-xlarge","assetTypes":["boxart-xlarge"],"width":210,"height":303,"url":"https:\/\/wp13-images-hu-dynamic.horizon.tv\/HU\/Images\/upcgenre_7A.jpg?w=210&h=303&mode=box"},{"assetType":"boxart-large","assetTypes":["boxart-large"],"width":180,"height":260,"url":"https:\/\/wp13-images-hu-dynamic.horizon.tv\/HU\/Images\/upcgenre_7A.jpg?w=180&h=260&mode=box"},{"assetType":"boxart-medium","assetTypes":["boxart-medium"],"width":110,"height":159,"url":"https:\/\/wp13-images-hu-dynamic.horizon.tv\/HU\/Images\/upcgenre_7A.jpg?w=110&h=159&mode=box"},{"assetType":"tva-boxcover","assetTypes":["tva-boxcover"],"width":180,"height":260,"url":"https:\/\/wp13-images-hu-dynamic.horizon.tv\/HU\/Images\/upcgenre_7A.jpg"},{"assetType":"boxart-small","assetTypes":["boxart-small"],"width":75,"height":108,"url":"https:\/\/wp13-images-hu-dynamic.horizon.tv\/HU\/Images\/upcgenre_7A.jpg?w=75&h=108&mode=box"}],"mediaGroupId":"crid:~~2F~~2Fport.hu~~2F69047563","shortDescription":"A Magyar \u00c1llami Operah\u00e1z magazinm\u0171sora. J\u00f6jjenek vel\u00fcnk minden h\u00e9ten az Operah\u00e1z \u00e9s az Erkel Sz\u00ednh\u00e1z kulissz\u00e1i m\u00f6g\u00e9, n\u00e9zz\u00e9k meg, hogy zajlanak a pr\u00f3b\u00e1k \u00e9s az el\u0151ad\u00e1sok!","mediaType":"Episode","isReplayTv":false,"seriesEpisodeNumber":"1805070300","seriesNumber":"1805130030","videoStreams":[],"entitlements":["VIP","_OPEN_"],"currentProductIds":[],"currentTvodProductIds":[]},"parentId":"crid:~~2F~~2Fport.hu~~2F69047563","rootId":"crid:~~2F~~2Fport.hu~~2F69047563"}