{"id":"crid:~~2F~~2Fport.hu~~2F90607483-imi:00100000005D42B6","countryCode":"HU","languageCode":"hun","deviceCode":"web","startTime":1525616100000,"endTime":1525617600000,"stationId":"826989607229","imi":"imi:00100000005D42B6","mediaGroupId":"crid:~~2F~~2Fport.hu~~2F67968299","program":{"id":"crid:~~2F~~2Fport.hu~~2F90607483","title":"Sz\u00f3fia hercegn\u0151","description":"Hogyan lesz egy \u00e1tlagos kisl\u00e1nyb\u00f3l csod\u00e1lt hercegn\u0151? Milyen \u00e9rt\u00e9keket \u00e9s tud\u00e1st kell elsaj\u00e1t\u00edtania, hogy ne l\u00f3gjon ki az udvarb\u00f3l, nem is besz\u00e9lve a kir\u00e1lyi etikett labirintus\u00e1r\u00f3l? Sz\u00f3fia, a Disney legfiatalabb hercegn\u0151je \u00e1tlagos l\u00e1nyk\u00e9nt \u00e9li mindennapjait B\u0171b\u00e1j Birodalomban eg\u00e9szen addig, am\u00edg \u00e9desanyja f\u00e9rjhez nem megy a kir\u00e1lyhoz. A kisl\u00e1ny egy csap\u00e1sra a kir\u00e1lyi kast\u00e9ly leny\u0171g\u00f6z\u0151, \u00e1m sokszor \u00e9rthetetlen vil\u00e1g\u00e1ban tal\u00e1lja mag\u00e1t, a m\u00e9rhetetlen pompa \u00e9s \u00fajdons\u00fclt mostoha testv\u00e9rei, Amber \u00e9s James t\u00e1rsas\u00e1g\u00e1ban.Sz\u00f3fia hercegn\u0151 t\u00f6rt\u00e9nete azonban akkor kezd\u0151dik, amikor el\u0151djei mes\u00e9je v\u00e9get \u00e9r. Akkor, amikor megszokott \u00e9let\u00e9t\u0151l elszakadva helyt kell \u00e1llnia a sz\u00e1m\u00e1ra idegen kir\u00e1lyi udvarban. Sz\u00f3fia \u00e9lete egy csap\u00e1sra megv\u00e1ltozik, amikor \u00e9desanyja feles\u00e9g\u00fcl megy B\u0171b\u00e1j Birodalom kir\u00e1ly\u00e1hoz. Az \u00e1tlagos l\u00e1ny, Sz\u00f3fia egy pillant\u00e1s alatt egy kast\u00e9lyban tal\u00e1lja mag\u00e1t anyuk\u00e1j\u00e1val, \u00faj mostohaapj\u00e1val, II. Roland Kir\u00e1llyal \u00e9s mostohatestv\u00e9reivel, Amberrel \u00e9s Jamesszel, ahol nem csak \u00faj csal\u00e1dja, de az udvar elv\u00e1r\u00e1sainak is meg kell felelnie, mint \u00fajdons\u00fclt hercegn\u0151.Az \u00e1tlagos kisl\u00e1nynak meg kell tanulnia hercegn\u0151k\u00e9nt viselkedni, ez\u00e9rt hamarosan Fl\u00f3ra, Fauna \u00e9s Fiona, a Csipker\u00f3zsik\u00e1b\u00f3l ismert j\u00f3 t\u00fcnd\u00e9rek iskol\u00e1j\u00e1ban tal\u00e1lja mag\u00e1t, a Kir\u00e1lyi El\u0151k\u00e9sz\u00edt\u0151 Akad\u00e9mi\u00e1n, ahova a mesevil\u00e1g t\u00f6bbi hercege \u00e9s hercegkisasszonya is j\u00e1r, \u00e9s n\u00e9h\u00e1ny j\u00f3l ismert Disney hercegn\u0151 is felbukkan, mint p\u00e9ld\u00e1ul Hamupip\u0151ke.A kalandos \u00e9s megkap\u00f3 \u00faton az \u00e1tlagos kisl\u00e1ny megtanul a kir\u00e1lyi udvarban mozogni \u00e9s hercegn\u0151k\u00e9nt viselkedni, mik\u00f6zben ugyanaz az elb\u0171v\u00f6l\u0151, \u0151szinte, b\u00e1tor l\u00e1ny marad, aki mindenkire odafigyel \u00e9s gondoskodik arr\u00f3l, hogy k\u00f6r\u00fcl\u00f6tte mindenki k\u00fcl\u00f6nlegesnek \u00e9rezze mag\u00e1t.","longDescription":"Hogyan lesz egy \u00e1tlagos kisl\u00e1nyb\u00f3l csod\u00e1lt hercegn\u0151? Milyen \u00e9rt\u00e9keket \u00e9s tud\u00e1st kell elsaj\u00e1t\u00edtania, hogy ne l\u00f3gjon ki az udvarb\u00f3l, nem is besz\u00e9lve a kir\u00e1lyi etikett labirintus\u00e1r\u00f3l? Sz\u00f3fia, a Disney legfiatalabb hercegn\u0151je \u00e1tlagos l\u00e1nyk\u00e9nt \u00e9li mindennapjait B\u0171b\u00e1j Birodalomban eg\u00e9szen addig, am\u00edg \u00e9desanyja f\u00e9rjhez nem megy a kir\u00e1lyhoz. A kisl\u00e1ny egy csap\u00e1sra a kir\u00e1lyi kast\u00e9ly leny\u0171g\u00f6z\u0151, \u00e1m sokszor \u00e9rthetetlen vil\u00e1g\u00e1ban tal\u00e1lja mag\u00e1t, a m\u00e9rhetetlen pompa \u00e9s \u00fajdons\u00fclt mostoha testv\u00e9rei, Amber \u00e9s James t\u00e1rsas\u00e1g\u00e1ban.Sz\u00f3fia hercegn\u0151 t\u00f6rt\u00e9nete azonban akkor kezd\u0151dik, amikor el\u0151djei mes\u00e9je v\u00e9get \u00e9r. Akkor, amikor megszokott \u00e9let\u00e9t\u0151l elszakadva helyt kell \u00e1llnia a sz\u00e1m\u00e1ra idegen kir\u00e1lyi udvarban. Sz\u00f3fia \u00e9lete egy csap\u00e1sra megv\u00e1ltozik, amikor \u00e9desanyja feles\u00e9g\u00fcl megy B\u0171b\u00e1j Birodalom kir\u00e1ly\u00e1hoz. Az \u00e1tlagos l\u00e1ny, Sz\u00f3fia egy pillant\u00e1s alatt egy kast\u00e9lyban tal\u00e1lja mag\u00e1t anyuk\u00e1j\u00e1val, \u00faj mostohaapj\u00e1val, II. Roland Kir\u00e1llyal \u00e9s mostohatestv\u00e9reivel, Amberrel \u00e9s Jamesszel, ahol nem csak \u00faj csal\u00e1dja, de az udvar elv\u00e1r\u00e1sainak is meg kell felelnie, mint \u00fajdons\u00fclt hercegn\u0151.Az \u00e1tlagos kisl\u00e1nynak meg kell tanulnia hercegn\u0151k\u00e9nt viselkedni, ez\u00e9rt hamarosan Fl\u00f3ra, Fauna \u00e9s Fiona, a Csipker\u00f3zsik\u00e1b\u00f3l ismert j\u00f3 t\u00fcnd\u00e9rek iskol\u00e1j\u00e1ban tal\u00e1lja mag\u00e1t, a Kir\u00e1lyi El\u0151k\u00e9sz\u00edt\u0151 Akad\u00e9mi\u00e1n, ahova a mesevil\u00e1g t\u00f6bbi hercege \u00e9s hercegkisasszonya is j\u00e1r, \u00e9s n\u00e9h\u00e1ny j\u00f3l ismert Disney hercegn\u0151 is felbukkan, mint p\u00e9ld\u00e1ul Hamupip\u0151ke.A kalandos \u00e9s megkap\u00f3 \u00faton az \u00e1tlagos kisl\u00e1ny megtanul a kir\u00e1lyi udvarban mozogni \u00e9s hercegn\u0151k\u00e9nt viselkedni, mik\u00f6zben ugyanaz az elb\u0171v\u00f6l\u0151, \u0151szinte, b\u00e1tor l\u00e1ny marad, aki mindenkire odafigyel \u00e9s gondoskodik arr\u00f3l, hogy k\u00f6r\u00fcl\u00f6tte mindenki k\u00fcl\u00f6nlegesnek \u00e9rezze mag\u00e1t.","languageCode":"hun","countryCode":"HU","deviceCode":"web","medium":"TV","categories":[{"id":"271090244371","title":"Gyermek\/Ifj\u00fas\u00e1gi","scheme":"urn:tva:metadata:cs:UPCEventGenreCS:2009"},{"id":"271090244376","title":"Rajzfilm","scheme":"urn:tva:metadata:cs:UPCEventGenreCS:2009"}],"isAdult":false,"parentalRating":"6","cast":["Ariel Winter","Darcy Rose Byrnes","Sara Ramirez","Tyler Merna","Travis Willingham","Tim Gunn","Jess Harnell","Wayne Brady","Russi Taylor","Barbara Dirickson","Meghan Strange","Isabella Acres","Diamond White","Eric Stonestreet","Harley Graham","Merit Leighton"],"directors":["Jamie Mitchell","Sam Riegel","Larry Leichliter"],"images":[{"assetType":"boxart-large","assetTypes":["boxart-large"],"width":180,"height":260,"url":"https:\/\/wp3-images-hu-dynamic.horizon.tv\/HU\/Images\/bc_9000363410a49e0a1cd005720786c7836ee03803.jpg?w=180&h=260&mode=box"},{"assetType":"boxart-small","assetTypes":["boxart-small"],"width":75,"height":108,"url":"https:\/\/wp3-images-hu-dynamic.horizon.tv\/HU\/Images\/bc_9000363410a49e0a1cd005720786c7836ee03803.jpg?w=75&h=108&mode=box"},{"assetType":"tva-boxcover","assetTypes":["tva-boxcover"],"width":180,"height":260,"url":"https:\/\/wp3-images-hu-dynamic.horizon.tv\/HU\/Images\/bc_9000363410a49e0a1cd005720786c7836ee03803.jpg"},{"assetType":"boxart-xlarge","assetTypes":["boxart-xlarge"],"width":210,"height":303,"url":"https:\/\/wp3-images-hu-dynamic.horizon.tv\/HU\/Images\/bc_9000363410a49e0a1cd005720786c7836ee03803.jpg?w=210&h=303&mode=box"},{"assetType":"boxart-medium","assetTypes":["boxart-medium"],"width":110,"height":159,"url":"https:\/\/wp3-images-hu-dynamic.horizon.tv\/HU\/Images\/bc_9000363410a49e0a1cd005720786c7836ee03803.jpg?w=110&h=159&mode=box"},{"assetType":"HighResLandscape","assetTypes":["HighResLandscape"],"url":"https:\/\/wp20-images-hu-dynamic.horizon.tv\/HU\/Images\/hrl_4ed2122d797f38aa9e343f7e1c00b5411e784a36.jpg"},{"assetType":"HighResPortrait","assetTypes":["HighResPortrait"],"url":"https:\/\/wp20-images-hu-dynamic.horizon.tv\/HU\/Images\/hrp_9000363410a49e0a1cd005720786c7836ee03803.jpg"}],"mediaGroupId":"crid:~~2F~~2Fport.hu~~2F67968299","secondaryTitle":"A kir\u00e1lyi esk\u00fcv\u0151","shortDescription":"Hogyan lesz egy \u00e1tlagos kisl\u00e1nyb\u00f3l csod\u00e1lt hercegn\u0151? Sz\u00f3fia \u00e1tlagos l\u00e1nyk\u00e9nt \u00e9li mindennapjait B\u0171b\u00e1j Birodalomban eg\u00e9szen addig, am\u00edg \u00e9desanyja f\u00e9rjhez nem megy a kir\u00e1lyhoz.","mediaType":"Episode","year":"2016","isReplayTv":false,"seriesEpisodeNumber":"1805060855","seriesNumber":"1805050855","videoStreams":[],"airDate":1451606400000,"entitlements":["VIP","_OPEN_"],"currentProductIds":[],"currentTvodProductIds":[]},"parentId":"crid:~~2F~~2Fport.hu~~2F67968299","rootId":"crid:~~2F~~2Fport.hu~~2F67968299"}