{"id":"crid:~~2F~~2Fport.hu~~2F90971356-imi:00100000005D2E6B","countryCode":"HU","languageCode":"hun","deviceCode":"web","startTime":1525431600000,"endTime":1525435200000,"stationId":"826989607268","imi":"imi:00100000005D2E6B","mediaGroupId":"crid:~~2F~~2Fport.hu~~2F90971356","program":{"id":"crid:~~2F~~2Fport.hu~~2F90971356","title":"Apavad\u00e1szat","description":"Az anya \u00fajra f\u00e9rjhez megy, \u00e9s a nagy napon bevallja k\u00e9t feln\u0151tt fi\u00e1nak , hogy hazudott nekik. Most viszont el\u00e1rulja, hogy igaz\u00e1b\u00f3l sosem volt benne biztos, ki az apa.","longDescription":"Az anya \u00fajra f\u00e9rjhez megy, \u00e9s a nagy napon bevallja k\u00e9t feln\u0151tt fi\u00e1nak , hogy hazudott nekik. Most viszont el\u00e1rulja, hogy igaz\u00e1b\u00f3l sosem volt benne biztos, ki az apa.","languageCode":"hun","countryCode":"HU","deviceCode":"web","medium":"TV","categories":[{"id":"271090244398","title":"T\u00e1rsadalmi\/Politikai","scheme":"urn:tva:metadata:cs:UPCEventGenreCS:2009"}],"isAdult":false,"parentalRating":"3","cast":[],"directors":[],"images":[{"assetType":"boxart-medium","assetTypes":["boxart-medium"],"width":110,"height":159,"url":"https:\/\/wp25-images-hu-dynamic.horizon.tv\/HU\/Images\/upcgenre_80.jpg?w=110&h=159&mode=box"},{"assetType":"tva-boxcover","assetTypes":["tva-boxcover"],"width":180,"height":260,"url":"https:\/\/wp25-images-hu-dynamic.horizon.tv\/HU\/Images\/upcgenre_80.jpg"},{"assetType":"boxart-xlarge","assetTypes":["boxart-xlarge"],"width":210,"height":303,"url":"https:\/\/wp25-images-hu-dynamic.horizon.tv\/HU\/Images\/upcgenre_80.jpg?w=210&h=303&mode=box"},{"assetType":"boxart-small","assetTypes":["boxart-small"],"width":75,"height":108,"url":"https:\/\/wp25-images-hu-dynamic.horizon.tv\/HU\/Images\/upcgenre_80.jpg?w=75&h=108&mode=box"},{"assetType":"boxart-large","assetTypes":["boxart-large"],"width":180,"height":260,"url":"https:\/\/wp25-images-hu-dynamic.horizon.tv\/HU\/Images\/upcgenre_80.jpg?w=180&h=260&mode=box"}],"mediaGroupId":"crid:~~2F~~2Fport.hu~~2F90971356","shortDescription":"Az anya \u00fajra f\u00e9rjhez megy, \u00e9s a nagy napon bevallja k\u00e9t feln\u0151tt fi\u00e1nak , hogy hazudott nekik. Most viszont el\u00e1rulja, hogy igaz\u00e1b\u00f3l sosem volt benne biztos, ki az apa.","mediaType":"Episode","isReplayTv":false,"videoStreams":[],"entitlements":["VIP","_OPEN_"],"currentProductIds":[],"currentTvodProductIds":[]},"parentId":"crid:~~2F~~2Fport.hu~~2F90971356","rootId":"crid:~~2F~~2Fport.hu~~2F90971356"}