{"id":"crid:~~2F~~2Fport.hu~~2F67667741-imi:00100000005D3A66","countryCode":"HU","languageCode":"hun","deviceCode":"web","startTime":1525610700000,"endTime":1525614600000,"stationId":"826989607195","imi":"imi:00100000005D3A66","mediaGroupId":"crid:~~2F~~2Fport.hu~~2F68361045","program":{"id":"crid:~~2F~~2Fport.hu~~2F67667741","title":"Csal\u00e1di Titkok","description":"(146) Csal\u00e1di dr\u00e1m\u00e1k, megd\u00f6bbent\u0151 t\u00f6rt\u00e9netek, embert pr\u00f3b\u00e1l\u00f3 helyzetek. H\u00e9tk\u00f6znapi csat\u00e1k, melyek harcmezej\u00e9n csal\u00e1dtagok ker\u00fclnek egym\u00e1ssal szembe. A hazai gy\u00e1rt\u00e1s\u00fa, amat\u0151r szerepl\u0151kkel k\u00e9sz\u00fclt doku-reality olyan t\u00f6rt\u00e9netekkel ismerteti meg a n\u00e9z\u0151t, amelyek napjainkban is l\u00e9tez\u0151 t\u00e1rsadalmi probl\u00e9m\u00e1kra vil\u00e1g\u00edtanak r\u00e1. A legjobb forgat\u00f3k\u00f6nyveket az \u00c9let \u00edrja.","longDescription":"(146) Csal\u00e1di dr\u00e1m\u00e1k, megd\u00f6bbent\u0151 t\u00f6rt\u00e9netek, embert pr\u00f3b\u00e1l\u00f3 helyzetek. H\u00e9tk\u00f6znapi csat\u00e1k, melyek harcmezej\u00e9n csal\u00e1dtagok ker\u00fclnek egym\u00e1ssal szembe. A hazai gy\u00e1rt\u00e1s\u00fa, amat\u0151r szerepl\u0151kkel k\u00e9sz\u00fclt doku-reality olyan t\u00f6rt\u00e9netekkel ismerteti meg a n\u00e9z\u0151t, amelyek napjainkban is l\u00e9tez\u0151 t\u00e1rsadalmi probl\u00e9m\u00e1kra vil\u00e1g\u00edtanak r\u00e1. A legjobb forgat\u00f3k\u00f6nyveket az \u00c9let \u00edrja.","languageCode":"hun","countryCode":"HU","deviceCode":"web","medium":"TV","categories":[{"id":"271090244349","title":"Show","scheme":"urn:tva:metadata:cs:UPCEventGenreCS:2009"}],"isAdult":false,"parentalRating":"3","cast":[],"directors":[],"images":[{"assetType":"boxart-medium","assetTypes":["boxart-medium"],"width":110,"height":159,"url":"https:\/\/wp12-images-hu-dynamic.horizon.tv\/HU\/Images\/upcgenre_30.jpg?w=110&h=159&mode=box"},{"assetType":"boxart-xlarge","assetTypes":["boxart-xlarge"],"width":210,"height":303,"url":"https:\/\/wp12-images-hu-dynamic.horizon.tv\/HU\/Images\/upcgenre_30.jpg?w=210&h=303&mode=box"},{"assetType":"tva-boxcover","assetTypes":["tva-boxcover"],"width":180,"height":260,"url":"https:\/\/wp12-images-hu-dynamic.horizon.tv\/HU\/Images\/upcgenre_30.jpg"},{"assetType":"boxart-large","assetTypes":["boxart-large"],"width":180,"height":260,"url":"https:\/\/wp12-images-hu-dynamic.horizon.tv\/HU\/Images\/upcgenre_30.jpg?w=180&h=260&mode=box"},{"assetType":"boxart-small","assetTypes":["boxart-small"],"width":75,"height":108,"url":"https:\/\/wp12-images-hu-dynamic.horizon.tv\/HU\/Images\/upcgenre_30.jpg?w=75&h=108&mode=box"}],"mediaGroupId":"crid:~~2F~~2Fport.hu~~2F68361045","secondaryTitle":"A hagyat\u00e9k (146)","shortDescription":"Csal\u00e1di dr\u00e1m\u00e1k, megd\u00f6bbent\u0151 t\u00f6rt\u00e9netek, embert pr\u00f3b\u00e1l\u00f3 helyzetek. H\u00e9tk\u00f6znapi csat\u00e1k, melyek harcmezej\u00e9n csal\u00e1dtagok ker\u00fclnek egym\u00e1ssal szembe.A legjobb forgat\u00f3k\u00f6nyveket az \u00c9let \u00edrja.","mediaType":"Episode","year":"2013","isReplayTv":false,"seriesEpisodeNumber":"146","seriesNumber":"1805041140","videoStreams":[],"airDate":1356998400000,"entitlements":["VIP","_OPEN_"],"currentProductIds":[],"currentTvodProductIds":[]},"parentId":"crid:~~2F~~2Fport.hu~~2F68361045","rootId":"crid:~~2F~~2Fport.hu~~2F68361045"}