{"id":"crid:~~2F~~2Fport.en~~2F88659462-imi:00100000005D4FC4","countryCode":"HU","languageCode":"hun","deviceCode":"web","startTime":1525586400000,"endTime":1525593600000,"stationId":"826989607257","imi":"imi:00100000005D4FC4","mediaGroupId":"crid:~~2F~~2Fport.en~~2F15939840","program":{"id":"crid:~~2F~~2Fport.en~~2F88659462","title":"Big Fat Hits","description":"Whether you're looking for a chart smash or the freshest pop sensation, MTV Hits is bursting with them!","longDescription":"Whether you're looking for a chart smash or the freshest pop sensation, MTV Hits is bursting with them!","languageCode":"hun","countryCode":"HU","deviceCode":"web","medium":"TV","categories":[{"id":"271090244377","title":"Zene","scheme":"urn:tva:metadata:cs:UPCEventGenreCS:2009"},{"id":"271090244378","title":"Rock\/pop","scheme":"urn:tva:metadata:cs:UPCEventGenreCS:2009"}],"isAdult":false,"parentalRating":"3","cast":[],"directors":[],"images":[{"assetType":"boxart-medium","assetTypes":["boxart-medium"],"width":110,"height":159,"url":"https:\/\/wp24-images-hu-dynamic.horizon.tv\/HU\/Images\/bc_0d29b6877aa23bfa5809d8684d0a86f918f67dc2.jpg?w=110&h=159&mode=box"},{"assetType":"tva-boxcover","assetTypes":["tva-boxcover"],"width":180,"height":260,"url":"https:\/\/wp24-images-hu-dynamic.horizon.tv\/HU\/Images\/bc_0d29b6877aa23bfa5809d8684d0a86f918f67dc2.jpg"},{"assetType":"boxart-small","assetTypes":["boxart-small"],"width":75,"height":108,"url":"https:\/\/wp24-images-hu-dynamic.horizon.tv\/HU\/Images\/bc_0d29b6877aa23bfa5809d8684d0a86f918f67dc2.jpg?w=75&h=108&mode=box"},{"assetType":"boxart-xlarge","assetTypes":["boxart-xlarge"],"width":210,"height":303,"url":"https:\/\/wp24-images-hu-dynamic.horizon.tv\/HU\/Images\/bc_0d29b6877aa23bfa5809d8684d0a86f918f67dc2.jpg?w=210&h=303&mode=box"},{"assetType":"boxart-large","assetTypes":["boxart-large"],"width":180,"height":260,"url":"https:\/\/wp24-images-hu-dynamic.horizon.tv\/HU\/Images\/bc_0d29b6877aa23bfa5809d8684d0a86f918f67dc2.jpg?w=180&h=260&mode=box"},{"assetType":"HighResLandscape","assetTypes":["HighResLandscape"],"url":"https:\/\/wp21-images-hu-dynamic.horizon.tv\/HU\/Images\/hrl_c4b3379ad06f5fe45b102b296b136e92d5bce543.jpg"},{"assetType":"HighResPortrait","assetTypes":["HighResPortrait"],"url":"https:\/\/wp21-images-hu-dynamic.horizon.tv\/HU\/Images\/hrp_0d29b6877aa23bfa5809d8684d0a86f918f67dc2.jpg"}],"mediaGroupId":"crid:~~2F~~2Fport.en~~2F15939840","shortDescription":"Whether you're looking for a chart smash or the freshest pop sensation, MTV Hits is bursting with them!","mediaType":"Episode","isReplayTv":false,"seriesEpisodeNumber":"1805060800","seriesNumber":"1805100800","videoStreams":[],"entitlements":["VIP","_OPEN_"],"currentProductIds":[],"currentTvodProductIds":[]},"parentId":"crid:~~2F~~2Fport.en~~2F15939840","rootId":"crid:~~2F~~2Fport.en~~2F15939840"}