{"id":"crid:~~2F~~2Fport.hu~~2F8872371-imi:00100000005D5EFA","countryCode":"HU","languageCode":"hun","deviceCode":"web","startTime":1525717800000,"endTime":1525719600000,"stationId":"826989607230","imi":"imi:00100000005D5EFA","mediaGroupId":"crid:~~2F~~2Fport.hu~~2F6746029","program":{"id":"crid:~~2F~~2Fport.hu~~2F8872371","title":"Jamie 15 perces kaj\u00e1i","description":"(I.\/26) El\u0151z\u0151 sorozata sikerein felbuzdulva Jamie ism\u00e9t fakanalat fog, ez\u00fattal azonban m\u00e9g nagyobb kih\u00edv\u00e1s el\u00e9 \u00e1ll\u00edtja mag\u00e1t: 15 perc alatt kell elk\u00e9sz\u00edtenie egy f\u0151fog\u00e1st nyers alapanyagokb\u00f3l a g\u0151z\u00f6lg\u0151 v\u00e9geredm\u00e9nyig.","longDescription":"(I.\/26) El\u0151z\u0151 sorozata sikerein felbuzdulva Jamie ism\u00e9t fakanalat fog, ez\u00fattal azonban m\u00e9g nagyobb kih\u00edv\u00e1s el\u00e9 \u00e1ll\u00edtja mag\u00e1t: 15 perc alatt kell elk\u00e9sz\u00edtenie egy f\u0151fog\u00e1st nyers alapanyagokb\u00f3l a g\u0151z\u00f6lg\u0151 v\u00e9geredm\u00e9nyig.","languageCode":"hun","countryCode":"HU","deviceCode":"web","medium":"TV","categories":[{"id":"271090244349","title":"Show","scheme":"urn:tva:metadata:cs:UPCEventGenreCS:2009"}],"isAdult":false,"parentalRating":"12","cast":[],"directors":[],"images":[{"assetType":"boxart-xlarge","assetTypes":["boxart-xlarge"],"width":210,"height":303,"url":"https:\/\/wp13-images-hu-dynamic.horizon.tv\/HU\/Images\/bc_3fd02e2758b671ff93be4255f3a427004d0d125f.jpg?w=210&h=303&mode=box"},{"assetType":"tva-boxcover","assetTypes":["tva-boxcover"],"width":180,"height":260,"url":"https:\/\/wp13-images-hu-dynamic.horizon.tv\/HU\/Images\/bc_3fd02e2758b671ff93be4255f3a427004d0d125f.jpg"},{"assetType":"boxart-medium","assetTypes":["boxart-medium"],"width":110,"height":159,"url":"https:\/\/wp13-images-hu-dynamic.horizon.tv\/HU\/Images\/bc_3fd02e2758b671ff93be4255f3a427004d0d125f.jpg?w=110&h=159&mode=box"},{"assetType":"boxart-small","assetTypes":["boxart-small"],"width":75,"height":108,"url":"https:\/\/wp13-images-hu-dynamic.horizon.tv\/HU\/Images\/bc_3fd02e2758b671ff93be4255f3a427004d0d125f.jpg?w=75&h=108&mode=box"},{"assetType":"boxart-large","assetTypes":["boxart-large"],"width":180,"height":260,"url":"https:\/\/wp13-images-hu-dynamic.horizon.tv\/HU\/Images\/bc_3fd02e2758b671ff93be4255f3a427004d0d125f.jpg?w=180&h=260&mode=box"},{"assetType":"HighResLandscape","assetTypes":["HighResLandscape"],"url":"https:\/\/wp6-images-hu-dynamic.horizon.tv\/HU\/Images\/hrl_be38a9bf9ef2794f66db204d32cf1a583bb434ce.jpg"},{"assetType":"HighResPortrait","assetTypes":["HighResPortrait"],"url":"https:\/\/wp6-images-hu-dynamic.horizon.tv\/HU\/Images\/hrp_3fd02e2758b671ff93be4255f3a427004d0d125f.jpg"}],"mediaGroupId":"crid:~~2F~~2Fport.hu~~2F6746029","secondaryTitle":"Csirke fajitas \u00e9s r\u00e1kkokt\u00e9l (I.\/26)","shortDescription":"El\u0151z\u0151 sorozata sikerein felbuzdulva Jamie ism\u00e9t fakanalat fog, ez\u00fattal azonban m\u00e9g nagyobb kih\u00edv\u00e1s el\u00e9 \u00e1ll\u00edtja mag\u00e1t: 15 perc alatt kell elk\u00e9sz\u00edtenie egy f\u0151fog\u00e1st nyers alapanyagokb\u00f3l a v\u00e9geredm\u00e9nyig.","mediaType":"Episode","year":"2012","isReplayTv":false,"seriesEpisodeNumber":"26","seriesNumber":"1","videoStreams":[],"airDate":1325376000000,"entitlements":["VIP","_OPEN_"],"currentProductIds":[],"currentTvodProductIds":[]},"parentId":"crid:~~2F~~2Fport.hu~~2F6746029","rootId":"crid:~~2F~~2Fport.hu~~2F6746029"}