{"id":"crid:~~2F~~2Fport.hu~~2F69703971-imi:00100000005E2668","countryCode":"HU","languageCode":"hun","deviceCode":"web","startTime":1525420500000,"endTime":1525422300000,"stationId":"826989607185","imi":"imi:00100000005E2668","mediaGroupId":"crid:~~2F~~2Fport.hu~~2F2428510","program":{"id":"crid:~~2F~~2Fport.hu~~2F69703971","title":"T\u00fcnd\u00e9ri keresztsz\u00fcl\u0151k","description":"(X.\/16) A 10 \u00e9ves Timmy Turner el\u00e9g okos, de \u00f6sszess\u00e9g\u00e9ben \u00e1tlagos fi\u00fa, sz\u00fclei egyed\u00fcli gyermeke. Timmy \u00e9lete azonban m\u00e9gsem teljesen szokv\u00e1nyos, hiszen ott van neki Cosmo \u00e9s Wanda, a k\u00e9t t\u00fcnd\u00e9r-keresztsz\u00fcl\u0151, akiknek l\u00e9tez\u00e9s\u00e9r\u0151l Timmyn k\u00edv\u00fcl senki nem tud.","longDescription":"(X.\/16) A 10 \u00e9ves Timmy Turner el\u00e9g okos, de \u00f6sszess\u00e9g\u00e9ben \u00e1tlagos fi\u00fa, sz\u00fclei egyed\u00fcli gyermeke. Timmy \u00e9lete azonban m\u00e9gsem teljesen szokv\u00e1nyos, hiszen ott van neki Cosmo \u00e9s Wanda, a k\u00e9t t\u00fcnd\u00e9r-keresztsz\u00fcl\u0151, akiknek l\u00e9tez\u00e9s\u00e9r\u0151l Timmyn k\u00edv\u00fcl senki nem tud.","languageCode":"hun","countryCode":"HU","deviceCode":"web","medium":"TV","categories":[{"id":"271090244428","title":"Dr\u00e1ma","scheme":"urn:tva:metadata:cs:UPCEventGenreCS:2009"}],"isAdult":false,"parentalRating":"6","cast":["Tara Strong","Susan Blakeslee","Daran Norris","Jim Ward","Grey DeLisle","Carlos Alazraqui","Frankie Muniz","Alec Baldwin"],"directors":["Sarah Frost","Butch Hartman","Larry Leichliter","Gary Conrad","Jaime Diaz","John Fountain"],"images":[{"assetType":"boxart-large","assetTypes":["boxart-large"],"width":180,"height":260,"url":"https:\/\/wp15-images-hu-dynamic.horizon.tv\/HU\/Images\/bc_bb37c4d096134d44e372a650dfa1b0a3beea93ee.jpg?w=180&h=260&mode=box"},{"assetType":"tva-boxcover","assetTypes":["tva-boxcover"],"width":180,"height":260,"url":"https:\/\/wp15-images-hu-dynamic.horizon.tv\/HU\/Images\/bc_bb37c4d096134d44e372a650dfa1b0a3beea93ee.jpg"},{"assetType":"boxart-small","assetTypes":["boxart-small"],"width":75,"height":108,"url":"https:\/\/wp15-images-hu-dynamic.horizon.tv\/HU\/Images\/bc_bb37c4d096134d44e372a650dfa1b0a3beea93ee.jpg?w=75&h=108&mode=box"},{"assetType":"boxart-xlarge","assetTypes":["boxart-xlarge"],"width":210,"height":303,"url":"https:\/\/wp15-images-hu-dynamic.horizon.tv\/HU\/Images\/bc_bb37c4d096134d44e372a650dfa1b0a3beea93ee.jpg?w=210&h=303&mode=box"},{"assetType":"boxart-medium","assetTypes":["boxart-medium"],"width":110,"height":159,"url":"https:\/\/wp15-images-hu-dynamic.horizon.tv\/HU\/Images\/bc_bb37c4d096134d44e372a650dfa1b0a3beea93ee.jpg?w=110&h=159&mode=box"}],"mediaGroupId":"crid:~~2F~~2Fport.hu~~2F2428510","secondaryTitle":"Ny\u00falmereszt\u0151 \/ Rongybaba kaland (X.\/16)","shortDescription":"A 10 \u00e9ves Timmy Turner el\u00e9g okos, de \u00f6sszess\u00e9g\u00e9ben \u00e1tlagos fi\u00fa, sz\u00fclei egyed\u00fcli gyermeke. Timmy \u00e9lete azonban m\u00e9gsem teljesen szokv\u00e1nyos, hiszen ott van neki Cosmo \u00e9s Wanda, a k\u00e9t t\u00fcnd\u00e9r-keresztsz\u00fcl\u0151.","mediaType":"Episode","year":"2017","isReplayTv":false,"seriesEpisodeNumber":"16","seriesNumber":"10","videoStreams":[],"airDate":1483228800000,"entitlements":["VIP","_OPEN_"],"currentProductIds":[],"currentTvodProductIds":[]},"parentId":"crid:~~2F~~2Fport.hu~~2F2428510","rootId":"crid:~~2F~~2Fport.hu~~2F2428510"}