{"id":"crid:~~2F~~2Fport.hu~~2F68111086-imi:00100000005D91D4","countryCode":"HU","languageCode":"hun","deviceCode":"web","startTime":1525438800000,"endTime":1525440600000,"stationId":"826989607276","imi":"imi:00100000005D91D4","mediaGroupId":"crid:~~2F~~2Fport.hu~~2F68107167","program":{"id":"crid:~~2F~~2Fport.hu~~2F68111086","title":"Daryl h\u00e1zfel\u00faj\u00edt\u00e1sa","description":"(I.\/1) A rockzen\u00e9sz Daryl Hall sz\u00f6gre akasztotta a git\u00e1rj\u00e1t, hogy kalap\u00e1csot ragadjon a kez\u00e9be. Egy 18 sz\u00e1zadi, connecticuti otthont \u00faj\u00edt fel csapat\u00e1val, hogy visszaadj\u00e1k az 1780-as \u00e9vekben \u00e9p\u00fclt h\u00e1z var\u00e1zs\u00e1t.","longDescription":"(I.\/1) A rockzen\u00e9sz Daryl Hall sz\u00f6gre akasztotta a git\u00e1rj\u00e1t, hogy kalap\u00e1csot ragadjon a kez\u00e9be. Egy 18 sz\u00e1zadi, connecticuti otthont \u00faj\u00edt fel csapat\u00e1val, hogy visszaadj\u00e1k az 1780-as \u00e9vekben \u00e9p\u00fclt h\u00e1z var\u00e1zs\u00e1t.","languageCode":"hun","countryCode":"HU","deviceCode":"web","medium":"TV","categories":[{"id":"271090244349","title":"Show","scheme":"urn:tva:metadata:cs:UPCEventGenreCS:2009"}],"isAdult":false,"parentalRating":"3","cast":[],"directors":[],"images":[{"assetType":"boxart-large","assetTypes":["boxart-large"],"width":180,"height":260,"url":"https:\/\/wp8-images-hu-dynamic.horizon.tv\/HU\/Images\/upcgenre_30.jpg?w=180&h=260&mode=box"},{"assetType":"boxart-medium","assetTypes":["boxart-medium"],"width":110,"height":159,"url":"https:\/\/wp8-images-hu-dynamic.horizon.tv\/HU\/Images\/upcgenre_30.jpg?w=110&h=159&mode=box"},{"assetType":"boxart-xlarge","assetTypes":["boxart-xlarge"],"width":210,"height":303,"url":"https:\/\/wp8-images-hu-dynamic.horizon.tv\/HU\/Images\/upcgenre_30.jpg?w=210&h=303&mode=box"},{"assetType":"tva-boxcover","assetTypes":["tva-boxcover"],"width":180,"height":260,"url":"https:\/\/wp8-images-hu-dynamic.horizon.tv\/HU\/Images\/upcgenre_30.jpg"},{"assetType":"boxart-small","assetTypes":["boxart-small"],"width":75,"height":108,"url":"https:\/\/wp8-images-hu-dynamic.horizon.tv\/HU\/Images\/upcgenre_30.jpg?w=75&h=108&mode=box"},{"assetType":"HighResLandscape","assetTypes":["HighResLandscape"],"url":"https:\/\/wp26-images-hu-dynamic.horizon.tv\/HU\/Images\/hrl_24128a9661199c1ba92e85ede831ceb6406076d8.jpg"}],"mediaGroupId":"crid:~~2F~~2Fport.hu~~2F68107167","secondaryTitle":"A munk\u00e1latok kezdete (I.\/1)","shortDescription":"A rockzen\u00e9sz Daryl Hall sz\u00f6gre akasztotta a git\u00e1rj\u00e1t, \u00e9s kalap\u00e1csot ragadott a kez\u00e9be. Egy 18 sz\u00e1zadi, connecticuti otthont \u00faj\u00edt fel csapat\u00e1val, hogy visszaadj\u00e1k az 1780-as \u00e9vekben \u00e9p\u00fclt h\u00e1z var\u00e1zs\u00e1t.","mediaType":"Episode","year":"2014","isReplayTv":false,"seriesEpisodeNumber":"1","seriesNumber":"1","videoStreams":[],"airDate":1388534400000,"entitlements":["VIP","_OPEN_"],"currentProductIds":[],"currentTvodProductIds":[]},"parentId":"crid:~~2F~~2Fport.hu~~2F68107167","rootId":"crid:~~2F~~2Fport.hu~~2F68107167"}