{"id":"crid:~~2F~~2Fport.hu~~2F69710267-imi:00100000005D3E4A","countryCode":"HU","languageCode":"hun","deviceCode":"web","startTime":1525620600000,"endTime":1525623300000,"stationId":"826989607166","imi":"imi:00100000005D3E4A","mediaGroupId":"crid:~~2F~~2Fport.hu~~2F5774898","program":{"id":"crid:~~2F~~2Fport.hu~~2F69710267","title":"Mini p\u00e1ros","description":"T\u00e1rsadalmi\/Politikai","longDescription":"T\u00e1rsadalmi\/Politikai","languageCode":"hun","countryCode":"HU","deviceCode":"web","medium":"TV","categories":[{"id":"271090244398","title":"T\u00e1rsadalmi\/Politikai","scheme":"urn:tva:metadata:cs:UPCEventGenreCS:2009"}],"isAdult":false,"parentalRating":"12","cast":[],"directors":[],"images":[{"assetType":"boxart-large","assetTypes":["boxart-large"],"width":180,"height":260,"url":"https:\/\/wp8-images-hu-dynamic.horizon.tv\/HU\/Images\/bc_88c8e41a024d1793b6e72d962bfec3f4e80544f5.jpg?w=180&h=260&mode=box"},{"assetType":"boxart-xlarge","assetTypes":["boxart-xlarge"],"width":210,"height":303,"url":"https:\/\/wp8-images-hu-dynamic.horizon.tv\/HU\/Images\/bc_88c8e41a024d1793b6e72d962bfec3f4e80544f5.jpg?w=210&h=303&mode=box"},{"assetType":"tva-boxcover","assetTypes":["tva-boxcover"],"width":180,"height":260,"url":"https:\/\/wp8-images-hu-dynamic.horizon.tv\/HU\/Images\/bc_88c8e41a024d1793b6e72d962bfec3f4e80544f5.jpg"},{"assetType":"boxart-medium","assetTypes":["boxart-medium"],"width":110,"height":159,"url":"https:\/\/wp8-images-hu-dynamic.horizon.tv\/HU\/Images\/bc_88c8e41a024d1793b6e72d962bfec3f4e80544f5.jpg?w=110&h=159&mode=box"},{"assetType":"boxart-small","assetTypes":["boxart-small"],"width":75,"height":108,"url":"https:\/\/wp8-images-hu-dynamic.horizon.tv\/HU\/Images\/bc_88c8e41a024d1793b6e72d962bfec3f4e80544f5.jpg?w=75&h=108&mode=box"},{"assetType":"HighResLandscape","assetTypes":["HighResLandscape"],"url":"https:\/\/wp5-images-hu-dynamic.horizon.tv\/HU\/Images\/hrl_36e5fa0e039206e4141b8ec3af7cf23cbea88356.jpg"},{"assetType":"HighResPortrait","assetTypes":["HighResPortrait"],"url":"https:\/\/wp5-images-hu-dynamic.horizon.tv\/HU\/Images\/hrp_88c8e41a024d1793b6e72d962bfec3f4e80544f5.jpg"}],"mediaGroupId":"crid:~~2F~~2Fport.hu~~2F5774898","shortDescription":"T\u00e1rsadalmi\/Politikai","mediaType":"Episode","isReplayTv":false,"seriesEpisodeNumber":"1805061730","seriesNumber":"1805101050","videoStreams":[],"entitlements":["VIP","_OPEN_"],"currentProductIds":[],"currentTvodProductIds":[]},"parentId":"crid:~~2F~~2Fport.hu~~2F5774898","rootId":"crid:~~2F~~2Fport.hu~~2F5774898"}