{"id":"crid:~~2F~~2Fport.hu~~2F72155544-imi:00100000005D3F54","countryCode":"HU","languageCode":"hun","deviceCode":"web","startTime":1525618800000,"endTime":1525622400000,"stationId":"826989607206","imi":"imi:00100000005D3F54","mediaGroupId":"crid:~~2F~~2Fport.hu~~2F6669801","program":{"id":"crid:~~2F~~2Fport.hu~~2F72155544","title":"Kinn az orosz vadonban","description":"(I.\/4) Oroszorsz\u00e1g hatalmas kiterjed\u00e9s\u0171 \u00e1zsiai ter\u00fcleteit mintha csak a szabads\u00e1got \u00e9s h\u00e1bor\u00edtatatlans\u00e1got kedvel\u0151 \u00e9l\u0151vil\u00e1g ig\u00e9nyei szerint \"tervezt\u00e9k\" volna meg. A gy\u00f6ny\u00f6r\u0171 sorozat Oroszorsz\u00e1g legszebb \u00e9s ember \u00e1ltal tal\u00e1n legkev\u00e9sb\u00e9 zavart vid\u00e9keit t\u00e1rja el\u00e9nk, vesz\u00e9lyes vagy \u00e9ppen t\u00falzottan is f\u00e9l\u00e9nk, csak nagy neh\u00e9zs\u00e9gek \u00e1r\u00e1n lencsev\u00e9gre kaphat\u00f3 lak\u00f3ikkal egy\u00fctt.","longDescription":"(I.\/4) Oroszorsz\u00e1g hatalmas kiterjed\u00e9s\u0171 \u00e1zsiai ter\u00fcleteit mintha csak a szabads\u00e1got \u00e9s h\u00e1bor\u00edtatatlans\u00e1got kedvel\u0151 \u00e9l\u0151vil\u00e1g ig\u00e9nyei szerint \"tervezt\u00e9k\" volna meg. A gy\u00f6ny\u00f6r\u0171 sorozat Oroszorsz\u00e1g legszebb \u00e9s ember \u00e1ltal tal\u00e1n legkev\u00e9sb\u00e9 zavart vid\u00e9keit t\u00e1rja el\u00e9nk, vesz\u00e9lyes vagy \u00e9ppen t\u00falzottan is f\u00e9l\u00e9nk, csak nagy neh\u00e9zs\u00e9gek \u00e1r\u00e1n lencsev\u00e9gre kaphat\u00f3 lak\u00f3ikkal egy\u00fctt.","languageCode":"hun","countryCode":"HU","deviceCode":"web","medium":"TV","categories":[{"id":"271090244411","title":"Szabadid\u0151","scheme":"urn:tva:metadata:cs:UPCEventGenreCS:2009"},{"id":"271090244412","title":"Utaz\u00e1s","scheme":"urn:tva:metadata:cs:UPCEventGenreCS:2009"}],"isAdult":false,"parentalRating":"12","cast":["Jason Hildebrandt"],"directors":["Dan Habershon-Butcher"],"images":[{"assetType":"boxart-small","assetTypes":["boxart-small"],"width":75,"height":108,"url":"https:\/\/wp22-images-hu-dynamic.horizon.tv\/HU\/Images\/upcgenre_A1.jpg?w=75&h=108&mode=box"},{"assetType":"tva-boxcover","assetTypes":["tva-boxcover"],"width":180,"height":260,"url":"https:\/\/wp22-images-hu-dynamic.horizon.tv\/HU\/Images\/upcgenre_A1.jpg"},{"assetType":"boxart-medium","assetTypes":["boxart-medium"],"width":110,"height":159,"url":"https:\/\/wp22-images-hu-dynamic.horizon.tv\/HU\/Images\/upcgenre_A1.jpg?w=110&h=159&mode=box"},{"assetType":"boxart-xlarge","assetTypes":["boxart-xlarge"],"width":210,"height":303,"url":"https:\/\/wp22-images-hu-dynamic.horizon.tv\/HU\/Images\/upcgenre_A1.jpg?w=210&h=303&mode=box"},{"assetType":"boxart-large","assetTypes":["boxart-large"],"width":180,"height":260,"url":"https:\/\/wp22-images-hu-dynamic.horizon.tv\/HU\/Images\/upcgenre_A1.jpg?w=180&h=260&mode=box"},{"assetType":"HighResLandscape","assetTypes":["HighResLandscape"],"url":"https:\/\/wp24-images-hu-dynamic.horizon.tv\/HU\/Images\/hrl_049a18e0a6137f850d89cd80371aa81d1c02dbf8.jpg"}],"mediaGroupId":"crid:~~2F~~2Fport.hu~~2F6669801","secondaryTitle":"A sarkvid\u00e9k (I.\/4)","shortDescription":"A sorozat Oroszorsz\u00e1g legszebb \u00e9s ember \u00e1ltal tal\u00e1n legkev\u00e9sb\u00e9 zavart vid\u00e9keit t\u00e1rja el\u00e9nk, vesz\u00e9lyes vagy \u00e9ppen t\u00falzottan is f\u00e9l\u00e9nk, csak nagy neh\u00e9zs\u00e9gek \u00e1r\u00e1n lencsev\u00e9gre kaphat\u00f3 lak\u00f3ikkal egy\u00fctt.","mediaType":"Episode","year":"2009","duration":3600,"latestBroadcastStartTime":1525147200000,"latestBroadcastEndTime":1525150800000,"isReplayTv":true,"listingId":"crid:~~2F~~2Fport.hu~~2F72155544-imi:00100000005CD85A","seriesEpisodeNumber":"4","seriesNumber":"1","videoStreams":[],"airDate":1230768000000,"entitlements":["crid:~~2F~~2Fupc.com~~2FReplayTV~~2FNational_Geographic_ReplayTV","crid:~~2F~~2Fupc.com~~2FReplayTV~~2FNat_Geo_Wild_ReplayTV","VIP","_OPEN_"],"currentProductIds":["crid:~~2F~~2Fupc.com~~2FReplayTV~~2FNational_Geographic_ReplayTV","crid:~~2F~~2Fupc.com~~2FReplayTV~~2FNat_Geo_Wild_ReplayTV"],"currentTvodProductIds":[]},"parentId":"crid:~~2F~~2Fport.hu~~2F6669801","rootId":"crid:~~2F~~2Fport.hu~~2F6669801"}