{"id":"crid:~~2F~~2Fport.hu~~2F90447187-imi:00100000005D2900","countryCode":"HU","languageCode":"hun","deviceCode":"web","startTime":1525452300000,"endTime":1525458900000,"stationId":"826989607138","imi":"imi:00100000005D2900","mediaGroupId":"crid:~~2F~~2Fport.hu~~2F66537485","program":{"id":"crid:~~2F~~2Fport.hu~~2F90447187","title":"Egyenes besz\u00e9d","description":"Benne: 19.30 ATV h\u00edrad\u00f3 Amit a nap h\u00edreir\u0151l tudni kell Ami fontos, az a h\u00edr, \u00e9s ami a h\u00edr h\u00e1tter\u00e9ben \u00e1ll. Mindenkit megkeres\u00fcnk, mindenkit megk\u00e9rdez\u00fcnk \u00e9s egyenes besz\u00e9det v\u00e1runk. M\u0171sorvezet\u0151k: R\u00f3nai Egon \u00e9s Krug Em\u00edlia","longDescription":"Benne: 19.30 ATV h\u00edrad\u00f3 Amit a nap h\u00edreir\u0151l tudni kell Ami fontos, az a h\u00edr, \u00e9s ami a h\u00edr h\u00e1tter\u00e9ben \u00e1ll. Mindenkit megkeres\u00fcnk, mindenkit megk\u00e9rdez\u00fcnk \u00e9s egyenes besz\u00e9det v\u00e1runk. M\u0171sorvezet\u0151k: R\u00f3nai Egon \u00e9s Krug Em\u00edlia","languageCode":"hun","countryCode":"HU","deviceCode":"web","medium":"TV","categories":[{"id":"271090244398","title":"T\u00e1rsadalmi\/Politikai","scheme":"urn:tva:metadata:cs:UPCEventGenreCS:2009"}],"isAdult":false,"parentalRating":"3","cast":[],"directors":[],"images":[{"assetType":"boxart-large","assetTypes":["boxart-large"],"width":180,"height":260,"url":"https:\/\/wp19-images-hu-dynamic.horizon.tv\/HU\/Images\/bc_2606d73580895b2fa0dd95ee3197d237ce96b602.jpg?w=180&h=260&mode=box"},{"assetType":"boxart-xlarge","assetTypes":["boxart-xlarge"],"width":210,"height":303,"url":"https:\/\/wp19-images-hu-dynamic.horizon.tv\/HU\/Images\/bc_2606d73580895b2fa0dd95ee3197d237ce96b602.jpg?w=210&h=303&mode=box"},{"assetType":"boxart-small","assetTypes":["boxart-small"],"width":75,"height":108,"url":"https:\/\/wp19-images-hu-dynamic.horizon.tv\/HU\/Images\/bc_2606d73580895b2fa0dd95ee3197d237ce96b602.jpg?w=75&h=108&mode=box"},{"assetType":"tva-boxcover","assetTypes":["tva-boxcover"],"width":180,"height":260,"url":"https:\/\/wp19-images-hu-dynamic.horizon.tv\/HU\/Images\/bc_2606d73580895b2fa0dd95ee3197d237ce96b602.jpg"},{"assetType":"boxart-medium","assetTypes":["boxart-medium"],"width":110,"height":159,"url":"https:\/\/wp19-images-hu-dynamic.horizon.tv\/HU\/Images\/bc_2606d73580895b2fa0dd95ee3197d237ce96b602.jpg?w=110&h=159&mode=box"},{"assetType":"HighResPortrait","assetTypes":["HighResPortrait"],"url":"https:\/\/wp13-images-hu-dynamic.horizon.tv\/HU\/Images\/hrp_2606d73580895b2fa0dd95ee3197d237ce96b602.jpg"}],"mediaGroupId":"crid:~~2F~~2Fport.hu~~2F66537485","shortDescription":"Benne: 19.30 ATV h\u00edrad\u00f3 Amit a nap h\u00edreir\u0151l tudni kell Ami fontos, az a h\u00edr, \u00e9s ami a h\u00edr h\u00e1tter\u00e9ben \u00e1ll. Mindenkit megkeres\u00fcnk, mindenkit megk\u00e9rdez\u00fcnk \u00e9s egyenes besz\u00e9det v\u00e1runk. M\u0171sorvezet\u0151k:...","mediaType":"Episode","isReplayTv":false,"seriesEpisodeNumber":"1805041845","seriesNumber":"1805021845","videoStreams":[],"entitlements":["VIP","_OPEN_"],"currentProductIds":[],"currentTvodProductIds":[]},"parentId":"crid:~~2F~~2Fport.hu~~2F66537485","rootId":"crid:~~2F~~2Fport.hu~~2F66537485"}