{"id":"crid:~~2F~~2Fport.hu~~2F92044093-imi:00100000005E5C75","countryCode":"HU","languageCode":"hun","deviceCode":"web","startTime":1525499700000,"endTime":1525500000000,"stationId":"826989607229","imi":"imi:00100000005E5C75","mediaGroupId":"crid:~~2F~~2Fport.hu~~2F70723698","program":{"id":"crid:~~2F~~2Fport.hu~~2F92044093","title":"Matrica \u2013 N\u00e9gyzetgy\u00f6k","description":"Iskolat\u00e9v\u00e9","longDescription":"Iskolat\u00e9v\u00e9","languageCode":"hun","countryCode":"HU","deviceCode":"web","medium":"TV","categories":[{"id":"271090244371","title":"Gyermek\/Ifj\u00fas\u00e1gi","scheme":"urn:tva:metadata:cs:UPCEventGenreCS:2009"},{"id":"271090244375","title":"Iskolat\u00e9v\u00e9","scheme":"urn:tva:metadata:cs:UPCEventGenreCS:2009"}],"isAdult":false,"parentalRating":"3","cast":[],"directors":[],"images":[{"assetType":"boxart-small","assetTypes":["boxart-small"],"width":75,"height":108,"url":"https:\/\/wp11-images-hu-dynamic.horizon.tv\/HU\/Images\/upcgenre_54.jpg?w=75&h=108&mode=box"},{"assetType":"boxart-large","assetTypes":["boxart-large"],"width":180,"height":260,"url":"https:\/\/wp11-images-hu-dynamic.horizon.tv\/HU\/Images\/upcgenre_54.jpg?w=180&h=260&mode=box"},{"assetType":"tva-boxcover","assetTypes":["tva-boxcover"],"width":180,"height":260,"url":"https:\/\/wp11-images-hu-dynamic.horizon.tv\/HU\/Images\/upcgenre_54.jpg"},{"assetType":"boxart-xlarge","assetTypes":["boxart-xlarge"],"width":210,"height":303,"url":"https:\/\/wp11-images-hu-dynamic.horizon.tv\/HU\/Images\/upcgenre_54.jpg?w=210&h=303&mode=box"},{"assetType":"boxart-medium","assetTypes":["boxart-medium"],"width":110,"height":159,"url":"https:\/\/wp11-images-hu-dynamic.horizon.tv\/HU\/Images\/upcgenre_54.jpg?w=110&h=159&mode=box"}],"mediaGroupId":"crid:~~2F~~2Fport.hu~~2F70723698","shortDescription":"Iskolat\u00e9v\u00e9","mediaType":"Episode","duration":300,"latestBroadcastStartTime":1525499700000,"latestBroadcastEndTime":1525500000000,"isReplayTv":true,"listingId":"crid:~~2F~~2Fport.hu~~2F92044093-imi:00100000005E5C78","seriesEpisodeNumber":"1805050755","seriesNumber":"1805050755","videoStreams":[],"entitlements":["crid:~~2F~~2Fupc.com~~2FReplayTV~~2FM2_HD_ReplayTV","VIP","_OPEN_"],"currentProductIds":["crid:~~2F~~2Fupc.com~~2FReplayTV~~2FM2_HD_ReplayTV"],"currentTvodProductIds":[]},"parentId":"crid:~~2F~~2Fport.hu~~2F70723698","rootId":"crid:~~2F~~2Fport.hu~~2F70723698"}