{"id":"crid:~~2F~~2Fport.hu~~2F53645717-imi:00100000005D38E7","countryCode":"HU","languageCode":"hun","deviceCode":"web","startTime":1525643100000,"endTime":1525646400000,"stationId":"826989607183","imi":"imi:00100000005D38E7","mediaGroupId":"crid:~~2F~~2Fport.hu~~2F53645717","program":{"id":"crid:~~2F~~2Fport.hu~~2F53645717","title":"A k\u00e9k Serengeti","description":"Barbara Block c\u00e1paszak\u00e9rt\u0151 a ragadoz\u00f3kra \u00e9s pr\u00e9d\u00e1ikra r\u00f6gz\u00edthet\u0151 kamer\u00e1kkal minden eddigin\u00e9l l\u00e1tv\u00e1nyosabban mutatja be a k\u00e9k Serengeti hatalmas, gazdag \u00e9s rejtett vil\u00e1g\u00e1t.","longDescription":"Barbara Block c\u00e1paszak\u00e9rt\u0151 a ragadoz\u00f3kra \u00e9s pr\u00e9d\u00e1ikra r\u00f6gz\u00edthet\u0151 kamer\u00e1kkal minden eddigin\u00e9l l\u00e1tv\u00e1nyosabban mutatja be a k\u00e9k Serengeti hatalmas, gazdag \u00e9s rejtett vil\u00e1g\u00e1t.","languageCode":"hun","countryCode":"HU","deviceCode":"web","medium":"TV","categories":[{"id":"271090244411","title":"Szabadid\u0151","scheme":"urn:tva:metadata:cs:UPCEventGenreCS:2009"}],"isAdult":false,"parentalRating":"3","cast":[],"directors":[],"images":[{"assetType":"boxart-xlarge","assetTypes":["boxart-xlarge"],"width":210,"height":303,"url":"https:\/\/wp27-images-hu-dynamic.horizon.tv\/HU\/Images\/upcgenre_A0.jpg?w=210&h=303&mode=box"},{"assetType":"boxart-large","assetTypes":["boxart-large"],"width":180,"height":260,"url":"https:\/\/wp27-images-hu-dynamic.horizon.tv\/HU\/Images\/upcgenre_A0.jpg?w=180&h=260&mode=box"},{"assetType":"boxart-small","assetTypes":["boxart-small"],"width":75,"height":108,"url":"https:\/\/wp27-images-hu-dynamic.horizon.tv\/HU\/Images\/upcgenre_A0.jpg?w=75&h=108&mode=box"},{"assetType":"boxart-medium","assetTypes":["boxart-medium"],"width":110,"height":159,"url":"https:\/\/wp27-images-hu-dynamic.horizon.tv\/HU\/Images\/upcgenre_A0.jpg?w=110&h=159&mode=box"},{"assetType":"tva-boxcover","assetTypes":["tva-boxcover"],"width":180,"height":260,"url":"https:\/\/wp27-images-hu-dynamic.horizon.tv\/HU\/Images\/upcgenre_A0.jpg"},{"assetType":"HighResLandscape","assetTypes":["HighResLandscape"],"url":"https:\/\/wp3-images-hu-dynamic.horizon.tv\/HU\/Images\/hrl_7c2494de063432cdd3f31fabaa41b171de87ac1a.jpg"}],"mediaGroupId":"crid:~~2F~~2Fport.hu~~2F53645717","shortDescription":"Barbara Block c\u00e1paszak\u00e9rt\u0151 a ragadoz\u00f3kra \u00e9s pr\u00e9d\u00e1ikra r\u00f6gz\u00edthet\u0151 kamer\u00e1kkal minden eddigin\u00e9l l\u00e1tv\u00e1nyosabban mutatja be a k\u00e9k Serengeti hatalmas, gazdag \u00e9s rejtett vil\u00e1g\u00e1t.","mediaType":"Episode","year":"2016","isReplayTv":false,"videoStreams":[],"airDate":1451606400000,"entitlements":["VIP","_OPEN_"],"currentProductIds":[],"currentTvodProductIds":[]},"parentId":"crid:~~2F~~2Fport.hu~~2F53645717","rootId":"crid:~~2F~~2Fport.hu~~2F53645717"}