{"id":"crid:~~2F~~2Fport.hu~~2F90588920-imi:00100000005D4A96","countryCode":"HU","languageCode":"hun","deviceCode":"web","startTime":1525503600000,"endTime":1525507200000,"stationId":"826989607245","imi":"imi:00100000005D4A96","mediaGroupId":"crid:~~2F~~2Fport.hu~~2F69047430","program":{"id":"crid:~~2F~~2Fport.hu~~2F90588920","title":"Ismerd meg!","description":"K\u00edv\u00e1ncsi term\u00e9szet vagy? B\u0151v\u00edteni szeretn\u00e9d az iskol\u00e1ban megszerzett ismereteidet? Vagy egyszer\u0171en csak fel szeretn\u00e9l v\u00e1gni tud\u00e1soddal egy csal\u00e1di eb\u00e9dn\u00e9l, vagy az oszt\u00e1lyt\u00e1rsak el\u0151tt? Akkor n\u00e9zd minden szombat reggel az Ismerd meg!-et, ahol j\u00e1tszva ismerkedhetsz meg a t\u00e9ged k\u00f6r\u00fclvev\u0151 vil\u00e1ggal. M\u0171sorvezet\u0151: T\u00f3th Csilla","longDescription":"K\u00edv\u00e1ncsi term\u00e9szet vagy? B\u0151v\u00edteni szeretn\u00e9d az iskol\u00e1ban megszerzett ismereteidet? Vagy egyszer\u0171en csak fel szeretn\u00e9l v\u00e1gni tud\u00e1soddal egy csal\u00e1di eb\u00e9dn\u00e9l, vagy az oszt\u00e1lyt\u00e1rsak el\u0151tt? Akkor n\u00e9zd minden szombat reggel az Ismerd meg!-et, ahol j\u00e1tszva ismerkedhetsz meg a t\u00e9ged k\u00f6r\u00fclvev\u0151 vil\u00e1ggal. M\u0171sorvezet\u0151: T\u00f3th Csilla","languageCode":"hun","countryCode":"HU","deviceCode":"web","medium":"TV","categories":[{"id":"271090244371","title":"Gyermek\/Ifj\u00fas\u00e1gi","scheme":"urn:tva:metadata:cs:UPCEventGenreCS:2009"},{"id":"271090244375","title":"Iskolat\u00e9v\u00e9","scheme":"urn:tva:metadata:cs:UPCEventGenreCS:2009"}],"isAdult":false,"parentalRating":"3","cast":[],"directors":[],"images":[{"assetType":"boxart-medium","assetTypes":["boxart-medium"],"width":110,"height":159,"url":"https:\/\/wp17-images-hu-dynamic.horizon.tv\/HU\/Images\/upcgenre_54.jpg?w=110&h=159&mode=box"},{"assetType":"boxart-large","assetTypes":["boxart-large"],"width":180,"height":260,"url":"https:\/\/wp17-images-hu-dynamic.horizon.tv\/HU\/Images\/upcgenre_54.jpg?w=180&h=260&mode=box"},{"assetType":"boxart-small","assetTypes":["boxart-small"],"width":75,"height":108,"url":"https:\/\/wp17-images-hu-dynamic.horizon.tv\/HU\/Images\/upcgenre_54.jpg?w=75&h=108&mode=box"},{"assetType":"boxart-xlarge","assetTypes":["boxart-xlarge"],"width":210,"height":303,"url":"https:\/\/wp17-images-hu-dynamic.horizon.tv\/HU\/Images\/upcgenre_54.jpg?w=210&h=303&mode=box"},{"assetType":"tva-boxcover","assetTypes":["tva-boxcover"],"width":180,"height":260,"url":"https:\/\/wp17-images-hu-dynamic.horizon.tv\/HU\/Images\/upcgenre_54.jpg"}],"mediaGroupId":"crid:~~2F~~2Fport.hu~~2F69047430","shortDescription":"K\u00edv\u00e1ncsi term\u00e9szet vagy? B\u0151v\u00edteni szeretn\u00e9d az iskol\u00e1ban megszerzett ismereteidet? Vagy egyszer\u0171en csak fel szeretn\u00e9l v\u00e1gni tud\u00e1soddal egy csal\u00e1di eb\u00e9dn\u00e9l, vagy az oszt\u00e1lyt\u00e1rsak el\u0151tt? Akkor n\u00e9zd...","mediaType":"Episode","isReplayTv":false,"seriesEpisodeNumber":"1805050900","seriesNumber":"1805050900","videoStreams":[],"entitlements":["VIP","_OPEN_"],"currentProductIds":[],"currentTvodProductIds":[]},"parentId":"crid:~~2F~~2Fport.hu~~2F69047430","rootId":"crid:~~2F~~2Fport.hu~~2F69047430"}