{"id":"crid:~~2F~~2Fport.hu~~2F61419519-imi:00100000005D2A24","countryCode":"HU","languageCode":"hun","deviceCode":"web","startTime":1525487400000,"endTime":1525494900000,"stationId":"826989607192","imi":"imi:00100000005D2A24","mediaGroupId":"crid:~~2F~~2Fport.hu~~2F55960594","program":{"id":"crid:~~2F~~2Fport.hu~~2F61419519","title":"Ezel","description":"(90) \u00d6mer a n\u0151k \u00e1lma. Szenved\u00e9lyes, mint Johnny Depp, f\u00e9rfias, ak\u00e1rcsak Clive Owen \u00e9s gazdag, mint Bill Gates. \u00d6mernek azonban csak egy \u00e1lma van: t\u00edz hossz\u00fa \u00e9v ut\u00e1n bossz\u00fat \u00e1llni azon, aki hamis v\u00e1dakkal b\u00f6rt\u00f6nbe juttatta \u00e9s elvette a szerelm\u00e9t. Felvett szem\u00e9lyis\u00e9ge, Ezel j\u00f3l ismert a maffia \u00e9s az \u00e9jszakai \u00e9let vil\u00e1g\u00e1ban, ez\u00e9rt biztosra veheti, hogy minden l\u00e9p\u00e9s\u00e9t figyelik majd, bossz\u00faja c\u00e9lba tal\u00e1l.\u00d6mer k\u00f6telez\u0151 katonai szolg\u00e1lat let\u00f6lt\u00e9se ut\u00e1n t\u00e9r haza id\u0151s sz\u00fcleihez \u00e9s kis\u00f6ccs\u00e9hez \u00e9s minden v\u00e1gya, hogy v\u00e9gre feles\u00e9g\u00fcl vehesse \u00e1lmai asszony\u00e1t, a r\u00e1 t\u00fcrelmesen v\u00e1rakoz\u00f3 Ey\u015fant (Cansu Dere). M\u00e1r-m\u00e1r \u00fagy t\u0171nik, pontosan azt az \u00e9letet \u00e9lheti, amire v\u00e1gyott, amikor egy nap a rend\u0151rs\u00e9g r\u00e1ront a b\u00e9k\u00e9sen alv\u00f3 f\u00e9rfira \u00e9s gyilkoss\u00e1g v\u00e1dj\u00e1val letart\u00f3ztatja. \u00c9letfogytiglan tart\u00f3 \u00edt\u00e9lete alatt csak arra tud gondolni, vajon ki az, aki cs\u0151be h\u00fazta, mivel \u00e9rdemelte ezt ki \u00e9s hogyan \u00e1llhatna bossz\u00fat. Az alkalomra t\u00edz hossz\u00fa \u00e9vet kell v\u00e1rnia, de v\u00e9g\u00fcl el\u00e9rkezik, \u00e9s a plasztikai m\u0171t\u00e9ten \u00e1tesett \u00d6mer \u00faj k\u00fcls\u0151vel, Ezel n\u00e9ven s\u00e9t\u00e1l be a kaszin\u00f3 ajtaj\u00e1n, hogy egyszer \u00e9s mindenkorra f\u00e9nyt der\u00edtsen a m\u00faltj\u00e1ra.","longDescription":"(90) \u00d6mer a n\u0151k \u00e1lma. Szenved\u00e9lyes, mint Johnny Depp, f\u00e9rfias, ak\u00e1rcsak Clive Owen \u00e9s gazdag, mint Bill Gates. \u00d6mernek azonban csak egy \u00e1lma van: t\u00edz hossz\u00fa \u00e9v ut\u00e1n bossz\u00fat \u00e1llni azon, aki hamis v\u00e1dakkal b\u00f6rt\u00f6nbe juttatta \u00e9s elvette a szerelm\u00e9t. Felvett szem\u00e9lyis\u00e9ge, Ezel j\u00f3l ismert a maffia \u00e9s az \u00e9jszakai \u00e9let vil\u00e1g\u00e1ban, ez\u00e9rt biztosra veheti, hogy minden l\u00e9p\u00e9s\u00e9t figyelik majd, bossz\u00faja c\u00e9lba tal\u00e1l.\u00d6mer k\u00f6telez\u0151 katonai szolg\u00e1lat let\u00f6lt\u00e9se ut\u00e1n t\u00e9r haza id\u0151s sz\u00fcleihez \u00e9s kis\u00f6ccs\u00e9hez \u00e9s minden v\u00e1gya, hogy v\u00e9gre feles\u00e9g\u00fcl vehesse \u00e1lmai asszony\u00e1t, a r\u00e1 t\u00fcrelmesen v\u00e1rakoz\u00f3 Ey\u015fant (Cansu Dere). M\u00e1r-m\u00e1r \u00fagy t\u0171nik, pontosan azt az \u00e9letet \u00e9lheti, amire v\u00e1gyott, amikor egy nap a rend\u0151rs\u00e9g r\u00e1ront a b\u00e9k\u00e9sen alv\u00f3 f\u00e9rfira \u00e9s gyilkoss\u00e1g v\u00e1dj\u00e1val letart\u00f3ztatja. \u00c9letfogytiglan tart\u00f3 \u00edt\u00e9lete alatt csak arra tud gondolni, vajon ki az, aki cs\u0151be h\u00fazta, mivel \u00e9rdemelte ezt ki \u00e9s hogyan \u00e1llhatna bossz\u00fat. Az alkalomra t\u00edz hossz\u00fa \u00e9vet kell v\u00e1rnia, de v\u00e9g\u00fcl el\u00e9rkezik, \u00e9s a plasztikai m\u0171t\u00e9ten \u00e1tesett \u00d6mer \u00faj k\u00fcls\u0151vel, Ezel n\u00e9ven s\u00e9t\u00e1l be a kaszin\u00f3 ajtaj\u00e1n, hogy egyszer \u00e9s mindenkorra f\u00e9nyt der\u00edtsen a m\u00faltj\u00e1ra.","languageCode":"hun","countryCode":"HU","deviceCode":"web","medium":"TV","categories":[{"id":"271090244428","title":"Dr\u00e1ma","scheme":"urn:tva:metadata:cs:UPCEventGenreCS:2009"}],"isAdult":false,"parentalRating":"12","cast":["Kenan Imirzalioglu","Yigit \u00d6zsener","Cansu Dere","Sedef Avci","Baris Falay","Ipek Bilgin","Tuncel Kurtiz","Bade Iscil","G\u00fcray Kip","Haluk Bilginer"],"directors":["Ulu\u00e7 Bayraktar"],"images":[{"assetType":"boxart-medium","assetTypes":["boxart-medium"],"width":110,"height":159,"url":"https:\/\/wp11-images-hu-dynamic.horizon.tv\/HU\/Images\/bc_58a7f76d0f5324e78c682b36733b78b4e73c6593.jpg?w=110&h=159&mode=box"},{"assetType":"boxart-small","assetTypes":["boxart-small"],"width":75,"height":108,"url":"https:\/\/wp11-images-hu-dynamic.horizon.tv\/HU\/Images\/bc_58a7f76d0f5324e78c682b36733b78b4e73c6593.jpg?w=75&h=108&mode=box"},{"assetType":"tva-boxcover","assetTypes":["tva-boxcover"],"width":180,"height":260,"url":"https:\/\/wp11-images-hu-dynamic.horizon.tv\/HU\/Images\/bc_58a7f76d0f5324e78c682b36733b78b4e73c6593.jpg"},{"assetType":"boxart-large","assetTypes":["boxart-large"],"width":180,"height":260,"url":"https:\/\/wp11-images-hu-dynamic.horizon.tv\/HU\/Images\/bc_58a7f76d0f5324e78c682b36733b78b4e73c6593.jpg?w=180&h=260&mode=box"},{"assetType":"boxart-xlarge","assetTypes":["boxart-xlarge"],"width":210,"height":303,"url":"https:\/\/wp11-images-hu-dynamic.horizon.tv\/HU\/Images\/bc_58a7f76d0f5324e78c682b36733b78b4e73c6593.jpg?w=210&h=303&mode=box"},{"assetType":"HighResPortrait","assetTypes":["HighResPortrait"],"url":"https:\/\/wp19-images-hu-dynamic.horizon.tv\/HU\/Images\/hrp_ed0563af74bcf89a7369ac1846cbf9d1a50f0fd4.jpg"},{"assetType":"HighResLandscape","assetTypes":["HighResLandscape"],"url":"https:\/\/wp19-images-hu-dynamic.horizon.tv\/HU\/Images\/hrl_5ecef7fe7073fb26bb7be9b1cc255584c80e76d3.jpg"}],"mediaGroupId":"crid:~~2F~~2Fport.hu~~2F55960594","secondaryTitle":"(90)","shortDescription":"\u00d6mer a n\u0151k \u00e1lma. \u00d6mernek azonban csak egy \u00e1lma van: t\u00edz hossz\u00fa \u00e9v ut\u00e1n bossz\u00fat \u00e1llni azon, aki hamis v\u00e1dakkal b\u00f6rt\u00f6nbe juttatta \u00e9s elvette a szerelm\u00e9t.","mediaType":"Episode","year":"2011","isReplayTv":false,"seriesEpisodeNumber":"90","seriesNumber":"1805031250","videoStreams":[],"airDate":1293840000000,"entitlements":["VIP","_OPEN_"],"currentProductIds":[],"currentTvodProductIds":[]},"parentId":"crid:~~2F~~2Fport.hu~~2F55960594","rootId":"crid:~~2F~~2Fport.hu~~2F55960594"}