{"id":"crid:~~2F~~2Fport.hu~~2F84917826-imi:00100000005D3C49","countryCode":"HU","languageCode":"hun","deviceCode":"web","startTime":1525628100000,"endTime":1525629900000,"stationId":"826989607133","imi":"imi:00100000005D3C49","mediaGroupId":"crid:~~2F~~2Fport.hu~~2F68188344","program":{"id":"crid:~~2F~~2Fport.hu~~2F84917826","title":"A pillang\u00f3-hat\u00e1s","description":"Hol tartan\u00e1nk \u00e9s mik lenn\u00e9nk ma Kopernikusz vagy Darwin n\u00e9lk\u00fcl? Hogy n\u00e9zne ki Eur\u00f3pa ma, ha Churchill nem l\u00e9p be a h\u00e1bor\u00faba a n\u00e1cik ellen, vagy ha a berlini fal m\u00e9g mindig \u00e1llna? Ez a sorozat l\u00e1tv\u00e1nyos rekonstrukci\u00f3kkal \u00e9s a leg\u00fajabb grafikai megold\u00e1sokkal mutatja be a t\u00f6rt\u00e9nelmet azokon az apr\u00f3nak t\u0171n\u0151 esem\u00e9nyeken \u00e1t, amelyek v\u00e9g\u00fcl \u00faj mederbe sodort\u00e1k a t\u00f6rt\u00e9nelem menet\u00e9t.","longDescription":"Hol tartan\u00e1nk \u00e9s mik lenn\u00e9nk ma Kopernikusz vagy Darwin n\u00e9lk\u00fcl? Hogy n\u00e9zne ki Eur\u00f3pa ma, ha Churchill nem l\u00e9p be a h\u00e1bor\u00faba a n\u00e1cik ellen, vagy ha a berlini fal m\u00e9g mindig \u00e1llna? Ez a sorozat l\u00e1tv\u00e1nyos rekonstrukci\u00f3kkal \u00e9s a leg\u00fajabb grafikai megold\u00e1sokkal mutatja be a t\u00f6rt\u00e9nelmet azokon az apr\u00f3nak t\u0171n\u0151 esem\u00e9nyeken \u00e1t, amelyek v\u00e9g\u00fcl \u00faj mederbe sodort\u00e1k a t\u00f6rt\u00e9nelem menet\u00e9t.","languageCode":"hun","countryCode":"HU","deviceCode":"web","medium":"TV","categories":[{"id":"271090244402","title":"Ismeretterjeszt\u0151 m\u0171sorok","scheme":"urn:tva:metadata:cs:UPCEventGenreCS:2009"},{"id":"271090244407","title":"T\u00e1rsadalomtudom\u00e1ny","scheme":"urn:tva:metadata:cs:UPCEventGenreCS:2009"}],"isAdult":false,"parentalRating":"12","cast":[],"directors":[],"images":[{"assetType":"boxart-medium","assetTypes":["boxart-medium"],"width":110,"height":159,"url":"https:\/\/wp10-images-hu-dynamic.horizon.tv\/HU\/Images\/bc_9d1f30594769a16d7b915c4dff52c07da4f67ffd.jpg?w=110&h=159&mode=box"},{"assetType":"boxart-large","assetTypes":["boxart-large"],"width":180,"height":260,"url":"https:\/\/wp10-images-hu-dynamic.horizon.tv\/HU\/Images\/bc_9d1f30594769a16d7b915c4dff52c07da4f67ffd.jpg?w=180&h=260&mode=box"},{"assetType":"boxart-small","assetTypes":["boxart-small"],"width":75,"height":108,"url":"https:\/\/wp10-images-hu-dynamic.horizon.tv\/HU\/Images\/bc_9d1f30594769a16d7b915c4dff52c07da4f67ffd.jpg?w=75&h=108&mode=box"},{"assetType":"boxart-xlarge","assetTypes":["boxart-xlarge"],"width":210,"height":303,"url":"https:\/\/wp10-images-hu-dynamic.horizon.tv\/HU\/Images\/bc_9d1f30594769a16d7b915c4dff52c07da4f67ffd.jpg?w=210&h=303&mode=box"},{"assetType":"tva-boxcover","assetTypes":["tva-boxcover"],"width":180,"height":260,"url":"https:\/\/wp10-images-hu-dynamic.horizon.tv\/HU\/Images\/bc_9d1f30594769a16d7b915c4dff52c07da4f67ffd.jpg"},{"assetType":"HighResPortrait","assetTypes":["HighResPortrait"],"url":"https:\/\/wp16-images-hu-dynamic.horizon.tv\/HU\/Images\/hrp_9d1f30594769a16d7b915c4dff52c07da4f67ffd.jpg"}],"mediaGroupId":"crid:~~2F~~2Fport.hu~~2F68188344","shortDescription":"Hol tartan\u00e1nk \u00e9s mik lenn\u00e9nk ma Kopernikusz vagy Darwin n\u00e9lk\u00fcl? Hogy n\u00e9zne ki Eur\u00f3pa ma, ha Churchill nem l\u00e9p be a h\u00e1bor\u00faba a n\u00e1cik ellen, vagy ha a berlini fal m\u00e9g mindig \u00e1llna? Ez a sorozat...","mediaType":"Episode","year":"2017","isReplayTv":false,"seriesEpisodeNumber":"1805111650","seriesNumber":"1805111510","videoStreams":[],"airDate":1483228800000,"entitlements":["VIP","_OPEN_"],"currentProductIds":[],"currentTvodProductIds":[]},"parentId":"crid:~~2F~~2Fport.hu~~2F68188344","rootId":"crid:~~2F~~2Fport.hu~~2F68188344"}