{"id":"crid:~~2F~~2Fport.hu~~2F68132257-imi:00100000005DC135","countryCode":"HU","languageCode":"hun","deviceCode":"web","startTime":1525618800000,"endTime":1525621500000,"stationId":"826989607164","imi":"imi:00100000005DC135","mediaGroupId":"crid:~~2F~~2Fport.hu~~2F68131989","program":{"id":"crid:~~2F~~2Fport.hu~~2F68132257","title":"Elvis, a versenyaut\u00f3k kir\u00e1lya","description":"(I.\/2) Marc \"Elvis\" Priestley, a McLaren F1-es szerel\u0151je megl\u00e1togatja a vil\u00e1g elk\u00e9peszt\u0151 j\u00e1rm\u0171rajong\u00f3 szubkult\u00far\u00e1it, \u00e9s vel\u00fck egy\u00fctt v\u00e1llalja a magas okt\u00e1nsz\u00e1m\u00fa kih\u00edv\u00e1sokat.","longDescription":"(I.\/2) Marc \"Elvis\" Priestley, a McLaren F1-es szerel\u0151je megl\u00e1togatja a vil\u00e1g elk\u00e9peszt\u0151 j\u00e1rm\u0171rajong\u00f3 szubkult\u00far\u00e1it, \u00e9s vel\u00fck egy\u00fctt v\u00e1llalja a magas okt\u00e1nsz\u00e1m\u00fa kih\u00edv\u00e1sokat.","languageCode":"hun","countryCode":"HU","deviceCode":"web","medium":"TV","categories":[{"id":"271090244398","title":"T\u00e1rsadalmi\/Politikai","scheme":"urn:tva:metadata:cs:UPCEventGenreCS:2009"}],"isAdult":false,"parentalRating":"3","cast":[],"directors":[],"images":[{"assetType":"tva-boxcover","assetTypes":["tva-boxcover"],"width":180,"height":260,"url":"https:\/\/wp23-images-hu-dynamic.horizon.tv\/HU\/Images\/upcgenre_80.jpg"},{"assetType":"boxart-small","assetTypes":["boxart-small"],"width":75,"height":108,"url":"https:\/\/wp23-images-hu-dynamic.horizon.tv\/HU\/Images\/upcgenre_80.jpg?w=75&h=108&mode=box"},{"assetType":"boxart-large","assetTypes":["boxart-large"],"width":180,"height":260,"url":"https:\/\/wp23-images-hu-dynamic.horizon.tv\/HU\/Images\/upcgenre_80.jpg?w=180&h=260&mode=box"},{"assetType":"boxart-xlarge","assetTypes":["boxart-xlarge"],"width":210,"height":303,"url":"https:\/\/wp23-images-hu-dynamic.horizon.tv\/HU\/Images\/upcgenre_80.jpg?w=210&h=303&mode=box"},{"assetType":"boxart-medium","assetTypes":["boxart-medium"],"width":110,"height":159,"url":"https:\/\/wp23-images-hu-dynamic.horizon.tv\/HU\/Images\/upcgenre_80.jpg?w=110&h=159&mode=box"},{"assetType":"HighResLandscape","assetTypes":["HighResLandscape"],"url":"https:\/\/wp27-images-hu-dynamic.horizon.tv\/HU\/Images\/hrl_b7d190c27bbde10359d4097b6bdec862090fed69.jpg"}],"mediaGroupId":"crid:~~2F~~2Fport.hu~~2F68131989","secondaryTitle":"Mexik\u00f3i lowriderek (I.\/2)","shortDescription":"(I.\/2) Marc \"Elvis\" Priestley, a McLaren F1-es szerel\u0151je megl\u00e1togatja a vil\u00e1g elk\u00e9peszt\u0151 j\u00e1rm\u0171rajong\u00f3 szubkult\u00far\u00e1it, \u00e9s vel\u00fck egy\u00fctt v\u00e1llalja a magas okt\u00e1nsz\u00e1m\u00fa kih\u00edv\u00e1sokat.","mediaType":"Episode","isReplayTv":false,"seriesEpisodeNumber":"2","seriesNumber":"1","videoStreams":[],"entitlements":["VIP","_OPEN_"],"currentProductIds":[],"currentTvodProductIds":[]},"parentId":"crid:~~2F~~2Fport.hu~~2F68131989","rootId":"crid:~~2F~~2Fport.hu~~2F68131989"}