{"id":"crid:~~2F~~2Fport.hu~~2F68438837-imi:00100000005D4CBB","countryCode":"HU","languageCode":"hun","deviceCode":"web","startTime":1525620600000,"endTime":1525622400000,"stationId":"826989607249","imi":"imi:00100000005D4CBB","mediaGroupId":"crid:~~2F~~2Fport.hu~~2F2601530","program":{"id":"crid:~~2F~~2Fport.hu~~2F68438837","title":"Amerikai fater","description":"(IV.\/57) A sorozat f\u0151szerepl\u0151je Stan Smith (Seth MacFarlane), aki mint a CIA fegyverszak\u00e9rt\u0151je \u00e9s mint b\u00fcszke csal\u00e1dapa \u00e9li mindennapjait, \u00e9s \u00f3vja orsz\u00e1g\u00e1t a terrorizmust\u00f3l a virginiai Langley Fallsban. Stan feles\u00e9ge, a kedves Francine (Wendy Schaal), aki konzervat\u00edv f\u00e9rje kedv\u00e9\u00e9rt teljesen elnyomta egykori kicsapong\u00f3 \u00e9nj\u00e9t. Stan folyamatos \u00f6ssze\u00fctk\u00f6z\u00e9sben van ultraliber\u00e1lis 18 \u00e9ves l\u00e1ny\u00e1val, Hayley-vel (Rachael MacFarlane), akit arra k\u00e9nyszer\u00edt, hogy haladjon \u00e1t egy rep\u00fcl\u0151t\u00e9rire eml\u00e9keztet\u0151 biztons\u00e1gi kapun, ak\u00e1rh\u00e1nyszor hazat\u00e9r a helyi egyetemr\u0151l, ahol a l\u00e1ny feminista jogokat tanul. Hayley 13 \u00e9ves \u00f6ccse, a boldogtalan \u00e9s szerencs\u00e9tlen Steve (Scott Grimes) m\u00e9g a pubert\u00e1skor hat\u00e1r\u00e1n l\u00e9pdel, de alapvet\u0151en vesztes alkat. A Smith-h\u00e1z m\u00e9g k\u00e9t k\u00fcl\u00f6n\u00f6s lak\u00f3t tartogat a n\u00e9z\u0151k sz\u00e1m\u00e1ra: itt van Roger (ugyancsak Seth MacFarlane), a szarkasztikus f\u00f6ld\u00f6nk\u00edv\u00fcli, akit Stan \"megsz\u00f6ktetett\" az 51-es k\u00f6rzetb\u0151l, az\u00f3ta a csal\u00e1d nyak\u00e1n l\u00f3g, \u00e9s Klaus (Dee Bradly Baker), egy aranyhal. Klaus hajdan NDK-s sportol\u00f3 volt, akinek az agy\u00e1t a CIA \u00e1t\u00fcltette egy aranyhalba, hogy megakad\u00e1lyozz\u00e1k gy\u0151zelm\u00e9t az olimpi\u00e1n. Ez a radik\u00e1lisan k\u00fcl\u00f6nb\u00f6z\u0151 szem\u00e9lyis\u00e9gekkel megt\u00f6lt\u00f6tt csal\u00e1d csak megpr\u00f3b\u00e1l utat tal\u00e1lni a k\u00f6lcs\u00f6n\u00f6s szeretethez \u00e9s megbecs\u00fcl\u00e9shez ebben a kr\u00edzisekkel teli, stresszes vil\u00e1gban. A sorozat humoros form\u00e1ban k\u00f6zel\u00edti meg az Amerikai Egyes\u00fclt \u00c1llamokban uralkod\u00f3 t\u00e1rsadalmi igazs\u00e1gtalans\u00e1got, \u00e9s a n\u00e9ha t\u00falz\u00f3 patri\u00f3ta, republik\u00e1nus \u00e9s liber\u00e1lis eszm\u00e9ket.","longDescription":"(IV.\/57) A sorozat f\u0151szerepl\u0151je Stan Smith (Seth MacFarlane), aki mint a CIA fegyverszak\u00e9rt\u0151je \u00e9s mint b\u00fcszke csal\u00e1dapa \u00e9li mindennapjait, \u00e9s \u00f3vja orsz\u00e1g\u00e1t a terrorizmust\u00f3l a virginiai Langley Fallsban. Stan feles\u00e9ge, a kedves Francine (Wendy Schaal), aki konzervat\u00edv f\u00e9rje kedv\u00e9\u00e9rt teljesen elnyomta egykori kicsapong\u00f3 \u00e9nj\u00e9t. Stan folyamatos \u00f6ssze\u00fctk\u00f6z\u00e9sben van ultraliber\u00e1lis 18 \u00e9ves l\u00e1ny\u00e1val, Hayley-vel (Rachael MacFarlane), akit arra k\u00e9nyszer\u00edt, hogy haladjon \u00e1t egy rep\u00fcl\u0151t\u00e9rire eml\u00e9keztet\u0151 biztons\u00e1gi kapun, ak\u00e1rh\u00e1nyszor hazat\u00e9r a helyi egyetemr\u0151l, ahol a l\u00e1ny feminista jogokat tanul. Hayley 13 \u00e9ves \u00f6ccse, a boldogtalan \u00e9s szerencs\u00e9tlen Steve (Scott Grimes) m\u00e9g a pubert\u00e1skor hat\u00e1r\u00e1n l\u00e9pdel, de alapvet\u0151en vesztes alkat. A Smith-h\u00e1z m\u00e9g k\u00e9t k\u00fcl\u00f6n\u00f6s lak\u00f3t tartogat a n\u00e9z\u0151k sz\u00e1m\u00e1ra: itt van Roger (ugyancsak Seth MacFarlane), a szarkasztikus f\u00f6ld\u00f6nk\u00edv\u00fcli, akit Stan \"megsz\u00f6ktetett\" az 51-es k\u00f6rzetb\u0151l, az\u00f3ta a csal\u00e1d nyak\u00e1n l\u00f3g, \u00e9s Klaus (Dee Bradly Baker), egy aranyhal. Klaus hajdan NDK-s sportol\u00f3 volt, akinek az agy\u00e1t a CIA \u00e1t\u00fcltette egy aranyhalba, hogy megakad\u00e1lyozz\u00e1k gy\u0151zelm\u00e9t az olimpi\u00e1n. Ez a radik\u00e1lisan k\u00fcl\u00f6nb\u00f6z\u0151 szem\u00e9lyis\u00e9gekkel megt\u00f6lt\u00f6tt csal\u00e1d csak megpr\u00f3b\u00e1l utat tal\u00e1lni a k\u00f6lcs\u00f6n\u00f6s szeretethez \u00e9s megbecs\u00fcl\u00e9shez ebben a kr\u00edzisekkel teli, stresszes vil\u00e1gban. A sorozat humoros form\u00e1ban k\u00f6zel\u00edti meg az Amerikai Egyes\u00fclt \u00c1llamokban uralkod\u00f3 t\u00e1rsadalmi igazs\u00e1gtalans\u00e1got, \u00e9s a n\u00e9ha t\u00falz\u00f3 patri\u00f3ta, republik\u00e1nus \u00e9s liber\u00e1lis eszm\u00e9ket.","languageCode":"hun","countryCode":"HU","deviceCode":"web","medium":"TV","categories":[{"id":"271090244428","title":"Dr\u00e1ma","scheme":"urn:tva:metadata:cs:UPCEventGenreCS:2009"},{"id":"271090244432","title":"Kom\u00e9dia\/Filmv\u00edgj\u00e1t\u00e9k","scheme":"urn:tva:metadata:cs:UPCEventGenreCS:2009"}],"isAdult":false,"parentalRating":"12","cast":["Seth MacFarlane","Wendy Schaal","Rachael MacFarlane","Dee Bradley Baker","Scott Grimes","Mike Barker"],"directors":["Scott Wood"],"images":[{"assetType":"boxart-medium","assetTypes":["boxart-medium"],"width":110,"height":159,"url":"https:\/\/wp16-images-hu-dynamic.horizon.tv\/HU\/Images\/bc_68a48519784c760ae0dd6bf58aef9f88debea0d7.jpg?w=110&h=159&mode=box"},{"assetType":"tva-boxcover","assetTypes":["tva-boxcover"],"width":180,"height":260,"url":"https:\/\/wp16-images-hu-dynamic.horizon.tv\/HU\/Images\/bc_68a48519784c760ae0dd6bf58aef9f88debea0d7.jpg"},{"assetType":"boxart-xlarge","assetTypes":["boxart-xlarge"],"width":210,"height":303,"url":"https:\/\/wp16-images-hu-dynamic.horizon.tv\/HU\/Images\/bc_68a48519784c760ae0dd6bf58aef9f88debea0d7.jpg?w=210&h=303&mode=box"},{"assetType":"boxart-large","assetTypes":["boxart-large"],"width":180,"height":260,"url":"https:\/\/wp16-images-hu-dynamic.horizon.tv\/HU\/Images\/bc_68a48519784c760ae0dd6bf58aef9f88debea0d7.jpg?w=180&h=260&mode=box"},{"assetType":"boxart-small","assetTypes":["boxart-small"],"width":75,"height":108,"url":"https:\/\/wp16-images-hu-dynamic.horizon.tv\/HU\/Images\/bc_68a48519784c760ae0dd6bf58aef9f88debea0d7.jpg?w=75&h=108&mode=box"},{"assetType":"HighResLandscape","assetTypes":["HighResLandscape"],"url":"https:\/\/wp28-images-hu-dynamic.horizon.tv\/HU\/Images\/hrl_8182b7426da5eec21441e013a3f65336ab00f41f.jpg"},{"assetType":"HighResPortrait","assetTypes":["HighResPortrait"],"url":"https:\/\/wp28-images-hu-dynamic.horizon.tv\/HU\/Images\/hrp_68a48519784c760ae0dd6bf58aef9f88debea0d7.jpg"}],"mediaGroupId":"crid:~~2F~~2Fport.hu~~2F2601530","secondaryTitle":"(IV.\/57)","shortDescription":"A sorozat f\u0151szerepl\u0151je Stan Smith, aki mint a CIA fegyverszak\u00e9rt\u0151je \u00e9s mint b\u00fcszke csal\u00e1dapa \u00e9li mindennapjait, \u00e9s \u00f3vja orsz\u00e1g\u00e1t a terrorizmust\u00f3l a virginiai Langley Fallsban.","mediaType":"Episode","year":"2005","duration":1800,"latestBroadcastStartTime":1525439700000,"latestBroadcastEndTime":1525441500000,"isReplayTv":true,"listingId":"crid:~~2F~~2Fport.hu~~2F68438837-imi:00100000005D3259","seriesEpisodeNumber":"57","seriesNumber":"4","videoStreams":[],"airDate":1104537600000,"entitlements":["VIP","crid:~~2F~~2Fupc.com~~2FReplayTV~~2FHumor_Plus_ReplayTV","_OPEN_"],"currentProductIds":["crid:~~2F~~2Fupc.com~~2FReplayTV~~2FHumor_Plus_ReplayTV"],"currentTvodProductIds":[]},"parentId":"crid:~~2F~~2Fport.hu~~2F2601530","rootId":"crid:~~2F~~2Fport.hu~~2F2601530"}