{"id":"crid:~~2F~~2Fport.hu~~2F80319481-imi:00100000005D5BC3","countryCode":"HU","languageCode":"hun","deviceCode":"web","startTime":1525418400000,"endTime":1525420200000,"stationId":"826989607185","imi":"imi:00100000005D5BC3","mediaGroupId":"crid:~~2F~~2Fport.hu~~2F80318683","program":{"id":"crid:~~2F~~2Fport.hu~~2F80319481","title":"Napsug\u00e1r","description":"Dr\u00e1ma","longDescription":"Dr\u00e1ma","languageCode":"hun","countryCode":"HU","deviceCode":"web","medium":"TV","categories":[{"id":"271090244428","title":"Dr\u00e1ma","scheme":"urn:tva:metadata:cs:UPCEventGenreCS:2009"}],"isAdult":false,"parentalRating":"3","cast":["Lilla Crawford","Elan Luz Rivera","Taylor Louderman","Rob Morrison","Kevin Duda","Melissa van der Schyff","Josh Ruben","Dave Droxler"],"directors":["Shawn Seles","Joey So","Dave Barton Thomas"],"images":[{"assetType":"boxart-medium","assetTypes":["boxart-medium"],"width":110,"height":159,"url":"https:\/\/wp12-images-hu-dynamic.horizon.tv\/HU\/Images\/upcgenre_E0.jpg?w=110&h=159&mode=box"},{"assetType":"boxart-large","assetTypes":["boxart-large"],"width":180,"height":260,"url":"https:\/\/wp12-images-hu-dynamic.horizon.tv\/HU\/Images\/upcgenre_E0.jpg?w=180&h=260&mode=box"},{"assetType":"tva-boxcover","assetTypes":["tva-boxcover"],"width":180,"height":260,"url":"https:\/\/wp12-images-hu-dynamic.horizon.tv\/HU\/Images\/upcgenre_E0.jpg"},{"assetType":"boxart-xlarge","assetTypes":["boxart-xlarge"],"width":210,"height":303,"url":"https:\/\/wp12-images-hu-dynamic.horizon.tv\/HU\/Images\/upcgenre_E0.jpg?w=210&h=303&mode=box"},{"assetType":"boxart-small","assetTypes":["boxart-small"],"width":75,"height":108,"url":"https:\/\/wp12-images-hu-dynamic.horizon.tv\/HU\/Images\/upcgenre_E0.jpg?w=75&h=108&mode=box"}],"mediaGroupId":"crid:~~2F~~2Fport.hu~~2F80318683","secondaryTitle":"A bar\u00e1ts\u00e1g nap (I.\/1)","shortDescription":"Dr\u00e1ma","mediaType":"Episode","year":"2017","duration":1800,"latestBroadcastStartTime":1525191900000,"latestBroadcastEndTime":1525193700000,"isReplayTv":true,"listingId":"crid:~~2F~~2Fport.hu~~2F80319481-imi:00100000005D52F3","seriesEpisodeNumber":"1","seriesNumber":"1","videoStreams":[],"airDate":1483228800000,"entitlements":["crid:~~2F~~2Fupc.com~~2FReplayTV~~2FNickelodeon_HD_ReplayTV","crid:~~2F~~2Fupc.com~~2FReplayTV~~2FNickelodeon_ReplayTV","VIP","_OPEN_","crid:~~2F~~2Fupc.com~~2FReplayTV~~2FNick_Jr_ReplayTV"],"currentProductIds":["crid:~~2F~~2Fupc.com~~2FReplayTV~~2FNickelodeon_HD_ReplayTV","crid:~~2F~~2Fupc.com~~2FReplayTV~~2FNickelodeon_ReplayTV","crid:~~2F~~2Fupc.com~~2FReplayTV~~2FNick_Jr_ReplayTV"],"currentTvodProductIds":[]},"parentId":"crid:~~2F~~2Fport.hu~~2F80318683","rootId":"crid:~~2F~~2Fport.hu~~2F80318683"}