{"id":"crid:~~2F~~2Fport.hu~~2F68018174-imi:00100000005D1F62","countryCode":"HU","languageCode":"hun","deviceCode":"web","startTime":1525443000000,"endTime":1525443600000,"stationId":"826989607229","imi":"imi:00100000005D1F62","mediaGroupId":"crid:~~2F~~2Fport.hu~~2F67996095","program":{"id":"crid:~~2F~~2Fport.hu~~2F68018174","title":"Mes\u00e9lj nekem!","description":"Eredeti hang digit\u00e1lisan Klasszikus mes\u00e9ket hallhatunk ismert sz\u00edn\u00e9szek felolvas\u00e1s\u00e1ban. Mes\u00e9l\u0151: Moln\u00e1r Piroska","longDescription":"Eredeti hang digit\u00e1lisan Klasszikus mes\u00e9ket hallhatunk ismert sz\u00edn\u00e9szek felolvas\u00e1s\u00e1ban. Mes\u00e9l\u0151: Moln\u00e1r Piroska","languageCode":"hun","countryCode":"HU","deviceCode":"web","medium":"TV","categories":[{"id":"271090244371","title":"Gyermek\/Ifj\u00fas\u00e1gi","scheme":"urn:tva:metadata:cs:UPCEventGenreCS:2009"},{"id":"271090244376","title":"Rajzfilm","scheme":"urn:tva:metadata:cs:UPCEventGenreCS:2009"}],"isAdult":false,"parentalRating":"3","cast":[],"directors":["Csillag Mano"],"images":[{"assetType":"tva-boxcover","assetTypes":["tva-boxcover"],"width":180,"height":260,"url":"https:\/\/wp18-images-hu-dynamic.horizon.tv\/HU\/Images\/upcgenre_55.jpg"},{"assetType":"boxart-small","assetTypes":["boxart-small"],"width":75,"height":108,"url":"https:\/\/wp18-images-hu-dynamic.horizon.tv\/HU\/Images\/upcgenre_55.jpg?w=75&h=108&mode=box"},{"assetType":"boxart-xlarge","assetTypes":["boxart-xlarge"],"width":210,"height":303,"url":"https:\/\/wp18-images-hu-dynamic.horizon.tv\/HU\/Images\/upcgenre_55.jpg?w=210&h=303&mode=box"},{"assetType":"boxart-medium","assetTypes":["boxart-medium"],"width":110,"height":159,"url":"https:\/\/wp18-images-hu-dynamic.horizon.tv\/HU\/Images\/upcgenre_55.jpg?w=110&h=159&mode=box"},{"assetType":"boxart-large","assetTypes":["boxart-large"],"width":180,"height":260,"url":"https:\/\/wp18-images-hu-dynamic.horizon.tv\/HU\/Images\/upcgenre_55.jpg?w=180&h=260&mode=box"},{"assetType":"HighResLandscape","assetTypes":["HighResLandscape"],"url":"https:\/\/wp20-images-hu-dynamic.horizon.tv\/HU\/Images\/hrl_47ba9638d609141ad7f92eeaf69b7c2728e55ca6.jpg"}],"mediaGroupId":"crid:~~2F~~2Fport.hu~~2F67996095","secondaryTitle":"A ravasz r\u00f3ka \u00e9s az oktondi jagu\u00e1r (indi\u00e1n n\u00e9pmese)","shortDescription":"Az m2 saj\u00e1t gy\u00e1rt\u00e1s\u00fa mesesorozata, melyben olyan klasszikus mes\u00e9ket hallhatunk ismert sz\u00edn\u00e9szek felolvas\u00e1s\u00e1ban, mint A s\u00f3, A r\u00fat kiskacsa, vagy Az \u00e9gig \u00e9r\u0151 paszuly.","mediaType":"Episode","year":"2013","isReplayTv":false,"seriesEpisodeNumber":"1805041610","seriesNumber":"1805021610","videoStreams":[],"airDate":1356998400000,"entitlements":["VIP","_OPEN_"],"currentProductIds":[],"currentTvodProductIds":[]},"parentId":"crid:~~2F~~2Fport.hu~~2F67996095","rootId":"crid:~~2F~~2Fport.hu~~2F67996095"}