{"id":"crid:~~2F~~2Fport.hu~~2F91383893-imi:00100000005D93FC","countryCode":"HU","languageCode":"hun","deviceCode":"web","startTime":1525496100000,"endTime":1525499700000,"stationId":"826989607168","imi":"imi:00100000005D93FC","mediaGroupId":"crid:~~2F~~2Fport.hu~~2F60865447","program":{"id":"crid:~~2F~~2Fport.hu~~2F91383893","title":"Jamie gasztroforradalma","description":"Hol csin\u00e1l Jamie \u00e9s milyen forradalmat? Pontos\u00edtsunk: gasztroforradalmat, \u00e9s h\u00e1t nem kisebb orsz\u00e1gban, mint az Egyes\u00fclt \u00c1llamokban. K\u00f6zelebbr\u0151l: Huntingtonban, Nyugat-Virgini\u00e1ban. \u00c9s mi\u00e9rt pont ott? Az\u00e9rt, mert ezt a v\u00e1rost tartj\u00e1k a legeg\u00e9szs\u00e9gtelenebbnek Amerik\u00e1ban. Ez\u00e9rt azt\u00e1n Jamie f\u0151z\u00e9si tan\u00e1csokkal l\u00e1tja el azokat, akik hajland\u00f3ak tenni is valamit az\u00e9rt, hogy a lakoss\u00e1g korszer\u0171bben t\u00e1pl\u00e1lkozzon. Abban rem\u00e9nykedik, hogy a Huntingtonban elind\u00edtott v\u00e1ltoz\u00e1sok elterjednek majd a hatalmas orsz\u00e1gban, \u00edgy az m\u00e1r nem csak az elh\u00edzottakr\u00f3l, sz\u00edvbetegekr\u0151l \u00e9s cukorbetegs\u00e9gben szenved\u0151kr\u0151l lesz h\u00edres.","longDescription":"Hol csin\u00e1l Jamie \u00e9s milyen forradalmat? Pontos\u00edtsunk: gasztroforradalmat, \u00e9s h\u00e1t nem kisebb orsz\u00e1gban, mint az Egyes\u00fclt \u00c1llamokban. K\u00f6zelebbr\u0151l: Huntingtonban, Nyugat-Virgini\u00e1ban. \u00c9s mi\u00e9rt pont ott? Az\u00e9rt, mert ezt a v\u00e1rost tartj\u00e1k a legeg\u00e9szs\u00e9gtelenebbnek Amerik\u00e1ban. Ez\u00e9rt azt\u00e1n Jamie f\u0151z\u00e9si tan\u00e1csokkal l\u00e1tja el azokat, akik hajland\u00f3ak tenni is valamit az\u00e9rt, hogy a lakoss\u00e1g korszer\u0171bben t\u00e1pl\u00e1lkozzon. Abban rem\u00e9nykedik, hogy a Huntingtonban elind\u00edtott v\u00e1ltoz\u00e1sok elterjednek majd a hatalmas orsz\u00e1gban, \u00edgy az m\u00e1r nem csak az elh\u00edzottakr\u00f3l, sz\u00edvbetegekr\u0151l \u00e9s cukorbetegs\u00e9gben szenved\u0151kr\u0151l lesz h\u00edres.","languageCode":"hun","countryCode":"HU","deviceCode":"web","medium":"TV","categories":[{"id":"271090244398","title":"T\u00e1rsadalmi\/Politikai","scheme":"urn:tva:metadata:cs:UPCEventGenreCS:2009"}],"isAdult":false,"parentalRating":"12","cast":[],"directors":["Brian Smith"],"images":[{"assetType":"boxart-large","assetTypes":["boxart-large"],"width":180,"height":260,"url":"https:\/\/wp6-images-hu-dynamic.horizon.tv\/HU\/Images\/bc_102910682e690a1d50e55556235b4c9921ab64a5.jpg?w=180&h=260&mode=box"},{"assetType":"boxart-medium","assetTypes":["boxart-medium"],"width":110,"height":159,"url":"https:\/\/wp6-images-hu-dynamic.horizon.tv\/HU\/Images\/bc_102910682e690a1d50e55556235b4c9921ab64a5.jpg?w=110&h=159&mode=box"},{"assetType":"tva-boxcover","assetTypes":["tva-boxcover"],"width":180,"height":260,"url":"https:\/\/wp6-images-hu-dynamic.horizon.tv\/HU\/Images\/bc_102910682e690a1d50e55556235b4c9921ab64a5.jpg"},{"assetType":"boxart-xlarge","assetTypes":["boxart-xlarge"],"width":210,"height":303,"url":"https:\/\/wp6-images-hu-dynamic.horizon.tv\/HU\/Images\/bc_102910682e690a1d50e55556235b4c9921ab64a5.jpg?w=210&h=303&mode=box"},{"assetType":"boxart-small","assetTypes":["boxart-small"],"width":75,"height":108,"url":"https:\/\/wp6-images-hu-dynamic.horizon.tv\/HU\/Images\/bc_102910682e690a1d50e55556235b4c9921ab64a5.jpg?w=75&h=108&mode=box"},{"assetType":"HighResPortrait","assetTypes":["HighResPortrait"],"url":"https:\/\/wp7-images-hu-dynamic.horizon.tv\/HU\/Images\/hrp_b4a162cd6a696a392b32679c38dd024e58b3de89.jpg"},{"assetType":"HighResLandscape","assetTypes":["HighResLandscape"],"url":"https:\/\/wp7-images-hu-dynamic.horizon.tv\/HU\/Images\/hrl_db404887580c05139a236f801a75f54f7759716c.jpg"}],"mediaGroupId":"crid:~~2F~~2Fport.hu~~2F60865447","shortDescription":"Hol csin\u00e1l Jamie \u00e9s milyen forradalmat? Pontos\u00edtsunk: gasztroforradalmat, \u00e9s h\u00e1t nem kisebb orsz\u00e1gban, mint az Egyes\u00fclt \u00c1llamokban. K\u00f6zelebbr\u0151l: Huntingtonban, Nyugat-Virgini\u00e1ban.","mediaType":"Episode","year":"2010","isReplayTv":false,"seriesEpisodeNumber":"1805050655","seriesNumber":"1805050655","videoStreams":[],"airDate":1262304000000,"entitlements":["VIP","_OPEN_"],"currentProductIds":[],"currentTvodProductIds":[]},"parentId":"crid:~~2F~~2Fport.hu~~2F60865447","rootId":"crid:~~2F~~2Fport.hu~~2F60865447"}