{"id":"crid:~~2F~~2Fport.hu~~2F90866048-imi:00100000005D3F07","countryCode":"HU","languageCode":"hun","deviceCode":"web","startTime":1525555800000,"endTime":1525557300000,"stationId":"826989607197","imi":"imi:00100000005D3F07","mediaGroupId":"crid:~~2F~~2Fport.hu~~2F82429587","program":{"id":"crid:~~2F~~2Fport.hu~~2F90866048","title":"Kolossz\u00e1lis ki\u00fct\u00e9sek","description":"Sport","longDescription":"Sport","languageCode":"hun","countryCode":"HU","deviceCode":"web","medium":"TV","categories":[{"id":"271090244353","title":"Sport","scheme":"urn:tva:metadata:cs:UPCEventGenreCS:2009"}],"isAdult":false,"parentalRating":"3","cast":[],"directors":[],"images":[{"assetType":"tva-boxcover","assetTypes":["tva-boxcover"],"width":180,"height":260,"url":"https:\/\/wp13-images-hu-dynamic.horizon.tv\/HU\/Images\/upcgenre_40.jpg"},{"assetType":"boxart-large","assetTypes":["boxart-large"],"width":180,"height":260,"url":"https:\/\/wp13-images-hu-dynamic.horizon.tv\/HU\/Images\/upcgenre_40.jpg?w=180&h=260&mode=box"},{"assetType":"boxart-small","assetTypes":["boxart-small"],"width":75,"height":108,"url":"https:\/\/wp13-images-hu-dynamic.horizon.tv\/HU\/Images\/upcgenre_40.jpg?w=75&h=108&mode=box"},{"assetType":"boxart-medium","assetTypes":["boxart-medium"],"width":110,"height":159,"url":"https:\/\/wp13-images-hu-dynamic.horizon.tv\/HU\/Images\/upcgenre_40.jpg?w=110&h=159&mode=box"},{"assetType":"boxart-xlarge","assetTypes":["boxart-xlarge"],"width":210,"height":303,"url":"https:\/\/wp13-images-hu-dynamic.horizon.tv\/HU\/Images\/upcgenre_40.jpg?w=210&h=303&mode=box"}],"mediaGroupId":"crid:~~2F~~2Fport.hu~~2F82429587","shortDescription":"Sport","mediaType":"Episode","isReplayTv":false,"seriesEpisodeNumber":"1805052330","seriesNumber":"1805032330","videoStreams":[],"entitlements":["VIP","_OPEN_"],"currentProductIds":[],"currentTvodProductIds":[]},"parentId":"crid:~~2F~~2Fport.hu~~2F82429587","rootId":"crid:~~2F~~2Fport.hu~~2F82429587"}