{"id":"crid:~~2F~~2Fport.hu~~2F52368331-imi:00100000005D291B","countryCode":"HU","languageCode":"hun","deviceCode":"web","startTime":1525447200000,"endTime":1525450500000,"stationId":"826989607139","imi":"imi:00100000005D291B","mediaGroupId":"crid:~~2F~~2Fport.hu~~2F14829837","program":{"id":"crid:~~2F~~2Fport.hu~~2F52368331","title":"Gyilkos \u00fcgyek","description":"(IV.\/14) Sharon Raydor (Mary McDonnell) kapit\u00e1ny veszi \u00e1t a Los Angeles-i rend\u0151rs\u00e9g k\u00fcl\u00f6nleges nyomozati oszt\u00e1ly\u00e1nak vezet\u00e9s\u00e9t, amely a speci\u00e1lis gyilkoss\u00e1gi \u00e9s a nyomozati szempontb\u00f3l k\u00fcl\u00f6n\u00f6sen \u00e9rz\u00e9keny \u00fcgyekkel foglalkozik.","longDescription":"(IV.\/14) Sharon Raydor (Mary McDonnell) kapit\u00e1ny veszi \u00e1t a Los Angeles-i rend\u0151rs\u00e9g k\u00fcl\u00f6nleges nyomozati oszt\u00e1ly\u00e1nak vezet\u00e9s\u00e9t, amely a speci\u00e1lis gyilkoss\u00e1gi \u00e9s a nyomozati szempontb\u00f3l k\u00fcl\u00f6n\u00f6sen \u00e9rz\u00e9keny \u00fcgyekkel foglalkozik.","languageCode":"hun","countryCode":"HU","deviceCode":"web","medium":"TV","categories":[{"id":"271090244428","title":"Dr\u00e1ma","scheme":"urn:tva:metadata:cs:UPCEventGenreCS:2009"},{"id":"271090756041","title":"Krimi","scheme":"urn:tva:metadata:cs:UPCEventGenreCS:2009"}],"isAdult":false,"parentalRating":"12","cast":["Mary McDonnell","G.W. Bailey","Michael Paul Chan","Raymond Cruz","Graham Patrick Martin","Jonathan del Arco","Robert Gossett","Tom Berenger","Laurie Holden","Luke Perry"],"directors":["Steve Robin","Michael M. Robin","Rick Wallace"],"images":[{"assetType":"tva-boxcover","assetTypes":["tva-boxcover"],"width":180,"height":260,"url":"https:\/\/wp27-images-hu-dynamic.horizon.tv\/HU\/Images\/bc_aadf9d9629a2876a55362159b46f563740aa17b2.jpg"},{"assetType":"boxart-large","assetTypes":["boxart-large"],"width":180,"height":260,"url":"https:\/\/wp27-images-hu-dynamic.horizon.tv\/HU\/Images\/bc_aadf9d9629a2876a55362159b46f563740aa17b2.jpg?w=180&h=260&mode=box"},{"assetType":"boxart-medium","assetTypes":["boxart-medium"],"width":110,"height":159,"url":"https:\/\/wp27-images-hu-dynamic.horizon.tv\/HU\/Images\/bc_aadf9d9629a2876a55362159b46f563740aa17b2.jpg?w=110&h=159&mode=box"},{"assetType":"boxart-xlarge","assetTypes":["boxart-xlarge"],"width":210,"height":303,"url":"https:\/\/wp27-images-hu-dynamic.horizon.tv\/HU\/Images\/bc_aadf9d9629a2876a55362159b46f563740aa17b2.jpg?w=210&h=303&mode=box"},{"assetType":"boxart-small","assetTypes":["boxart-small"],"width":75,"height":108,"url":"https:\/\/wp27-images-hu-dynamic.horizon.tv\/HU\/Images\/bc_aadf9d9629a2876a55362159b46f563740aa17b2.jpg?w=75&h=108&mode=box"},{"assetType":"HighResLandscape","assetTypes":["HighResLandscape"],"url":"https:\/\/wp2-images-hu-dynamic.horizon.tv\/HU\/Images\/hrl_1aae3e2adbe409cbbc26cb3e915a89764702a2ba.jpg"},{"assetType":"HighResPortrait","assetTypes":["HighResPortrait"],"url":"https:\/\/wp2-images-hu-dynamic.horizon.tv\/HU\/Images\/hrp_aadf9d9629a2876a55362159b46f563740aa17b2.jpg"}],"mediaGroupId":"crid:~~2F~~2Fport.hu~~2F14829837","secondaryTitle":"T\u0151zsdeindex (IV.\/14)","shortDescription":"Sharon Raydor kapit\u00e1ny veszi \u00e1t a Los Angeles-i rend\u0151rs\u00e9g k\u00fcl\u00f6nleges nyomozati oszt\u00e1ly\u00e1nak vezet\u00e9s\u00e9t, amely a speci\u00e1lis gyilkoss\u00e1gi \u00fcgyekkel foglalkozik.","mediaType":"Episode","year":"2015","isReplayTv":false,"seriesEpisodeNumber":"14","seriesNumber":"4","videoStreams":[],"airDate":1420070400000,"entitlements":["VIP","_OPEN_"],"currentProductIds":[],"currentTvodProductIds":[]},"parentId":"crid:~~2F~~2Fport.hu~~2F14829837","rootId":"crid:~~2F~~2Fport.hu~~2F14829837"}