{"id":"crid:~~2F~~2Fport.hu~~2F5474065-imi:00100000005D2022","countryCode":"HU","languageCode":"hun","deviceCode":"web","startTime":1525479600000,"endTime":1525481100000,"stationId":"826989607213","imi":"imi:00100000005D2022","mediaGroupId":"crid:~~2F~~2Fport.hu~~2F2803534","program":{"id":"crid:~~2F~~2Fport.hu~~2F5474065","title":"Modern Csal\u00e1d","description":"(II.\/9) Egy nagy, boldog csal\u00e1d. Ez jutott Jaynek. Feln\u0151tt gyerekek \u00e9s unok\u00e1k, \u00e9s ha ez nem lenne el\u00e9g, be\u00faj\u00edtott egy fiatal feles\u00e9get, aki hozta mag\u00e1val a fi\u00e1t is. \u00cdgy egy\u00fctt kell \u00e1thidalniuk a gener\u00e1ci\u00f3s, kultur\u00e1lis \u00e9s t\u00e1rsadalmi k\u00fcl\u00f6nbs\u00e9geket.","longDescription":"(II.\/9) Egy nagy, boldog csal\u00e1d. Ez jutott Jaynek. Feln\u0151tt gyerekek \u00e9s unok\u00e1k, \u00e9s ha ez nem lenne el\u00e9g, be\u00faj\u00edtott egy fiatal feles\u00e9get, aki hozta mag\u00e1val a fi\u00e1t is. \u00cdgy egy\u00fctt kell \u00e1thidalniuk a gener\u00e1ci\u00f3s, kultur\u00e1lis \u00e9s t\u00e1rsadalmi k\u00fcl\u00f6nbs\u00e9geket.","languageCode":"hun","countryCode":"HU","deviceCode":"web","medium":"TV","categories":[{"id":"271090244428","title":"Dr\u00e1ma","scheme":"urn:tva:metadata:cs:UPCEventGenreCS:2009"},{"id":"271090244432","title":"Kom\u00e9dia\/Filmv\u00edgj\u00e1t\u00e9k","scheme":"urn:tva:metadata:cs:UPCEventGenreCS:2009"}],"isAdult":false,"parentalRating":"12","cast":["Ed O'Neill","Sof\u00eda Vergara","Ty Burrell","Julie Bowen","Jesse Tyler Ferguson","Eric Stonestreet","Rico Rodriguez","Nolan Gould","Sarah Hyland","Ariel Winter","Aubrey Anderson-Emmons","Reid Ewing","Kevin Daniels","Chazz Palminteri","Justin Kirk","Shelley Long","David Cross","Philip Baker Hall","Suzy Nakamura","Nathan Lane","Benjamin Bratt"],"directors":["Michael Spiller","Jason Winer","Gail Mancuso","Steven Levitan","Chris Koch"],"images":[{"assetType":"tva-boxcover","assetTypes":["tva-boxcover"],"width":180,"height":260,"url":"https:\/\/wp26-images-hu-dynamic.horizon.tv\/HU\/Images\/bc_0ef31382192178ed70612859a46a18d2c89b4ead.jpg"},{"assetType":"boxart-xlarge","assetTypes":["boxart-xlarge"],"width":210,"height":303,"url":"https:\/\/wp26-images-hu-dynamic.horizon.tv\/HU\/Images\/bc_0ef31382192178ed70612859a46a18d2c89b4ead.jpg?w=210&h=303&mode=box"},{"assetType":"boxart-large","assetTypes":["boxart-large"],"width":180,"height":260,"url":"https:\/\/wp26-images-hu-dynamic.horizon.tv\/HU\/Images\/bc_0ef31382192178ed70612859a46a18d2c89b4ead.jpg?w=180&h=260&mode=box"},{"assetType":"boxart-medium","assetTypes":["boxart-medium"],"width":110,"height":159,"url":"https:\/\/wp26-images-hu-dynamic.horizon.tv\/HU\/Images\/bc_0ef31382192178ed70612859a46a18d2c89b4ead.jpg?w=110&h=159&mode=box"},{"assetType":"boxart-small","assetTypes":["boxart-small"],"width":75,"height":108,"url":"https:\/\/wp26-images-hu-dynamic.horizon.tv\/HU\/Images\/bc_0ef31382192178ed70612859a46a18d2c89b4ead.jpg?w=75&h=108&mode=box"},{"assetType":"HighResLandscape","assetTypes":["HighResLandscape"],"url":"https:\/\/wp3-images-hu-dynamic.horizon.tv\/HU\/Images\/hrl_5a8e6f2e63dc08cd9412b0e848225f3ed04bc23c.jpg"},{"assetType":"HighResPortrait","assetTypes":["HighResPortrait"],"url":"https:\/\/wp3-images-hu-dynamic.horizon.tv\/HU\/Images\/hrp_0ef31382192178ed70612859a46a18d2c89b4ead.jpg"}],"mediaGroupId":"crid:~~2F~~2Fport.hu~~2F2803534","secondaryTitle":"Seg\u00edts\u00e9g, itt a mama! (II.\/9)","shortDescription":"Nagy, boldog csal\u00e1d. Ez jutott Jaynek. Feln\u0151tt gyerekek, unok\u00e1k \u00e9s egy fiatal feles\u00e9g, aki hozta mag\u00e1val a fi\u00e1t is. \u00cdgy egy\u00fctt kell \u00e1thidalniuk a gener\u00e1ci\u00f3s, kultur\u00e1lis \u00e9s t\u00e1rsadalmi k\u00fcl\u00f6nbs\u00e9geket.","mediaType":"Episode","year":"2010","isReplayTv":false,"seriesEpisodeNumber":"9","seriesNumber":"2","videoStreams":[],"airDate":1262304000000,"entitlements":["VIP","_OPEN_"],"currentProductIds":[],"currentTvodProductIds":[]},"parentId":"crid:~~2F~~2Fport.hu~~2F2803534","rootId":"crid:~~2F~~2Fport.hu~~2F2803534"}