{"id":"crid:~~2F~~2Fport.hu~~2F3050617-imi:00100000005D3856","countryCode":"HU","languageCode":"hun","deviceCode":"web","startTime":1525658400000,"endTime":1525662000000,"stationId":"826989607139","imi":"imi:00100000005D3856","mediaGroupId":"crid:~~2F~~2Fport.hu~~2F2473996","program":{"id":"crid:~~2F~~2Fport.hu~~2F3050617","title":"A hidegseb\u00e9sz","description":"(II.\/14) Dr. Megan Hunt (Dana Delany) idegseb\u00e9sz karrierje egy baleset miatt der\u00e9kba t\u00f6rik. Mivel mindene az orvosl\u00e1s, elhat\u00e1rozza, hogy ezent\u00fal halottakat fog vizsg\u00e1lni, hogy kider\u00edtse hal\u00e1luk titkait, okait.","longDescription":"(II.\/14) Dr. Megan Hunt (Dana Delany) idegseb\u00e9sz karrierje egy baleset miatt der\u00e9kba t\u00f6rik. Mivel mindene az orvosl\u00e1s, elhat\u00e1rozza, hogy ezent\u00fal halottakat fog vizsg\u00e1lni, hogy kider\u00edtse hal\u00e1luk titkait, okait.","languageCode":"hun","countryCode":"HU","deviceCode":"web","medium":"TV","categories":[{"id":"271090244428","title":"Dr\u00e1ma","scheme":"urn:tva:metadata:cs:UPCEventGenreCS:2009"},{"id":"271090244429","title":"Thriller","scheme":"urn:tva:metadata:cs:UPCEventGenreCS:2009"}],"isAdult":false,"parentalRating":"12","cast":["Dana Delany","Jeri Ryan","Geoffrey Arend","Windell Middlebrooks","Mary Mouser","John Carroll Lynch","Nicholas Bishop","Sonja Sohn","Joanna Cassidy","Mark Valley","Elyes Gabel","Nathalie Kelley","Kent R. Williams","Jeffrey Nordling"],"directors":["John Polson","Nelson McCormick"],"images":[{"assetType":"boxart-small","assetTypes":["boxart-small"],"width":75,"height":108,"url":"https:\/\/wp11-images-hu-dynamic.horizon.tv\/HU\/Images\/bc_12a33a7b7f357f087b2e559ec92445dfc9b20945.jpg?w=75&h=108&mode=box"},{"assetType":"boxart-medium","assetTypes":["boxart-medium"],"width":110,"height":159,"url":"https:\/\/wp11-images-hu-dynamic.horizon.tv\/HU\/Images\/bc_12a33a7b7f357f087b2e559ec92445dfc9b20945.jpg?w=110&h=159&mode=box"},{"assetType":"tva-boxcover","assetTypes":["tva-boxcover"],"width":180,"height":260,"url":"https:\/\/wp11-images-hu-dynamic.horizon.tv\/HU\/Images\/bc_12a33a7b7f357f087b2e559ec92445dfc9b20945.jpg"},{"assetType":"boxart-large","assetTypes":["boxart-large"],"width":180,"height":260,"url":"https:\/\/wp11-images-hu-dynamic.horizon.tv\/HU\/Images\/bc_12a33a7b7f357f087b2e559ec92445dfc9b20945.jpg?w=180&h=260&mode=box"},{"assetType":"boxart-xlarge","assetTypes":["boxart-xlarge"],"width":210,"height":303,"url":"https:\/\/wp11-images-hu-dynamic.horizon.tv\/HU\/Images\/bc_12a33a7b7f357f087b2e559ec92445dfc9b20945.jpg?w=210&h=303&mode=box"},{"assetType":"HighResLandscape","assetTypes":["HighResLandscape"],"url":"https:\/\/wp24-images-hu-dynamic.horizon.tv\/HU\/Images\/hrl_80befd87ee3e9cf7ce27a9e659d48747bcebe9ad.jpg"},{"assetType":"HighResPortrait","assetTypes":["HighResPortrait"],"url":"https:\/\/wp24-images-hu-dynamic.horizon.tv\/HU\/Images\/hrp_12a33a7b7f357f087b2e559ec92445dfc9b20945.jpg"}],"mediaGroupId":"crid:~~2F~~2Fport.hu~~2F2473996","secondaryTitle":"(II.\/14)","shortDescription":"Dr. Megan Hunt, a vil\u00e1gh\u00edr\u0171 idegseb\u00e9sz s\u00falyos aut\u00f3balesetet szenved. Mivel mindene az orvosl\u00e1s, elhat\u00e1rozza, hogy ezent\u00fal halottakat fog vizsg\u00e1lni, hogy kider\u00edtse hal\u00e1luk titkait, okait.","mediaType":"Episode","year":"2012","isReplayTv":false,"seriesEpisodeNumber":"14","seriesNumber":"2","videoStreams":[],"airDate":1325376000000,"entitlements":["VIP","_OPEN_"],"currentProductIds":[],"currentTvodProductIds":[]},"parentId":"crid:~~2F~~2Fport.hu~~2F2473996","rootId":"crid:~~2F~~2Fport.hu~~2F2473996"}