{"id":"crid:~~2F~~2Fport.hu~~2F70745239-imi:00100000005D2922","countryCode":"HU","languageCode":"hun","deviceCode":"web","startTime":1525467600000,"endTime":1525471200000,"stationId":"826989607139","imi":"imi:00100000005D2922","mediaGroupId":"crid:~~2F~~2Fport.hu~~2F69714583","program":{"id":"crid:~~2F~~2Fport.hu~~2F70745239","title":"Kapcsolat","description":"(I.\/9) Raimy Sullivan (Peyton List) New York-i nyomoz\u00f3n\u0151 nyolc\u00e9vesen elvesztette szint\u00e9n nyomoz\u00f3 \u00e9desapj\u00e1t, Franket (Riley Smith). 1996-ban Frank Sullivan be\u00e9p\u00edtett \u00fcgyn\u00f6kk\u00e9nt dolgozott, amikor egy balul siker\u00fclt akci\u00f3 sor\u00e1n lebukott, \u00e9s ez az \u00e9let\u00e9be ker\u00fclt. Az\u00f3ta h\u00fasz esztend\u0151 telt el, a r\u00e9gm\u00falt sebei m\u00e1r-m\u00e1r begy\u00f3gyultak, amikor egy nap Raimy d\u00f6bbenetes felfedez\u00e9st tesz: r\u00e1di\u00f3n kapcsolatba tud l\u00e9pni \u00e9desapj\u00e1val. Az els\u0151, szinte sokkszer\u0171 \u00e9lm\u00e9ny ut\u00e1n a nyomoz\u00f3n\u0151 elmondja Franknek a hal\u00e1los kimenetel\u0171 akci\u00f3t. Apja \u00edgy elker\u00fcli a v\u00e9gzet\u00e9t, \u00e1m ez bel\u00e1thatatlan k\u00f6vetkezm\u00e9nyekkel j\u00e1rhat a j\u00f6v\u0151re, a 2016-ban \u00e9l\u0151 Raimyre n\u00e9zve is. Apa \u00e9s l\u00e1nya mindent megtesznek, hogy elker\u00fclj\u00e9k a v\u00e1ltoz\u00e1sok el\u0151id\u00e9zte katasztr\u00f3f\u00e1t. Ebben seg\u00edtenek Raimy bar\u00e1tai, Daniel (Daniel Bonjour) \u00e9s Gordo (Lenny Jacobson), no meg Frank egykori t\u00e1rsa, Satch Reyna (Mekhi Phifer) hadnagy is.","longDescription":"(I.\/9) Raimy Sullivan (Peyton List) New York-i nyomoz\u00f3n\u0151 nyolc\u00e9vesen elvesztette szint\u00e9n nyomoz\u00f3 \u00e9desapj\u00e1t, Franket (Riley Smith). 1996-ban Frank Sullivan be\u00e9p\u00edtett \u00fcgyn\u00f6kk\u00e9nt dolgozott, amikor egy balul siker\u00fclt akci\u00f3 sor\u00e1n lebukott, \u00e9s ez az \u00e9let\u00e9be ker\u00fclt. Az\u00f3ta h\u00fasz esztend\u0151 telt el, a r\u00e9gm\u00falt sebei m\u00e1r-m\u00e1r begy\u00f3gyultak, amikor egy nap Raimy d\u00f6bbenetes felfedez\u00e9st tesz: r\u00e1di\u00f3n kapcsolatba tud l\u00e9pni \u00e9desapj\u00e1val. Az els\u0151, szinte sokkszer\u0171 \u00e9lm\u00e9ny ut\u00e1n a nyomoz\u00f3n\u0151 elmondja Franknek a hal\u00e1los kimenetel\u0171 akci\u00f3t. Apja \u00edgy elker\u00fcli a v\u00e9gzet\u00e9t, \u00e1m ez bel\u00e1thatatlan k\u00f6vetkezm\u00e9nyekkel j\u00e1rhat a j\u00f6v\u0151re, a 2016-ban \u00e9l\u0151 Raimyre n\u00e9zve is. Apa \u00e9s l\u00e1nya mindent megtesznek, hogy elker\u00fclj\u00e9k a v\u00e1ltoz\u00e1sok el\u0151id\u00e9zte katasztr\u00f3f\u00e1t. Ebben seg\u00edtenek Raimy bar\u00e1tai, Daniel (Daniel Bonjour) \u00e9s Gordo (Lenny Jacobson), no meg Frank egykori t\u00e1rsa, Satch Reyna (Mekhi Phifer) hadnagy is.","languageCode":"hun","countryCode":"HU","deviceCode":"web","medium":"TV","categories":[{"id":"271090244428","title":"Dr\u00e1ma","scheme":"urn:tva:metadata:cs:UPCEventGenreCS:2009"}],"isAdult":false,"parentalRating":"12","cast":["Riley Smith","Mekhi Phifer","Daniel Bonjour","Devin Kelley","Michael Charles Roman"],"directors":["Brad Anderson","John T. Kretchmer"],"images":[{"assetType":"boxart-large","assetTypes":["boxart-large"],"width":180,"height":260,"url":"https:\/\/wp14-images-hu-dynamic.horizon.tv\/HU\/Images\/bc_e36fa02ce2ebb4c7b8915bd8100cdcb9e00b5e72.jpg?w=180&h=260&mode=box"},{"assetType":"boxart-small","assetTypes":["boxart-small"],"width":75,"height":108,"url":"https:\/\/wp14-images-hu-dynamic.horizon.tv\/HU\/Images\/bc_e36fa02ce2ebb4c7b8915bd8100cdcb9e00b5e72.jpg?w=75&h=108&mode=box"},{"assetType":"tva-boxcover","assetTypes":["tva-boxcover"],"width":180,"height":260,"url":"https:\/\/wp14-images-hu-dynamic.horizon.tv\/HU\/Images\/bc_e36fa02ce2ebb4c7b8915bd8100cdcb9e00b5e72.jpg"},{"assetType":"boxart-medium","assetTypes":["boxart-medium"],"width":110,"height":159,"url":"https:\/\/wp14-images-hu-dynamic.horizon.tv\/HU\/Images\/bc_e36fa02ce2ebb4c7b8915bd8100cdcb9e00b5e72.jpg?w=110&h=159&mode=box"},{"assetType":"boxart-xlarge","assetTypes":["boxart-xlarge"],"width":210,"height":303,"url":"https:\/\/wp14-images-hu-dynamic.horizon.tv\/HU\/Images\/bc_e36fa02ce2ebb4c7b8915bd8100cdcb9e00b5e72.jpg?w=210&h=303&mode=box"},{"assetType":"HighResPortrait","assetTypes":["HighResPortrait"],"url":"https:\/\/wp26-images-hu-dynamic.horizon.tv\/HU\/Images\/hrp_ea1dd82225882468ae83827aa14956f73e58dd7a.jpg"},{"assetType":"HighResLandscape","assetTypes":["HighResLandscape"],"url":"https:\/\/wp26-images-hu-dynamic.horizon.tv\/HU\/Images\/hrl_9e4464e8cd1e8b08ca056ac006eb1550c31ec8a1.jpg"}],"mediaGroupId":"crid:~~2F~~2Fport.hu~~2F69714583","secondaryTitle":"Megd\u00f6bbent\u0151 felfedez\u00e9s (\u00c1tt\u00f6r\u00e9s) (I.\/9)","shortDescription":"(I.\/9) Raimy Sullivan (Peyton List) New York-i nyomoz\u00f3n\u0151 nyolc\u00e9vesen elvesztette szint\u00e9n nyomoz\u00f3 \u00e9desapj\u00e1t, Franket (Riley Smith). 1996-ban Frank Sullivan be\u00e9p\u00edtett \u00fcgyn\u00f6kk\u00e9nt dolgozott, amikor egy...","mediaType":"Episode","year":"2016","isReplayTv":false,"seriesEpisodeNumber":"9","seriesNumber":"1","videoStreams":[],"airDate":1451606400000,"entitlements":["VIP","_OPEN_"],"currentProductIds":[],"currentTvodProductIds":[]},"parentId":"crid:~~2F~~2Fport.hu~~2F69714583","rootId":"crid:~~2F~~2Fport.hu~~2F69714583"}