{"id":"crid:~~2F~~2Fport.hu~~2F90445571-imi:00100000005D2352","countryCode":"HU","languageCode":"hun","deviceCode":"web","startTime":1525436400000,"endTime":1525437000000,"stationId":"826989607134","imi":"imi:00100000005D2352","mediaGroupId":"crid:~~2F~~2Fport.hu~~2F41764266","program":{"id":"crid:~~2F~~2Fport.hu~~2F90445571","title":"Zoom In","description":"Film\/Mozi","longDescription":"Film\/Mozi","languageCode":"hun","countryCode":"HU","deviceCode":"web","medium":"TV","categories":[{"id":"271090244385","title":"M\u0171v\u00e9szetek\/Kult\u00fara","scheme":"urn:tva:metadata:cs:UPCEventGenreCS:2009"},{"id":"271090244391","title":"Film\/Mozi","scheme":"urn:tva:metadata:cs:UPCEventGenreCS:2009"}],"isAdult":false,"parentalRating":"3","cast":["Michelle Blenker","Ann-Marie Lariccia"],"directors":["David Freydt"],"images":[{"assetType":"boxart-medium","assetTypes":["boxart-medium"],"width":110,"height":159,"url":"https:\/\/wp14-images-hu-dynamic.horizon.tv\/HU\/Images\/bc_4ef223240adfa917d223deca2257770e68eb2623.jpg?w=110&h=159&mode=box"},{"assetType":"boxart-large","assetTypes":["boxart-large"],"width":180,"height":260,"url":"https:\/\/wp14-images-hu-dynamic.horizon.tv\/HU\/Images\/bc_4ef223240adfa917d223deca2257770e68eb2623.jpg?w=180&h=260&mode=box"},{"assetType":"boxart-small","assetTypes":["boxart-small"],"width":75,"height":108,"url":"https:\/\/wp14-images-hu-dynamic.horizon.tv\/HU\/Images\/bc_4ef223240adfa917d223deca2257770e68eb2623.jpg?w=75&h=108&mode=box"},{"assetType":"boxart-xlarge","assetTypes":["boxart-xlarge"],"width":210,"height":303,"url":"https:\/\/wp14-images-hu-dynamic.horizon.tv\/HU\/Images\/bc_4ef223240adfa917d223deca2257770e68eb2623.jpg?w=210&h=303&mode=box"},{"assetType":"tva-boxcover","assetTypes":["tva-boxcover"],"width":180,"height":260,"url":"https:\/\/wp14-images-hu-dynamic.horizon.tv\/HU\/Images\/bc_4ef223240adfa917d223deca2257770e68eb2623.jpg"}],"mediaGroupId":"crid:~~2F~~2Fport.hu~~2F41764266","shortDescription":"Film\/Mozi","mediaType":"Episode","year":"2014","isReplayTv":false,"seriesEpisodeNumber":"1805041420","seriesNumber":"1805030550","videoStreams":[],"airDate":1388534400000,"entitlements":["VIP","_OPEN_"],"currentProductIds":[],"currentTvodProductIds":[]},"parentId":"crid:~~2F~~2Fport.hu~~2F41764266","rootId":"crid:~~2F~~2Fport.hu~~2F41764266"}