{"id":"crid:~~2F~~2Fport.hu~~2F1278748-imi:00100000005D46CF","countryCode":"HU","languageCode":"hun","deviceCode":"web","startTime":1525642500000,"endTime":1525649700000,"stationId":"826989607237","imi":"imi:00100000005D46CF","mediaGroupId":"crid:~~2F~~2Fport.hu~~2F1278748","program":{"id":"crid:~~2F~~2Fport.hu~~2F1278748","title":"Hannah Montana: A film","description":"Miley Stewart, azaz Hannah Montana teljes er\u0151vel k\u00fczd, hogy \u00f6sszeegyeztesse titkos popszt\u00e1r-\u00e9let\u00e9t a mag\u00e1n\u00e9let\u00e9vel, amit igen neh\u00e9z, mikor m\u00e1r karrierje \u00e9s n\u00e9pszer\u0171s\u00e9ge az egekben sz\u00e1rnyal. Mikor m\u00e1r \u00fagy t\u0171nik, a popszt\u00e1r-\u00e9let teljesen \u00e1tveszi az ir\u00e1ny\u00edt\u00e1st mag\u00e1n\u00e9lete felett, \u00e9desapja hazahozza a tinil\u00e1nyt sz\u00fcl\u0151v\u00e1ros\u00e1ba, Crowley Cornersbe, hogy \u00faj \u00e9letet kezdjen, melyben a k\u00f6zpontban a vid\u00e1ms\u00e1g, a nevet\u00e9s \u00e9s a romantika \u00e1ll. Egy olyan mes\u00e9s id\u0151szak k\u00f6vetkezik, melyet m\u00e9g Hannah Montana sem tudott kor\u00e1bban elk\u00e9pzelni.","longDescription":"Miley Stewart, azaz Hannah Montana teljes er\u0151vel k\u00fczd, hogy \u00f6sszeegyeztesse titkos popszt\u00e1r-\u00e9let\u00e9t a mag\u00e1n\u00e9let\u00e9vel, amit igen neh\u00e9z, mikor m\u00e1r karrierje \u00e9s n\u00e9pszer\u0171s\u00e9ge az egekben sz\u00e1rnyal. Mikor m\u00e1r \u00fagy t\u0171nik, a popszt\u00e1r-\u00e9let teljesen \u00e1tveszi az ir\u00e1ny\u00edt\u00e1st mag\u00e1n\u00e9lete felett, \u00e9desapja hazahozza a tinil\u00e1nyt sz\u00fcl\u0151v\u00e1ros\u00e1ba, Crowley Cornersbe, hogy \u00faj \u00e9letet kezdjen, melyben a k\u00f6zpontban a vid\u00e1ms\u00e1g, a nevet\u00e9s \u00e9s a romantika \u00e1ll. Egy olyan mes\u00e9s id\u0151szak k\u00f6vetkezik, melyet m\u00e9g Hannah Montana sem tudott kor\u00e1bban elk\u00e9pzelni.","languageCode":"hun","countryCode":"HU","deviceCode":"web","medium":"Movie","categories":[{"id":"271090244334","title":"Kom\u00e9dia\/Filmv\u00edgj\u00e1t\u00e9k","scheme":"urn:tva:metadata:cs:UPCEventGenreCS:2009"}],"isAdult":false,"parentalRating":"12","cast":["Miley Cyrus","Billy Ray Cyrus","Jason Earles","Moises Arias","Mitchel Musso","Vanessa Williams","Emily Osment"],"directors":["Peter Chelsom"],"images":[{"assetType":"boxart-large","assetTypes":["boxart-large"],"width":180,"height":260,"url":"https:\/\/wp28-images-hu-dynamic.horizon.tv\/HU\/Images\/bc_8588817e07c7674a6f95e065fe0054c52f2e9f51.jpg?w=180&h=260&mode=box"},{"assetType":"boxart-small","assetTypes":["boxart-small"],"width":75,"height":108,"url":"https:\/\/wp28-images-hu-dynamic.horizon.tv\/HU\/Images\/bc_8588817e07c7674a6f95e065fe0054c52f2e9f51.jpg?w=75&h=108&mode=box"},{"assetType":"boxart-medium","assetTypes":["boxart-medium"],"width":110,"height":159,"url":"https:\/\/wp28-images-hu-dynamic.horizon.tv\/HU\/Images\/bc_8588817e07c7674a6f95e065fe0054c52f2e9f51.jpg?w=110&h=159&mode=box"},{"assetType":"tva-boxcover","assetTypes":["tva-boxcover"],"width":180,"height":260,"url":"https:\/\/wp28-images-hu-dynamic.horizon.tv\/HU\/Images\/bc_8588817e07c7674a6f95e065fe0054c52f2e9f51.jpg"},{"assetType":"boxart-xlarge","assetTypes":["boxart-xlarge"],"width":210,"height":303,"url":"https:\/\/wp28-images-hu-dynamic.horizon.tv\/HU\/Images\/bc_8588817e07c7674a6f95e065fe0054c52f2e9f51.jpg?w=210&h=303&mode=box"},{"assetType":"HighResLandscape","assetTypes":["HighResLandscape"],"url":"https:\/\/wp1-images-hu-dynamic.horizon.tv\/HU\/Images\/hrl_45683fed30c60ca44b2f62e4b0db360fcca3ce2e.jpg"},{"assetType":"HighResPortrait","assetTypes":["HighResPortrait"],"url":"https:\/\/wp1-images-hu-dynamic.horizon.tv\/HU\/Images\/hrp_8588817e07c7674a6f95e065fe0054c52f2e9f51.jpg"}],"mediaGroupId":"crid:~~2F~~2Fport.hu~~2F1278748","shortDescription":"Miley Stewart, azaz Hannah Montana teljes er\u0151vel k\u00fczd, hogy \u00f6sszeegyeztesse titkos popszt\u00e1r-\u00e9let\u00e9t a mag\u00e1n\u00e9let\u00e9vel. \u00c9desapja hazahozza a tinil\u00e1nyt sz\u00fcl\u0151v\u00e1ros\u00e1ba, hogy \u00faj \u00e9letet kezdjen.","mediaType":"FeatureFilm","year":"2009","isReplayTv":false,"videoStreams":[],"airDate":1230768000000,"entitlements":["VIP","_OPEN_"],"currentProductIds":[],"currentTvodProductIds":[]},"parentId":"crid:~~2F~~2Fport.hu~~2F1278748","rootId":"crid:~~2F~~2Fport.hu~~2F1278748"}