{"id":"crid:~~2F~~2Fport.hu~~2F71999120-imi:00100000005D34C0","countryCode":"HU","languageCode":"hun","deviceCode":"web","startTime":1525645500000,"endTime":1525645800000,"stationId":"826989607227","imi":"imi:00100000005D34C0","mediaGroupId":"crid:~~2F~~2Fport.hu~~2F67811118","program":{"id":"crid:~~2F~~2Fport.hu~~2F71999120","title":"Bogy\u00f3 \u00e9s Bab\u00f3ca","description":"(5) Bogy\u00f3, a csigafi\u00fa \u00e9s Bab\u00f3ca, a katical\u00e1ny elv\u00e1laszthatatlan bar\u00e1tok. Sok kedves kalandon kereszt\u00fcl k\u00f6z\u00f6sen fedezik fel az \u0151ket k\u00f6r\u00fclvev\u0151 vil\u00e1g jelens\u00e9geit, esem\u00e9nyeit, t\u00e1rgyait.","longDescription":"(5) Bogy\u00f3, a csigafi\u00fa \u00e9s Bab\u00f3ca, a katical\u00e1ny elv\u00e1laszthatatlan bar\u00e1tok. Sok kedves kalandon kereszt\u00fcl k\u00f6z\u00f6sen fedezik fel az \u0151ket k\u00f6r\u00fclvev\u0151 vil\u00e1g jelens\u00e9geit, esem\u00e9nyeit, t\u00e1rgyait.","languageCode":"hun","countryCode":"HU","deviceCode":"web","medium":"TV","categories":[{"id":"271090244371","title":"Gyermek\/Ifj\u00fas\u00e1gi","scheme":"urn:tva:metadata:cs:UPCEventGenreCS:2009"},{"id":"271090244376","title":"Rajzfilm","scheme":"urn:tva:metadata:cs:UPCEventGenreCS:2009"}],"isAdult":false,"parentalRating":"3","cast":[],"directors":["Antonin Krizsanics"],"images":[{"assetType":"boxart-xlarge","assetTypes":["boxart-xlarge"],"width":210,"height":303,"url":"https:\/\/wp8-images-hu-dynamic.horizon.tv\/HU\/Images\/upcgenre_55.jpg?w=210&h=303&mode=box"},{"assetType":"boxart-small","assetTypes":["boxart-small"],"width":75,"height":108,"url":"https:\/\/wp8-images-hu-dynamic.horizon.tv\/HU\/Images\/upcgenre_55.jpg?w=75&h=108&mode=box"},{"assetType":"boxart-medium","assetTypes":["boxart-medium"],"width":110,"height":159,"url":"https:\/\/wp8-images-hu-dynamic.horizon.tv\/HU\/Images\/upcgenre_55.jpg?w=110&h=159&mode=box"},{"assetType":"boxart-large","assetTypes":["boxart-large"],"width":180,"height":260,"url":"https:\/\/wp8-images-hu-dynamic.horizon.tv\/HU\/Images\/upcgenre_55.jpg?w=180&h=260&mode=box"},{"assetType":"tva-boxcover","assetTypes":["tva-boxcover"],"width":180,"height":260,"url":"https:\/\/wp8-images-hu-dynamic.horizon.tv\/HU\/Images\/upcgenre_55.jpg"},{"assetType":"HighResLandscape","assetTypes":["HighResLandscape"],"url":"https:\/\/wp15-images-hu-dynamic.horizon.tv\/HU\/Images\/hrl_1bb96fabb7ab1d21b908c59d43dd8182bbd1692f.jpg"}],"mediaGroupId":"crid:~~2F~~2Fport.hu~~2F67811118","secondaryTitle":"T\u00e9lap\u00f3 (5)","shortDescription":"Bogy\u00f3 a csigafi\u00fa, \u00e9s Bab\u00f3ca a katical\u00e1ny elv\u00e1laszthatatlan bar\u00e1tok. Sok kedves kalandon kereszt\u00fcl k\u00f6z\u00f6sen fedezik fel az \u0151ket k\u00f6r\u00fclvev\u0151 vil\u00e1g jelens\u00e9geit, esem\u00e9nyeit, t\u00e1rgyait.","mediaType":"Episode","year":"2010","duration":300,"latestBroadcastStartTime":1525402800000,"latestBroadcastEndTime":1525403100000,"isReplayTv":true,"listingId":"crid:~~2F~~2Fport.hu~~2F71999120-imi:00100000005D0135","seriesEpisodeNumber":"5","seriesNumber":"1805110600","videoStreams":[],"airDate":1262304000000,"entitlements":["crid:~~2F~~2Fupc.com~~2FReplayTV~~2FMinimax_C8_ReplayTV_CU","VIP","_OPEN_"],"currentProductIds":["crid:~~2F~~2Fupc.com~~2FReplayTV~~2FMinimax_C8_ReplayTV_CU"],"currentTvodProductIds":[]},"parentId":"crid:~~2F~~2Fport.hu~~2F67811118","rootId":"crid:~~2F~~2Fport.hu~~2F67811118"}