{"id":"crid:~~2F~~2Fport.hu~~2F37134221-imi:00100000005D3A3D","countryCode":"HU","languageCode":"hun","deviceCode":"web","startTime":1525524900000,"endTime":1525528500000,"stationId":"826989607208","imi":"imi:00100000005D3A3D","mediaGroupId":"crid:~~2F~~2Fport.hu~~2F31856531","program":{"id":"crid:~~2F~~2Fport.hu~~2F37134221","title":"Flash \u2013 A Vill\u00e1m","description":"(I.\/18) A z\u00f6ld \u00edj\u00e1sz spinoff-sorozata Barry Allen t\u00f6rt\u00e9net\u00e9t viszi tov\u00e1bb, aki egy balesetben szerzett term\u00e9szetfeletti k\u00e9pess\u00e9geinek k\u00f6sz\u00f6nhet\u0151en a vil\u00e1g leggyorsabb embere lesz. A balesetben azonban nem csak \u0151 kapott szuperk\u00e9pess\u00e9geket, \u00e9s az \u00edgy szerzett adotts\u00e1gokat nem felt\u00e9tlen\u00fcl haszn\u00e1lja mindenki j\u00f3 c\u00e9lokra.","longDescription":"(I.\/18) A z\u00f6ld \u00edj\u00e1sz spinoff-sorozata Barry Allen t\u00f6rt\u00e9net\u00e9t viszi tov\u00e1bb, aki egy balesetben szerzett term\u00e9szetfeletti k\u00e9pess\u00e9geinek k\u00f6sz\u00f6nhet\u0151en a vil\u00e1g leggyorsabb embere lesz. A balesetben azonban nem csak \u0151 kapott szuperk\u00e9pess\u00e9geket, \u00e9s az \u00edgy szerzett adotts\u00e1gokat nem felt\u00e9tlen\u00fcl haszn\u00e1lja mindenki j\u00f3 c\u00e9lokra.","languageCode":"hun","countryCode":"HU","deviceCode":"web","medium":"TV","categories":[{"id":"271090244428","title":"Dr\u00e1ma","scheme":"urn:tva:metadata:cs:UPCEventGenreCS:2009"},{"id":"271090244430","title":"Akci\u00f3film","scheme":"urn:tva:metadata:cs:UPCEventGenreCS:2009"}],"isAdult":false,"parentalRating":"12","cast":["Grant Gustin","Candice Patton","Danielle Panabaker","Rick Cosnett","Tom Cavanagh"],"directors":["Larry Shaw","Ralph Hemecker","Dermott Downs","Glen Winter","David Nutter"],"images":[{"assetType":"boxart-large","assetTypes":["boxart-large"],"width":180,"height":260,"url":"https:\/\/wp18-images-hu-dynamic.horizon.tv\/HU\/Images\/bc_08d09985e0c4e7671495bef4ee076ccf28adb5f3.jpg?w=180&h=260&mode=box"},{"assetType":"tva-boxcover","assetTypes":["tva-boxcover"],"width":180,"height":260,"url":"https:\/\/wp18-images-hu-dynamic.horizon.tv\/HU\/Images\/bc_08d09985e0c4e7671495bef4ee076ccf28adb5f3.jpg"},{"assetType":"boxart-xlarge","assetTypes":["boxart-xlarge"],"width":210,"height":303,"url":"https:\/\/wp18-images-hu-dynamic.horizon.tv\/HU\/Images\/bc_08d09985e0c4e7671495bef4ee076ccf28adb5f3.jpg?w=210&h=303&mode=box"},{"assetType":"boxart-medium","assetTypes":["boxart-medium"],"width":110,"height":159,"url":"https:\/\/wp18-images-hu-dynamic.horizon.tv\/HU\/Images\/bc_08d09985e0c4e7671495bef4ee076ccf28adb5f3.jpg?w=110&h=159&mode=box"},{"assetType":"boxart-small","assetTypes":["boxart-small"],"width":75,"height":108,"url":"https:\/\/wp18-images-hu-dynamic.horizon.tv\/HU\/Images\/bc_08d09985e0c4e7671495bef4ee076ccf28adb5f3.jpg?w=75&h=108&mode=box"},{"assetType":"HighResLandscape","assetTypes":["HighResLandscape"],"url":"https:\/\/wp16-images-hu-dynamic.horizon.tv\/HU\/Images\/hrl_1d4b253cb5299541b34033d81386e13a5cdefc7d.jpg"},{"assetType":"HighResPortrait","assetTypes":["HighResPortrait"],"url":"https:\/\/wp16-images-hu-dynamic.horizon.tv\/HU\/Images\/hrp_08d09985e0c4e7671495bef4ee076ccf28adb5f3.jpg"}],"mediaGroupId":"crid:~~2F~~2Fport.hu~~2F31856531","secondaryTitle":"(I.\/18)","shortDescription":"A z\u00f6ld \u00edj\u00e1sz spinoff-sorozata Barry Allen t\u00f6rt\u00e9net\u00e9t viszi tov\u00e1bb, aki egy balesetben szerzett term\u00e9szetfeletti k\u00e9pess\u00e9geinek k\u00f6sz\u00f6nhet\u0151en a vil\u00e1g leggyorsabb embere lesz.","mediaType":"Episode","year":"2015","isReplayTv":false,"seriesEpisodeNumber":"18","seriesNumber":"1","videoStreams":[],"airDate":1420070400000,"entitlements":["VIP","_OPEN_"],"currentProductIds":[],"currentTvodProductIds":[]},"parentId":"crid:~~2F~~2Fport.hu~~2F31856531","rootId":"crid:~~2F~~2Fport.hu~~2F31856531"}