{"id":"crid:~~2F~~2Fport.hu~~2F20068896-imi:00100000005D1498","countryCode":"HU","languageCode":"hun","deviceCode":"web","startTime":1525400700000,"endTime":1525402200000,"stationId":"826989607249","imi":"imi:00100000005D1498","mediaGroupId":"crid:~~2F~~2Fport.hu~~2F19195484","program":{"id":"crid:~~2F~~2Fport.hu~~2F20068896","title":"Whitney \u00e9lete","description":"(I.\/7) Whitney \u00e9s Alex h\u00e1rom \u00e9ve j\u00e1rnak egy\u00fctt, de esz\u00fck \u00e1g\u00e1ban sincs \u00f6sszeh\u00e1zasodni, annak ellen\u00e9re, hogy a k\u00f6rnyezet\u00fckben \u00e9l\u0151k \u00e1lland\u00f3an esk\u00fcv\u0151kre h\u00edvj\u00e1k \u0151ket. P\u00e1rosuk annyira \u00f6sszeszokott, hogy Whitney \u00fagy d\u00f6nt, feldobja egy kis szerepj\u00e1t\u00e9kkal a mindennapjaikat...","longDescription":"(I.\/7) Whitney \u00e9s Alex h\u00e1rom \u00e9ve j\u00e1rnak egy\u00fctt, de esz\u00fck \u00e1g\u00e1ban sincs \u00f6sszeh\u00e1zasodni, annak ellen\u00e9re, hogy a k\u00f6rnyezet\u00fckben \u00e9l\u0151k \u00e1lland\u00f3an esk\u00fcv\u0151kre h\u00edvj\u00e1k \u0151ket. P\u00e1rosuk annyira \u00f6sszeszokott, hogy Whitney \u00fagy d\u00f6nt, feldobja egy kis szerepj\u00e1t\u00e9kkal a mindennapjaikat...","languageCode":"hun","countryCode":"HU","deviceCode":"web","medium":"TV","categories":[{"id":"271090244428","title":"Dr\u00e1ma","scheme":"urn:tva:metadata:cs:UPCEventGenreCS:2009"},{"id":"271090244432","title":"Kom\u00e9dia\/Filmv\u00edgj\u00e1t\u00e9k","scheme":"urn:tva:metadata:cs:UPCEventGenreCS:2009"}],"isAdult":false,"parentalRating":"12","cast":[],"directors":["Andy Ackerman"],"images":[{"assetType":"tva-boxcover","assetTypes":["tva-boxcover"],"width":180,"height":260,"url":"https:\/\/wp27-images-hu-dynamic.horizon.tv\/HU\/Images\/bc_dce0bff9242200b2ceb38fd71b0859b64c63f795.jpg"},{"assetType":"boxart-medium","assetTypes":["boxart-medium"],"width":110,"height":159,"url":"https:\/\/wp27-images-hu-dynamic.horizon.tv\/HU\/Images\/bc_dce0bff9242200b2ceb38fd71b0859b64c63f795.jpg?w=110&h=159&mode=box"},{"assetType":"boxart-large","assetTypes":["boxart-large"],"width":180,"height":260,"url":"https:\/\/wp27-images-hu-dynamic.horizon.tv\/HU\/Images\/bc_dce0bff9242200b2ceb38fd71b0859b64c63f795.jpg?w=180&h=260&mode=box"},{"assetType":"boxart-small","assetTypes":["boxart-small"],"width":75,"height":108,"url":"https:\/\/wp27-images-hu-dynamic.horizon.tv\/HU\/Images\/bc_dce0bff9242200b2ceb38fd71b0859b64c63f795.jpg?w=75&h=108&mode=box"},{"assetType":"boxart-xlarge","assetTypes":["boxart-xlarge"],"width":210,"height":303,"url":"https:\/\/wp27-images-hu-dynamic.horizon.tv\/HU\/Images\/bc_dce0bff9242200b2ceb38fd71b0859b64c63f795.jpg?w=210&h=303&mode=box"}],"mediaGroupId":"crid:~~2F~~2Fport.hu~~2F19195484","secondaryTitle":"(I.\/7)","shortDescription":"(I.\/7) Whitney \u00e9s Alex h\u00e1rom \u00e9ve j\u00e1rnak egy\u00fctt, de esz\u00fck \u00e1g\u00e1ban sincs \u00f6sszeh\u00e1zasodni, annak ellen\u00e9re, hogy a k\u00f6rnyezet\u00fckben \u00e9l\u0151k \u00e1lland\u00f3an esk\u00fcv\u0151kre h\u00edvj\u00e1k \u0151ket. P\u00e1rosuk annyira \u00f6sszeszokott, hogy...","mediaType":"Episode","year":"2011","isReplayTv":false,"seriesEpisodeNumber":"7","seriesNumber":"1","videoStreams":[],"airDate":1293840000000,"entitlements":["VIP","_OPEN_"],"currentProductIds":[],"currentTvodProductIds":[]},"parentId":"crid:~~2F~~2Fport.hu~~2F19195484","rootId":"crid:~~2F~~2Fport.hu~~2F19195484"}