{"id":"crid:~~2F~~2Fport.hu~~2F90688551-imi:00100000005D31BE","countryCode":"HU","languageCode":"hun","deviceCode":"web","startTime":1525470000000,"endTime":1525473900000,"stationId":"826989607176","imi":"imi:00100000005D31BE","mediaGroupId":"crid:~~2F~~2Fport.hu~~2F33893069","program":{"id":"crid:~~2F~~2Fport.hu~~2F90688551","title":"\u00c1lomesk\u00fcv\u0151k","description":"A m\u0171sor h\u00e1zigazd\u00e1ja: David Tutera","longDescription":"A m\u0171sor h\u00e1zigazd\u00e1ja: David Tutera","languageCode":"hun","countryCode":"HU","deviceCode":"web","medium":"TV","categories":[{"id":"271090244349","title":"Show","scheme":"urn:tva:metadata:cs:UPCEventGenreCS:2009"}],"isAdult":false,"parentalRating":"12","cast":[],"directors":[],"images":[{"assetType":"boxart-small","assetTypes":["boxart-small"],"width":75,"height":108,"url":"https:\/\/wp26-images-hu-dynamic.horizon.tv\/HU\/Images\/bc_821265d642ed05fe82909296596947427cc71b5b.jpg?w=75&h=108&mode=box"},{"assetType":"boxart-xlarge","assetTypes":["boxart-xlarge"],"width":210,"height":303,"url":"https:\/\/wp26-images-hu-dynamic.horizon.tv\/HU\/Images\/bc_821265d642ed05fe82909296596947427cc71b5b.jpg?w=210&h=303&mode=box"},{"assetType":"boxart-large","assetTypes":["boxart-large"],"width":180,"height":260,"url":"https:\/\/wp26-images-hu-dynamic.horizon.tv\/HU\/Images\/bc_821265d642ed05fe82909296596947427cc71b5b.jpg?w=180&h=260&mode=box"},{"assetType":"boxart-medium","assetTypes":["boxart-medium"],"width":110,"height":159,"url":"https:\/\/wp26-images-hu-dynamic.horizon.tv\/HU\/Images\/bc_821265d642ed05fe82909296596947427cc71b5b.jpg?w=110&h=159&mode=box"},{"assetType":"tva-boxcover","assetTypes":["tva-boxcover"],"width":180,"height":260,"url":"https:\/\/wp26-images-hu-dynamic.horizon.tv\/HU\/Images\/bc_821265d642ed05fe82909296596947427cc71b5b.jpg"}],"mediaGroupId":"crid:~~2F~~2Fport.hu~~2F33893069","shortDescription":"A sorozatban a h\u00edress\u00e9gek esk\u00fcv\u0151it megtervez\u0151 David Tutera \u00e9s \u00e1lomcsapata szabad kezet kap menyasszonyokt\u00f3l a nagy nap lebonyol\u00edt\u00e1s\u00e1ra...","mediaType":"Episode","isReplayTv":false,"seriesEpisodeNumber":"1805042340","seriesNumber":"1805021415","videoStreams":[],"entitlements":["VIP","_OPEN_"],"currentProductIds":[],"currentTvodProductIds":[]},"parentId":"crid:~~2F~~2Fport.hu~~2F33893069","rootId":"crid:~~2F~~2Fport.hu~~2F33893069"}