{"id":"crid:~~2F~~2Fport.hu~~2F90172704-imi:00100000005E38AF","countryCode":"HU","languageCode":"hun","deviceCode":"web","startTime":1525473600000,"endTime":1525476300000,"actualStartTime":1525473600000,"actualEndTime":1525476300000,"expirationDate":1526078400000,"stationId":"826989607155","imi":"imi:00100000005E38AF","mediaGroupId":"crid:~~2F~~2Fport.hu~~2F57477200","program":{"id":"crid:~~2F~~2Fport.hu~~2F90172704","title":"Into the Badlands","description":"(III.\/2) A Journey to the West (Nyugati utaz\u00e1s) c\u00edm\u0171 klasszikus k\u00ednai t\u00f6rt\u00e9net alapj\u00e1n k\u00e9sz\u00fclt sorozat. A feud\u00e1lis urak \u00e1ltal ir\u00e1ny\u00edtott vid\u00e9ken j\u00e1tsz\u00f3d\u00f3 sztori egy nagy harcosr\u00f3l \u00e9s egy fiatal fi\u00far\u00f3l sz\u00f3l, akikre \u00fatjuk sor\u00e1n mindenf\u00e9le vesz\u00e9lyek leselkednek.","longDescription":"(III.\/2) A Journey to the West (Nyugati utaz\u00e1s) c\u00edm\u0171 klasszikus k\u00ednai t\u00f6rt\u00e9net alapj\u00e1n k\u00e9sz\u00fclt sorozat. A feud\u00e1lis urak \u00e1ltal ir\u00e1ny\u00edtott vid\u00e9ken j\u00e1tsz\u00f3d\u00f3 sztori egy nagy harcosr\u00f3l \u00e9s egy fiatal fi\u00far\u00f3l sz\u00f3l, akikre \u00fatjuk sor\u00e1n mindenf\u00e9le vesz\u00e9lyek leselkednek.","languageCode":"hun","countryCode":"HU","deviceCode":"web","medium":"TV","categories":[{"id":"271090244428","title":"Dr\u00e1ma","scheme":"urn:tva:metadata:cs:UPCEventGenreCS:2009"},{"id":"271090244430","title":"Akci\u00f3film","scheme":"urn:tva:metadata:cs:UPCEventGenreCS:2009"}],"isAdult":false,"parentalRating":"18","cast":["Daniel Wu","M\u00e1rton Cs\u00f3k\u00e1s","Sarah Bolger","Orla Brady","Ellen Hollman","Emily Beecham","Stephen Lang","Morgan Benoit"],"directors":["David Dobkin"],"images":[{"assetType":"tva-boxcover","assetTypes":["tva-boxcover"],"width":180,"height":260,"url":"https:\/\/wp20-images-hu-dynamic.horizon.tv\/HU\/Images\/bc_d62f83718d4adc7d0ede27f4cbf56b9e6a460c72_20180504144016037.jpg"},{"assetType":"boxart-xlarge","assetTypes":["boxart-xlarge"],"width":210,"height":303,"url":"https:\/\/wp20-images-hu-dynamic.horizon.tv\/HU\/Images\/bc_d62f83718d4adc7d0ede27f4cbf56b9e6a460c72_20180504144016037.jpg?w=210&h=303&mode=box"},{"assetType":"boxart-large","assetTypes":["boxart-large"],"width":180,"height":260,"url":"https:\/\/wp20-images-hu-dynamic.horizon.tv\/HU\/Images\/bc_d62f83718d4adc7d0ede27f4cbf56b9e6a460c72_20180504144016037.jpg?w=180&h=260&mode=box"},{"assetType":"boxart-medium","assetTypes":["boxart-medium"],"width":110,"height":159,"url":"https:\/\/wp20-images-hu-dynamic.horizon.tv\/HU\/Images\/bc_d62f83718d4adc7d0ede27f4cbf56b9e6a460c72_20180504144016037.jpg?w=110&h=159&mode=box"},{"assetType":"boxart-small","assetTypes":["boxart-small"],"width":75,"height":108,"url":"https:\/\/wp20-images-hu-dynamic.horizon.tv\/HU\/Images\/bc_d62f83718d4adc7d0ede27f4cbf56b9e6a460c72_20180504144016037.jpg?w=75&h=108&mode=box"},{"assetType":"HighResLandscape","assetTypes":["HighResLandscape"],"url":"https:\/\/wp19-images-hu-dynamic.horizon.tv\/HU\/Images\/hrl_d62f83718d4adc7d0ede27f4cbf56b9e6a460c72.jpg"}],"mediaGroupId":"crid:~~2F~~2Fport.hu~~2F57477200","secondaryTitle":"(III.\/2)","shortDescription":"A feud\u00e1lis urak \u00e1ltal ir\u00e1ny\u00edtott vid\u00e9ken j\u00e1tsz\u00f3d\u00f3 sorozat egy nagy harcosr\u00f3l \u00e9s egy fiatal fi\u00far\u00f3l sz\u00f3l, akikre \u00fatjuk sor\u00e1n mindenf\u00e9le vesz\u00e9lyek leselkednek.","mediaType":"Episode","year":"2018","duration":2700,"latestBroadcastStartTime":1525473600000,"latestBroadcastEndTime":1525476300000,"isReplayTv":true,"listingId":"crid:~~2F~~2Fport.hu~~2F90172704-imi:00100000005E38AF","seriesEpisodeNumber":"2","seriesNumber":"3","videoStreams":[{"assetType":"Orion-HSS","assetTypes":["Orion-HSS"],"width":720,"url":"http:\/\/link.theplatform.com\/s\/LgiHuP\/qvhp7YBDjC0I?feed=catalogue%3A%20Allprograms","duration":2700,"protectionKey":"ba04b1b5-4684-4b5f-934b-4b0c8674d84b","protectionScheme":"playReady","format":"Unknown","broadcastStartTime":1525473600000,"broadcastEndTime":1525476300000,"listingId":"crid:~~2F~~2Fport.hu~~2F90172704-imi:00100000005E38AF","contentLocator":"urn:orion:media:std:qvhp7YBDjC0I"},{"assetType":"Orion-DASH","assetTypes":["Orion-DASH"],"width":720,"duration":2700,"protectionKey":"ba04b1b5-4684-4b5f-934b-4b0c8674d84b","protectionScheme":"widevine","format":"Unknown","broadcastStartTime":1525473600000,"broadcastEndTime":1525476300000,"listingId":"crid:~~2F~~2Fport.hu~~2F90172704-imi:00100000005E38AF","contentLocator":"urn:orion:media:oesp:dash:qvhp7YBDjC0I"}],"airDate":1514764800000,"entitlements":["crid:~~2F~~2Fupc.com~~2FReplayTV~~2FAMC_ReplayTV_CU","VIP","_OPEN_"],"currentProductIds":["crid:~~2F~~2Fupc.com~~2FReplayTV~~2FAMC_ReplayTV_CU"],"currentTvodProductIds":[]},"parentId":"crid:~~2F~~2Fport.hu~~2F57477200","rootId":"crid:~~2F~~2Fport.hu~~2F57477200","replayTvAvailable":true}