{"id":"crid:~~2F~~2Fport.hu~~2F67718843-imi:00100000005E2690","countryCode":"HU","languageCode":"hun","deviceCode":"web","startTime":1525433400000,"endTime":1525434900000,"stationId":"826989607185","imi":"imi:00100000005E2690","mediaGroupId":"crid:~~2F~~2Fport.hu~~2F44841691","program":{"id":"crid:~~2F~~2Fport.hu~~2F67718843","title":"R\u00e1z\u00f3s j\u00e1tszma","description":"(I.\/1) A m\u0171sor k\u00e9t Brooklyn-i l\u00e1nyr\u00f3l sz\u00f3l, akik egy j\u00e1t\u00e9kgy\u00e1rat teremtettek, ahol Hudson nev\u0171 bar\u00e1tjukkal \u00e9s egy Double G nev\u0171 rapperrel \u2013 aki szint\u00e9n a bar\u00e1tjuk lesz \u2013 k\u00e9sz\u00edtik \u00e9s forgalmazz\u00e1k a Sky Whale nev\u0171, okostelefonokra kifejlesztett alkalmaz\u00e1st.","longDescription":"(I.\/1) A m\u0171sor k\u00e9t Brooklyn-i l\u00e1nyr\u00f3l sz\u00f3l, akik egy j\u00e1t\u00e9kgy\u00e1rat teremtettek, ahol Hudson nev\u0171 bar\u00e1tjukkal \u00e9s egy Double G nev\u0171 rapperrel \u2013 aki szint\u00e9n a bar\u00e1tjuk lesz \u2013 k\u00e9sz\u00edtik \u00e9s forgalmazz\u00e1k a Sky Whale nev\u0171, okostelefonokra kifejlesztett alkalmaz\u00e1st.","languageCode":"hun","countryCode":"HU","deviceCode":"web","medium":"TV","categories":[{"id":"271090244428","title":"Dr\u00e1ma","scheme":"urn:tva:metadata:cs:UPCEventGenreCS:2009"},{"id":"271090244432","title":"Kom\u00e9dia\/Filmv\u00edgj\u00e1t\u00e9k","scheme":"urn:tva:metadata:cs:UPCEventGenreCS:2009"}],"isAdult":false,"parentalRating":"3","cast":["Thomas Kuc","Kel Mitchell","Cree Cicchino","Madisyn Shipman","Benjamin Flores","Bubba Ganter","Sheldon Bailey"],"directors":["Adam Weissman","Russ Reinsel","David Kendall","Steve Hoefer"],"images":[{"assetType":"boxart-small","assetTypes":["boxart-small"],"width":75,"height":108,"url":"https:\/\/wp1-images-hu-dynamic.horizon.tv\/HU\/Images\/upcgenre_E4.jpg?w=75&h=108&mode=box"},{"assetType":"tva-boxcover","assetTypes":["tva-boxcover"],"width":180,"height":260,"url":"https:\/\/wp1-images-hu-dynamic.horizon.tv\/HU\/Images\/upcgenre_E4.jpg"},{"assetType":"boxart-large","assetTypes":["boxart-large"],"width":180,"height":260,"url":"https:\/\/wp1-images-hu-dynamic.horizon.tv\/HU\/Images\/upcgenre_E4.jpg?w=180&h=260&mode=box"},{"assetType":"boxart-medium","assetTypes":["boxart-medium"],"width":110,"height":159,"url":"https:\/\/wp1-images-hu-dynamic.horizon.tv\/HU\/Images\/upcgenre_E4.jpg?w=110&h=159&mode=box"},{"assetType":"boxart-xlarge","assetTypes":["boxart-xlarge"],"width":210,"height":303,"url":"https:\/\/wp1-images-hu-dynamic.horizon.tv\/HU\/Images\/upcgenre_E4.jpg?w=210&h=303&mode=box"}],"mediaGroupId":"crid:~~2F~~2Fport.hu~~2F44841691","secondaryTitle":"\u00c9gi B\u00e1lna (I.\/1)","shortDescription":"Babe \u00e9s Kenzi iskolai projektje, az \u00c9gi B\u00e1lna, sikeres videoj\u00e1t\u00e9k lesz, de amikor DoubleG, a rapszt\u00e1r megtudja, hogy az enged\u00e9lye n\u00e9lk\u00fcl felhaszn\u00e1lt\u00e1k a dal\u00e1t, jelentkezik a haszon, neki j\u00e1r\u00f3 r\u00e9sz\u00e9\u00e9rt.","mediaType":"Episode","year":"2015","isReplayTv":false,"seriesEpisodeNumber":"1","seriesNumber":"1","videoStreams":[],"airDate":1420070400000,"entitlements":["VIP","_OPEN_"],"currentProductIds":[],"currentTvodProductIds":[]},"parentId":"crid:~~2F~~2Fport.hu~~2F44841691","rootId":"crid:~~2F~~2Fport.hu~~2F44841691"}