{"id":"crid:~~2F~~2Fport.hu~~2F67462483-imi:00100000005D551C","countryCode":"HU","languageCode":"hun","deviceCode":"web","startTime":1525659600000,"endTime":1525661100000,"stationId":"826989607239","imi":"imi:00100000005D551C","mediaGroupId":"crid:~~2F~~2Fport.hu~~2F2601536","program":{"id":"crid:~~2F~~2Fport.hu~~2F67462483","title":"SpongyaBob Kockanadr\u00e1g","description":"(I.\/12) SpongyaBob Kockanadr\u00e1g egy s\u00fct\u00f6d\u00e9ben dolgozik, de emellett megvan a tehets\u00e9ge, hogy minden bajba belesodr\u00f3djon, an\u00e9lk\u00fcl, hogy erre egy kicsit is t\u00f6rekedne. Ha p\u00e9ld\u00e1ul nem megy az egyik kedves szomsz\u00e9dj\u00e1nak, egy tintahalnak az idegeire, akkor bizony\u00e1ra legjobb bar\u00e1tj\u00e1val, az egyszer\u0171, \u00e1m nagyon kedves tengeri csillaggal, Patrickal, vagy legkedvesebb bar\u00e1tn\u0151j\u00e9vel, Sandyvel csatangol.","longDescription":"(I.\/12) SpongyaBob Kockanadr\u00e1g egy s\u00fct\u00f6d\u00e9ben dolgozik, de emellett megvan a tehets\u00e9ge, hogy minden bajba belesodr\u00f3djon, an\u00e9lk\u00fcl, hogy erre egy kicsit is t\u00f6rekedne. Ha p\u00e9ld\u00e1ul nem megy az egyik kedves szomsz\u00e9dj\u00e1nak, egy tintahalnak az idegeire, akkor bizony\u00e1ra legjobb bar\u00e1tj\u00e1val, az egyszer\u0171, \u00e1m nagyon kedves tengeri csillaggal, Patrickal, vagy legkedvesebb bar\u00e1tn\u0151j\u00e9vel, Sandyvel csatangol.","languageCode":"hun","countryCode":"HU","deviceCode":"web","medium":"TV","categories":[{"id":"271090244371","title":"Gyermek\/Ifj\u00fas\u00e1gi","scheme":"urn:tva:metadata:cs:UPCEventGenreCS:2009"},{"id":"271090244376","title":"Rajzfilm","scheme":"urn:tva:metadata:cs:UPCEventGenreCS:2009"}],"isAdult":false,"parentalRating":"6","cast":[],"directors":["Sherm Cohen"],"images":[{"assetType":"boxart-small","assetTypes":["boxart-small"],"width":75,"height":108,"url":"https:\/\/wp21-images-hu-dynamic.horizon.tv\/HU\/Images\/bc_59072fc090b8e80a36ae29e3ec44fd60c455cb8b.jpg?w=75&h=108&mode=box"},{"assetType":"tva-boxcover","assetTypes":["tva-boxcover"],"width":180,"height":260,"url":"https:\/\/wp21-images-hu-dynamic.horizon.tv\/HU\/Images\/bc_59072fc090b8e80a36ae29e3ec44fd60c455cb8b.jpg"},{"assetType":"boxart-xlarge","assetTypes":["boxart-xlarge"],"width":210,"height":303,"url":"https:\/\/wp21-images-hu-dynamic.horizon.tv\/HU\/Images\/bc_59072fc090b8e80a36ae29e3ec44fd60c455cb8b.jpg?w=210&h=303&mode=box"},{"assetType":"boxart-medium","assetTypes":["boxart-medium"],"width":110,"height":159,"url":"https:\/\/wp21-images-hu-dynamic.horizon.tv\/HU\/Images\/bc_59072fc090b8e80a36ae29e3ec44fd60c455cb8b.jpg?w=110&h=159&mode=box"},{"assetType":"boxart-large","assetTypes":["boxart-large"],"width":180,"height":260,"url":"https:\/\/wp21-images-hu-dynamic.horizon.tv\/HU\/Images\/bc_59072fc090b8e80a36ae29e3ec44fd60c455cb8b.jpg?w=180&h=260&mode=box"},{"assetType":"HighResLandscape","assetTypes":["HighResLandscape"],"url":"https:\/\/wp27-images-hu-dynamic.horizon.tv\/HU\/Images\/hrl_b06113c6e20efbb104756454ccdd16ca6ccb8adc.jpg"},{"assetType":"HighResPortrait","assetTypes":["HighResPortrait"],"url":"https:\/\/wp27-images-hu-dynamic.horizon.tv\/HU\/Images\/hrp_acf15645d42f02ab62d9802bfff25aff8073d4bf.jpg"}],"mediaGroupId":"crid:~~2F~~2Fport.hu~~2F2601536","secondaryTitle":"A k\u00eds\u00e9r\u0151; A h\u00f3nap dolgoz\u00f3ja (I.\/12)","shortDescription":"A Csendes \u00f3ce\u00e1n legm\u00e9ly\u00e9n egy kisv\u00e1rosban, egy anan\u00e1sz belsej\u00e9ben \u00e9l a kockaform\u00e1j\u00fa, s\u00e1rga sz\u00edn\u0171 tengeri szivacs SpongyaBob Kockanadr\u00e1g h\u00e1zi\u00e1llatk\u00e1j\u00e1val, Csigusszal, a csig\u00e1val.","mediaType":"Episode","year":"1999","duration":1800,"latestBroadcastStartTime":1524985200000,"latestBroadcastEndTime":1524987000000,"isReplayTv":true,"listingId":"crid:~~2F~~2Fport.hu~~2F67462483-imi:00100000005CE6FC","seriesEpisodeNumber":"12","seriesNumber":"1","videoStreams":[],"airDate":915148800000,"entitlements":["crid:~~2F~~2Fupc.com~~2FReplayTV~~2FComedy_Central_Extra_ReplayTV","VIP","_OPEN_"],"currentProductIds":["crid:~~2F~~2Fupc.com~~2FReplayTV~~2FComedy_Central_Extra_ReplayTV"],"currentTvodProductIds":[]},"parentId":"crid:~~2F~~2Fport.hu~~2F2601536","rootId":"crid:~~2F~~2Fport.hu~~2F2601536"}