{"id":"crid:~~2F~~2Fport.en~~2F89348146-imi:00100000005D4FDE","countryCode":"HU","languageCode":"hun","deviceCode":"web","startTime":1525620600000,"endTime":1525622400000,"stationId":"826989607258","imi":"imi:00100000005D4FDE","mediaGroupId":"crid:~~2F~~2Fport.en~~2F73993055","program":{"id":"crid:~~2F~~2Fport.en~~2F89348146","title":"Anne-Marie Live @ V Festival 2017","description":"Former MTV Brand New winner, Anne-Marie was on fire at V Festival 2017. Here she is taking the main stage by storm!","longDescription":"Former MTV Brand New winner, Anne-Marie was on fire at V Festival 2017. Here she is taking the main stage by storm!","languageCode":"hun","countryCode":"HU","deviceCode":"web","medium":"TV","categories":[{"id":"271090244377","title":"Zene","scheme":"urn:tva:metadata:cs:UPCEventGenreCS:2009"},{"id":"271090244378","title":"Rock\/pop","scheme":"urn:tva:metadata:cs:UPCEventGenreCS:2009"}],"isAdult":false,"parentalRating":"3","cast":[],"directors":[],"images":[{"assetType":"boxart-medium","assetTypes":["boxart-medium"],"width":110,"height":159,"url":"https:\/\/wp15-images-hu-dynamic.horizon.tv\/HU\/Images\/upcgenre_61.jpg?w=110&h=159&mode=box"},{"assetType":"boxart-large","assetTypes":["boxart-large"],"width":180,"height":260,"url":"https:\/\/wp15-images-hu-dynamic.horizon.tv\/HU\/Images\/upcgenre_61.jpg?w=180&h=260&mode=box"},{"assetType":"boxart-xlarge","assetTypes":["boxart-xlarge"],"width":210,"height":303,"url":"https:\/\/wp15-images-hu-dynamic.horizon.tv\/HU\/Images\/upcgenre_61.jpg?w=210&h=303&mode=box"},{"assetType":"boxart-small","assetTypes":["boxart-small"],"width":75,"height":108,"url":"https:\/\/wp15-images-hu-dynamic.horizon.tv\/HU\/Images\/upcgenre_61.jpg?w=75&h=108&mode=box"},{"assetType":"tva-boxcover","assetTypes":["tva-boxcover"],"width":180,"height":260,"url":"https:\/\/wp15-images-hu-dynamic.horizon.tv\/HU\/Images\/upcgenre_61.jpg"}],"mediaGroupId":"crid:~~2F~~2Fport.en~~2F73993055","shortDescription":"Former MTV Brand New winner, Anne-Marie was on fire at V Festival 2017. Here she is taking the main stage by storm!","mediaType":"Episode","isReplayTv":false,"seriesEpisodeNumber":"1805061730","seriesNumber":"1805110430","videoStreams":[],"entitlements":["VIP","_OPEN_"],"currentProductIds":[],"currentTvodProductIds":[]},"parentId":"crid:~~2F~~2Fport.en~~2F73993055","rootId":"crid:~~2F~~2Fport.en~~2F73993055"}