{"id":"crid:~~2F~~2Fport.hu~~2F62997925-imi:00100000005D2419","countryCode":"HU","languageCode":"hun","deviceCode":"web","startTime":1525489500000,"endTime":1525493700000,"stationId":"826989607198","imi":"imi:00100000005D2419","mediaGroupId":"crid:~~2F~~2Fport.hu~~2F58062543","program":{"id":"crid:~~2F~~2Fport.hu~~2F62997925","title":"Ausztr\u00e1l arany\u00e1s\u00f3k","description":"(I.\/7) Sorozatunkban h\u00e1rom elsz\u00e1nt arany\u00e1s\u00f3 csapathoz csatlakozunk, akik \u00e9letre sz\u00f3l\u00f3 kock\u00e1zatot v\u00e1llaltak a nagy haszon rem\u00e9ny\u00e9ben az ausztr\u00e1l vadonban.","longDescription":"(I.\/7) Sorozatunkban h\u00e1rom elsz\u00e1nt arany\u00e1s\u00f3 csapathoz csatlakozunk, akik \u00e9letre sz\u00f3l\u00f3 kock\u00e1zatot v\u00e1llaltak a nagy haszon rem\u00e9ny\u00e9ben az ausztr\u00e1l vadonban.","languageCode":"hun","countryCode":"HU","deviceCode":"web","medium":"TV","categories":[{"id":"271090244398","title":"T\u00e1rsadalmi\/Politikai","scheme":"urn:tva:metadata:cs:UPCEventGenreCS:2009"},{"id":"271090244399","title":"Dokumentumfilm","scheme":"urn:tva:metadata:cs:UPCEventGenreCS:2009"}],"isAdult":false,"parentalRating":"12","cast":["Matt Dickson","Christine Clark","Greg Clark","Vernon Strange","Leon Marsh","Henri Chassaing","Kellie Carter","Jake Larsen","Lindsay Ironside"],"directors":[],"images":[{"assetType":"boxart-small","assetTypes":["boxart-small"],"width":75,"height":108,"url":"https:\/\/wp26-images-hu-dynamic.horizon.tv\/HU\/Images\/bc_3e18227440ef9f12e30232df0b20fc91cd577239.jpg?w=75&h=108&mode=box"},{"assetType":"boxart-large","assetTypes":["boxart-large"],"width":180,"height":260,"url":"https:\/\/wp26-images-hu-dynamic.horizon.tv\/HU\/Images\/bc_3e18227440ef9f12e30232df0b20fc91cd577239.jpg?w=180&h=260&mode=box"},{"assetType":"boxart-medium","assetTypes":["boxart-medium"],"width":110,"height":159,"url":"https:\/\/wp26-images-hu-dynamic.horizon.tv\/HU\/Images\/bc_3e18227440ef9f12e30232df0b20fc91cd577239.jpg?w=110&h=159&mode=box"},{"assetType":"tva-boxcover","assetTypes":["tva-boxcover"],"width":180,"height":260,"url":"https:\/\/wp26-images-hu-dynamic.horizon.tv\/HU\/Images\/bc_3e18227440ef9f12e30232df0b20fc91cd577239.jpg"},{"assetType":"boxart-xlarge","assetTypes":["boxart-xlarge"],"width":210,"height":303,"url":"https:\/\/wp26-images-hu-dynamic.horizon.tv\/HU\/Images\/bc_3e18227440ef9f12e30232df0b20fc91cd577239.jpg?w=210&h=303&mode=box"}],"mediaGroupId":"crid:~~2F~~2Fport.hu~~2F58062543","secondaryTitle":"(I.\/7)","shortDescription":"107. Kellie Carter \u00e9s Henri Chassaing m\u0171szaki hib\u00e1kkal \u00e9s bandit\u00e1kkal k\u00fcszk\u00f6dik, m\u00edg egy sikertelen terv miatt egyre kevesebb ideje \u00e9s lehet\u0151s\u00e9ge marad a Gold Gypsies csapatnak.","mediaType":"Episode","year":"2016","isReplayTv":false,"seriesEpisodeNumber":"7","seriesNumber":"1","videoStreams":[],"airDate":1451606400000,"entitlements":["VIP","_OPEN_"],"currentProductIds":[],"currentTvodProductIds":[]},"parentId":"crid:~~2F~~2Fport.hu~~2F58062543","rootId":"crid:~~2F~~2Fport.hu~~2F58062543"}