{"id":"crid:~~2F~~2Fport.hu~~2F2003790-imi:00100000005D3E16","countryCode":"HU","languageCode":"hun","deviceCode":"web","startTime":1525583100000,"endTime":1525586400000,"stationId":"826989607154","imi":"imi:00100000005D3E16","mediaGroupId":"crid:~~2F~~2Fport.hu~~2F2430157","program":{"id":"crid:~~2F~~2Fport.hu~~2F2003790","title":"Smallville","description":"(IX.\/8) A szuperh\u0151s ikrek, Zan \u00e9s Jayna megjelennek Metropolisban, hogy seg\u00edtsenek a Maszatnak a b\u0171n\u00fcld\u00f6z\u00e9sben, de sz\u00e1mos ment\u00e9st elrontanak, Clark pedig a ker\u00fcleti \u00fcgyv\u00e9d irod\u00e1j\u00e1ban tal\u00e1lja mag\u00e1t. \u00dagy d\u00f6nt, hogy a Maszatot h\u00edvja seg\u00edts\u00e9g\u00fcl neve tiszt\u00e1z\u00e1s\u00e1hoz.","longDescription":"(IX.\/8) A szuperh\u0151s ikrek, Zan \u00e9s Jayna megjelennek Metropolisban, hogy seg\u00edtsenek a Maszatnak a b\u0171n\u00fcld\u00f6z\u00e9sben, de sz\u00e1mos ment\u00e9st elrontanak, Clark pedig a ker\u00fcleti \u00fcgyv\u00e9d irod\u00e1j\u00e1ban tal\u00e1lja mag\u00e1t. \u00dagy d\u00f6nt, hogy a Maszatot h\u00edvja seg\u00edts\u00e9g\u00fcl neve tiszt\u00e1z\u00e1s\u00e1hoz.","languageCode":"hun","countryCode":"HU","deviceCode":"web","medium":"TV","categories":[{"id":"271090244428","title":"Dr\u00e1ma","scheme":"urn:tva:metadata:cs:UPCEventGenreCS:2009"},{"id":"271090244431","title":"Sci-fi\/Horrorfilm","scheme":"urn:tva:metadata:cs:UPCEventGenreCS:2009"}],"isAdult":false,"parentalRating":"12","cast":["Tom Welling","Allison Mack","Kristin Kreuk","Michael Rosenbaum","John Glover","Erica Durance","Annette O'Toole","John Schneider","Justin Hartley","Sam Jones","Cassidy Freeman","Aaron Ashmore","Eric Johnson","Laura Vandervoort","Camille Mitchell","Terence Stamp","Jensen Ackles","Callum Blue","Sam Witwer"],"directors":["James Marshall","Greg Beeman","Mike Rohl","Jeannot Szwarc","Terrence O'Hara","Glen Winter","Whitney Ransick"],"images":[{"assetType":"tva-boxcover","assetTypes":["tva-boxcover"],"width":180,"height":260,"url":"https:\/\/wp12-images-hu-dynamic.horizon.tv\/HU\/Images\/bc_aec4a7398f926ae274c925de3bc2c8bf7a7bf949.jpg"},{"assetType":"boxart-large","assetTypes":["boxart-large"],"width":180,"height":260,"url":"https:\/\/wp12-images-hu-dynamic.horizon.tv\/HU\/Images\/bc_aec4a7398f926ae274c925de3bc2c8bf7a7bf949.jpg?w=180&h=260&mode=box"},{"assetType":"boxart-xlarge","assetTypes":["boxart-xlarge"],"width":210,"height":303,"url":"https:\/\/wp12-images-hu-dynamic.horizon.tv\/HU\/Images\/bc_aec4a7398f926ae274c925de3bc2c8bf7a7bf949.jpg?w=210&h=303&mode=box"},{"assetType":"boxart-small","assetTypes":["boxart-small"],"width":75,"height":108,"url":"https:\/\/wp12-images-hu-dynamic.horizon.tv\/HU\/Images\/bc_aec4a7398f926ae274c925de3bc2c8bf7a7bf949.jpg?w=75&h=108&mode=box"},{"assetType":"boxart-medium","assetTypes":["boxart-medium"],"width":110,"height":159,"url":"https:\/\/wp12-images-hu-dynamic.horizon.tv\/HU\/Images\/bc_aec4a7398f926ae274c925de3bc2c8bf7a7bf949.jpg?w=110&h=159&mode=box"},{"assetType":"HighResLandscape","assetTypes":["HighResLandscape"],"url":"https:\/\/wp17-images-hu-dynamic.horizon.tv\/HU\/Images\/hrl_26a86986b29c01a328d462df178a3525f43699ee.jpg"},{"assetType":"HighResPortrait","assetTypes":["HighResPortrait"],"url":"https:\/\/wp17-images-hu-dynamic.horizon.tv\/HU\/Images\/hrp_f73a24a7ab23c64b84ef450c2edafec516cc4710.jpg"}],"mediaGroupId":"crid:~~2F~~2Fport.hu~~2F2430157","secondaryTitle":"(IX.\/8)","shortDescription":"Hatalmas meteor-es\u0151 puszt\u00edtotta el Smallville, a kansasi v\u00e1roska nagy r\u00e9sz\u00e9t. A katasztr\u00f3fa sok ember hal\u00e1l\u00e1t okozta, azonban a Kent csal\u00e1dot kisfi\u00faval aj\u00e1nd\u00e9kozta meg, akit egy \u0171rhaj\u00f3ban tal\u00e1ltak.","mediaType":"Episode","year":"2009","isReplayTv":false,"seriesEpisodeNumber":"8","seriesNumber":"9","videoStreams":[],"airDate":1230768000000,"entitlements":["VIP","_OPEN_"],"currentProductIds":[],"currentTvodProductIds":[]},"parentId":"crid:~~2F~~2Fport.hu~~2F2430157","rootId":"crid:~~2F~~2Fport.hu~~2F2430157"}