{"id":"crid:~~2F~~2Fport.hu~~2F89574128-imi:00100000005DFEB2","countryCode":"HU","languageCode":"hun","deviceCode":"web","startTime":1525526700000,"endTime":1525528500000,"stationId":"826989607131","imi":"imi:00100000005DFEB2","mediaGroupId":"crid:~~2F~~2Fport.hu~~2F89574141","program":{"id":"crid:~~2F~~2Fport.hu~~2F89574128","title":"A v\u00e9gc\u00e9l Oroszorsz\u00e1g 2018","description":"A 2018-as (21.) labdar\u00fag\u00f3-vil\u00e1gbajnoks\u00e1got Oroszorsz\u00e1gban rendezik. K\u00f6vesse a szenved\u00e9lyr\u0151l, bar\u00e1ts\u00e1gr\u00f3l, szolidarit\u00e1sr\u00f3l \u00e9s teljes\u00edtm\u00e9nyr\u0151l sz\u00f3l\u00f3 t\u00f6rt\u00e9neteket, melyeket a fociszt\u00e1rok mes\u00e9lnek, akik majd a p\u00e1ly\u00e1n n\u00e9znek szembe egym\u00e1ssal.","longDescription":"A 2018-as (21.) labdar\u00fag\u00f3-vil\u00e1gbajnoks\u00e1got Oroszorsz\u00e1gban rendezik. K\u00f6vesse a szenved\u00e9lyr\u0151l, bar\u00e1ts\u00e1gr\u00f3l, szolidarit\u00e1sr\u00f3l \u00e9s teljes\u00edtm\u00e9nyr\u0151l sz\u00f3l\u00f3 t\u00f6rt\u00e9neteket, melyeket a fociszt\u00e1rok mes\u00e9lnek, akik majd a p\u00e1ly\u00e1n n\u00e9znek szembe egym\u00e1ssal.","languageCode":"hun","countryCode":"HU","deviceCode":"web","medium":"TV","categories":[{"id":"271090244353","title":"Sport","scheme":"urn:tva:metadata:cs:UPCEventGenreCS:2009"},{"id":"271090244358","title":"Magazinm\u0171sor","scheme":"urn:tva:metadata:cs:UPCEventGenreCS:2009"}],"isAdult":false,"parentalRating":"12","cast":[],"directors":["Eulogio Romero"],"images":[{"assetType":"boxart-large","assetTypes":["boxart-large"],"width":180,"height":260,"url":"https:\/\/wp18-images-hu-dynamic.horizon.tv\/HU\/Images\/upcgenre_42.jpg?w=180&h=260&mode=box"},{"assetType":"tva-boxcover","assetTypes":["tva-boxcover"],"width":180,"height":260,"url":"https:\/\/wp18-images-hu-dynamic.horizon.tv\/HU\/Images\/upcgenre_42.jpg"},{"assetType":"boxart-small","assetTypes":["boxart-small"],"width":75,"height":108,"url":"https:\/\/wp18-images-hu-dynamic.horizon.tv\/HU\/Images\/upcgenre_42.jpg?w=75&h=108&mode=box"},{"assetType":"boxart-xlarge","assetTypes":["boxart-xlarge"],"width":210,"height":303,"url":"https:\/\/wp18-images-hu-dynamic.horizon.tv\/HU\/Images\/upcgenre_42.jpg?w=210&h=303&mode=box"},{"assetType":"boxart-medium","assetTypes":["boxart-medium"],"width":110,"height":159,"url":"https:\/\/wp18-images-hu-dynamic.horizon.tv\/HU\/Images\/upcgenre_42.jpg?w=110&h=159&mode=box"},{"assetType":"HighResLandscape","assetTypes":["HighResLandscape"],"url":"https:\/\/wp11-images-hu-dynamic.horizon.tv\/HU\/Images\/hrl_3d3fed40b6450a09e12743127c504626ee180105.jpg"}],"mediaGroupId":"crid:~~2F~~2Fport.hu~~2F89574141","shortDescription":"A 2018-as (21.) labdar\u00fag\u00f3-vil\u00e1gbajnoks\u00e1got Oroszorsz\u00e1gban rendezik. K\u00f6vesse a szenved\u00e9lyr\u0151l, bar\u00e1ts\u00e1gr\u00f3l, szolidarit\u00e1sr\u00f3l \u00e9s teljes\u00edtm\u00e9nyr\u0151l sz\u00f3l\u00f3 t\u00f6rt\u00e9neteket, melyeket a fociszt\u00e1rok mes\u00e9lnek,...","mediaType":"Episode","year":"2018","duration":1800,"latestBroadcastStartTime":1525382100000,"latestBroadcastEndTime":1525383900000,"isReplayTv":true,"listingId":"crid:~~2F~~2Fport.hu~~2F89574128-imi:00100000005D0A4F","seriesEpisodeNumber":"1805032315","seriesNumber":"1805032315","videoStreams":[],"airDate":1514764800000,"entitlements":["crid:~~2F~~2Fupc.com~~2FReplayTV~~2FHBO_ReplayTV","VIP","_OPEN_"],"currentProductIds":["crid:~~2F~~2Fupc.com~~2FReplayTV~~2FHBO_ReplayTV"],"currentTvodProductIds":[]},"parentId":"crid:~~2F~~2Fport.hu~~2F89574141","rootId":"crid:~~2F~~2Fport.hu~~2F89574141"}