{"id":"crid:~~2F~~2Fport.hu~~2F79380608-imi:00100000005D59B9","countryCode":"HU","languageCode":"hun","deviceCode":"web","startTime":1525699800000,"endTime":1525701600000,"stationId":"826989607225","imi":"imi:00100000005D59B9","mediaGroupId":"crid:~~2F~~2Fport.hu~~2F72519039","program":{"id":"crid:~~2F~~2Fport.hu~~2F79380608","title":"Hotel Transzilv\u00e1nia: A sorozat","description":"A nagy siker\u0171 rajzfilmre \u00e9p\u00edt\u0151 sorozat f\u0151h\u0151se Drakula tin\u00e9dzser l\u00e1nya, Mavis, \u00e9s h\u00e1rom legjobb bar\u00e1tja: Hank N Stein, Pedro \u00e9s Wendy Blob.","longDescription":"A nagy siker\u0171 rajzfilmre \u00e9p\u00edt\u0151 sorozat f\u0151h\u0151se Drakula tin\u00e9dzser l\u00e1nya, Mavis, \u00e9s h\u00e1rom legjobb bar\u00e1tja: Hank N Stein, Pedro \u00e9s Wendy Blob.","languageCode":"hun","countryCode":"HU","deviceCode":"web","medium":"TV","categories":[{"id":"271090244371","title":"Gyermek\/Ifj\u00fas\u00e1gi","scheme":"urn:tva:metadata:cs:UPCEventGenreCS:2009"},{"id":"271090244376","title":"Rajzfilm","scheme":"urn:tva:metadata:cs:UPCEventGenreCS:2009"}],"isAdult":false,"parentalRating":"3","cast":[],"directors":[],"images":[{"assetType":"boxart-small","assetTypes":["boxart-small"],"width":75,"height":108,"url":"https:\/\/wp11-images-hu-dynamic.horizon.tv\/HU\/Images\/bc_6eee0d306813e1545ca6b3f9258da23dc849bcd0.jpg?w=75&h=108&mode=box"},{"assetType":"boxart-large","assetTypes":["boxart-large"],"width":180,"height":260,"url":"https:\/\/wp11-images-hu-dynamic.horizon.tv\/HU\/Images\/bc_6eee0d306813e1545ca6b3f9258da23dc849bcd0.jpg?w=180&h=260&mode=box"},{"assetType":"boxart-medium","assetTypes":["boxart-medium"],"width":110,"height":159,"url":"https:\/\/wp11-images-hu-dynamic.horizon.tv\/HU\/Images\/bc_6eee0d306813e1545ca6b3f9258da23dc849bcd0.jpg?w=110&h=159&mode=box"},{"assetType":"boxart-xlarge","assetTypes":["boxart-xlarge"],"width":210,"height":303,"url":"https:\/\/wp11-images-hu-dynamic.horizon.tv\/HU\/Images\/bc_6eee0d306813e1545ca6b3f9258da23dc849bcd0.jpg?w=210&h=303&mode=box"},{"assetType":"tva-boxcover","assetTypes":["tva-boxcover"],"width":180,"height":260,"url":"https:\/\/wp11-images-hu-dynamic.horizon.tv\/HU\/Images\/bc_6eee0d306813e1545ca6b3f9258da23dc849bcd0.jpg"},{"assetType":"HighResPortrait","assetTypes":["HighResPortrait"],"url":"https:\/\/wp20-images-hu-dynamic.horizon.tv\/HU\/Images\/hrp_6eee0d306813e1545ca6b3f9258da23dc849bcd0.jpg"},{"assetType":"HighResLandscape","assetTypes":["HighResLandscape"],"url":"https:\/\/wp20-images-hu-dynamic.horizon.tv\/HU\/Images\/hrl_01ab10079494eeacbfcb4cb93a783a1f882f506a.jpg"}],"mediaGroupId":"crid:~~2F~~2Fport.hu~~2F72519039","shortDescription":"A nagy siker\u0171 rajzfilmre \u00e9p\u00edt\u0151 sorozat f\u0151h\u0151se Drakula tin\u00e9dzser l\u00e1nya, Mavis, \u00e9s h\u00e1rom legjobb bar\u00e1tja: Hank N Stein, Pedro \u00e9s Wendy Blob.","mediaType":"Episode","year":"2017","duration":1500,"latestBroadcastStartTime":1525411800000,"latestBroadcastEndTime":1525413300000,"isReplayTv":true,"listingId":"crid:~~2F~~2Fport.hu~~2F79380608-imi:00100000005D2292","seriesEpisodeNumber":"1805121630","seriesNumber":"1805110730","videoStreams":[],"airDate":1483228800000,"entitlements":["crid:~~2F~~2Fupc.com~~2FReplayTV~~2FDisney_Channel_ReplayTV","VIP","_OPEN_"],"currentProductIds":["crid:~~2F~~2Fupc.com~~2FReplayTV~~2FDisney_Channel_ReplayTV"],"currentTvodProductIds":[]},"parentId":"crid:~~2F~~2Fport.hu~~2F72519039","rootId":"crid:~~2F~~2Fport.hu~~2F72519039"}