{"id":"crid:~~2F~~2Fport.hu~~2F41837927-imi:00100000005D4CF3","countryCode":"HU","languageCode":"hun","deviceCode":"web","startTime":1525556700000,"endTime":1525560300000,"stationId":"826989607147","imi":"imi:00100000005D4CF3","mediaGroupId":"crid:~~2F~~2Fport.hu~~2F39325264","program":{"id":"crid:~~2F~~2Fport.hu~~2F41837927","title":"iZombie","description":"(I.\/12) Egy csapat fiatal r\u00e9szegen \u00e9jszakai aut\u00f3k\u00e1z\u00e1sra indul, d\u00f6nt\u00e9s\u00fck pedig katasztrof\u00e1lis k\u00f6vetkezm\u00e9nyekhez vezet. Mikor pr\u00f3b\u00e1lj\u00e1k leplezni a t\u00f6rt\u00e9nteket, egy halottnak t\u0171n\u0151 f\u00e9rfi \"\"visszat\u00e9r\"\" \u00e9s megt\u00e1madja az egyik l\u00e1nyt. Miut\u00e1n Liv elfogyasztja a halott l\u00e1ny agy\u00e1t, Clive-vel nyomoz\u00e1sba kezd annak k\u00f6z\u00e9piskol\u00e1j\u00e1ban. Az \u00e1ldozat egyik bar\u00e1tj\u00e1nak hal\u00e1la komoly k\u00e9rd\u00e9seket vet fel az \u00fcggyel kapcsolatban. K\u00f6zben Major gyanakodni kezd arra, hogy Blaine titkol valamit.","longDescription":"(I.\/12) Egy csapat fiatal r\u00e9szegen \u00e9jszakai aut\u00f3k\u00e1z\u00e1sra indul, d\u00f6nt\u00e9s\u00fck pedig katasztrof\u00e1lis k\u00f6vetkezm\u00e9nyekhez vezet. Mikor pr\u00f3b\u00e1lj\u00e1k leplezni a t\u00f6rt\u00e9nteket, egy halottnak t\u0171n\u0151 f\u00e9rfi \"\"visszat\u00e9r\"\" \u00e9s megt\u00e1madja az egyik l\u00e1nyt. Miut\u00e1n Liv elfogyasztja a halott l\u00e1ny agy\u00e1t, Clive-vel nyomoz\u00e1sba kezd annak k\u00f6z\u00e9piskol\u00e1j\u00e1ban. Az \u00e1ldozat egyik bar\u00e1tj\u00e1nak hal\u00e1la komoly k\u00e9rd\u00e9seket vet fel az \u00fcggyel kapcsolatban. K\u00f6zben Major gyanakodni kezd arra, hogy Blaine titkol valamit.","languageCode":"hun","countryCode":"HU","deviceCode":"web","medium":"TV","categories":[{"id":"271090244428","title":"Dr\u00e1ma","scheme":"urn:tva:metadata:cs:UPCEventGenreCS:2009"},{"id":"271090244430","title":"Akci\u00f3film","scheme":"urn:tva:metadata:cs:UPCEventGenreCS:2009"}],"isAdult":false,"parentalRating":"3","cast":[],"directors":[],"images":[{"assetType":"boxart-medium","assetTypes":["boxart-medium"],"width":110,"height":159,"url":"https:\/\/wp12-images-hu-dynamic.horizon.tv\/HU\/Images\/bc_0b5157e992b64bdc93e7ceff50a3d16b4524745a.jpg?w=110&h=159&mode=box"},{"assetType":"tva-boxcover","assetTypes":["tva-boxcover"],"width":180,"height":260,"url":"https:\/\/wp12-images-hu-dynamic.horizon.tv\/HU\/Images\/bc_0b5157e992b64bdc93e7ceff50a3d16b4524745a.jpg"},{"assetType":"boxart-small","assetTypes":["boxart-small"],"width":75,"height":108,"url":"https:\/\/wp12-images-hu-dynamic.horizon.tv\/HU\/Images\/bc_0b5157e992b64bdc93e7ceff50a3d16b4524745a.jpg?w=75&h=108&mode=box"},{"assetType":"boxart-large","assetTypes":["boxart-large"],"width":180,"height":260,"url":"https:\/\/wp12-images-hu-dynamic.horizon.tv\/HU\/Images\/bc_0b5157e992b64bdc93e7ceff50a3d16b4524745a.jpg?w=180&h=260&mode=box"},{"assetType":"boxart-xlarge","assetTypes":["boxart-xlarge"],"width":210,"height":303,"url":"https:\/\/wp12-images-hu-dynamic.horizon.tv\/HU\/Images\/bc_0b5157e992b64bdc93e7ceff50a3d16b4524745a.jpg?w=210&h=303&mode=box"}],"mediaGroupId":"crid:~~2F~~2Fport.hu~~2F39325264","secondaryTitle":"K\u00eds\u00e9rleti patk\u00e1nyok (I.\/12)","shortDescription":"Egy csapat fiatal r\u00e9szegen \u00e9jszakai aut\u00f3k\u00e1z\u00e1sra indul, d\u00f6nt\u00e9s\u00fck pedig katasztrof\u00e1lis k\u00f6vetkezm\u00e9nyekhez vezet. Mikor pr\u00f3b\u00e1lj\u00e1k leplezni a t\u00f6rt\u00e9nteket, egy halottnak t\u0171n\u0151 f\u00e9rfi \"\"visszat\u00e9r\"\" \u00e9s megt\u00e1madja az egyik l\u00e1nyt. Miut\u00e1n Liv elfogyasztja a halott l\u00e1ny agy\u00e1t, Clive-vel nyomoz\u00e1sba kezd annak k\u00f6z\u00e9piskol\u00e1j\u00e1ban.","mediaType":"Episode","year":"2015","isReplayTv":false,"seriesEpisodeNumber":"12","seriesNumber":"1","videoStreams":[],"airDate":1420070400000,"entitlements":["VIP","_OPEN_"],"currentProductIds":[],"currentTvodProductIds":[]},"parentId":"crid:~~2F~~2Fport.hu~~2F39325264","rootId":"crid:~~2F~~2Fport.hu~~2F39325264"}