{"id":"crid:~~2F~~2Fport.hu~~2F91019454-imi:00100000005D30B8","countryCode":"HU","languageCode":"hun","deviceCode":"web","startTime":1525470900000,"endTime":1525474500000,"stationId":"826989607151","imi":"imi:00100000005D30B8","mediaGroupId":"crid:~~2F~~2Fport.hu~~2F68682315","program":{"id":"crid:~~2F~~2Fport.hu~~2F91019454","title":"Rallycross Vil\u00e1gbajnoks\u00e1g","description":"A rallycross-vil\u00e1gbajnoks\u00e1g egy \u00faj gener\u00e1ci\u00f3s nemzetk\u00f6zi aut\u00f3sport sorozat, melyet csup\u00e1n n\u00e9h\u00e1ny \u00e9ve jegyeznek, de rohamtemp\u00f3ban \u00e9s dinamikusan fejl\u0151dik. T\u00f6bb gy\u00e1ri csapat (Audi, Peugeot, Citroen, Ford) is komoly energi\u00e1kat mozg\u00f3s\u00edt a bajnoks\u00e1gban t\u00f6rt\u00e9n\u0151 eredm\u00e9nyes r\u00e9szv\u00e9tel \u00e9rdek\u00e9ben. Profizmus \u00e9s szenved\u00e9ly, ez az ami legink\u00e1bb jellemzi ezt a technikai sportot. RallyCross Vil\u00e1gbajnoks\u00e1g a Sp\u00edlerTV m\u0171sor\u00e1n!","longDescription":"A rallycross-vil\u00e1gbajnoks\u00e1g egy \u00faj gener\u00e1ci\u00f3s nemzetk\u00f6zi aut\u00f3sport sorozat, melyet csup\u00e1n n\u00e9h\u00e1ny \u00e9ve jegyeznek, de rohamtemp\u00f3ban \u00e9s dinamikusan fejl\u0151dik. T\u00f6bb gy\u00e1ri csapat (Audi, Peugeot, Citroen, Ford) is komoly energi\u00e1kat mozg\u00f3s\u00edt a bajnoks\u00e1gban t\u00f6rt\u00e9n\u0151 eredm\u00e9nyes r\u00e9szv\u00e9tel \u00e9rdek\u00e9ben. Profizmus \u00e9s szenved\u00e9ly, ez az ami legink\u00e1bb jellemzi ezt a technikai sportot. RallyCross Vil\u00e1gbajnoks\u00e1g a Sp\u00edlerTV m\u0171sor\u00e1n!","languageCode":"hun","countryCode":"HU","deviceCode":"web","medium":"TV","categories":[{"id":"271090244353","title":"Sport","scheme":"urn:tva:metadata:cs:UPCEventGenreCS:2009"},{"id":"271090244365","title":"Motorsport","scheme":"urn:tva:metadata:cs:UPCEventGenreCS:2009"}],"isAdult":false,"parentalRating":"12","cast":[],"directors":[],"images":[{"assetType":"boxart-large","assetTypes":["boxart-large"],"width":180,"height":260,"url":"https:\/\/wp16-images-hu-dynamic.horizon.tv\/HU\/Images\/upcgenre_47.jpg?w=180&h=260&mode=box"},{"assetType":"boxart-xlarge","assetTypes":["boxart-xlarge"],"width":210,"height":303,"url":"https:\/\/wp16-images-hu-dynamic.horizon.tv\/HU\/Images\/upcgenre_47.jpg?w=210&h=303&mode=box"},{"assetType":"boxart-small","assetTypes":["boxart-small"],"width":75,"height":108,"url":"https:\/\/wp16-images-hu-dynamic.horizon.tv\/HU\/Images\/upcgenre_47.jpg?w=75&h=108&mode=box"},{"assetType":"boxart-medium","assetTypes":["boxart-medium"],"width":110,"height":159,"url":"https:\/\/wp16-images-hu-dynamic.horizon.tv\/HU\/Images\/upcgenre_47.jpg?w=110&h=159&mode=box"},{"assetType":"tva-boxcover","assetTypes":["tva-boxcover"],"width":180,"height":260,"url":"https:\/\/wp16-images-hu-dynamic.horizon.tv\/HU\/Images\/upcgenre_47.jpg"}],"mediaGroupId":"crid:~~2F~~2Fport.hu~~2F68682315","shortDescription":"A rallycross-vil\u00e1gbajnoks\u00e1g egy \u00faj gener\u00e1ci\u00f3s nemzetk\u00f6zi aut\u00f3sport sorozat, melyet csup\u00e1n n\u00e9h\u00e1ny \u00e9ve jegyeznek, de rohamtemp\u00f3ban \u00e9s dinamikusan fejl\u0151dik. T\u00f6bb gy\u00e1ri csapat (Audi, Peugeot, Citroen,...","mediaType":"Episode","year":"2018","isReplayTv":false,"seriesEpisodeNumber":"1805042355","seriesNumber":"1805030535","videoStreams":[],"airDate":1514764800000,"entitlements":["VIP","_OPEN_"],"currentProductIds":[],"currentTvodProductIds":[]},"parentId":"crid:~~2F~~2Fport.hu~~2F68682315","rootId":"crid:~~2F~~2Fport.hu~~2F68682315"}