{"id":"crid:~~2F~~2Fport.hu~~2F72206191-imi:00100000005D2221","countryCode":"HU","languageCode":"hun","deviceCode":"web","startTime":1525427400000,"endTime":1525430700000,"stationId":"826989607161","imi":"imi:00100000005D2221","mediaGroupId":"crid:~~2F~~2Fport.hu~~2F61819982","program":{"id":"crid:~~2F~~2Fport.hu~~2F72206191","title":"Majdnem meg\u00fasztam...","description":"Konh Chung Bounnam elhat\u00e1rozza, hogy kirabolja a vend\u00e9gl\u0151t, ahonnan elbocs\u00e1tott\u00e1k a bar\u00e1tj\u00e1t. A terv kudarcba fullad, h\u00e1rman meghalnak, Bounnamnek pedig menek\u00fclnie kell.","longDescription":"Konh Chung Bounnam elhat\u00e1rozza, hogy kirabolja a vend\u00e9gl\u0151t, ahonnan elbocs\u00e1tott\u00e1k a bar\u00e1tj\u00e1t. A terv kudarcba fullad, h\u00e1rman meghalnak, Bounnamnek pedig menek\u00fclnie kell.","languageCode":"hun","countryCode":"HU","deviceCode":"web","medium":"TV","categories":[{"id":"271090244398","title":"T\u00e1rsadalmi\/Politikai","scheme":"urn:tva:metadata:cs:UPCEventGenreCS:2009"}],"isAdult":false,"parentalRating":"3","cast":["Carl Marino","James Olea","Kamasu J. Livingston","Jeff Redlick","Raul Bustamante"],"directors":["Evan Cecil"],"images":[{"assetType":"boxart-medium","assetTypes":["boxart-medium"],"width":110,"height":159,"url":"https:\/\/wp6-images-hu-dynamic.horizon.tv\/HU\/Images\/upcgenre_80.jpg?w=110&h=159&mode=box"},{"assetType":"tva-boxcover","assetTypes":["tva-boxcover"],"width":180,"height":260,"url":"https:\/\/wp6-images-hu-dynamic.horizon.tv\/HU\/Images\/upcgenre_80.jpg"},{"assetType":"boxart-small","assetTypes":["boxart-small"],"width":75,"height":108,"url":"https:\/\/wp6-images-hu-dynamic.horizon.tv\/HU\/Images\/upcgenre_80.jpg?w=75&h=108&mode=box"},{"assetType":"boxart-large","assetTypes":["boxart-large"],"width":180,"height":260,"url":"https:\/\/wp6-images-hu-dynamic.horizon.tv\/HU\/Images\/upcgenre_80.jpg?w=180&h=260&mode=box"},{"assetType":"boxart-xlarge","assetTypes":["boxart-xlarge"],"width":210,"height":303,"url":"https:\/\/wp6-images-hu-dynamic.horizon.tv\/HU\/Images\/upcgenre_80.jpg?w=210&h=303&mode=box"},{"assetType":"HighResLandscape","assetTypes":["HighResLandscape"],"url":"https:\/\/wp13-images-hu-dynamic.horizon.tv\/HU\/Images\/hrl_4c1c30e2ade5c39e336f386261c138dd591d5248.jpg"}],"mediaGroupId":"crid:~~2F~~2Fport.hu~~2F61819982","secondaryTitle":"L\u00e1bon l\u0151ve","shortDescription":"A sorozat olyan vesz\u00e9lyes b\u0171n\u00f6z\u0151ket mutat be, akik \u00e9veken, \u00e9vtizedeken \u00e1t rejt\u0151zk\u00f6dve, \u00e1lland\u00f3an menek\u00fclve \u00e9ltek \u00e9s kib\u00fajtak az igazs\u00e1gszolg\u00e1ltat\u00e1s al\u00f3l.","mediaType":"Episode","year":"2009","isReplayTv":false,"seriesEpisodeNumber":"1805031720","seriesNumber":"1805021150","videoStreams":[],"airDate":1230768000000,"entitlements":["VIP","_OPEN_"],"currentProductIds":[],"currentTvodProductIds":[]},"parentId":"crid:~~2F~~2Fport.hu~~2F61819982","rootId":"crid:~~2F~~2Fport.hu~~2F61819982"}