{"id":"crid:~~2F~~2Fport.hu~~2F67795376-imi:00100000005D53F0","countryCode":"HU","languageCode":"hun","deviceCode":"web","startTime":1525707600000,"endTime":1525709100000,"stationId":"826989607189","imi":"imi:00100000005D53F0","mediaGroupId":"crid:~~2F~~2Fport.hu~~2F1612588","program":{"id":"crid:~~2F~~2Fport.hu~~2F67795376","title":"Nyomoz\u00f3 orvosok","description":"(V.\/10) A sorozat izgalmas lehet mindazok sz\u00e1m\u00e1ra, akiket \u00e9rdekelnek egy-egy b\u0171nt\u00e9ny, baleset, vagy betegs\u00e9g oknyomoz\u00e1s\u00e1nak r\u00e9szletei. A b\u0171nt\u00e9nyek felder\u00edt\u00e9s\u00e9ben halottk\u00e9mek, orvosok, jogi szak\u00e9rt\u0151k \u00e9s \u00fajs\u00e1g\u00edr\u00f3k seg\u00edts\u00e9g\u00e9vel vehet\u00fcnk r\u00e9szt. Megismerhetj\u00fck az igazs\u00e1g\u00fcgyi orvosl\u00e1s leg\u00fajabb m\u00f3dszereit \u00e9s figyelemmel k\u00f6vethetj\u00fck, amint a puzzle darabk\u00e1inak \u00f6sszerak\u00e1s\u00e1val kider\u00fclnek az \u00f6sszef\u00fcgg\u00e9sek egy-egy rejt\u00e9ly r\u00e9szletei k\u00f6z\u00f6tt. Nyomoz\u00e1sunkat meg-megszak\u00edtja a val\u00f3s\u00e1g egy-egy jelenet\u00e9nek dramatiz\u00e1l\u00e1sa, \u00e9s az \u00e9ppen t\u00e1rgyalt eset egy-egy r\u00e9sztvev\u0151j\u00e9nek szem\u00e9lyis\u00e9gprofilj\u00e1nak ismeretet\u00e9se.Hogyan der\u00fcl ki, hogy az \u00e9jszakai baleset val\u00f3j\u00e1ban el\u0151re megtervezett gyilkoss\u00e1g volt? Homokszemnagys\u00e1g\u00fa m\u0171anyagdarabk\u00e1k jelentik a kulcsot egy f\u00e9rfi meggyilkol\u00e1s\u00e1hoz. Ilyen \u00e9s ehhez hasonl\u00f3 t\u00f6rt\u00e9netek felder\u00edt\u00e9s\u00e9ben vehet r\u00e9szt az, aki vel\u00fcnk tart e sorozatban.","longDescription":"(V.\/10) A sorozat izgalmas lehet mindazok sz\u00e1m\u00e1ra, akiket \u00e9rdekelnek egy-egy b\u0171nt\u00e9ny, baleset, vagy betegs\u00e9g oknyomoz\u00e1s\u00e1nak r\u00e9szletei. A b\u0171nt\u00e9nyek felder\u00edt\u00e9s\u00e9ben halottk\u00e9mek, orvosok, jogi szak\u00e9rt\u0151k \u00e9s \u00fajs\u00e1g\u00edr\u00f3k seg\u00edts\u00e9g\u00e9vel vehet\u00fcnk r\u00e9szt. Megismerhetj\u00fck az igazs\u00e1g\u00fcgyi orvosl\u00e1s leg\u00fajabb m\u00f3dszereit \u00e9s figyelemmel k\u00f6vethetj\u00fck, amint a puzzle darabk\u00e1inak \u00f6sszerak\u00e1s\u00e1val kider\u00fclnek az \u00f6sszef\u00fcgg\u00e9sek egy-egy rejt\u00e9ly r\u00e9szletei k\u00f6z\u00f6tt. Nyomoz\u00e1sunkat meg-megszak\u00edtja a val\u00f3s\u00e1g egy-egy jelenet\u00e9nek dramatiz\u00e1l\u00e1sa, \u00e9s az \u00e9ppen t\u00e1rgyalt eset egy-egy r\u00e9sztvev\u0151j\u00e9nek szem\u00e9lyis\u00e9gprofilj\u00e1nak ismeretet\u00e9se.Hogyan der\u00fcl ki, hogy az \u00e9jszakai baleset val\u00f3j\u00e1ban el\u0151re megtervezett gyilkoss\u00e1g volt? Homokszemnagys\u00e1g\u00fa m\u0171anyagdarabk\u00e1k jelentik a kulcsot egy f\u00e9rfi meggyilkol\u00e1s\u00e1hoz. Ilyen \u00e9s ehhez hasonl\u00f3 t\u00f6rt\u00e9netek felder\u00edt\u00e9s\u00e9ben vehet r\u00e9szt az, aki vel\u00fcnk tart e sorozatban.","languageCode":"hun","countryCode":"HU","deviceCode":"web","medium":"TV","categories":[{"id":"271090244398","title":"T\u00e1rsadalmi\/Politikai","scheme":"urn:tva:metadata:cs:UPCEventGenreCS:2009"}],"isAdult":false,"parentalRating":"3","cast":[],"directors":["Michael Jordan","Sovanna Mam","Richard Monahan","Tom Jennings","Michael Joseloff"],"images":[{"assetType":"boxart-xlarge","assetTypes":["boxart-xlarge"],"width":210,"height":303,"url":"https:\/\/wp23-images-hu-dynamic.horizon.tv\/HU\/Images\/upcgenre_80.jpg?w=210&h=303&mode=box"},{"assetType":"boxart-medium","assetTypes":["boxart-medium"],"width":110,"height":159,"url":"https:\/\/wp23-images-hu-dynamic.horizon.tv\/HU\/Images\/upcgenre_80.jpg?w=110&h=159&mode=box"},{"assetType":"tva-boxcover","assetTypes":["tva-boxcover"],"width":180,"height":260,"url":"https:\/\/wp23-images-hu-dynamic.horizon.tv\/HU\/Images\/upcgenre_80.jpg"},{"assetType":"boxart-small","assetTypes":["boxart-small"],"width":75,"height":108,"url":"https:\/\/wp23-images-hu-dynamic.horizon.tv\/HU\/Images\/upcgenre_80.jpg?w=75&h=108&mode=box"},{"assetType":"boxart-large","assetTypes":["boxart-large"],"width":180,"height":260,"url":"https:\/\/wp23-images-hu-dynamic.horizon.tv\/HU\/Images\/upcgenre_80.jpg?w=180&h=260&mode=box"}],"mediaGroupId":"crid:~~2F~~2Fport.hu~~2F1612588","secondaryTitle":"(V.\/10)","shortDescription":"A sorozat k\u00fcl\u00f6nb\u00f6z\u0151 p\u00e9ld\u00e1k sor\u00e1n \u00e1t mutatja be a t\u00f6rv\u00e9nysz\u00e9ki orvosszak\u00e9rt\u0151k munk\u00e1j\u00e1t. Manaps\u00e1g nem egy gyilkoss\u00e1g bizony\u00edt\u00e9k\u00e1t a laborat\u00f3riumi mikroszk\u00f3pok alatt \"tal\u00e1lj\u00e1k meg\".","mediaType":"Episode","year":"1996","isReplayTv":false,"seriesEpisodeNumber":"10","seriesNumber":"5","videoStreams":[],"airDate":820454400000,"entitlements":["VIP","_OPEN_"],"currentProductIds":[],"currentTvodProductIds":[]},"parentId":"crid:~~2F~~2Fport.hu~~2F1612588","rootId":"crid:~~2F~~2Fport.hu~~2F1612588"}