{"id":"crid:~~2F~~2Fport.hu~~2F90412018-imi:00100000005D2A0D","countryCode":"HU","languageCode":"hun","deviceCode":"web","startTime":1525447500000,"endTime":1525449600000,"stationId":"826989607126","imi":"imi:00100000005D2A0D","mediaGroupId":"crid:~~2F~~2Fport.hu~~2F85358359","program":{"id":"crid:~~2F~~2Fport.hu~~2F90412018","title":"F\u00f3kusz","description":"T\u00e1rsadalmi\/Politikai","longDescription":"T\u00e1rsadalmi\/Politikai","languageCode":"hun","countryCode":"HU","deviceCode":"web","medium":"TV","categories":[{"id":"271090244398","title":"T\u00e1rsadalmi\/Politikai","scheme":"urn:tva:metadata:cs:UPCEventGenreCS:2009"}],"isAdult":false,"parentalRating":"12","cast":[],"directors":[],"images":[{"assetType":"tva-boxcover","assetTypes":["tva-boxcover"],"width":180,"height":260,"url":"https:\/\/wp25-images-hu-dynamic.horizon.tv\/HU\/Images\/bc_c87faf81d299a3ef9b0a915ba4a0484bf6075513.jpg"},{"assetType":"boxart-medium","assetTypes":["boxart-medium"],"width":110,"height":159,"url":"https:\/\/wp25-images-hu-dynamic.horizon.tv\/HU\/Images\/bc_c87faf81d299a3ef9b0a915ba4a0484bf6075513.jpg?w=110&h=159&mode=box"},{"assetType":"boxart-small","assetTypes":["boxart-small"],"width":75,"height":108,"url":"https:\/\/wp25-images-hu-dynamic.horizon.tv\/HU\/Images\/bc_c87faf81d299a3ef9b0a915ba4a0484bf6075513.jpg?w=75&h=108&mode=box"},{"assetType":"boxart-xlarge","assetTypes":["boxart-xlarge"],"width":210,"height":303,"url":"https:\/\/wp25-images-hu-dynamic.horizon.tv\/HU\/Images\/bc_c87faf81d299a3ef9b0a915ba4a0484bf6075513.jpg?w=210&h=303&mode=box"},{"assetType":"boxart-large","assetTypes":["boxart-large"],"width":180,"height":260,"url":"https:\/\/wp25-images-hu-dynamic.horizon.tv\/HU\/Images\/bc_c87faf81d299a3ef9b0a915ba4a0484bf6075513.jpg?w=180&h=260&mode=box"},{"assetType":"HighResLandscape","assetTypes":["HighResLandscape"],"url":"https:\/\/wp20-images-hu-dynamic.horizon.tv\/HU\/Images\/hrl_40d00cce9066a868a0f86c195200e505eda39537.jpg"},{"assetType":"HighResPortrait","assetTypes":["HighResPortrait"],"url":"https:\/\/wp20-images-hu-dynamic.horizon.tv\/HU\/Images\/hrp_c87faf81d299a3ef9b0a915ba4a0484bf6075513.jpg"}],"mediaGroupId":"crid:~~2F~~2Fport.hu~~2F85358359","shortDescription":"T\u00e1rsadalmi\/Politikai","mediaType":"Episode","year":"2018","isReplayTv":false,"seriesEpisodeNumber":"1805041725","seriesNumber":"1805021725","videoStreams":[],"airDate":1514764800000,"entitlements":["VIP","_OPEN_"],"currentProductIds":[],"currentTvodProductIds":[]},"parentId":"crid:~~2F~~2Fport.hu~~2F85358359","rootId":"crid:~~2F~~2Fport.hu~~2F85358359"}