{"id":"crid:~~2F~~2Fport.hu~~2F67586642-imi:00100000005D5515","countryCode":"HU","languageCode":"hun","deviceCode":"web","startTime":1525442400000,"endTime":1525444200000,"stationId":"826989607239","imi":"imi:00100000005D5515","mediaGroupId":"crid:~~2F~~2Fport.hu~~2F2681717","program":{"id":"crid:~~2F~~2Fport.hu~~2F67586642","title":"Any\u00e1m borogass (A semmi k\u00f6zep\u00e9n\/Csal\u00e1dom \u00e9s egy\u00e9b emberfajt\u00e1k)","description":"(I.\/9) Frankie Heck (Patricia Heaton) k\u00f6z\u00e9pkor\u00fa, k\u00f6z\u00e9poszt\u00e1lybeli csal\u00e1danya, aki az \u00c1llamok k\u00f6zep\u00e9n \u00e9l. Ahhoz, hogy a kis csal\u00e1dja t\u00fal\u00e9lje a mindennapokat, nagy adag humorra van sz\u00fcks\u00e9ge, \u00edgy sz\u00e1munkra is garant\u00e1lt a sz\u00f3rakoz\u00e1s.","longDescription":"(I.\/9) Frankie Heck (Patricia Heaton) k\u00f6z\u00e9pkor\u00fa, k\u00f6z\u00e9poszt\u00e1lybeli csal\u00e1danya, aki az \u00c1llamok k\u00f6zep\u00e9n \u00e9l. Ahhoz, hogy a kis csal\u00e1dja t\u00fal\u00e9lje a mindennapokat, nagy adag humorra van sz\u00fcks\u00e9ge, \u00edgy sz\u00e1munkra is garant\u00e1lt a sz\u00f3rakoz\u00e1s.","languageCode":"hun","countryCode":"HU","deviceCode":"web","medium":"TV","categories":[{"id":"271090244428","title":"Dr\u00e1ma","scheme":"urn:tva:metadata:cs:UPCEventGenreCS:2009"},{"id":"271090244432","title":"Kom\u00e9dia\/Filmv\u00edgj\u00e1t\u00e9k","scheme":"urn:tva:metadata:cs:UPCEventGenreCS:2009"}],"isAdult":false,"parentalRating":"12","cast":["Patricia Heaton","Neil Flynn","Chris Kattan","Eden Sher","Charlie McDermott","Peter Breitmayer","Atticus Shaffer"],"directors":["Barnet Kellman","Ken Whittingham","Wendey Stanzler","Lee Shallat Chemel"],"images":[{"assetType":"tva-boxcover","assetTypes":["tva-boxcover"],"width":180,"height":260,"url":"https:\/\/wp28-images-hu-dynamic.horizon.tv\/HU\/Images\/bc_e3343e9ddac83cf4c7fa92a675363f6e0de42f93.jpg"},{"assetType":"boxart-medium","assetTypes":["boxart-medium"],"width":110,"height":159,"url":"https:\/\/wp28-images-hu-dynamic.horizon.tv\/HU\/Images\/bc_e3343e9ddac83cf4c7fa92a675363f6e0de42f93.jpg?w=110&h=159&mode=box"},{"assetType":"boxart-large","assetTypes":["boxart-large"],"width":180,"height":260,"url":"https:\/\/wp28-images-hu-dynamic.horizon.tv\/HU\/Images\/bc_e3343e9ddac83cf4c7fa92a675363f6e0de42f93.jpg?w=180&h=260&mode=box"},{"assetType":"boxart-small","assetTypes":["boxart-small"],"width":75,"height":108,"url":"https:\/\/wp28-images-hu-dynamic.horizon.tv\/HU\/Images\/bc_e3343e9ddac83cf4c7fa92a675363f6e0de42f93.jpg?w=75&h=108&mode=box"},{"assetType":"boxart-xlarge","assetTypes":["boxart-xlarge"],"width":210,"height":303,"url":"https:\/\/wp28-images-hu-dynamic.horizon.tv\/HU\/Images\/bc_e3343e9ddac83cf4c7fa92a675363f6e0de42f93.jpg?w=210&h=303&mode=box"},{"assetType":"HighResPortrait","assetTypes":["HighResPortrait"],"url":"https:\/\/wp5-images-hu-dynamic.horizon.tv\/HU\/Images\/hrp_e3343e9ddac83cf4c7fa92a675363f6e0de42f93.jpg"},{"assetType":"HighResLandscape","assetTypes":["HighResLandscape"],"url":"https:\/\/wp5-images-hu-dynamic.horizon.tv\/HU\/Images\/hrl_0980f6486882e861ab2abf44760ba032933a9b7d.jpg"}],"mediaGroupId":"crid:~~2F~~2Fport.hu~~2F2681717","secondaryTitle":"Az ide\u00e1lis csal\u00e1d (I.\/9)","shortDescription":"Frankie Heck k\u00f6z\u00e9pkor\u00fa, k\u00f6z\u00e9poszt\u00e1lybeli csal\u00e1danya, aki az \u00c1llamok k\u00f6zep\u00e9n \u00e9l. Ahhoz, hogy a kis csal\u00e1dja t\u00fal\u00e9lje a mindennapokat, nagy adag humorra van sz\u00fcks\u00e9ge.","mediaType":"Episode","year":"2009","isReplayTv":false,"seriesEpisodeNumber":"9","seriesNumber":"1","videoStreams":[],"airDate":1230768000000,"entitlements":["VIP","_OPEN_"],"currentProductIds":[],"currentTvodProductIds":[]},"parentId":"crid:~~2F~~2Fport.hu~~2F2681717","rootId":"crid:~~2F~~2Fport.hu~~2F2681717"}