{"id":"crid:~~2F~~2Fport.hu~~2F1468033-imi:00100000005D89C4","countryCode":"HU","languageCode":"hun","deviceCode":"web","startTime":1525601400000,"endTime":1525602900000,"stationId":"826989607163","imi":"imi:00100000005D89C4","mediaGroupId":"crid:~~2F~~2Fport.hu~~2F3169747","program":{"id":"crid:~~2F~~2Fport.hu~~2F1468033","title":"Heidi","description":"(I.\/1) Az \u00faj Heidi\" izgalmas mai t\u00f6rt\u00e9net fiataloknak. Mint a mai fiatalok \u00e1ltal\u00e1ban \u0151 is egyre jobban agg\u00f3dik bolyg\u00f3nk \u00e1llapota miatt. Heidi pozit\u00edv p\u00e9lda, harcol az \u0151t k\u00f6r\u00fclvev\u0151 fens\u00e9ges t\u00e1j sz\u00e9ps\u00e9g\u00e9nek \u00e9s tisztas\u00e1g\u00e1nak fenntart\u00e1s\u00e1\u00e9rt.","longDescription":"(I.\/1) Az \u00faj Heidi\" izgalmas mai t\u00f6rt\u00e9net fiataloknak. Mint a mai fiatalok \u00e1ltal\u00e1ban \u0151 is egyre jobban agg\u00f3dik bolyg\u00f3nk \u00e1llapota miatt. Heidi pozit\u00edv p\u00e9lda, harcol az \u0151t k\u00f6r\u00fclvev\u0151 fens\u00e9ges t\u00e1j sz\u00e9ps\u00e9g\u00e9nek \u00e9s tisztas\u00e1g\u00e1nak fenntart\u00e1s\u00e1\u00e9rt.","languageCode":"hun","countryCode":"HU","deviceCode":"web","medium":"TV","categories":[{"id":"271090244428","title":"Dr\u00e1ma","scheme":"urn:tva:metadata:cs:UPCEventGenreCS:2009"}],"isAdult":false,"parentalRating":"12","cast":["Carlos Leal","Elodie Bolee","Anne-Sophie Franck","Vanessa Larr\u00e9","Christian Sinniger"],"directors":["Pierre-Antoine Hiroz"],"images":[{"assetType":"boxart-medium","assetTypes":["boxart-medium"],"width":110,"height":159,"url":"https:\/\/wp18-images-hu-dynamic.horizon.tv\/HU\/Images\/bc_9f9ef447819c246b2b7e7cf713d90790591f8e46.jpg?w=110&h=159&mode=box"},{"assetType":"boxart-large","assetTypes":["boxart-large"],"width":180,"height":260,"url":"https:\/\/wp18-images-hu-dynamic.horizon.tv\/HU\/Images\/bc_9f9ef447819c246b2b7e7cf713d90790591f8e46.jpg?w=180&h=260&mode=box"},{"assetType":"boxart-xlarge","assetTypes":["boxart-xlarge"],"width":210,"height":303,"url":"https:\/\/wp18-images-hu-dynamic.horizon.tv\/HU\/Images\/bc_9f9ef447819c246b2b7e7cf713d90790591f8e46.jpg?w=210&h=303&mode=box"},{"assetType":"tva-boxcover","assetTypes":["tva-boxcover"],"width":180,"height":260,"url":"https:\/\/wp18-images-hu-dynamic.horizon.tv\/HU\/Images\/bc_9f9ef447819c246b2b7e7cf713d90790591f8e46.jpg"},{"assetType":"boxart-small","assetTypes":["boxart-small"],"width":75,"height":108,"url":"https:\/\/wp18-images-hu-dynamic.horizon.tv\/HU\/Images\/bc_9f9ef447819c246b2b7e7cf713d90790591f8e46.jpg?w=75&h=108&mode=box"},{"assetType":"HighResLandscape","assetTypes":["HighResLandscape"],"url":"https:\/\/wp19-images-hu-dynamic.horizon.tv\/HU\/Images\/hrl_0b909be34235fcab38bd63fc53f9e4c501b6e311.jpg"}],"mediaGroupId":"crid:~~2F~~2Fport.hu~~2F3169747","secondaryTitle":"(I.\/1)","shortDescription":"Heidi, az egykori sv\u00e1jci ikon mai tin\u00e9dzserk\u00e9nt, Alpokban l\u00e9v\u0151 otthona \u00e9s a ny\u00fczsg\u0151 nagyv\u00e1ros k\u00f6z\u00f6tt ing\u00e1zik. Mint a mai fiatalok \u00e1ltal\u00e1ban \u0151 is egyre jobban agg\u00f3dik bolyg\u00f3nk \u00e1llapota miatt.","mediaType":"Episode","year":"2008","isReplayTv":false,"seriesEpisodeNumber":"1","seriesNumber":"1","videoStreams":[],"airDate":1199145600000,"entitlements":["VIP","_OPEN_"],"currentProductIds":[],"currentTvodProductIds":[]},"parentId":"crid:~~2F~~2Fport.hu~~2F3169747","rootId":"crid:~~2F~~2Fport.hu~~2F3169747"}