{"id":"crid:~~2F~~2Fport.hu~~2F69716519-imi:00100000005D21AA","countryCode":"HU","languageCode":"hun","deviceCode":"web","startTime":1525419900000,"endTime":1525421100000,"stationId":"826989607223","imi":"imi:00100000005D21AA","mediaGroupId":"crid:~~2F~~2Fport.hu~~2F68018605","program":{"id":"crid:~~2F~~2Fport.hu~~2F69716519","title":"Green Team","description":"A Green Team visszat\u00e9r! A Kerti Szupercsapat a n\u00e9z\u0151k \u00e9s h\u00edress\u00e9gek kertj\u00e9ben, lak\u00e1s\u00e1ban kre\u00e1l egy-egy p\u00e1ratlan z\u00f6ld-kompoz\u00edci\u00f3t, melynek k\u00e9sz\u00edt\u00e9s\u00e9t a m\u00e1r megszokott dinamikus, m\u00e9gis k\u00f6nnyed st\u00edlusban k\u00f6vethetj\u00fck nyomon.","longDescription":"A Green Team visszat\u00e9r! A Kerti Szupercsapat a n\u00e9z\u0151k \u00e9s h\u00edress\u00e9gek kertj\u00e9ben, lak\u00e1s\u00e1ban kre\u00e1l egy-egy p\u00e1ratlan z\u00f6ld-kompoz\u00edci\u00f3t, melynek k\u00e9sz\u00edt\u00e9s\u00e9t a m\u00e1r megszokott dinamikus, m\u00e9gis k\u00f6nnyed st\u00edlusban k\u00f6vethetj\u00fck nyomon.","languageCode":"hun","countryCode":"HU","deviceCode":"web","medium":"TV","categories":[{"id":"271090244398","title":"T\u00e1rsadalmi\/Politikai","scheme":"urn:tva:metadata:cs:UPCEventGenreCS:2009"}],"isAdult":false,"parentalRating":"12","cast":[],"directors":[],"images":[{"assetType":"boxart-medium","assetTypes":["boxart-medium"],"width":110,"height":159,"url":"https:\/\/wp14-images-hu-dynamic.horizon.tv\/HU\/Images\/upcgenre_80.jpg?w=110&h=159&mode=box"},{"assetType":"boxart-large","assetTypes":["boxart-large"],"width":180,"height":260,"url":"https:\/\/wp14-images-hu-dynamic.horizon.tv\/HU\/Images\/upcgenre_80.jpg?w=180&h=260&mode=box"},{"assetType":"tva-boxcover","assetTypes":["tva-boxcover"],"width":180,"height":260,"url":"https:\/\/wp14-images-hu-dynamic.horizon.tv\/HU\/Images\/upcgenre_80.jpg"},{"assetType":"boxart-small","assetTypes":["boxart-small"],"width":75,"height":108,"url":"https:\/\/wp14-images-hu-dynamic.horizon.tv\/HU\/Images\/upcgenre_80.jpg?w=75&h=108&mode=box"},{"assetType":"boxart-xlarge","assetTypes":["boxart-xlarge"],"width":210,"height":303,"url":"https:\/\/wp14-images-hu-dynamic.horizon.tv\/HU\/Images\/upcgenre_80.jpg?w=210&h=303&mode=box"}],"mediaGroupId":"crid:~~2F~~2Fport.hu~~2F68018605","shortDescription":"A Kerti Szupercsapat a n\u00e9z\u0151k \u00e9s h\u00edress\u00e9gek kertj\u00e9ben, lak\u00e1s\u00e1ban kre\u00e1l egy-egy p\u00e1ratlan z\u00f6ld-kompoz\u00edci\u00f3t, melynek k\u00e9sz\u00edt\u00e9s\u00e9t a m\u00e1r megszokott dinamikus, m\u00e9gis k\u00f6nnyed st\u00edlusban k\u00f6vethetj\u00fck nyomon.","mediaType":"Episode","year":"2010","isReplayTv":false,"seriesEpisodeNumber":"1805040945","seriesNumber":"1805030100","videoStreams":[],"airDate":1262304000000,"entitlements":["VIP","_OPEN_"],"currentProductIds":[],"currentTvodProductIds":[]},"parentId":"crid:~~2F~~2Fport.hu~~2F68018605","rootId":"crid:~~2F~~2Fport.hu~~2F68018605"}