{"id":"crid:~~2F~~2Fport.hu~~2F54425613-imi:00100000005D3AB3","countryCode":"HU","languageCode":"hun","deviceCode":"web","startTime":1525557600000,"endTime":1525559400000,"stationId":"826989607213","imi":"imi:00100000005D3AB3","mediaGroupId":"crid:~~2F~~2Fport.hu~~2F52825407","program":{"id":"crid:~~2F~~2Fport.hu~~2F54425613","title":"\u00dar keres h\u00f6lgyet","description":"(I.\/9) Miut\u00e1n v\u00e9get \u00e9r egy t\u00f6bb \u00e9ven \u00e1t tart\u00f3 kapcsolata, Josh Greenberg \u00fajra p\u00e1rt keres. A megr\u00f6gz\u00f6tten romantikus \u00e9s \u00e9l\u00e9nk fant\u00e1zi\u00e1val rendelkez\u0151 sr\u00e1c a randik \u00e9s fut\u00f3 kapcsolatok sor\u00e1n eg\u00e9szen sz\u00fcrre\u00e1lis helyzetekbe keveredik, melyekb\u0151l gyakran csak n\u0151v\u00e9re Liz, \u00e9s legjobb haverja, Mike seg\u00edts\u00e9g\u00e9vel k\u00e9pes kikecmeregni.","longDescription":"(I.\/9) Miut\u00e1n v\u00e9get \u00e9r egy t\u00f6bb \u00e9ven \u00e1t tart\u00f3 kapcsolata, Josh Greenberg \u00fajra p\u00e1rt keres. A megr\u00f6gz\u00f6tten romantikus \u00e9s \u00e9l\u00e9nk fant\u00e1zi\u00e1val rendelkez\u0151 sr\u00e1c a randik \u00e9s fut\u00f3 kapcsolatok sor\u00e1n eg\u00e9szen sz\u00fcrre\u00e1lis helyzetekbe keveredik, melyekb\u0151l gyakran csak n\u0151v\u00e9re Liz, \u00e9s legjobb haverja, Mike seg\u00edts\u00e9g\u00e9vel k\u00e9pes kikecmeregni.","languageCode":"hun","countryCode":"HU","deviceCode":"web","medium":"TV","categories":[{"id":"271090244428","title":"Dr\u00e1ma","scheme":"urn:tva:metadata:cs:UPCEventGenreCS:2009"},{"id":"271090244432","title":"Kom\u00e9dia\/Filmv\u00edgj\u00e1t\u00e9k","scheme":"urn:tva:metadata:cs:UPCEventGenreCS:2009"}],"isAdult":false,"parentalRating":"3","cast":[],"directors":[],"images":[{"assetType":"tva-boxcover","assetTypes":["tva-boxcover"],"width":180,"height":260,"url":"https:\/\/wp8-images-hu-dynamic.horizon.tv\/HU\/Images\/bc_afbbbc419cb6fdb7446692b7d1bd30c8ee547607.jpg"},{"assetType":"boxart-large","assetTypes":["boxart-large"],"width":180,"height":260,"url":"https:\/\/wp8-images-hu-dynamic.horizon.tv\/HU\/Images\/bc_afbbbc419cb6fdb7446692b7d1bd30c8ee547607.jpg?w=180&h=260&mode=box"},{"assetType":"boxart-xlarge","assetTypes":["boxart-xlarge"],"width":210,"height":303,"url":"https:\/\/wp8-images-hu-dynamic.horizon.tv\/HU\/Images\/bc_afbbbc419cb6fdb7446692b7d1bd30c8ee547607.jpg?w=210&h=303&mode=box"},{"assetType":"boxart-medium","assetTypes":["boxart-medium"],"width":110,"height":159,"url":"https:\/\/wp8-images-hu-dynamic.horizon.tv\/HU\/Images\/bc_afbbbc419cb6fdb7446692b7d1bd30c8ee547607.jpg?w=110&h=159&mode=box"},{"assetType":"boxart-small","assetTypes":["boxart-small"],"width":75,"height":108,"url":"https:\/\/wp8-images-hu-dynamic.horizon.tv\/HU\/Images\/bc_afbbbc419cb6fdb7446692b7d1bd30c8ee547607.jpg?w=75&h=108&mode=box"}],"mediaGroupId":"crid:~~2F~~2Fport.hu~~2F52825407","secondaryTitle":"(I.\/9)","shortDescription":"(I.\/9) Miut\u00e1n v\u00e9get \u00e9r egy t\u00f6bb \u00e9ven \u00e1t tart\u00f3 kapcsolata, Josh Greenberg \u00fajra p\u00e1rt keres. A megr\u00f6gz\u00f6tten romantikus \u00e9s \u00e9l\u00e9nk fant\u00e1zi\u00e1val rendelkez\u0151 sr\u00e1c a randik \u00e9s fut\u00f3 kapcsolatok sor\u00e1n eg\u00e9szen...","mediaType":"Episode","year":"2015","duration":1800,"latestBroadcastStartTime":1525122000000,"latestBroadcastEndTime":1525123800000,"isReplayTv":true,"listingId":"crid:~~2F~~2Fport.hu~~2F54425613-imi:00100000005CC314","seriesEpisodeNumber":"9","seriesNumber":"1","videoStreams":[],"airDate":1420070400000,"entitlements":["crid:~~2F~~2Fupc.com~~2FReplayTV~~2FComedy_Central_ReplayTV","VIP","_OPEN_"],"currentProductIds":["crid:~~2F~~2Fupc.com~~2FReplayTV~~2FComedy_Central_ReplayTV"],"currentTvodProductIds":[]},"parentId":"crid:~~2F~~2Fport.hu~~2F52825407","rootId":"crid:~~2F~~2Fport.hu~~2F52825407"}