{"id":"crid:~~2F~~2Fport.hu~~2F67938293-imi:00100000005D4A98","countryCode":"HU","languageCode":"hun","deviceCode":"web","startTime":1525618800000,"endTime":1525622400000,"stationId":"826989607245","imi":"imi:00100000005D4A98","mediaGroupId":"crid:~~2F~~2Fport.hu~~2F67938202","program":{"id":"crid:~~2F~~2Fport.hu~~2F67938293","title":"Szuperokos \u00e1llatok","description":"(1) A k\u00e9tr\u00e9szes ismeretterjeszt\u0151 m\u0171sor az \u00e1llati agyvel\u0151k olyan rendk\u00edv\u00fcli p\u00e9ld\u00e1nyait mutatja be, mint a matematikus csimp\u00e1nz, a szabadul\u00f3m\u0171v\u00e9sz polip vagy a g\u00f6rdeszk\u00e1s kutya. N\u00e9melyek mulats\u00e1gosak, m\u00e1sok megh\u00f6kkent\u0151ek, de vannak olyanok is, amelyek teljes\u00edtm\u00e9nye az ember sz\u00e1m\u00e1ra egyenesen felfoghatatlan.","longDescription":"(1) A k\u00e9tr\u00e9szes ismeretterjeszt\u0151 m\u0171sor az \u00e1llati agyvel\u0151k olyan rendk\u00edv\u00fcli p\u00e9ld\u00e1nyait mutatja be, mint a matematikus csimp\u00e1nz, a szabadul\u00f3m\u0171v\u00e9sz polip vagy a g\u00f6rdeszk\u00e1s kutya. N\u00e9melyek mulats\u00e1gosak, m\u00e1sok megh\u00f6kkent\u0151ek, de vannak olyanok is, amelyek teljes\u00edtm\u00e9nye az ember sz\u00e1m\u00e1ra egyenesen felfoghatatlan.","languageCode":"hun","countryCode":"HU","deviceCode":"web","medium":"TV","categories":[{"id":"271090244411","title":"Szabadid\u0151","scheme":"urn:tva:metadata:cs:UPCEventGenreCS:2009"}],"isAdult":false,"parentalRating":"6","cast":[],"directors":["Simon Bell"],"images":[{"assetType":"boxart-medium","assetTypes":["boxart-medium"],"width":110,"height":159,"url":"https:\/\/wp8-images-hu-dynamic.horizon.tv\/HU\/Images\/bc_70769703e4a678be82262a75590705564eb1b6b8.jpg?w=110&h=159&mode=box"},{"assetType":"tva-boxcover","assetTypes":["tva-boxcover"],"width":180,"height":260,"url":"https:\/\/wp8-images-hu-dynamic.horizon.tv\/HU\/Images\/bc_70769703e4a678be82262a75590705564eb1b6b8.jpg"},{"assetType":"boxart-xlarge","assetTypes":["boxart-xlarge"],"width":210,"height":303,"url":"https:\/\/wp8-images-hu-dynamic.horizon.tv\/HU\/Images\/bc_70769703e4a678be82262a75590705564eb1b6b8.jpg?w=210&h=303&mode=box"},{"assetType":"boxart-small","assetTypes":["boxart-small"],"width":75,"height":108,"url":"https:\/\/wp8-images-hu-dynamic.horizon.tv\/HU\/Images\/bc_70769703e4a678be82262a75590705564eb1b6b8.jpg?w=75&h=108&mode=box"},{"assetType":"boxart-large","assetTypes":["boxart-large"],"width":180,"height":260,"url":"https:\/\/wp8-images-hu-dynamic.horizon.tv\/HU\/Images\/bc_70769703e4a678be82262a75590705564eb1b6b8.jpg?w=180&h=260&mode=box"},{"assetType":"HighResPortrait","assetTypes":["HighResPortrait"],"url":"https:\/\/wp20-images-hu-dynamic.horizon.tv\/HU\/Images\/hrp_70769703e4a678be82262a75590705564eb1b6b8.jpg"},{"assetType":"HighResLandscape","assetTypes":["HighResLandscape"],"url":"https:\/\/wp20-images-hu-dynamic.horizon.tv\/HU\/Images\/hrl_066fc851743bb15ccafe2570ab0f12cfa7a50051.jpg"}],"mediaGroupId":"crid:~~2F~~2Fport.hu~~2F67938202","secondaryTitle":"(1)","shortDescription":"A k\u00e9tr\u00e9szes ismeretterjeszt\u0151 m\u0171sor az \u00e1llati agyvel\u0151k olyan rendk\u00edv\u00fcli p\u00e9ld\u00e1nyait mutatja be, mint a matematikus csimp\u00e1nz, a szabadul\u00f3m\u0171v\u00e9sz polip vagy a g\u00f6rdeszk\u00e1s kutya.","mediaType":"Episode","year":"2012","isReplayTv":false,"seriesEpisodeNumber":"1","seriesNumber":"1805061700","videoStreams":[],"airDate":1325376000000,"entitlements":["VIP","_OPEN_"],"currentProductIds":[],"currentTvodProductIds":[]},"parentId":"crid:~~2F~~2Fport.hu~~2F67938202","rootId":"crid:~~2F~~2Fport.hu~~2F67938202"}