{"id":"crid:~~2F~~2Fport.hu~~2F90609407-imi:00100000005D41A8","countryCode":"HU","languageCode":"hun","deviceCode":"web","startTime":1525556100000,"endTime":1525559700000,"stationId":"826989607169","imi":"imi:00100000005D41A8","mediaGroupId":"crid:~~2F~~2Fport.hu~~2F67879319","program":{"id":"crid:~~2F~~2Fport.hu~~2F90609407","title":"1 perc \u00e9s nyersz!","description":"A Minute To Win It n\u00e9ven fut\u00f3 amerikai show-m\u0171sor m\u00e1r megh\u00f3d\u00edtotta a f\u00e9l vil\u00e1got, Magyarorsz\u00e1gon Sebesty\u00e9n Bal\u00e1zzsal deb\u00fct\u00e1l a j\u00e1t\u00e9k. Ez\u00fattal nem a lexik\u00e1lis tud\u00e1sra, sokkal ink\u00e1bb az \u00fcgyess\u00e9gre, a logik\u00e1ra, a lelem\u00e9nyess\u00e9gre van sz\u00fcks\u00e9g, mik\u00f6zben a feladat teljes\u00edt\u00e9s\u00e9re csup\u00e1n egyetlen perc \u00e1ll rendelkez\u00e9sre. A j\u00e1t\u00e9kban csak olyan eszk\u00f6z\u00f6ket haszn\u00e1lnak, amelyek minden h\u00e1ztart\u00e1sban fellelhet\u0151k. A f\u0151d\u00edj 10 milli\u00f3 forint, de a jelentkez\u0151 b\u00e1rmikor kisz\u00e1llhat a m\u00e1r megnyert \u00f6sszeggel. A h\u00e9tk\u00f6znaponk\u00e9nt jelentkez\u0151 m\u0171sor h\u00e1zigazd\u00e1ja, Sebesty\u00e9n Bal\u00e1zs szerint az\u00e9rt is m\u00e1s ez a j\u00e1t\u00e9k, mert s\u00edr\u00f3 h\u00e1ziasszonyok \u00e9s meglett f\u00e9rfiak is dr\u00e1mai pillanatokat okoznak a n\u00e9z\u0151knek, mik\u00f6zben mindenki egy emberk\u00e9nt szor\u00edt a j\u00e1t\u00e9kos gy\u0151zelem\u00e9rt.","longDescription":"A Minute To Win It n\u00e9ven fut\u00f3 amerikai show-m\u0171sor m\u00e1r megh\u00f3d\u00edtotta a f\u00e9l vil\u00e1got, Magyarorsz\u00e1gon Sebesty\u00e9n Bal\u00e1zzsal deb\u00fct\u00e1l a j\u00e1t\u00e9k. Ez\u00fattal nem a lexik\u00e1lis tud\u00e1sra, sokkal ink\u00e1bb az \u00fcgyess\u00e9gre, a logik\u00e1ra, a lelem\u00e9nyess\u00e9gre van sz\u00fcks\u00e9g, mik\u00f6zben a feladat teljes\u00edt\u00e9s\u00e9re csup\u00e1n egyetlen perc \u00e1ll rendelkez\u00e9sre. A j\u00e1t\u00e9kban csak olyan eszk\u00f6z\u00f6ket haszn\u00e1lnak, amelyek minden h\u00e1ztart\u00e1sban fellelhet\u0151k. A f\u0151d\u00edj 10 milli\u00f3 forint, de a jelentkez\u0151 b\u00e1rmikor kisz\u00e1llhat a m\u00e1r megnyert \u00f6sszeggel. A h\u00e9tk\u00f6znaponk\u00e9nt jelentkez\u0151 m\u0171sor h\u00e1zigazd\u00e1ja, Sebesty\u00e9n Bal\u00e1zs szerint az\u00e9rt is m\u00e1s ez a j\u00e1t\u00e9k, mert s\u00edr\u00f3 h\u00e1ziasszonyok \u00e9s meglett f\u00e9rfiak is dr\u00e1mai pillanatokat okoznak a n\u00e9z\u0151knek, mik\u00f6zben mindenki egy emberk\u00e9nt szor\u00edt a j\u00e1t\u00e9kos gy\u0151zelem\u00e9rt.","languageCode":"hun","countryCode":"HU","deviceCode":"web","medium":"TV","categories":[{"id":"271090244349","title":"Show","scheme":"urn:tva:metadata:cs:UPCEventGenreCS:2009"},{"id":"271090244350","title":"J\u00e1t\u00e9kshow","scheme":"urn:tva:metadata:cs:UPCEventGenreCS:2009"}],"isAdult":false,"parentalRating":"12","cast":[],"directors":[],"images":[{"assetType":"boxart-xlarge","assetTypes":["boxart-xlarge"],"width":210,"height":303,"url":"https:\/\/wp26-images-hu-dynamic.horizon.tv\/HU\/Images\/bc_7c8e0fc7e4e36621048e2a7f057a496dc44fb961.jpg?w=210&h=303&mode=box"},{"assetType":"boxart-medium","assetTypes":["boxart-medium"],"width":110,"height":159,"url":"https:\/\/wp26-images-hu-dynamic.horizon.tv\/HU\/Images\/bc_7c8e0fc7e4e36621048e2a7f057a496dc44fb961.jpg?w=110&h=159&mode=box"},{"assetType":"boxart-small","assetTypes":["boxart-small"],"width":75,"height":108,"url":"https:\/\/wp26-images-hu-dynamic.horizon.tv\/HU\/Images\/bc_7c8e0fc7e4e36621048e2a7f057a496dc44fb961.jpg?w=75&h=108&mode=box"},{"assetType":"boxart-large","assetTypes":["boxart-large"],"width":180,"height":260,"url":"https:\/\/wp26-images-hu-dynamic.horizon.tv\/HU\/Images\/bc_7c8e0fc7e4e36621048e2a7f057a496dc44fb961.jpg?w=180&h=260&mode=box"},{"assetType":"tva-boxcover","assetTypes":["tva-boxcover"],"width":180,"height":260,"url":"https:\/\/wp26-images-hu-dynamic.horizon.tv\/HU\/Images\/bc_7c8e0fc7e4e36621048e2a7f057a496dc44fb961.jpg"},{"assetType":"HighResLandscape","assetTypes":["HighResLandscape"],"url":"https:\/\/wp22-images-hu-dynamic.horizon.tv\/HU\/Images\/hrl_1271fb26367c335ad26bbc8b19fa62bab3891408.jpg"},{"assetType":"HighResPortrait","assetTypes":["HighResPortrait"],"url":"https:\/\/wp22-images-hu-dynamic.horizon.tv\/HU\/Images\/hrp_7c8e0fc7e4e36621048e2a7f057a496dc44fb961.jpg"}],"mediaGroupId":"crid:~~2F~~2Fport.hu~~2F67879319","shortDescription":"Ez\u00fattal nem a lexik\u00e1lis tud\u00e1sra, sokkal ink\u00e1bb az \u00fcgyess\u00e9gre, a logik\u00e1ra, a lelem\u00e9nyess\u00e9gre van sz\u00fcks\u00e9g, mik\u00f6zben a feladat teljes\u00edt\u00e9s\u00e9re csup\u00e1n egyetlen perc \u00e1ll rendelkez\u00e9sre.","mediaType":"Episode","isReplayTv":false,"seriesEpisodeNumber":"1805052335","seriesNumber":"1805031855","videoStreams":[],"entitlements":["VIP","_OPEN_"],"currentProductIds":[],"currentTvodProductIds":[]},"parentId":"crid:~~2F~~2Fport.hu~~2F67879319","rootId":"crid:~~2F~~2Fport.hu~~2F67879319"}