{"id":"crid:~~2F~~2Fport.hu~~2F46704399-imi:00100000005D3272","countryCode":"HU","languageCode":"hun","deviceCode":"web","startTime":1525460400000,"endTime":1525462200000,"stationId":"826989607147","imi":"imi:00100000005D3272","mediaGroupId":"crid:~~2F~~2Fport.hu~~2F16090911","program":{"id":"crid:~~2F~~2Fport.hu~~2F46704399","title":"Archer","description":"(III.\/2) A sorozat f\u0151szerepl\u0151je Sterling Archer, a vil\u00e1g legvesz\u00e9lyesebb k\u00e9me. B\u00e1r mesteri szinten \u0171zi hivat\u00e1s\u00e1t, egoista bunk\u00f3, akit csak az \u00e9rdekel, hogy a zsarnoki anyja \u00e1ltal vezetett k\u00e9mszervezet p\u00e9nz\u00e9t n\u0151kre, alkoholra \u00e9s kocsikra k\u00f6ltse.","longDescription":"(III.\/2) A sorozat f\u0151szerepl\u0151je Sterling Archer, a vil\u00e1g legvesz\u00e9lyesebb k\u00e9me. B\u00e1r mesteri szinten \u0171zi hivat\u00e1s\u00e1t, egoista bunk\u00f3, akit csak az \u00e9rdekel, hogy a zsarnoki anyja \u00e1ltal vezetett k\u00e9mszervezet p\u00e9nz\u00e9t n\u0151kre, alkoholra \u00e9s kocsikra k\u00f6ltse.","languageCode":"hun","countryCode":"HU","deviceCode":"web","medium":"TV","categories":[{"id":"271090244428","title":"Dr\u00e1ma","scheme":"urn:tva:metadata:cs:UPCEventGenreCS:2009"},{"id":"271090244432","title":"Kom\u00e9dia\/Filmv\u00edgj\u00e1t\u00e9k","scheme":"urn:tva:metadata:cs:UPCEventGenreCS:2009"}],"isAdult":false,"parentalRating":"18","cast":["H. Jon Benjamin","Judy Greer","Chris Parnell","Amber Nash","Aisha Tyler","Jessica Walter","Adam Reed"],"directors":[],"images":[{"assetType":"boxart-small","assetTypes":["boxart-small"],"width":75,"height":108,"url":"https:\/\/wp26-images-hu-dynamic.horizon.tv\/HU\/Images\/bc_4444411119661672b19c54d09d449c22bcec6498.jpg?w=75&h=108&mode=box"},{"assetType":"boxart-large","assetTypes":["boxart-large"],"width":180,"height":260,"url":"https:\/\/wp26-images-hu-dynamic.horizon.tv\/HU\/Images\/bc_4444411119661672b19c54d09d449c22bcec6498.jpg?w=180&h=260&mode=box"},{"assetType":"boxart-medium","assetTypes":["boxart-medium"],"width":110,"height":159,"url":"https:\/\/wp26-images-hu-dynamic.horizon.tv\/HU\/Images\/bc_4444411119661672b19c54d09d449c22bcec6498.jpg?w=110&h=159&mode=box"},{"assetType":"boxart-xlarge","assetTypes":["boxart-xlarge"],"width":210,"height":303,"url":"https:\/\/wp26-images-hu-dynamic.horizon.tv\/HU\/Images\/bc_4444411119661672b19c54d09d449c22bcec6498.jpg?w=210&h=303&mode=box"},{"assetType":"tva-boxcover","assetTypes":["tva-boxcover"],"width":180,"height":260,"url":"https:\/\/wp26-images-hu-dynamic.horizon.tv\/HU\/Images\/bc_4444411119661672b19c54d09d449c22bcec6498.jpg"},{"assetType":"HighResLandscape","assetTypes":["HighResLandscape"],"url":"https:\/\/wp23-images-hu-dynamic.horizon.tv\/HU\/Images\/hrl_1b6dfe93ab5228f73ae89b6b6c8e224c8d93c5d1.jpg"}],"mediaGroupId":"crid:~~2F~~2Fport.hu~~2F16090911","secondaryTitle":"(III.\/2)","shortDescription":"A sorozat az ISIS h\u00edrszerz\u0151 \u00fcgyn\u00f6ks\u00e9g mindennapjait mutatja be, f\u0151szerepl\u0151je Sterling Archer, a vil\u00e1g legvesz\u00e9lyesebb titkos \u00fcgyn\u00f6ke.","mediaType":"Episode","year":"2011","isReplayTv":false,"seriesEpisodeNumber":"2","seriesNumber":"3","videoStreams":[],"airDate":1293840000000,"entitlements":["VIP","_OPEN_"],"currentProductIds":[],"currentTvodProductIds":[]},"parentId":"crid:~~2F~~2Fport.hu~~2F16090911","rootId":"crid:~~2F~~2Fport.hu~~2F16090911"}