{"id":"crid:~~2F~~2Fport.hu~~2F90898867-imi:00100000005D4735","countryCode":"HU","languageCode":"hun","deviceCode":"web","startTime":1525498500000,"endTime":1525500000000,"stationId":"826989607266","imi":"imi:00100000005D4735","mediaGroupId":"crid:~~2F~~2Fport.hu~~2F66068849","program":{"id":"crid:~~2F~~2Fport.hu~~2F90898867","title":"Kultnegyed \u2013 kultur\u00e1lis m\u0171sor","description":"M\u0171v\u00e9szetek\/Kult\u00fara","longDescription":"M\u0171v\u00e9szetek\/Kult\u00fara","languageCode":"hun","countryCode":"HU","deviceCode":"web","medium":"TV","categories":[{"id":"271090244385","title":"M\u0171v\u00e9szetek\/Kult\u00fara","scheme":"urn:tva:metadata:cs:UPCEventGenreCS:2009"}],"isAdult":false,"parentalRating":"3","cast":[],"directors":[],"images":[{"assetType":"boxart-small","assetTypes":["boxart-small"],"width":75,"height":108,"url":"https:\/\/wp15-images-hu-dynamic.horizon.tv\/HU\/Images\/upcgenre_70.jpg?w=75&h=108&mode=box"},{"assetType":"boxart-medium","assetTypes":["boxart-medium"],"width":110,"height":159,"url":"https:\/\/wp15-images-hu-dynamic.horizon.tv\/HU\/Images\/upcgenre_70.jpg?w=110&h=159&mode=box"},{"assetType":"boxart-large","assetTypes":["boxart-large"],"width":180,"height":260,"url":"https:\/\/wp15-images-hu-dynamic.horizon.tv\/HU\/Images\/upcgenre_70.jpg?w=180&h=260&mode=box"},{"assetType":"boxart-xlarge","assetTypes":["boxart-xlarge"],"width":210,"height":303,"url":"https:\/\/wp15-images-hu-dynamic.horizon.tv\/HU\/Images\/upcgenre_70.jpg?w=210&h=303&mode=box"},{"assetType":"tva-boxcover","assetTypes":["tva-boxcover"],"width":180,"height":260,"url":"https:\/\/wp15-images-hu-dynamic.horizon.tv\/HU\/Images\/upcgenre_70.jpg"}],"mediaGroupId":"crid:~~2F~~2Fport.hu~~2F66068849","shortDescription":"M\u0171v\u00e9szetek\/Kult\u00fara","mediaType":"Episode","isReplayTv":false,"seriesEpisodeNumber":"1805050735","seriesNumber":"1805030735","videoStreams":[],"entitlements":["VIP","_OPEN_"],"currentProductIds":[],"currentTvodProductIds":[]},"parentId":"crid:~~2F~~2Fport.hu~~2F66068849","rootId":"crid:~~2F~~2Fport.hu~~2F66068849"}