{"id":"crid:~~2F~~2Fport.hu~~2F90575734-imi:00100000005D4A09","countryCode":"HU","languageCode":"hun","deviceCode":"web","startTime":1525594200000,"endTime":1525599300000,"stationId":"826989607242","imi":"imi:00100000005D4A09","mediaGroupId":"crid:~~2F~~2Fport.hu~~2F74134101","program":{"id":"crid:~~2F~~2Fport.hu~~2F90575734","title":"G\u00f3\u00f3\u00f3l","description":"Sport","longDescription":"Sport","languageCode":"hun","countryCode":"HU","deviceCode":"web","medium":"TV","categories":[{"id":"271090244353","title":"Sport","scheme":"urn:tva:metadata:cs:UPCEventGenreCS:2009"}],"isAdult":false,"parentalRating":"3","cast":[],"directors":[],"images":[{"assetType":"boxart-small","assetTypes":["boxart-small"],"width":75,"height":108,"url":"https:\/\/wp27-images-hu-dynamic.horizon.tv\/HU\/Images\/upcgenre_40.jpg?w=75&h=108&mode=box"},{"assetType":"boxart-xlarge","assetTypes":["boxart-xlarge"],"width":210,"height":303,"url":"https:\/\/wp27-images-hu-dynamic.horizon.tv\/HU\/Images\/upcgenre_40.jpg?w=210&h=303&mode=box"},{"assetType":"boxart-medium","assetTypes":["boxart-medium"],"width":110,"height":159,"url":"https:\/\/wp27-images-hu-dynamic.horizon.tv\/HU\/Images\/upcgenre_40.jpg?w=110&h=159&mode=box"},{"assetType":"tva-boxcover","assetTypes":["tva-boxcover"],"width":180,"height":260,"url":"https:\/\/wp27-images-hu-dynamic.horizon.tv\/HU\/Images\/upcgenre_40.jpg"},{"assetType":"boxart-large","assetTypes":["boxart-large"],"width":180,"height":260,"url":"https:\/\/wp27-images-hu-dynamic.horizon.tv\/HU\/Images\/upcgenre_40.jpg?w=180&h=260&mode=box"}],"mediaGroupId":"crid:~~2F~~2Fport.hu~~2F74134101","shortDescription":"Sport","mediaType":"Episode","isReplayTv":false,"seriesEpisodeNumber":"1805061010","seriesNumber":"1805052145","videoStreams":[],"entitlements":["VIP","_OPEN_"],"currentProductIds":[],"currentTvodProductIds":[]},"parentId":"crid:~~2F~~2Fport.hu~~2F74134101","rootId":"crid:~~2F~~2Fport.hu~~2F74134101"}