{"id":"crid:~~2F~~2Fport.hu~~2F91136992-imi:00100000005D5E95","countryCode":"HU","languageCode":"hun","deviceCode":"web","startTime":1525705800000,"endTime":1525707300000,"stationId":"826989607229","imi":"imi:00100000005D5E95","mediaGroupId":"crid:~~2F~~2Fport.hu~~2F63802324","program":{"id":"crid:~~2F~~2Fport.hu~~2F91136992","title":"Mickey \u00e9s az aut\u00f3versenyz\u0151k","description":"Mickey \u00e9s Pluto szabadnapot tartanak, de k\u00f6zben v\u00e1ratlanul befut egy megb\u00edzat\u00e1s a szerel\u0151m\u0171helybe. \/ Minnie \u00e9s Daisy ez\u00fattal a cukorkagy\u00e1rt\u00e1sban seg\u00e9dkeznek.","longDescription":"Mickey \u00e9s Pluto szabadnapot tartanak, de k\u00f6zben v\u00e1ratlanul befut egy megb\u00edzat\u00e1s a szerel\u0151m\u0171helybe. \/ Minnie \u00e9s Daisy ez\u00fattal a cukorkagy\u00e1rt\u00e1sban seg\u00e9dkeznek.","languageCode":"hun","countryCode":"HU","deviceCode":"web","medium":"TV","categories":[{"id":"271090244371","title":"Gyermek\/Ifj\u00fas\u00e1gi","scheme":"urn:tva:metadata:cs:UPCEventGenreCS:2009"},{"id":"271090244376","title":"Rajzfilm","scheme":"urn:tva:metadata:cs:UPCEventGenreCS:2009"}],"isAdult":false,"parentalRating":"6","cast":["Dee Bradley Baker","Jim Cummings","Bill Farmer","Nika Futterman"],"directors":["Phil Weinstein"],"images":[{"assetType":"boxart-xlarge","assetTypes":["boxart-xlarge"],"width":210,"height":303,"url":"https:\/\/wp7-images-hu-dynamic.horizon.tv\/HU\/Images\/bc_b8666c4e8d0c000c846b45e3c4508e1edd435f63.jpg?w=210&h=303&mode=box"},{"assetType":"boxart-large","assetTypes":["boxart-large"],"width":180,"height":260,"url":"https:\/\/wp7-images-hu-dynamic.horizon.tv\/HU\/Images\/bc_b8666c4e8d0c000c846b45e3c4508e1edd435f63.jpg?w=180&h=260&mode=box"},{"assetType":"boxart-medium","assetTypes":["boxart-medium"],"width":110,"height":159,"url":"https:\/\/wp7-images-hu-dynamic.horizon.tv\/HU\/Images\/bc_b8666c4e8d0c000c846b45e3c4508e1edd435f63.jpg?w=110&h=159&mode=box"},{"assetType":"tva-boxcover","assetTypes":["tva-boxcover"],"width":180,"height":260,"url":"https:\/\/wp7-images-hu-dynamic.horizon.tv\/HU\/Images\/bc_b8666c4e8d0c000c846b45e3c4508e1edd435f63.jpg"},{"assetType":"boxart-small","assetTypes":["boxart-small"],"width":75,"height":108,"url":"https:\/\/wp7-images-hu-dynamic.horizon.tv\/HU\/Images\/bc_b8666c4e8d0c000c846b45e3c4508e1edd435f63.jpg?w=75&h=108&mode=box"},{"assetType":"HighResPortrait","assetTypes":["HighResPortrait"],"url":"https:\/\/wp9-images-hu-dynamic.horizon.tv\/HU\/Images\/hrp_b8666c4e8d0c000c846b45e3c4508e1edd435f63.jpg"},{"assetType":"HighResLandscape","assetTypes":["HighResLandscape"],"url":"https:\/\/wp9-images-hu-dynamic.horizon.tv\/HU\/Images\/hrl_4bae4e1c235609e1fe30fa3fcb8191d9f42db0d1.jpg"}],"mediaGroupId":"crid:~~2F~~2Fport.hu~~2F63802324","secondaryTitle":"Egy laza szabadnap \/ Az \u00e9des seg\u00e9lycsapat","shortDescription":"Mickey \u00e9s Pluto szabadnapot tartanak, de k\u00f6zben v\u00e1ratlanul befut egy megb\u00edzat\u00e1s a szerel\u0151m\u0171helybe. \/ Minnie \u00e9s Daisy ez\u00fattal a cukorkagy\u00e1rt\u00e1sban seg\u00e9dkeznek.","mediaType":"Episode","year":"2016","isReplayTv":false,"seriesEpisodeNumber":"1805071710","seriesNumber":"1805041710","videoStreams":[],"airDate":1451606400000,"entitlements":["VIP","_OPEN_"],"currentProductIds":[],"currentTvodProductIds":[]},"parentId":"crid:~~2F~~2Fport.hu~~2F63802324","rootId":"crid:~~2F~~2Fport.hu~~2F63802324"}