{"id":"crid:~~2F~~2Fport.hu~~2F72342627-imi:00100000005D3FCF","countryCode":"HU","languageCode":"hun","deviceCode":"web","startTime":1525564800000,"endTime":1525566600000,"stationId":"826989607202","imi":"imi:00100000005D3FCF","mediaGroupId":"crid:~~2F~~2Fport.hu~~2F4988122","program":{"id":"crid:~~2F~~2Fport.hu~~2F72342627","title":"Matt Hatter kr\u00f3nik\u00e1k","description":"(IV.\/11) Matt Hattert, a Multiverzum v\u00e9delmez\u0151je, aki az utols\u00f3 Hatter h\u0151s. A The Coronet moziban Matt Hatter szeme el\u0151tt egy \u00faj dimenzi\u00f3 ny\u00edlik meg, vagyis felfedezi a Multiuniverzumot, ahol p\u00e1ratlan kalandok v\u00e1rnak r\u00e1.","longDescription":"(IV.\/11) Matt Hattert, a Multiverzum v\u00e9delmez\u0151je, aki az utols\u00f3 Hatter h\u0151s. A The Coronet moziban Matt Hatter szeme el\u0151tt egy \u00faj dimenzi\u00f3 ny\u00edlik meg, vagyis felfedezi a Multiuniverzumot, ahol p\u00e1ratlan kalandok v\u00e1rnak r\u00e1.","languageCode":"hun","countryCode":"HU","deviceCode":"web","medium":"TV","categories":[{"id":"271090244371","title":"Gyermek\/Ifj\u00fas\u00e1gi","scheme":"urn:tva:metadata:cs:UPCEventGenreCS:2009"},{"id":"271090244376","title":"Rajzfilm","scheme":"urn:tva:metadata:cs:UPCEventGenreCS:2009"}],"isAdult":false,"parentalRating":"3","cast":[],"directors":[],"images":[{"assetType":"boxart-medium","assetTypes":["boxart-medium"],"width":110,"height":159,"url":"https:\/\/wp16-images-hu-dynamic.horizon.tv\/HU\/Images\/bc_e4e276abfe66398180237e43addcc7a2c3584c37.jpg?w=110&h=159&mode=box"},{"assetType":"boxart-small","assetTypes":["boxart-small"],"width":75,"height":108,"url":"https:\/\/wp16-images-hu-dynamic.horizon.tv\/HU\/Images\/bc_e4e276abfe66398180237e43addcc7a2c3584c37.jpg?w=75&h=108&mode=box"},{"assetType":"tva-boxcover","assetTypes":["tva-boxcover"],"width":180,"height":260,"url":"https:\/\/wp16-images-hu-dynamic.horizon.tv\/HU\/Images\/bc_e4e276abfe66398180237e43addcc7a2c3584c37.jpg"},{"assetType":"boxart-large","assetTypes":["boxart-large"],"width":180,"height":260,"url":"https:\/\/wp16-images-hu-dynamic.horizon.tv\/HU\/Images\/bc_e4e276abfe66398180237e43addcc7a2c3584c37.jpg?w=180&h=260&mode=box"},{"assetType":"boxart-xlarge","assetTypes":["boxart-xlarge"],"width":210,"height":303,"url":"https:\/\/wp16-images-hu-dynamic.horizon.tv\/HU\/Images\/bc_e4e276abfe66398180237e43addcc7a2c3584c37.jpg?w=210&h=303&mode=box"},{"assetType":"HighResLandscape","assetTypes":["HighResLandscape"],"url":"https:\/\/wp8-images-hu-dynamic.horizon.tv\/HU\/Images\/hrl_46f3e0a371f13999bfdbafed8ebb14c1eaa5d090.jpg"}],"mediaGroupId":"crid:~~2F~~2Fport.hu~~2F4988122","secondaryTitle":"A BOSZORK\u00c1NY VISSZAT\u00c9R (IV.\/11)","shortDescription":"A sorozatban a n\u00e9z\u0151k nyomon k\u00f6vethetik Matt Hatter, a Multiverzum v\u00e9delmez\u0151j\u00e9nek, az utols\u00f3 Hatter h\u0151snek kalandjait.","mediaType":"Episode","year":"2015","duration":1800,"latestBroadcastStartTime":1523318400000,"latestBroadcastEndTime":1523320200000,"isReplayTv":true,"listingId":"crid:~~2F~~2Fport.hu~~2F72342627-imi:00100000005BBF84","seriesEpisodeNumber":"11","seriesNumber":"4","videoStreams":[],"airDate":1420070400000,"entitlements":["VIP","_OPEN_"],"currentProductIds":[],"currentTvodProductIds":[]},"parentId":"crid:~~2F~~2Fport.hu~~2F4988122","rootId":"crid:~~2F~~2Fport.hu~~2F4988122"}