{"id":"crid:~~2F~~2Fport.hu~~2F72326664-imi:00100000005D9283","countryCode":"HU","languageCode":"hun","deviceCode":"web","startTime":1525424100000,"endTime":1525427100000,"stationId":"826989607191","imi":"imi:00100000005D9283","mediaGroupId":"crid:~~2F~~2Fport.hu~~2F60860353","program":{"id":"crid:~~2F~~2Fport.hu~~2F72326664","title":"A konyha","description":"Az els\u0151 ny\u00e1ri barbecue-hoz itt egy remek recept: finom hamburger \u00e9s grillezett borda. Fedezzen fel egyedi s\u00fclteket \u00e9des-savany\u00fa m\u00e1rt\u00e1ssal, majd tartson David Burtka sz\u00edn\u00e9sszel, aki a h\u00e1zilag k\u00e9sz\u00fclt fagylaltos szendvics titk\u00e1t osztja meg vel\u00fcnk!","longDescription":"Az els\u0151 ny\u00e1ri barbecue-hoz itt egy remek recept: finom hamburger \u00e9s grillezett borda. Fedezzen fel egyedi s\u00fclteket \u00e9des-savany\u00fa m\u00e1rt\u00e1ssal, majd tartson David Burtka sz\u00edn\u00e9sszel, aki a h\u00e1zilag k\u00e9sz\u00fclt fagylaltos szendvics titk\u00e1t osztja meg vel\u00fcnk!","languageCode":"hun","countryCode":"HU","deviceCode":"web","medium":"TV","categories":[{"id":"271090244398","title":"T\u00e1rsadalmi\/Politikai","scheme":"urn:tva:metadata:cs:UPCEventGenreCS:2009"}],"isAdult":false,"parentalRating":"3","cast":["Sunny Anderson","Katie Lee Joel","Jeff Mauro","Marcela Valladolid","Geoffrey Zakarian"],"directors":["Beth Burke"],"images":[{"assetType":"boxart-medium","assetTypes":["boxart-medium"],"width":110,"height":159,"url":"https:\/\/wp24-images-hu-dynamic.horizon.tv\/HU\/Images\/upcgenre_80.jpg?w=110&h=159&mode=box"},{"assetType":"boxart-xlarge","assetTypes":["boxart-xlarge"],"width":210,"height":303,"url":"https:\/\/wp24-images-hu-dynamic.horizon.tv\/HU\/Images\/upcgenre_80.jpg?w=210&h=303&mode=box"},{"assetType":"boxart-large","assetTypes":["boxart-large"],"width":180,"height":260,"url":"https:\/\/wp24-images-hu-dynamic.horizon.tv\/HU\/Images\/upcgenre_80.jpg?w=180&h=260&mode=box"},{"assetType":"boxart-small","assetTypes":["boxart-small"],"width":75,"height":108,"url":"https:\/\/wp24-images-hu-dynamic.horizon.tv\/HU\/Images\/upcgenre_80.jpg?w=75&h=108&mode=box"},{"assetType":"tva-boxcover","assetTypes":["tva-boxcover"],"width":180,"height":260,"url":"https:\/\/wp24-images-hu-dynamic.horizon.tv\/HU\/Images\/upcgenre_80.jpg"}],"mediaGroupId":"crid:~~2F~~2Fport.hu~~2F60860353","secondaryTitle":"Eml\u00e9knapi lakoma","shortDescription":"A sorozatban Food Network n\u00e9pszer\u0171 szak\u00e1csai, Sunny Anderson, Marcela Valladolid \u00e9s Jeff Mauro osztj\u00e1k meg legjobb receptjeiket \u00e9s konyhai tippjeiket a n\u00e9z\u0151kkel.","mediaType":"Episode","year":"2014","isReplayTv":false,"seriesEpisodeNumber":"1805041055","seriesNumber":"6","videoStreams":[],"airDate":1388534400000,"entitlements":["VIP","_OPEN_"],"currentProductIds":[],"currentTvodProductIds":[]},"parentId":"crid:~~2F~~2Fport.hu~~2F60860353","rootId":"crid:~~2F~~2Fport.hu~~2F60860353"}