{"id":"crid:~~2F~~2Fport.en~~2F91339188-imi:00100000005D69DF","countryCode":"HU","languageCode":"hun","deviceCode":"web","startTime":1525446000000,"endTime":1525456800000,"stationId":"826989607264","imi":"imi:00100000005D69DF","mediaGroupId":"crid:~~2F~~2Fport.en~~2F91338496","program":{"id":"crid:~~2F~~2Fport.en~~2F91339188","title":"100% Rock Party Classics!","description":"Get your party into full swing with this super-sized playlist full of rock party classics!","longDescription":"Get your party into full swing with this super-sized playlist full of rock party classics!","languageCode":"hun","countryCode":"HU","deviceCode":"web","medium":"TV","categories":[{"id":"271090244377","title":"Zene","scheme":"urn:tva:metadata:cs:UPCEventGenreCS:2009"},{"id":"271090244378","title":"Rock\/pop","scheme":"urn:tva:metadata:cs:UPCEventGenreCS:2009"}],"isAdult":false,"parentalRating":"3","cast":[],"directors":[],"images":[{"assetType":"boxart-xlarge","assetTypes":["boxart-xlarge"],"width":210,"height":303,"url":"https:\/\/wp11-images-hu-dynamic.horizon.tv\/HU\/Images\/upcgenre_61.jpg?w=210&h=303&mode=box"},{"assetType":"boxart-medium","assetTypes":["boxart-medium"],"width":110,"height":159,"url":"https:\/\/wp11-images-hu-dynamic.horizon.tv\/HU\/Images\/upcgenre_61.jpg?w=110&h=159&mode=box"},{"assetType":"boxart-small","assetTypes":["boxart-small"],"width":75,"height":108,"url":"https:\/\/wp11-images-hu-dynamic.horizon.tv\/HU\/Images\/upcgenre_61.jpg?w=75&h=108&mode=box"},{"assetType":"boxart-large","assetTypes":["boxart-large"],"width":180,"height":260,"url":"https:\/\/wp11-images-hu-dynamic.horizon.tv\/HU\/Images\/upcgenre_61.jpg?w=180&h=260&mode=box"},{"assetType":"tva-boxcover","assetTypes":["tva-boxcover"],"width":180,"height":260,"url":"https:\/\/wp11-images-hu-dynamic.horizon.tv\/HU\/Images\/upcgenre_61.jpg"}],"mediaGroupId":"crid:~~2F~~2Fport.en~~2F91338496","shortDescription":"Get your party into full swing with this super-sized playlist full of rock party classics!","mediaType":"Episode","isReplayTv":false,"seriesEpisodeNumber":"1805041700","seriesNumber":"1805030900","videoStreams":[],"entitlements":["VIP","_OPEN_"],"currentProductIds":[],"currentTvodProductIds":[]},"parentId":"crid:~~2F~~2Fport.en~~2F91338496","rootId":"crid:~~2F~~2Fport.en~~2F91338496"}