{"id":"crid:~~2F~~2Fport.hu~~2F80468331-imi:00100000005D46EF","countryCode":"HU","languageCode":"hun","deviceCode":"web","startTime":1525628400000,"endTime":1525631400000,"stationId":"826989607186","imi":"imi:00100000005D46EF","mediaGroupId":"crid:~~2F~~2Fport.hu~~2F80468330","program":{"id":"crid:~~2F~~2Fport.hu~~2F80468331","title":"A kir\u00e1lyi csal\u00e1d mag\u00e1n\u00e9lete","description":"A kir\u00e1lyi palot\u00e1k h\u00e1ts\u00f3 termeibe \u00e9s h\u00e1ts\u00f3l\u00e9pcs\u0151s szob\u00e1iba tartunk Tracy Borman vezet\u0151 t\u00e1rskur\u00e1torral, hogy kider\u00edts\u00fck, mik t\u00f6rt\u00e9ntek val\u00f3j\u00e1ban a kir\u00e1lyi csal\u00e1d tagjainak mag\u00e1n\u00e9let\u00e9ben.","longDescription":"A kir\u00e1lyi palot\u00e1k h\u00e1ts\u00f3 termeibe \u00e9s h\u00e1ts\u00f3l\u00e9pcs\u0151s szob\u00e1iba tartunk Tracy Borman vezet\u0151 t\u00e1rskur\u00e1torral, hogy kider\u00edts\u00fck, mik t\u00f6rt\u00e9ntek val\u00f3j\u00e1ban a kir\u00e1lyi csal\u00e1d tagjainak mag\u00e1n\u00e9let\u00e9ben.","languageCode":"hun","countryCode":"HU","deviceCode":"web","medium":"TV","categories":[{"id":"271090244398","title":"T\u00e1rsadalmi\/Politikai","scheme":"urn:tva:metadata:cs:UPCEventGenreCS:2009"},{"id":"271090244399","title":"Dokumentumfilm","scheme":"urn:tva:metadata:cs:UPCEventGenreCS:2009"}],"isAdult":false,"parentalRating":"3","cast":[],"directors":[],"images":[{"assetType":"tva-boxcover","assetTypes":["tva-boxcover"],"width":180,"height":260,"url":"https:\/\/wp18-images-hu-dynamic.horizon.tv\/HU\/Images\/bc_d50e6f41d00533a963a445994e4614e46e8397f0.jpg"},{"assetType":"boxart-xlarge","assetTypes":["boxart-xlarge"],"width":210,"height":303,"url":"https:\/\/wp18-images-hu-dynamic.horizon.tv\/HU\/Images\/bc_d50e6f41d00533a963a445994e4614e46e8397f0.jpg?w=210&h=303&mode=box"},{"assetType":"boxart-large","assetTypes":["boxart-large"],"width":180,"height":260,"url":"https:\/\/wp18-images-hu-dynamic.horizon.tv\/HU\/Images\/bc_d50e6f41d00533a963a445994e4614e46e8397f0.jpg?w=180&h=260&mode=box"},{"assetType":"boxart-small","assetTypes":["boxart-small"],"width":75,"height":108,"url":"https:\/\/wp18-images-hu-dynamic.horizon.tv\/HU\/Images\/bc_d50e6f41d00533a963a445994e4614e46e8397f0.jpg?w=75&h=108&mode=box"},{"assetType":"boxart-medium","assetTypes":["boxart-medium"],"width":110,"height":159,"url":"https:\/\/wp18-images-hu-dynamic.horizon.tv\/HU\/Images\/bc_d50e6f41d00533a963a445994e4614e46e8397f0.jpg?w=110&h=159&mode=box"}],"mediaGroupId":"crid:~~2F~~2Fport.hu~~2F80468330","secondaryTitle":"Vikt\u00f3ria kir\u00e1lyn\u0151","shortDescription":"Tracy Borman kider\u00edti, hogy Vikt\u00f3ria kir\u00e1lyn\u0151, akit gyakran tartottak savany\u00fanak \u00e9s humortalannak, \u00e9pp, hogy nem az volt! A fiatal Vikt\u00f3ria im\u00e1dta a curry-t \u00e9s a kokainos r\u00e1g\u00f3t, l\u00e1zad\u00f3 volt \u00e9s kac\u00e9r.","mediaType":"Episode","isReplayTv":false,"seriesEpisodeNumber":"1805061940","seriesNumber":"1805061940","videoStreams":[],"entitlements":["VIP","_OPEN_"],"currentProductIds":[],"currentTvodProductIds":[]},"parentId":"crid:~~2F~~2Fport.hu~~2F80468330","rootId":"crid:~~2F~~2Fport.hu~~2F80468330"}