{"id":"crid:~~2F~~2Fport.hu~~2F85481326-imi:00100000005E495C","countryCode":"HU","languageCode":"hun","deviceCode":"web","startTime":1525713900000,"endTime":1525715400000,"stationId":"826989607185","imi":"imi:00100000005E495C","mediaGroupId":"crid:~~2F~~2Fport.hu~~2F33434358","program":{"id":"crid:~~2F~~2Fport.hu~~2F85481326","title":"Nicky, Ricky, Dicky \u00e9s Dawn","description":"A t\u00f6rt\u00e9net a 10 \u00e9ves n\u00e9gyesikrekr\u0151l, Nicky-r\u0151l, Ricky-r\u0151l, Dicky-r\u0151l \u00e9s Dawn-r\u00f3l sz\u00f3l. Dawn Harper k\u00fczd azzal, hogy mindent meg kell osztania testv\u00e9reivel, de kezdi ezt megszokni.","longDescription":"A t\u00f6rt\u00e9net a 10 \u00e9ves n\u00e9gyesikrekr\u0151l, Nicky-r\u0151l, Ricky-r\u0151l, Dicky-r\u0151l \u00e9s Dawn-r\u00f3l sz\u00f3l. Dawn Harper k\u00fczd azzal, hogy mindent meg kell osztania testv\u00e9reivel, de kezdi ezt megszokni.","languageCode":"hun","countryCode":"HU","deviceCode":"web","medium":"TV","categories":[{"id":"271090244428","title":"Dr\u00e1ma","scheme":"urn:tva:metadata:cs:UPCEventGenreCS:2009"}],"isAdult":false,"parentalRating":"3","cast":["Allison Munn","Brian Stepanek"],"directors":["Matt Fleckenstein","Michael Feldman"],"images":[{"assetType":"boxart-medium","assetTypes":["boxart-medium"],"width":110,"height":159,"url":"https:\/\/wp2-images-hu-dynamic.horizon.tv\/HU\/Images\/bc_5f13b496503b6115f5fca7eba602c3cd0dbbd0ea.jpg?w=110&h=159&mode=box"},{"assetType":"boxart-small","assetTypes":["boxart-small"],"width":75,"height":108,"url":"https:\/\/wp2-images-hu-dynamic.horizon.tv\/HU\/Images\/bc_5f13b496503b6115f5fca7eba602c3cd0dbbd0ea.jpg?w=75&h=108&mode=box"},{"assetType":"boxart-xlarge","assetTypes":["boxart-xlarge"],"width":210,"height":303,"url":"https:\/\/wp2-images-hu-dynamic.horizon.tv\/HU\/Images\/bc_5f13b496503b6115f5fca7eba602c3cd0dbbd0ea.jpg?w=210&h=303&mode=box"},{"assetType":"boxart-large","assetTypes":["boxart-large"],"width":180,"height":260,"url":"https:\/\/wp2-images-hu-dynamic.horizon.tv\/HU\/Images\/bc_5f13b496503b6115f5fca7eba602c3cd0dbbd0ea.jpg?w=180&h=260&mode=box"},{"assetType":"tva-boxcover","assetTypes":["tva-boxcover"],"width":180,"height":260,"url":"https:\/\/wp2-images-hu-dynamic.horizon.tv\/HU\/Images\/bc_5f13b496503b6115f5fca7eba602c3cd0dbbd0ea.jpg"},{"assetType":"HighResLandscape","assetTypes":["HighResLandscape"],"url":"https:\/\/wp22-images-hu-dynamic.horizon.tv\/HU\/Images\/hrl_78223d5bb3bb4a20da5a25b376b1063b8ed1f88c.jpg"}],"mediaGroupId":"crid:~~2F~~2Fport.hu~~2F33434358","secondaryTitle":"Harper-Ikrek Kft.","shortDescription":"A t\u00f6rt\u00e9net a 10 \u00e9ves n\u00e9gyesikrekr\u0151l, Nicky-r\u0151l, Ricky-r\u0151l, Dicky-r\u0151l \u00e9s Dawn-r\u00f3l sz\u00f3l. Dawn Harper k\u00fczd azzal, hogy mindent meg kell osztania testv\u00e9reivel, de kezdi ezt megszokni.","mediaType":"Episode","year":"2014","duration":1200,"latestBroadcastStartTime":1525109400000,"latestBroadcastEndTime":1525110600000,"isReplayTv":true,"listingId":"crid:~~2F~~2Fport.hu~~2F85481326-imi:00100000005CF297","seriesEpisodeNumber":"1805121620","seriesNumber":"1805121620","videoStreams":[],"airDate":1388534400000,"entitlements":["crid:~~2F~~2Fupc.com~~2FReplayTV~~2FNickelodeon_HD_ReplayTV","crid:~~2F~~2Fupc.com~~2FReplayTV~~2FNickelodeon_ReplayTV","VIP","_OPEN_"],"currentProductIds":["crid:~~2F~~2Fupc.com~~2FReplayTV~~2FNickelodeon_HD_ReplayTV","crid:~~2F~~2Fupc.com~~2FReplayTV~~2FNickelodeon_ReplayTV"],"currentTvodProductIds":[]},"parentId":"crid:~~2F~~2Fport.hu~~2F33434358","rootId":"crid:~~2F~~2Fport.hu~~2F33434358"}