{"id":"crid:~~2F~~2Fport.hu~~2F1327605-imi:00100000005D326C","countryCode":"HU","languageCode":"hun","deviceCode":"web","startTime":1525431600000,"endTime":1525435200000,"stationId":"826989607147","imi":"imi:00100000005D326C","mediaGroupId":"crid:~~2F~~2Fport.hu~~2F2529370","program":{"id":"crid:~~2F~~2Fport.hu~~2F1327605","title":"Csillagkapu: Atlantisz","description":"(III.\/18) Atlantisz egy hatalmas \u00f3ce\u00e1n alatt fekszik \u00e9s fogyt\u00e1n van az energi\u00e1ja, r\u00e1ad\u00e1sul egy, a galaxisban \u00e9l\u0151 n\u00e9p is a katon\u00e1k seg\u00edts\u00e9g\u00e9t k\u00e9ri \u0151si ellens\u00e9g\u00fck legy\u0151z\u00e9s\u00e9ben. Katonai ment\u0151akci\u00f3 indul h\u00e1t az ellens\u00e9g bolyg\u00f3j\u00e1ra, hogy kiszabad\u00edts\u00e1k elrabolt t\u00e1rsaikat.","longDescription":"(III.\/18) Atlantisz egy hatalmas \u00f3ce\u00e1n alatt fekszik \u00e9s fogyt\u00e1n van az energi\u00e1ja, r\u00e1ad\u00e1sul egy, a galaxisban \u00e9l\u0151 n\u00e9p is a katon\u00e1k seg\u00edts\u00e9g\u00e9t k\u00e9ri \u0151si ellens\u00e9g\u00fck legy\u0151z\u00e9s\u00e9ben. Katonai ment\u0151akci\u00f3 indul h\u00e1t az ellens\u00e9g bolyg\u00f3j\u00e1ra, hogy kiszabad\u00edts\u00e1k elrabolt t\u00e1rsaikat.","languageCode":"hun","countryCode":"HU","deviceCode":"web","medium":"TV","categories":[{"id":"271090244428","title":"Dr\u00e1ma","scheme":"urn:tva:metadata:cs:UPCEventGenreCS:2009"},{"id":"271090244431","title":"Sci-fi\/Horrorfilm","scheme":"urn:tva:metadata:cs:UPCEventGenreCS:2009"}],"isAdult":false,"parentalRating":"12","cast":["Joe Flanigan","Torri Higginson","Rachel Luttrell","Jason Momoa","Paul McGillion","David Hewlett","Rainbow Francks","Richard Dean Anderson","Robert Patrick","Colm Meaney"],"directors":["Brad Wright","Robert C. Cooper","Martin Wood","David Warry-Smith","Mario Azzopardi"],"images":[{"assetType":"boxart-small","assetTypes":["boxart-small"],"width":75,"height":108,"url":"https:\/\/wp4-images-hu-dynamic.horizon.tv\/HU\/Images\/bc_031d62e6c5f68d89a9b5ce97c21a582032199325.jpg?w=75&h=108&mode=box"},{"assetType":"boxart-xlarge","assetTypes":["boxart-xlarge"],"width":210,"height":303,"url":"https:\/\/wp4-images-hu-dynamic.horizon.tv\/HU\/Images\/bc_031d62e6c5f68d89a9b5ce97c21a582032199325.jpg?w=210&h=303&mode=box"},{"assetType":"boxart-medium","assetTypes":["boxart-medium"],"width":110,"height":159,"url":"https:\/\/wp4-images-hu-dynamic.horizon.tv\/HU\/Images\/bc_031d62e6c5f68d89a9b5ce97c21a582032199325.jpg?w=110&h=159&mode=box"},{"assetType":"boxart-large","assetTypes":["boxart-large"],"width":180,"height":260,"url":"https:\/\/wp4-images-hu-dynamic.horizon.tv\/HU\/Images\/bc_031d62e6c5f68d89a9b5ce97c21a582032199325.jpg?w=180&h=260&mode=box"},{"assetType":"tva-boxcover","assetTypes":["tva-boxcover"],"width":180,"height":260,"url":"https:\/\/wp4-images-hu-dynamic.horizon.tv\/HU\/Images\/bc_031d62e6c5f68d89a9b5ce97c21a582032199325.jpg"},{"assetType":"HighResPortrait","assetTypes":["HighResPortrait"],"url":"https:\/\/wp8-images-hu-dynamic.horizon.tv\/HU\/Images\/hrp_031d62e6c5f68d89a9b5ce97c21a582032199325.jpg"}],"mediaGroupId":"crid:~~2F~~2Fport.hu~~2F2529370","secondaryTitle":"(III.\/18)","shortDescription":"Atlantisz egy hatalmas \u00f3ce\u00e1n alatt fekszik \u00e9s fogyt\u00e1n van az energi\u00e1ja, r\u00e1ad\u00e1sul \u0151si ellens\u00e9g\u00fck is fenyegeti l\u00e9t\u00fcket. Katonai ment\u0151akci\u00f3 indul h\u00e1t az ellens\u00e9g bolyg\u00f3j\u00e1ra.","mediaType":"Episode","year":"2007","isReplayTv":false,"seriesEpisodeNumber":"18","seriesNumber":"3","videoStreams":[],"airDate":1167609600000,"entitlements":["VIP","_OPEN_"],"currentProductIds":[],"currentTvodProductIds":[]},"parentId":"crid:~~2F~~2Fport.hu~~2F2529370","rootId":"crid:~~2F~~2Fport.hu~~2F2529370"}