{"id":"crid:~~2F~~2Fport.hu~~2F1415307-imi:00100000005D4CA1","countryCode":"HU","languageCode":"hun","deviceCode":"web","startTime":1525507200000,"endTime":1525509000000,"stationId":"826989607249","imi":"imi:00100000005D4CA1","mediaGroupId":"crid:~~2F~~2Fport.hu~~2F2430135","program":{"id":"crid:~~2F~~2Fport.hu~~2F1415307","title":"F\u00e9rjek gy\u00f6ngye","description":"(VII.\/15) A t\u00f6rt\u00e9net New Yorkban j\u00e1tsz\u00f3dik. Kevin James komikus, filmbeli nev\u00e9n Doug Heffernan j\u00e1tssza a f\u0151szerepet. Doug csomagkihord\u00f3k\u00e9nt dolgozik, \u00e9s a csomagokkal egy\u00fctt saj\u00e1t v\u00e9lem\u00e9ny\u00e9t \u2013 munk\u00e1r\u00f3l, h\u00e1zass\u00e1gr\u00f3l \u00e9s csal\u00e1dr\u00f3l \u2013 is kisz\u00e1ll\u00edtja a h\u00e1zakhoz.","longDescription":"(VII.\/15) A t\u00f6rt\u00e9net New Yorkban j\u00e1tsz\u00f3dik. Kevin James komikus, filmbeli nev\u00e9n Doug Heffernan j\u00e1tssza a f\u0151szerepet. Doug csomagkihord\u00f3k\u00e9nt dolgozik, \u00e9s a csomagokkal egy\u00fctt saj\u00e1t v\u00e9lem\u00e9ny\u00e9t \u2013 munk\u00e1r\u00f3l, h\u00e1zass\u00e1gr\u00f3l \u00e9s csal\u00e1dr\u00f3l \u2013 is kisz\u00e1ll\u00edtja a h\u00e1zakhoz.","languageCode":"hun","countryCode":"HU","deviceCode":"web","medium":"TV","categories":[{"id":"271090244428","title":"Dr\u00e1ma","scheme":"urn:tva:metadata:cs:UPCEventGenreCS:2009"},{"id":"271090244432","title":"Kom\u00e9dia\/Filmv\u00edgj\u00e1t\u00e9k","scheme":"urn:tva:metadata:cs:UPCEventGenreCS:2009"}],"isAdult":false,"parentalRating":"12","cast":["Kevin James","Leah Remini","Jerry Stiller","Victor Williams","Patton Oswalt","Larry Romano"],"directors":["Robert Berlinger","Mark Cendrowski","Henry Chan"],"images":[{"assetType":"boxart-xlarge","assetTypes":["boxart-xlarge"],"width":210,"height":303,"url":"https:\/\/wp8-images-hu-dynamic.horizon.tv\/HU\/Images\/bc_331d83b6f17021a67009edfa914eb89ee63ae0d5.jpg?w=210&h=303&mode=box"},{"assetType":"boxart-small","assetTypes":["boxart-small"],"width":75,"height":108,"url":"https:\/\/wp8-images-hu-dynamic.horizon.tv\/HU\/Images\/bc_331d83b6f17021a67009edfa914eb89ee63ae0d5.jpg?w=75&h=108&mode=box"},{"assetType":"boxart-medium","assetTypes":["boxart-medium"],"width":110,"height":159,"url":"https:\/\/wp8-images-hu-dynamic.horizon.tv\/HU\/Images\/bc_331d83b6f17021a67009edfa914eb89ee63ae0d5.jpg?w=110&h=159&mode=box"},{"assetType":"tva-boxcover","assetTypes":["tva-boxcover"],"width":180,"height":260,"url":"https:\/\/wp8-images-hu-dynamic.horizon.tv\/HU\/Images\/bc_331d83b6f17021a67009edfa914eb89ee63ae0d5.jpg"},{"assetType":"boxart-large","assetTypes":["boxart-large"],"width":180,"height":260,"url":"https:\/\/wp8-images-hu-dynamic.horizon.tv\/HU\/Images\/bc_331d83b6f17021a67009edfa914eb89ee63ae0d5.jpg?w=180&h=260&mode=box"},{"assetType":"HighResPortrait","assetTypes":["HighResPortrait"],"url":"https:\/\/wp5-images-hu-dynamic.horizon.tv\/HU\/Images\/hrp_331d83b6f17021a67009edfa914eb89ee63ae0d5.jpg"},{"assetType":"HighResLandscape","assetTypes":["HighResLandscape"],"url":"https:\/\/wp5-images-hu-dynamic.horizon.tv\/HU\/Images\/hrl_120cbe8f232ee6eaea3d702388a609876cc64822.jpg"}],"mediaGroupId":"crid:~~2F~~2Fport.hu~~2F2430135","secondaryTitle":"(VII.\/15)","shortDescription":"Doug csomagkihord\u00f3k\u00e9nt dolgozik, \u00e9s a csomagokkal egy\u00fctt saj\u00e1t v\u00e9lem\u00e9ny\u00e9t \u2013 munk\u00e1r\u00f3l, h\u00e1zass\u00e1gr\u00f3l \u00e9s csal\u00e1dr\u00f3l \u2013 is kisz\u00e1ll\u00edtja a h\u00e1zakhoz.","mediaType":"Episode","year":"2005","duration":1800,"latestBroadcastStartTime":1525330500000,"latestBroadcastEndTime":1525332300000,"isReplayTv":true,"listingId":"crid:~~2F~~2Fport.hu~~2F1415307-imi:00100000005D1492","seriesEpisodeNumber":"15","seriesNumber":"7","videoStreams":[],"airDate":1104537600000,"entitlements":["VIP","crid:~~2F~~2Fupc.com~~2FReplayTV~~2FHumor_Plus_ReplayTV","_OPEN_"],"currentProductIds":["crid:~~2F~~2Fupc.com~~2FReplayTV~~2FHumor_Plus_ReplayTV"],"currentTvodProductIds":[]},"parentId":"crid:~~2F~~2Fport.hu~~2F2430135","rootId":"crid:~~2F~~2Fport.hu~~2F2430135"}