{"id":"crid:~~2F~~2Fport.hu~~2F90413560-imi:00100000005D432D","countryCode":"HU","languageCode":"hun","deviceCode":"web","startTime":1525613100000,"endTime":1525617600000,"stationId":"826989607126","imi":"imi:00100000005D432D","mediaGroupId":"crid:~~2F~~2Fport.hu~~2F87771199","program":{"id":"crid:~~2F~~2Fport.hu~~2F90413560","title":"A Tan\u00e1r","description":"Amikor Szil\u00e1rd helyettes\u00edt a l\u00e1nyok testnevel\u00e9s \u00f3r\u00e1j\u00e1n, \u00e9szreveszi, hogy a t\u00f6bbi l\u00e1ny nagyon durv\u00e1n r\u00e1sz\u00e1llt a f\u00e9l\u00e9nk Lilire. \u00c1m Klaudi\u00e1n k\u00edv\u00fcl senki sem veszi komolyan a dolgot. \u00cdgy Szil\u00e1rd saj\u00e1t maga kezd el nyomozni \u00e9s r\u00e1j\u00f6n, hogy Lili f\u00e9lelm\u00e9ben az iskola el\u0151tt nyugtat\u00f3t vesz be. Szil\u00e1rdnak siker\u00fcl annyira magabiztoss\u00e1 tenni a l\u00e1nyt, hogy m\u00e9g a di\u00e1keln\u00f6ks\u00e9gi v\u00e1laszt\u00e1son is elindul. \u00c1m az ellenfele, Petra piszkos m\u00f3don kamp\u00e1nyol \u00e9s az eg\u00e9sz iskola el\u0151tt tartand\u00f3 v\u00e9gs\u0151 besz\u00e9den gonosz meglepet\u00e9sre k\u00e9sz\u00fcl...","longDescription":"Amikor Szil\u00e1rd helyettes\u00edt a l\u00e1nyok testnevel\u00e9s \u00f3r\u00e1j\u00e1n, \u00e9szreveszi, hogy a t\u00f6bbi l\u00e1ny nagyon durv\u00e1n r\u00e1sz\u00e1llt a f\u00e9l\u00e9nk Lilire. \u00c1m Klaudi\u00e1n k\u00edv\u00fcl senki sem veszi komolyan a dolgot. \u00cdgy Szil\u00e1rd saj\u00e1t maga kezd el nyomozni \u00e9s r\u00e1j\u00f6n, hogy Lili f\u00e9lelm\u00e9ben az iskola el\u0151tt nyugtat\u00f3t vesz be. Szil\u00e1rdnak siker\u00fcl annyira magabiztoss\u00e1 tenni a l\u00e1nyt, hogy m\u00e9g a di\u00e1keln\u00f6ks\u00e9gi v\u00e1laszt\u00e1son is elindul. \u00c1m az ellenfele, Petra piszkos m\u00f3don kamp\u00e1nyol \u00e9s az eg\u00e9sz iskola el\u0151tt tartand\u00f3 v\u00e9gs\u0151 besz\u00e9den gonosz meglepet\u00e9sre k\u00e9sz\u00fcl...","languageCode":"hun","countryCode":"HU","deviceCode":"web","medium":"TV","categories":[{"id":"271090244428","title":"Dr\u00e1ma","scheme":"urn:tva:metadata:cs:UPCEventGenreCS:2009"},{"id":"271090244432","title":"Kom\u00e9dia\/Filmv\u00edgj\u00e1t\u00e9k","scheme":"urn:tva:metadata:cs:UPCEventGenreCS:2009"}],"isAdult":false,"parentalRating":"12","cast":[],"directors":["Rich\u00e1rd Kov\u00e1cs"],"images":[{"assetType":"boxart-large","assetTypes":["boxart-large"],"width":180,"height":260,"url":"https:\/\/wp3-images-hu-dynamic.horizon.tv\/HU\/Images\/bc_b99eb8a0636a4351c9013bf46071dcebab855771.jpg?w=180&h=260&mode=box"},{"assetType":"tva-boxcover","assetTypes":["tva-boxcover"],"width":180,"height":260,"url":"https:\/\/wp3-images-hu-dynamic.horizon.tv\/HU\/Images\/bc_b99eb8a0636a4351c9013bf46071dcebab855771.jpg"},{"assetType":"boxart-small","assetTypes":["boxart-small"],"width":75,"height":108,"url":"https:\/\/wp3-images-hu-dynamic.horizon.tv\/HU\/Images\/bc_b99eb8a0636a4351c9013bf46071dcebab855771.jpg?w=75&h=108&mode=box"},{"assetType":"boxart-xlarge","assetTypes":["boxart-xlarge"],"width":210,"height":303,"url":"https:\/\/wp3-images-hu-dynamic.horizon.tv\/HU\/Images\/bc_b99eb8a0636a4351c9013bf46071dcebab855771.jpg?w=210&h=303&mode=box"},{"assetType":"boxart-medium","assetTypes":["boxart-medium"],"width":110,"height":159,"url":"https:\/\/wp3-images-hu-dynamic.horizon.tv\/HU\/Images\/bc_b99eb8a0636a4351c9013bf46071dcebab855771.jpg?w=110&h=159&mode=box"},{"assetType":"HighResPortrait","assetTypes":["HighResPortrait"],"url":"https:\/\/wp25-images-hu-dynamic.horizon.tv\/HU\/Images\/hrp_b99eb8a0636a4351c9013bf46071dcebab855771.jpg"},{"assetType":"HighResLandscape","assetTypes":["HighResLandscape"],"url":"https:\/\/wp25-images-hu-dynamic.horizon.tv\/HU\/Images\/hrl_b396dcf9eba1d1ac7f4329aa6dc471a330961248.jpg"}],"mediaGroupId":"crid:~~2F~~2Fport.hu~~2F87771199","shortDescription":"Amikor Szil\u00e1rd helyettes\u00edt a l\u00e1nyok testnevel\u00e9s \u00f3r\u00e1j\u00e1n, \u00e9szreveszi, hogy a t\u00f6bbi l\u00e1ny nagyon durv\u00e1n r\u00e1sz\u00e1llt a f\u00e9l\u00e9nk Lilire. \u00c1m Klaudi\u00e1n k\u00edv\u00fcl senki sem veszi komolyan a dolgot. \u00cdgy Szil\u00e1rd saj\u00e1t...","mediaType":"Episode","year":"2018","isReplayTv":false,"seriesEpisodeNumber":"1805052000","seriesNumber":"1805052000","videoStreams":[],"airDate":1514764800000,"entitlements":["VIP","_OPEN_"],"currentProductIds":[],"currentTvodProductIds":[]},"parentId":"crid:~~2F~~2Fport.hu~~2F87771199","rootId":"crid:~~2F~~2Fport.hu~~2F87771199"}