{"id":"crid:~~2F~~2Fport.hu~~2F90865963-imi:00100000005D08DF","countryCode":"HU","languageCode":"hun","deviceCode":"web","startTime":1525386000000,"endTime":1525389000000,"stationId":"826989607197","imi":"imi:00100000005D08DF","mediaGroupId":"crid:~~2F~~2Fport.hu~~2F70934538","program":{"id":"crid:~~2F~~2Fport.hu~~2F90865963","title":"IMMAF Ny\u00edlt Eur\u00f3pa-bajnoks\u00e1g","description":"Extr\u00e9m sportok","longDescription":"Extr\u00e9m sportok","languageCode":"hun","countryCode":"HU","deviceCode":"web","medium":"TV","categories":[{"id":"271090244353","title":"Sport","scheme":"urn:tva:metadata:cs:UPCEventGenreCS:2009"},{"id":"271090244370","title":"Extr\u00e9m sportok","scheme":"urn:tva:metadata:cs:UPCEventGenreCS:2009"}],"isAdult":false,"parentalRating":"3","cast":[],"directors":[],"images":[{"assetType":"boxart-medium","assetTypes":["boxart-medium"],"width":110,"height":159,"url":"https:\/\/wp6-images-hu-dynamic.horizon.tv\/HU\/Images\/upcgenre_4F.jpg?w=110&h=159&mode=box"},{"assetType":"boxart-small","assetTypes":["boxart-small"],"width":75,"height":108,"url":"https:\/\/wp6-images-hu-dynamic.horizon.tv\/HU\/Images\/upcgenre_4F.jpg?w=75&h=108&mode=box"},{"assetType":"tva-boxcover","assetTypes":["tva-boxcover"],"width":180,"height":260,"url":"https:\/\/wp6-images-hu-dynamic.horizon.tv\/HU\/Images\/upcgenre_4F.jpg"},{"assetType":"boxart-large","assetTypes":["boxart-large"],"width":180,"height":260,"url":"https:\/\/wp6-images-hu-dynamic.horizon.tv\/HU\/Images\/upcgenre_4F.jpg?w=180&h=260&mode=box"},{"assetType":"boxart-xlarge","assetTypes":["boxart-xlarge"],"width":210,"height":303,"url":"https:\/\/wp6-images-hu-dynamic.horizon.tv\/HU\/Images\/upcgenre_4F.jpg?w=210&h=303&mode=box"},{"assetType":"HighResLandscape","assetTypes":["HighResLandscape"],"url":"https:\/\/wp23-images-hu-dynamic.horizon.tv\/HU\/Images\/hrl_33961bb7272c9879b12a48743f1ee8ca8b441355.jpg"}],"mediaGroupId":"crid:~~2F~~2Fport.hu~~2F70934538","shortDescription":"Extr\u00e9m sportok","mediaType":"Episode","isReplayTv":false,"seriesEpisodeNumber":"1805040020","seriesNumber":"1805022100","videoStreams":[],"entitlements":["VIP","_OPEN_"],"currentProductIds":[],"currentTvodProductIds":[]},"parentId":"crid:~~2F~~2Fport.hu~~2F70934538","rootId":"crid:~~2F~~2Fport.hu~~2F70934538"}