{"id":"crid:~~2F~~2Fport.hu~~2F90971513-imi:00100000005D48E0","countryCode":"HU","languageCode":"hun","deviceCode":"web","startTime":1525600800000,"endTime":1525604400000,"stationId":"826989607268","imi":"imi:00100000005D48E0","mediaGroupId":"crid:~~2F~~2Fport.hu~~2F90971513","program":{"id":"crid:~~2F~~2Fport.hu~~2F90971513","title":"B\u0171n\u00f6k \u00e9s el\u0151\u00edt\u00e9letek 1-2. \u00e9vad","description":"Egy lebilincsel\u0151 dr\u00e1masorozat, amely egy brut\u00e1lis gyilkoss\u00e1gi \u00fcgy ut\u00e1ni nyomoz\u00e1sr\u00f3l sz\u00f3l, amely sz\u00e1mos politikai, jogi \u00e9s faji k\u00e9rd\u00e9st vet fel.","longDescription":"Egy lebilincsel\u0151 dr\u00e1masorozat, amely egy brut\u00e1lis gyilkoss\u00e1gi \u00fcgy ut\u00e1ni nyomoz\u00e1sr\u00f3l sz\u00f3l, amely sz\u00e1mos politikai, jogi \u00e9s faji k\u00e9rd\u00e9st vet fel.","languageCode":"hun","countryCode":"HU","deviceCode":"web","medium":"TV","categories":[{"id":"271090244398","title":"T\u00e1rsadalmi\/Politikai","scheme":"urn:tva:metadata:cs:UPCEventGenreCS:2009"}],"isAdult":false,"parentalRating":"3","cast":[],"directors":[],"images":[{"assetType":"boxart-large","assetTypes":["boxart-large"],"width":180,"height":260,"url":"https:\/\/wp1-images-hu-dynamic.horizon.tv\/HU\/Images\/upcgenre_80.jpg?w=180&h=260&mode=box"},{"assetType":"boxart-medium","assetTypes":["boxart-medium"],"width":110,"height":159,"url":"https:\/\/wp1-images-hu-dynamic.horizon.tv\/HU\/Images\/upcgenre_80.jpg?w=110&h=159&mode=box"},{"assetType":"tva-boxcover","assetTypes":["tva-boxcover"],"width":180,"height":260,"url":"https:\/\/wp1-images-hu-dynamic.horizon.tv\/HU\/Images\/upcgenre_80.jpg"},{"assetType":"boxart-xlarge","assetTypes":["boxart-xlarge"],"width":210,"height":303,"url":"https:\/\/wp1-images-hu-dynamic.horizon.tv\/HU\/Images\/upcgenre_80.jpg?w=210&h=303&mode=box"},{"assetType":"boxart-small","assetTypes":["boxart-small"],"width":75,"height":108,"url":"https:\/\/wp1-images-hu-dynamic.horizon.tv\/HU\/Images\/upcgenre_80.jpg?w=75&h=108&mode=box"}],"mediaGroupId":"crid:~~2F~~2Fport.hu~~2F90971513","shortDescription":"Egy lebilincsel\u0151 dr\u00e1masorozat, amely egy brut\u00e1lis gyilkoss\u00e1gi \u00fcgy ut\u00e1ni nyomoz\u00e1sr\u00f3l sz\u00f3l, amely sz\u00e1mos politikai, jogi \u00e9s faji k\u00e9rd\u00e9st vet fel.","mediaType":"Episode","isReplayTv":false,"videoStreams":[],"entitlements":["VIP","_OPEN_"],"currentProductIds":[],"currentTvodProductIds":[]},"parentId":"crid:~~2F~~2Fport.hu~~2F90971513","rootId":"crid:~~2F~~2Fport.hu~~2F90971513"}