{"id":"crid:~~2F~~2Fport.hu~~2F68139559-imi:00100000005D3961","countryCode":"HU","languageCode":"hun","deviceCode":"web","startTime":1525615320000,"endTime":1525616760000,"stationId":"826989607162","imi":"imi:00100000005D3961","mediaGroupId":"crid:~~2F~~2Fport.hu~~2F68133655","program":{"id":"crid:~~2F~~2Fport.hu~~2F68139559","title":"Kedvenc amerikai kaj\u00e1ink","description":"Amerika olyan orsz\u00e1g, amely igencsak szereti az \u00e9telt \u2013 amelyb\u0151l j\u00f3, ha min\u00e9l t\u00f6bb van! Minden egyes, k\u00f6zismert nevet visel\u0151 chipses zacsk\u00f3, s\u00f6r\u00f6sdoboz vagy cukorkacsomagol\u00e1s m\u00f6g\u00f6tt \u00f3ri\u00e1si gy\u00e1rt\u00e1si folyamat \u00e1ll, amely eljuttatja a term\u00e9ket a t\u00f6megeknek. A \"Kedvenc amerikai kaj\u00e1ink\" leny\u0171g\u00f6z\u0151 bepillant\u00e1st ny\u00fajt a k\u00fcl\u00f6n\u00f6s, leny\u0171g\u00f6z\u0151 folyamatokba, amelyek el\u0151\u00e1ll\u00edtj\u00e1k Amerika kedvenc \u00e9teleit. Minden egyes \u00ednycsikland\u00f3 epiz\u00f3d h\u00e1rmat is felszolg\u00e1l az orsz\u00e1g kedvenc falatjai k\u00f6z\u00fcl. A McDonald's s\u00fclt krumplij\u00e1t\u00f3l a Budweiser s\u00f6rig \u2013 utunk k\u00e9zm\u0171ves konyh\u00e1kon \u00e9s t\u00f6meggy\u00e1rt\u00e1sra berendezkedett \u00f3ri\u00e1si gy\u00e1rakon \u00e1t vezet. Legyen tan\u00faja annak, ahogy nyersanyagok hatalmas mennyis\u00e9ge alakul \u00e1t a k\u00e9sz term\u00e9kk\u00e9, amely milli\u00f3k kedvence, \u00e9s k\u00f6zben ismerje meg az elk\u00f6telezett embereket \u00e9s a leny\u0171g\u00f6z\u0151 g\u00e9pezeteket, amelyek lehet\u0151v\u00e9 teszik mindezt!","longDescription":"Amerika olyan orsz\u00e1g, amely igencsak szereti az \u00e9telt \u2013 amelyb\u0151l j\u00f3, ha min\u00e9l t\u00f6bb van! Minden egyes, k\u00f6zismert nevet visel\u0151 chipses zacsk\u00f3, s\u00f6r\u00f6sdoboz vagy cukorkacsomagol\u00e1s m\u00f6g\u00f6tt \u00f3ri\u00e1si gy\u00e1rt\u00e1si folyamat \u00e1ll, amely eljuttatja a term\u00e9ket a t\u00f6megeknek. A \"Kedvenc amerikai kaj\u00e1ink\" leny\u0171g\u00f6z\u0151 bepillant\u00e1st ny\u00fajt a k\u00fcl\u00f6n\u00f6s, leny\u0171g\u00f6z\u0151 folyamatokba, amelyek el\u0151\u00e1ll\u00edtj\u00e1k Amerika kedvenc \u00e9teleit. Minden egyes \u00ednycsikland\u00f3 epiz\u00f3d h\u00e1rmat is felszolg\u00e1l az orsz\u00e1g kedvenc falatjai k\u00f6z\u00fcl. A McDonald's s\u00fclt krumplij\u00e1t\u00f3l a Budweiser s\u00f6rig \u2013 utunk k\u00e9zm\u0171ves konyh\u00e1kon \u00e9s t\u00f6meggy\u00e1rt\u00e1sra berendezkedett \u00f3ri\u00e1si gy\u00e1rakon \u00e1t vezet. Legyen tan\u00faja annak, ahogy nyersanyagok hatalmas mennyis\u00e9ge alakul \u00e1t a k\u00e9sz term\u00e9kk\u00e9, amely milli\u00f3k kedvence, \u00e9s k\u00f6zben ismerje meg az elk\u00f6telezett embereket \u00e9s a leny\u0171g\u00f6z\u0151 g\u00e9pezeteket, amelyek lehet\u0151v\u00e9 teszik mindezt!","languageCode":"hun","countryCode":"HU","deviceCode":"web","medium":"TV","categories":[{"id":"271090244398","title":"T\u00e1rsadalmi\/Politikai","scheme":"urn:tva:metadata:cs:UPCEventGenreCS:2009"},{"id":"271090244399","title":"Dokumentumfilm","scheme":"urn:tva:metadata:cs:UPCEventGenreCS:2009"}],"isAdult":false,"parentalRating":"3","cast":[],"directors":[],"images":[{"assetType":"boxart-large","assetTypes":["boxart-large"],"width":180,"height":260,"url":"https:\/\/wp9-images-hu-dynamic.horizon.tv\/HU\/Images\/upcgenre_81.jpg?w=180&h=260&mode=box"},{"assetType":"boxart-small","assetTypes":["boxart-small"],"width":75,"height":108,"url":"https:\/\/wp9-images-hu-dynamic.horizon.tv\/HU\/Images\/upcgenre_81.jpg?w=75&h=108&mode=box"},{"assetType":"boxart-medium","assetTypes":["boxart-medium"],"width":110,"height":159,"url":"https:\/\/wp9-images-hu-dynamic.horizon.tv\/HU\/Images\/upcgenre_81.jpg?w=110&h=159&mode=box"},{"assetType":"tva-boxcover","assetTypes":["tva-boxcover"],"width":180,"height":260,"url":"https:\/\/wp9-images-hu-dynamic.horizon.tv\/HU\/Images\/upcgenre_81.jpg"},{"assetType":"boxart-xlarge","assetTypes":["boxart-xlarge"],"width":210,"height":303,"url":"https:\/\/wp9-images-hu-dynamic.horizon.tv\/HU\/Images\/upcgenre_81.jpg?w=210&h=303&mode=box"}],"mediaGroupId":"crid:~~2F~~2Fport.hu~~2F68133655","secondaryTitle":"Az \u00e9let \u00edze","shortDescription":"A \"Kedvenc amerikai kaj\u00e1ink\" leny\u0171g\u00f6z\u0151 bepillant\u00e1st ny\u00fajt a k\u00fcl\u00f6n\u00f6s, leny\u0171g\u00f6z\u0151 folyamatokba, amelyek el\u0151\u00e1ll\u00edtj\u00e1k Amerika kedvenc \u00e9teleit. A McDonald's s\u00fclt krumplij\u00e1t\u00f3l a Budweiser s\u00f6rig.","mediaType":"Episode","isReplayTv":false,"seriesEpisodeNumber":"1805041945","seriesNumber":"1805100914","videoStreams":[],"entitlements":["VIP","_OPEN_"],"currentProductIds":[],"currentTvodProductIds":[]},"parentId":"crid:~~2F~~2Fport.hu~~2F68133655","rootId":"crid:~~2F~~2Fport.hu~~2F68133655"}