{"id":"crid:~~2F~~2Fport.hu~~2F73541052-imi:00100000005D3E70","countryCode":"HU","languageCode":"hun","deviceCode":"web","startTime":1525582800000,"endTime":1525584600000,"stationId":"826989607216","imi":"imi:00100000005D3E70","mediaGroupId":"crid:~~2F~~2Fport.hu~~2F73541014","program":{"id":"crid:~~2F~~2Fport.hu~~2F73541052","title":"Aranyat szem\u00e9tb\u0151l","description":"Show","longDescription":"Show","languageCode":"hun","countryCode":"HU","deviceCode":"web","medium":"TV","categories":[{"id":"271090244349","title":"Show","scheme":"urn:tva:metadata:cs:UPCEventGenreCS:2009"}],"isAdult":false,"parentalRating":"12","cast":[],"directors":[],"images":[{"assetType":"boxart-small","assetTypes":["boxart-small"],"width":75,"height":108,"url":"https:\/\/wp3-images-hu-dynamic.horizon.tv\/HU\/Images\/upcgenre_30.jpg?w=75&h=108&mode=box"},{"assetType":"boxart-medium","assetTypes":["boxart-medium"],"width":110,"height":159,"url":"https:\/\/wp3-images-hu-dynamic.horizon.tv\/HU\/Images\/upcgenre_30.jpg?w=110&h=159&mode=box"},{"assetType":"tva-boxcover","assetTypes":["tva-boxcover"],"width":180,"height":260,"url":"https:\/\/wp3-images-hu-dynamic.horizon.tv\/HU\/Images\/upcgenre_30.jpg"},{"assetType":"boxart-large","assetTypes":["boxart-large"],"width":180,"height":260,"url":"https:\/\/wp3-images-hu-dynamic.horizon.tv\/HU\/Images\/upcgenre_30.jpg?w=180&h=260&mode=box"},{"assetType":"boxart-xlarge","assetTypes":["boxart-xlarge"],"width":210,"height":303,"url":"https:\/\/wp3-images-hu-dynamic.horizon.tv\/HU\/Images\/upcgenre_30.jpg?w=210&h=303&mode=box"}],"mediaGroupId":"crid:~~2F~~2Fport.hu~~2F73541014","shortDescription":"Show","mediaType":"Episode","duration":1800,"latestBroadcastStartTime":1525024800000,"latestBroadcastEndTime":1525026600000,"isReplayTv":true,"listingId":"crid:~~2F~~2Fport.hu~~2F73541052-imi:00100000005CA8A3","seriesEpisodeNumber":"1805060700","seriesNumber":"1805050730","videoStreams":[],"entitlements":["crid:~~2F~~2Fupc.com~~2FReplayTV~~2FOzone_Network_ReplayTV","VIP","_OPEN_"],"currentProductIds":["crid:~~2F~~2Fupc.com~~2FReplayTV~~2FOzone_Network_ReplayTV"],"currentTvodProductIds":[]},"parentId":"crid:~~2F~~2Fport.hu~~2F73541014","rootId":"crid:~~2F~~2Fport.hu~~2F73541014"}