{"id":"crid:~~2F~~2Fport.hu~~2F7261771-imi:00100000005D3D13","countryCode":"HU","languageCode":"hun","deviceCode":"web","startTime":1525575300000,"endTime":1525575960000,"stationId":"826989607196","imi":"imi:00100000005D3D13","mediaGroupId":"crid:~~2F~~2Fport.hu~~2F2574416","program":{"id":"crid:~~2F~~2Fport.hu~~2F7261771","title":"Gumball csod\u00e1latos vil\u00e1ga","description":"(I.\/4) Gumball sz\u00fcl\u0151v\u00e1rosa, Elmore teljesen nyugodt kisv\u00e1ros. B\u00e9k\u00e9s n\u00e9pek laknak itt, \u00e9s persze itt \u00e9lnek a t\u00f6rt\u00e9net f\u0151szerepl\u0151i, Watterson\u00e9k is Anais-szal, a n\u00e9gy\u00e9ves zsenigyerekkel. A sorozat c\u00edmad\u00f3 szerepl\u0151je Gumball, a kis k\u00e9k macska pedig a virgonc tizenk\u00e9t \u00e9ves gyerekek mindennapjait \u00e9li. L\u00f6k\u00f6tts\u00e9ge hat\u00e1rtalan optimizmussal p\u00e1rosul.","longDescription":"(I.\/4) Gumball sz\u00fcl\u0151v\u00e1rosa, Elmore teljesen nyugodt kisv\u00e1ros. B\u00e9k\u00e9s n\u00e9pek laknak itt, \u00e9s persze itt \u00e9lnek a t\u00f6rt\u00e9net f\u0151szerepl\u0151i, Watterson\u00e9k is Anais-szal, a n\u00e9gy\u00e9ves zsenigyerekkel. A sorozat c\u00edmad\u00f3 szerepl\u0151je Gumball, a kis k\u00e9k macska pedig a virgonc tizenk\u00e9t \u00e9ves gyerekek mindennapjait \u00e9li. L\u00f6k\u00f6tts\u00e9ge hat\u00e1rtalan optimizmussal p\u00e1rosul.","languageCode":"hun","countryCode":"HU","deviceCode":"web","medium":"TV","categories":[{"id":"271090244428","title":"Dr\u00e1ma","scheme":"urn:tva:metadata:cs:UPCEventGenreCS:2009"}],"isAdult":false,"parentalRating":"6","cast":["Logan Grove","Kwesi Boakye","Dan Russell","Kyla Rae Kowalewski","Teresa Gallagher"],"directors":["Mic Graves"],"images":[{"assetType":"tva-boxcover","assetTypes":["tva-boxcover"],"width":180,"height":260,"url":"https:\/\/wp20-images-hu-dynamic.horizon.tv\/HU\/Images\/bc_182def1f5ce67cd67e50ef3663179d84fea654ba.jpg"},{"assetType":"boxart-xlarge","assetTypes":["boxart-xlarge"],"width":210,"height":303,"url":"https:\/\/wp20-images-hu-dynamic.horizon.tv\/HU\/Images\/bc_182def1f5ce67cd67e50ef3663179d84fea654ba.jpg?w=210&h=303&mode=box"},{"assetType":"boxart-small","assetTypes":["boxart-small"],"width":75,"height":108,"url":"https:\/\/wp20-images-hu-dynamic.horizon.tv\/HU\/Images\/bc_182def1f5ce67cd67e50ef3663179d84fea654ba.jpg?w=75&h=108&mode=box"},{"assetType":"boxart-medium","assetTypes":["boxart-medium"],"width":110,"height":159,"url":"https:\/\/wp20-images-hu-dynamic.horizon.tv\/HU\/Images\/bc_182def1f5ce67cd67e50ef3663179d84fea654ba.jpg?w=110&h=159&mode=box"},{"assetType":"boxart-large","assetTypes":["boxart-large"],"width":180,"height":260,"url":"https:\/\/wp20-images-hu-dynamic.horizon.tv\/HU\/Images\/bc_182def1f5ce67cd67e50ef3663179d84fea654ba.jpg?w=180&h=260&mode=box"},{"assetType":"HighResLandscape","assetTypes":["HighResLandscape"],"url":"https:\/\/wp5-images-hu-dynamic.horizon.tv\/HU\/Images\/hrl_6017401dbbdfb22973b96eb627baedd86b8c877f.jpg"},{"assetType":"HighResPortrait","assetTypes":["HighResPortrait"],"url":"https:\/\/wp5-images-hu-dynamic.horizon.tv\/HU\/Images\/hrp_27961dc1cfbce56634894cf90913b33481b6e6ed.jpg"}],"mediaGroupId":"crid:~~2F~~2Fport.hu~~2F2574416","secondaryTitle":"H\u00e1l\u00e1nak h\u00e1l\u00e1j\u00e1val (I.\/4)","shortDescription":"Gumball sz\u00fcl\u0151v\u00e1rosa, Elmore teljesen nyugodt kisv\u00e1ros. B\u00e9k\u00e9s n\u00e9pek laknak itt, \u00e9s persze itt \u00e9lnek a t\u00f6rt\u00e9net f\u0151szerepl\u0151i, Watterson\u00e9k is Anais-szal, a n\u00e9gy\u00e9ves zsenigyerekkel.","mediaType":"Episode","year":"2011","isReplayTv":false,"seriesEpisodeNumber":"4","seriesNumber":"1","videoStreams":[],"airDate":1293840000000,"entitlements":["VIP","_OPEN_"],"currentProductIds":[],"currentTvodProductIds":[]},"parentId":"crid:~~2F~~2Fport.hu~~2F2574416","rootId":"crid:~~2F~~2Fport.hu~~2F2574416"}