{"id":"crid:~~2F~~2Fport.hu~~2F90322492-imi:00100000005D39A0","countryCode":"HU","languageCode":"hun","deviceCode":"web","startTime":1525501800000,"endTime":1525507200000,"stationId":"826989607132","imi":"imi:00100000005D39A0","mediaGroupId":"crid:~~2F~~2Fport.hu~~2F71329366","program":{"id":"crid:~~2F~~2Fport.hu~~2F90322492","title":"\u00dat Kijevbe","description":"BL-magazin","longDescription":"BL-magazin","languageCode":"hun","countryCode":"HU","deviceCode":"web","medium":"TV","categories":[{"id":"271090244353","title":"Sport","scheme":"urn:tva:metadata:cs:UPCEventGenreCS:2009"},{"id":"271090244358","title":"Magazinm\u0171sor","scheme":"urn:tva:metadata:cs:UPCEventGenreCS:2009"}],"isAdult":false,"parentalRating":"3","cast":[],"directors":[],"images":[{"assetType":"boxart-large","assetTypes":["boxart-large"],"width":180,"height":260,"url":"https:\/\/wp12-images-hu-dynamic.horizon.tv\/HU\/Images\/upcgenre_42.jpg?w=180&h=260&mode=box"},{"assetType":"boxart-xlarge","assetTypes":["boxart-xlarge"],"width":210,"height":303,"url":"https:\/\/wp12-images-hu-dynamic.horizon.tv\/HU\/Images\/upcgenre_42.jpg?w=210&h=303&mode=box"},{"assetType":"tva-boxcover","assetTypes":["tva-boxcover"],"width":180,"height":260,"url":"https:\/\/wp12-images-hu-dynamic.horizon.tv\/HU\/Images\/upcgenre_42.jpg"},{"assetType":"boxart-medium","assetTypes":["boxart-medium"],"width":110,"height":159,"url":"https:\/\/wp12-images-hu-dynamic.horizon.tv\/HU\/Images\/upcgenre_42.jpg?w=110&h=159&mode=box"},{"assetType":"boxart-small","assetTypes":["boxart-small"],"width":75,"height":108,"url":"https:\/\/wp12-images-hu-dynamic.horizon.tv\/HU\/Images\/upcgenre_42.jpg?w=75&h=108&mode=box"}],"mediaGroupId":"crid:~~2F~~2Fport.hu~~2F71329366","secondaryTitle":"BL-magazin","shortDescription":"BL-magazin","mediaType":"Episode","isReplayTv":false,"seriesEpisodeNumber":"1805050830","seriesNumber":"1805032230","videoStreams":[],"entitlements":["VIP","_OPEN_"],"currentProductIds":[],"currentTvodProductIds":[]},"parentId":"crid:~~2F~~2Fport.hu~~2F71329366","rootId":"crid:~~2F~~2Fport.hu~~2F71329366"}