{"id":"crid:~~2F~~2Fport.hu~~2F90601471-imi:00100000005D42E4","countryCode":"HU","languageCode":"hun","deviceCode":"web","startTime":1525531200000,"endTime":1525532400000,"stationId":"826989607229","imi":"imi:00100000005D42E4","mediaGroupId":"crid:~~2F~~2Fport.hu~~2F52120339","program":{"id":"crid:~~2F~~2Fport.hu~~2F90601471","title":"Bar\u00e1taim: Tigris \u00e9s Micimack\u00f3","description":"Micimack\u00f3, Tigris, Dalma \u00e9s a t\u00f6bbiek ragyog\u00f3 napra \u00e9bredtek. Elhat\u00e1rozz\u00e1k, hogy nagyszab\u00e1s\u00fa pikniket rendeznek a H\u00e9t Feny\u0151f\u00e1k k\u00f6r\u00fcli nagyr\u00e9ten. A mulats\u00e1gra mindenki hivatalos! Nyuszi olyan nagyszer\u0171en megszervezte a programot, hogy kinevezik f\u0151-f\u0151 polg\u00e1rmesternek. \u00c1m a Sz\u00e1zholdas Pagony sokf\u00e9le lak\u00f3j\u00e1t m\u00e9gsem olyan k\u00f6nny\u0171 \u00f6sszeterelni!","longDescription":"Micimack\u00f3, Tigris, Dalma \u00e9s a t\u00f6bbiek ragyog\u00f3 napra \u00e9bredtek. Elhat\u00e1rozz\u00e1k, hogy nagyszab\u00e1s\u00fa pikniket rendeznek a H\u00e9t Feny\u0151f\u00e1k k\u00f6r\u00fcli nagyr\u00e9ten. A mulats\u00e1gra mindenki hivatalos! Nyuszi olyan nagyszer\u0171en megszervezte a programot, hogy kinevezik f\u0151-f\u0151 polg\u00e1rmesternek. \u00c1m a Sz\u00e1zholdas Pagony sokf\u00e9le lak\u00f3j\u00e1t m\u00e9gsem olyan k\u00f6nny\u0171 \u00f6sszeterelni!","languageCode":"hun","countryCode":"HU","deviceCode":"web","medium":"TV","categories":[{"id":"271090244428","title":"Dr\u00e1ma","scheme":"urn:tva:metadata:cs:UPCEventGenreCS:2009"}],"isAdult":false,"parentalRating":"6","cast":["Dee Bradley Baker","Jim Cummings","Travis Oates","Ken Sansom","Max Burkholder"],"directors":["Don MacKinnon","David Hartman"],"images":[{"assetType":"boxart-large","assetTypes":["boxart-large"],"width":180,"height":260,"url":"https:\/\/wp8-images-hu-dynamic.horizon.tv\/HU\/Images\/bc_d8d401c3d3a23327739fc5792b15fd541195ac20.jpg?w=180&h=260&mode=box"},{"assetType":"boxart-small","assetTypes":["boxart-small"],"width":75,"height":108,"url":"https:\/\/wp8-images-hu-dynamic.horizon.tv\/HU\/Images\/bc_d8d401c3d3a23327739fc5792b15fd541195ac20.jpg?w=75&h=108&mode=box"},{"assetType":"boxart-xlarge","assetTypes":["boxart-xlarge"],"width":210,"height":303,"url":"https:\/\/wp8-images-hu-dynamic.horizon.tv\/HU\/Images\/bc_d8d401c3d3a23327739fc5792b15fd541195ac20.jpg?w=210&h=303&mode=box"},{"assetType":"tva-boxcover","assetTypes":["tva-boxcover"],"width":180,"height":260,"url":"https:\/\/wp8-images-hu-dynamic.horizon.tv\/HU\/Images\/bc_d8d401c3d3a23327739fc5792b15fd541195ac20.jpg"},{"assetType":"boxart-medium","assetTypes":["boxart-medium"],"width":110,"height":159,"url":"https:\/\/wp8-images-hu-dynamic.horizon.tv\/HU\/Images\/bc_d8d401c3d3a23327739fc5792b15fd541195ac20.jpg?w=110&h=159&mode=box"},{"assetType":"HighResLandscape","assetTypes":["HighResLandscape"],"url":"https:\/\/wp3-images-hu-dynamic.horizon.tv\/HU\/Images\/hrl_49b8c2c0a940cf742ac5f387102ff8c41da14548.jpg"},{"assetType":"HighResPortrait","assetTypes":["HighResPortrait"],"url":"https:\/\/wp3-images-hu-dynamic.horizon.tv\/HU\/Images\/hrp_d8d401c3d3a23327739fc5792b15fd541195ac20.jpg"}],"mediaGroupId":"crid:~~2F~~2Fport.hu~~2F52120339","secondaryTitle":"\u00d3ri\u00e1s Dalma \/ Malacka vill\u00e1m-f\u00e9lelme","shortDescription":"Micimack\u00f3, Tigris, Dalma \u00e9s a t\u00f6bbiek ragyog\u00f3 napra \u00e9bredtek. Elhat\u00e1rozz\u00e1k, hogy nagyszab\u00e1s\u00fa pikniket rendeznek a H\u00e9t Feny\u0151f\u00e1k k\u00f6r\u00fcli nagyr\u00e9ten. A mulats\u00e1gra mindenki hivatalos!","mediaType":"Episode","year":"2007","isReplayTv":false,"seriesEpisodeNumber":"1805050920","seriesNumber":"1805050920","videoStreams":[],"airDate":1167609600000,"entitlements":["VIP","_OPEN_"],"currentProductIds":[],"currentTvodProductIds":[]},"parentId":"crid:~~2F~~2Fport.hu~~2F52120339","rootId":"crid:~~2F~~2Fport.hu~~2F52120339"}