{"id":"crid:~~2F~~2Fport.hu~~2F67995003-imi:00100000005D013A","countryCode":"HU","languageCode":"hun","deviceCode":"web","startTime":1525398900000,"endTime":1525400400000,"stationId":"826989607227","imi":"imi:00100000005D013A","mediaGroupId":"crid:~~2F~~2Fport.hu~~2F67993010","program":{"id":"crid:~~2F~~2Fport.hu~~2F67995003","title":"Wendy","description":"(I.\/4) Wendy meg\u00e9rkezett! 15 \u00e9ves h\u0151sn\u0151k remek\u00fcl b\u00e1nik a lovakkal, felejthetetlen kalandainak \u2013 amik nem n\u00e9lk\u00fcl\u00f6znek sem romantik\u00e1t, sem vid\u00e1ms\u00e1got \u2013 most te is r\u00e9szese lehetesz!Wendy egy lovasiskol\u00e1ban \u00e9l, amit az apuk\u00e1ja m\u0171k\u00f6dtet, az \u00e9lete tele van \u00e1lmokkal, amik f\u0151k\u00e9nt a lovas versenyek k\u00f6r\u00fcl forgnak. Egy ilyen versenyhelyzet nem lehet mentes pletyk\u00e1kt\u00f3l, rivaliz\u00e1l\u00e1st\u00f3l sem, de persze mindezek felett \u00e1ll a bar\u00e1ts\u00e1g. A lovak mellett betekintehettek Wendy \u00e9s bar\u00e1tai mindennapjaiba, j\u00f3 \u00e9s rossz d\u00f6nt\u00e9sek sorozat\u00e1ba, \u00e9s izgalmas t\u00f6rt\u00e9neteik seg\u00edthenek eligazodni a viharos tin\u00e9dzser kor \u00fatveszt\u0151j\u00e9ben.","longDescription":"(I.\/4) Wendy meg\u00e9rkezett! 15 \u00e9ves h\u0151sn\u0151k remek\u00fcl b\u00e1nik a lovakkal, felejthetetlen kalandainak \u2013 amik nem n\u00e9lk\u00fcl\u00f6znek sem romantik\u00e1t, sem vid\u00e1ms\u00e1got \u2013 most te is r\u00e9szese lehetesz!Wendy egy lovasiskol\u00e1ban \u00e9l, amit az apuk\u00e1ja m\u0171k\u00f6dtet, az \u00e9lete tele van \u00e1lmokkal, amik f\u0151k\u00e9nt a lovas versenyek k\u00f6r\u00fcl forgnak. Egy ilyen versenyhelyzet nem lehet mentes pletyk\u00e1kt\u00f3l, rivaliz\u00e1l\u00e1st\u00f3l sem, de persze mindezek felett \u00e1ll a bar\u00e1ts\u00e1g. A lovak mellett betekintehettek Wendy \u00e9s bar\u00e1tai mindennapjaiba, j\u00f3 \u00e9s rossz d\u00f6nt\u00e9sek sorozat\u00e1ba, \u00e9s izgalmas t\u00f6rt\u00e9neteik seg\u00edthenek eligazodni a viharos tin\u00e9dzser kor \u00fatveszt\u0151j\u00e9ben.","languageCode":"hun","countryCode":"HU","deviceCode":"web","medium":"TV","categories":[{"id":"271090244371","title":"Gyermek\/Ifj\u00fas\u00e1gi","scheme":"urn:tva:metadata:cs:UPCEventGenreCS:2009"},{"id":"271090244376","title":"Rajzfilm","scheme":"urn:tva:metadata:cs:UPCEventGenreCS:2009"}],"isAdult":false,"parentalRating":"6","cast":[],"directors":[],"images":[{"assetType":"tva-boxcover","assetTypes":["tva-boxcover"],"width":180,"height":260,"url":"https:\/\/wp1-images-hu-dynamic.horizon.tv\/HU\/Images\/upcgenre_55.jpg"},{"assetType":"boxart-small","assetTypes":["boxart-small"],"width":75,"height":108,"url":"https:\/\/wp1-images-hu-dynamic.horizon.tv\/HU\/Images\/upcgenre_55.jpg?w=75&h=108&mode=box"},{"assetType":"boxart-xlarge","assetTypes":["boxart-xlarge"],"width":210,"height":303,"url":"https:\/\/wp1-images-hu-dynamic.horizon.tv\/HU\/Images\/upcgenre_55.jpg?w=210&h=303&mode=box"},{"assetType":"boxart-large","assetTypes":["boxart-large"],"width":180,"height":260,"url":"https:\/\/wp1-images-hu-dynamic.horizon.tv\/HU\/Images\/upcgenre_55.jpg?w=180&h=260&mode=box"},{"assetType":"boxart-medium","assetTypes":["boxart-medium"],"width":110,"height":159,"url":"https:\/\/wp1-images-hu-dynamic.horizon.tv\/HU\/Images\/upcgenre_55.jpg?w=110&h=159&mode=box"},{"assetType":"HighResLandscape","assetTypes":["HighResLandscape"],"url":"https:\/\/wp4-images-hu-dynamic.horizon.tv\/HU\/Images\/hrl_03182eee5ec9c6c344a1d651561dd48b8d27ee4a.jpg"}],"mediaGroupId":"crid:~~2F~~2Fport.hu~~2F67993010","secondaryTitle":"\u00cdt\u00e9letnap (I.\/4)","shortDescription":"A 15 \u00e9ves Wedy remek\u00fcl b\u00e1nik a lovakkal, felejthetetlen kalandai nem n\u00e9lk\u00fcl\u00f6znek sem romantik\u00e1t, sem vid\u00e1ms\u00e1got.","mediaType":"Episode","year":"2013","isReplayTv":true,"seriesEpisodeNumber":"4","seriesNumber":"1","videoStreams":[],"airDate":1356998400000,"entitlements":["VIP","_OPEN_"],"currentProductIds":[],"currentTvodProductIds":[]},"parentId":"crid:~~2F~~2Fport.hu~~2F67993010","rootId":"crid:~~2F~~2Fport.hu~~2F67993010"}