{"id":"crid:~~2F~~2Fport.hu~~2F67916886-imi:00100000005D72A5","countryCode":"HU","languageCode":"hun","deviceCode":"web","startTime":1525547160000,"endTime":1525547820000,"stationId":"826989607179","imi":"imi:00100000005D72A5","mediaGroupId":"crid:~~2F~~2Fport.hu~~2F67916185","program":{"id":"crid:~~2F~~2Fport.hu~~2F67916886","title":"Bori","description":"(I.\/4) Milyen kisl\u00e1ny Bori? Legsz\u00edvesebben piros-feh\u00e9r cs\u00edkos p\u00f3l\u00f3t visel, sz\u0151ke haj\u00e1ba piros szalagot k\u00f6t. Szereti az \u00e1llatokat, k\u00fcl\u00f6n\u00f6sen a cic\u00e1kat \u00e9s a p\u00f3nikat. Bori t\u00f6rt\u00e9netei megmutatj\u00e1k, hogy az \u00f3vod\u00e1sok \u00e9lete izgalmas: a mindennapok is megannyi felfedezni val\u00f3t tartogatnak.","longDescription":"(I.\/4) Milyen kisl\u00e1ny Bori? Legsz\u00edvesebben piros-feh\u00e9r cs\u00edkos p\u00f3l\u00f3t visel, sz\u0151ke haj\u00e1ba piros szalagot k\u00f6t. Szereti az \u00e1llatokat, k\u00fcl\u00f6n\u00f6sen a cic\u00e1kat \u00e9s a p\u00f3nikat. Bori t\u00f6rt\u00e9netei megmutatj\u00e1k, hogy az \u00f3vod\u00e1sok \u00e9lete izgalmas: a mindennapok is megannyi felfedezni val\u00f3t tartogatnak.","languageCode":"hun","countryCode":"HU","deviceCode":"web","medium":"TV","categories":[{"id":"271090244428","title":"Dr\u00e1ma","scheme":"urn:tva:metadata:cs:UPCEventGenreCS:2009"}],"isAdult":false,"parentalRating":"3","cast":[],"directors":["Henning Windelband"],"images":[{"assetType":"boxart-xlarge","assetTypes":["boxart-xlarge"],"width":210,"height":303,"url":"https:\/\/wp27-images-hu-dynamic.horizon.tv\/HU\/Images\/upcgenre_E0.jpg?w=210&h=303&mode=box"},{"assetType":"boxart-large","assetTypes":["boxart-large"],"width":180,"height":260,"url":"https:\/\/wp27-images-hu-dynamic.horizon.tv\/HU\/Images\/upcgenre_E0.jpg?w=180&h=260&mode=box"},{"assetType":"tva-boxcover","assetTypes":["tva-boxcover"],"width":180,"height":260,"url":"https:\/\/wp27-images-hu-dynamic.horizon.tv\/HU\/Images\/upcgenre_E0.jpg"},{"assetType":"boxart-small","assetTypes":["boxart-small"],"width":75,"height":108,"url":"https:\/\/wp27-images-hu-dynamic.horizon.tv\/HU\/Images\/upcgenre_E0.jpg?w=75&h=108&mode=box"},{"assetType":"boxart-medium","assetTypes":["boxart-medium"],"width":110,"height":159,"url":"https:\/\/wp27-images-hu-dynamic.horizon.tv\/HU\/Images\/upcgenre_E0.jpg?w=110&h=159&mode=box"},{"assetType":"HighResLandscape","assetTypes":["HighResLandscape"],"url":"https:\/\/wp24-images-hu-dynamic.horizon.tv\/HU\/Images\/hrl_cd955846cbeb4bc6e77081fba4bad8e703572c12.jpg"}],"mediaGroupId":"crid:~~2F~~2Fport.hu~~2F67916185","secondaryTitle":"Bori s\u00e1torozni megy (I.\/4)","shortDescription":"Bori t\u00f6rt\u00e9netei megmutatj\u00e1k, hogy az \u00f3vod\u00e1sok \u00e9lete izgalmas: a mindennapok is megannyi felfedezni val\u00f3t tartogatnak.","mediaType":"Episode","year":"2009","duration":720,"latestBroadcastStartTime":1525347480000,"latestBroadcastEndTime":1525348140000,"isReplayTv":true,"listingId":"crid:~~2F~~2Fport.hu~~2F67916886-imi:00100000005D71CA","seriesEpisodeNumber":"4","seriesNumber":"1","videoStreams":[],"airDate":1230768000000,"entitlements":["crid:~~2F~~2Fupc.com~~2FReplayTV~~2FJimJam_ReplayTV_CU","VIP","_OPEN_"],"currentProductIds":["crid:~~2F~~2Fupc.com~~2FReplayTV~~2FJimJam_ReplayTV_CU"],"currentTvodProductIds":[]},"parentId":"crid:~~2F~~2Fport.hu~~2F67916185","rootId":"crid:~~2F~~2Fport.hu~~2F67916185"}