{"id":"crid:~~2F~~2Fport.hu~~2F90362203-imi:00100000005D37BE","countryCode":"HU","languageCode":"hun","deviceCode":"web","startTime":1525545300000,"endTime":1525546800000,"stationId":"826989607220","imi":"imi:00100000005D37BE","mediaGroupId":"crid:~~2F~~2Fport.hu~~2F74809843","program":{"id":"crid:~~2F~~2Fport.hu~~2F90362203","title":"Echo-vil\u00e1g","description":"A nagyvil\u00e1g h\u00edrei 22 percben! K\u00fclpolitikai h\u00edr\u00f6sszefoglal\u00f3.","longDescription":"A nagyvil\u00e1g h\u00edrei 22 percben! K\u00fclpolitikai h\u00edr\u00f6sszefoglal\u00f3.","languageCode":"hun","countryCode":"HU","deviceCode":"web","medium":"TV","categories":[{"id":"271090244398","title":"T\u00e1rsadalmi\/Politikai","scheme":"urn:tva:metadata:cs:UPCEventGenreCS:2009"}],"isAdult":false,"parentalRating":"3","cast":[],"directors":[],"images":[{"assetType":"tva-boxcover","assetTypes":["tva-boxcover"],"width":180,"height":260,"url":"https:\/\/wp17-images-hu-dynamic.horizon.tv\/HU\/Images\/upcgenre_80.jpg"},{"assetType":"boxart-small","assetTypes":["boxart-small"],"width":75,"height":108,"url":"https:\/\/wp17-images-hu-dynamic.horizon.tv\/HU\/Images\/upcgenre_80.jpg?w=75&h=108&mode=box"},{"assetType":"boxart-xlarge","assetTypes":["boxart-xlarge"],"width":210,"height":303,"url":"https:\/\/wp17-images-hu-dynamic.horizon.tv\/HU\/Images\/upcgenre_80.jpg?w=210&h=303&mode=box"},{"assetType":"boxart-large","assetTypes":["boxart-large"],"width":180,"height":260,"url":"https:\/\/wp17-images-hu-dynamic.horizon.tv\/HU\/Images\/upcgenre_80.jpg?w=180&h=260&mode=box"},{"assetType":"boxart-medium","assetTypes":["boxart-medium"],"width":110,"height":159,"url":"https:\/\/wp17-images-hu-dynamic.horizon.tv\/HU\/Images\/upcgenre_80.jpg?w=110&h=159&mode=box"}],"mediaGroupId":"crid:~~2F~~2Fport.hu~~2F74809843","shortDescription":"A nagyvil\u00e1g h\u00edrei 22 percben! K\u00fclpolitikai h\u00edr\u00f6sszefoglal\u00f3.","mediaType":"Episode","isReplayTv":false,"seriesEpisodeNumber":"1805052035","seriesNumber":"1805052035","videoStreams":[],"entitlements":["VIP","_OPEN_"],"currentProductIds":[],"currentTvodProductIds":[]},"parentId":"crid:~~2F~~2Fport.hu~~2F74809843","rootId":"crid:~~2F~~2Fport.hu~~2F74809843"}