{"id":"crid:~~2F~~2Fport.hu~~2F67716678-imi:00100000005D35D1","countryCode":"HU","languageCode":"hun","deviceCode":"web","startTime":1525577400000,"endTime":1525578900000,"stationId":"826989607225","imi":"imi:00100000005D35D1","mediaGroupId":"crid:~~2F~~2Fport.hu~~2F47507461","program":{"id":"crid:~~2F~~2Fport.hu~~2F67716678","title":"Pizsih\u0151s\u00f6k","description":"(I.\/12) \u00c1llati amulettjeik erej\u00e9vel Gregb\u0151l Gekk\u00f3, Amay\u00e1b\u00f3l Bagoly, Connorb\u00f3l pedig Macska lesz! Lehet, hogy \u00fagy t\u0171nik, pizsam\u00e1ban flang\u00e1lnak, de nem m\u00e1sok \u0151k, mint a Pizsih\u0151s\u00f6k!","longDescription":"(I.\/12) \u00c1llati amulettjeik erej\u00e9vel Gregb\u0151l Gekk\u00f3, Amay\u00e1b\u00f3l Bagoly, Connorb\u00f3l pedig Macska lesz! Lehet, hogy \u00fagy t\u0171nik, pizsam\u00e1ban flang\u00e1lnak, de nem m\u00e1sok \u0151k, mint a Pizsih\u0151s\u00f6k!","languageCode":"hun","countryCode":"HU","deviceCode":"web","medium":"TV","categories":[{"id":"271090244371","title":"Gyermek\/Ifj\u00fas\u00e1gi","scheme":"urn:tva:metadata:cs:UPCEventGenreCS:2009"},{"id":"271090244376","title":"Rajzfilm","scheme":"urn:tva:metadata:cs:UPCEventGenreCS:2009"}],"isAdult":false,"parentalRating":"3","cast":["Jacob Ewaniuk","Kyle Harrison Breitkopf","Addison Holley","Alex Thorne","Grey Griffin","Trek Buccino","Brianna Daguanno","Julie Lemieux","Ron Pardo","Tristan Samuel","Rob Tinkler","Jaden Betts"],"directors":["Christian de Vita","Merle-Anne Ridley","Wilson Dos Santos"],"images":[{"assetType":"tva-boxcover","assetTypes":["tva-boxcover"],"width":180,"height":260,"url":"https:\/\/wp14-images-hu-dynamic.horizon.tv\/HU\/Images\/bc_4ab18859df4d3431402a8a96541cc2dace5bf5de.jpg"},{"assetType":"boxart-small","assetTypes":["boxart-small"],"width":75,"height":108,"url":"https:\/\/wp14-images-hu-dynamic.horizon.tv\/HU\/Images\/bc_4ab18859df4d3431402a8a96541cc2dace5bf5de.jpg?w=75&h=108&mode=box"},{"assetType":"boxart-large","assetTypes":["boxart-large"],"width":180,"height":260,"url":"https:\/\/wp14-images-hu-dynamic.horizon.tv\/HU\/Images\/bc_4ab18859df4d3431402a8a96541cc2dace5bf5de.jpg?w=180&h=260&mode=box"},{"assetType":"boxart-medium","assetTypes":["boxart-medium"],"width":110,"height":159,"url":"https:\/\/wp14-images-hu-dynamic.horizon.tv\/HU\/Images\/bc_4ab18859df4d3431402a8a96541cc2dace5bf5de.jpg?w=110&h=159&mode=box"},{"assetType":"boxart-xlarge","assetTypes":["boxart-xlarge"],"width":210,"height":303,"url":"https:\/\/wp14-images-hu-dynamic.horizon.tv\/HU\/Images\/bc_4ab18859df4d3431402a8a96541cc2dace5bf5de.jpg?w=210&h=303&mode=box"},{"assetType":"HighResLandscape","assetTypes":["HighResLandscape"],"url":"https:\/\/wp9-images-hu-dynamic.horizon.tv\/HU\/Images\/hrl_3cba63523f57803fc48fb78d5cb29d9733878911.jpg"}],"mediaGroupId":"crid:~~2F~~2Fport.hu~~2F47507461","secondaryTitle":"(I.\/12)","shortDescription":"(I.\/12) \u00c1llati amulettjeik erej\u00e9vel Gregb\u0151l Gekk\u00f3, Amay\u00e1b\u00f3l Bagoly, Connorb\u00f3l pedig Macska lesz! Lehet, hogy \u00fagy t\u0171nik, pizsam\u00e1ban flang\u00e1lnak, de nem m\u00e1sok \u0151k, mint a Pizsih\u0151s\u00f6k!","mediaType":"Episode","year":"2015","duration":1800,"latestBroadcastStartTime":1525147200000,"latestBroadcastEndTime":1525148700000,"isReplayTv":true,"listingId":"crid:~~2F~~2Fport.hu~~2F67716678-imi:00100000005CD918","seriesEpisodeNumber":"12","seriesNumber":"1","videoStreams":[],"airDate":1420070400000,"entitlements":["crid:~~2F~~2Fupc.com~~2FReplayTV~~2FDisney_Channel_ReplayTV","VIP","_OPEN_"],"currentProductIds":["crid:~~2F~~2Fupc.com~~2FReplayTV~~2FDisney_Channel_ReplayTV"],"currentTvodProductIds":[]},"parentId":"crid:~~2F~~2Fport.hu~~2F47507461","rootId":"crid:~~2F~~2Fport.hu~~2F47507461"}