{"id":"crid:~~2F~~2Fport.hu~~2F90314573-imi:00100000005D11EE","countryCode":"HU","languageCode":"hun","deviceCode":"web","startTime":1525392000000,"endTime":1525395600000,"stationId":"826989607193","imi":"imi:00100000005D11EE","mediaGroupId":"crid:~~2F~~2Fport.hu~~2F66494604","program":{"id":"crid:~~2F~~2Fport.hu~~2F90314573","title":"A tegnap sl\u00e1gerei","description":"Zene","longDescription":"Zene","languageCode":"hun","countryCode":"HU","deviceCode":"web","medium":"TV","categories":[{"id":"271090244377","title":"Zene","scheme":"urn:tva:metadata:cs:UPCEventGenreCS:2009"}],"isAdult":false,"parentalRating":"12","cast":[],"directors":[],"images":[{"assetType":"boxart-xlarge","assetTypes":["boxart-xlarge"],"width":210,"height":303,"url":"https:\/\/wp27-images-hu-dynamic.horizon.tv\/HU\/Images\/upcgenre_60.jpg?w=210&h=303&mode=box"},{"assetType":"boxart-small","assetTypes":["boxart-small"],"width":75,"height":108,"url":"https:\/\/wp27-images-hu-dynamic.horizon.tv\/HU\/Images\/upcgenre_60.jpg?w=75&h=108&mode=box"},{"assetType":"tva-boxcover","assetTypes":["tva-boxcover"],"width":180,"height":260,"url":"https:\/\/wp27-images-hu-dynamic.horizon.tv\/HU\/Images\/upcgenre_60.jpg"},{"assetType":"boxart-medium","assetTypes":["boxart-medium"],"width":110,"height":159,"url":"https:\/\/wp27-images-hu-dynamic.horizon.tv\/HU\/Images\/upcgenre_60.jpg?w=110&h=159&mode=box"},{"assetType":"boxart-large","assetTypes":["boxart-large"],"width":180,"height":260,"url":"https:\/\/wp27-images-hu-dynamic.horizon.tv\/HU\/Images\/upcgenre_60.jpg?w=180&h=260&mode=box"}],"mediaGroupId":"crid:~~2F~~2Fport.hu~~2F66494604","shortDescription":"Zene","mediaType":"Episode","isReplayTv":false,"seriesEpisodeNumber":"1805040200","seriesNumber":"1805022255","videoStreams":[],"entitlements":["VIP","_OPEN_"],"currentProductIds":[],"currentTvodProductIds":[]},"parentId":"crid:~~2F~~2Fport.hu~~2F66494604","rootId":"crid:~~2F~~2Fport.hu~~2F66494604"}