{"id":"crid:~~2F~~2Fport.hu~~2F90575473-imi:00100000005D2FC3","countryCode":"HU","languageCode":"hun","deviceCode":"web","startTime":1525455000000,"endTime":1525456200000,"stationId":"826989607242","imi":"imi:00100000005D2FC3","mediaGroupId":"crid:~~2F~~2Fport.hu~~2F68900253","program":{"id":"crid:~~2F~~2Fport.hu~~2F90575473","title":"M4 Sport st\u00fadi\u00f3","description":"K\u00e9zilabda","longDescription":"K\u00e9zilabda","languageCode":"hun","countryCode":"HU","deviceCode":"web","medium":"TV","categories":[{"id":"271090244353","title":"Sport","scheme":"urn:tva:metadata:cs:UPCEventGenreCS:2009"}],"isAdult":false,"parentalRating":"3","cast":[],"directors":[],"images":[{"assetType":"tva-boxcover","assetTypes":["tva-boxcover"],"width":180,"height":260,"url":"https:\/\/wp15-images-hu-dynamic.horizon.tv\/HU\/Images\/upcgenre_40.jpg"},{"assetType":"boxart-xlarge","assetTypes":["boxart-xlarge"],"width":210,"height":303,"url":"https:\/\/wp15-images-hu-dynamic.horizon.tv\/HU\/Images\/upcgenre_40.jpg?w=210&h=303&mode=box"},{"assetType":"boxart-medium","assetTypes":["boxart-medium"],"width":110,"height":159,"url":"https:\/\/wp15-images-hu-dynamic.horizon.tv\/HU\/Images\/upcgenre_40.jpg?w=110&h=159&mode=box"},{"assetType":"boxart-large","assetTypes":["boxart-large"],"width":180,"height":260,"url":"https:\/\/wp15-images-hu-dynamic.horizon.tv\/HU\/Images\/upcgenre_40.jpg?w=180&h=260&mode=box"},{"assetType":"boxart-small","assetTypes":["boxart-small"],"width":75,"height":108,"url":"https:\/\/wp15-images-hu-dynamic.horizon.tv\/HU\/Images\/upcgenre_40.jpg?w=75&h=108&mode=box"}],"mediaGroupId":"crid:~~2F~~2Fport.hu~~2F68900253","secondaryTitle":"K\u00e9zilabda","shortDescription":"K\u00e9zilabda","mediaType":"Episode","isReplayTv":false,"seriesEpisodeNumber":"1805041930","seriesNumber":"1805021730","videoStreams":[],"entitlements":["VIP","_OPEN_"],"currentProductIds":[],"currentTvodProductIds":[]},"parentId":"crid:~~2F~~2Fport.hu~~2F68900253","rootId":"crid:~~2F~~2Fport.hu~~2F68900253"}