{"id":"crid:~~2F~~2Fport.hu~~2F67683840-imi:00100000005D9CF2","countryCode":"HU","languageCode":"hun","deviceCode":"web","startTime":1525415700000,"endTime":1525417500000,"stationId":"826989607194","imi":"imi:00100000005D9CF2","mediaGroupId":"crid:~~2F~~2Fport.hu~~2F4628396","program":{"id":"crid:~~2F~~2Fport.hu~~2F67683840","title":"Rosszcsont William","description":"(I.\/3) Richmal Crompton reg\u00e9nyklasszikusa alapj\u00e1n k\u00e9sz\u00fclt ez az \u00fcd\u00edt\u0151 csal\u00e1di sorozat, amely a 11 \u00e9ves William Brown \u00e9s rettenthetetlen \"t\u00f6rv\u00e9nyen k\u00edv\u00fcliekb\u0151l\" \u00e1ll\u00f3 band\u00e1ja kalandjait k\u00f6veti nyomon az 1950-es \u00e9vek Angli\u00e1j\u00e1ban, egy olyan vil\u00e1gban, ahol a gyerekek szabadon k\u00f3sz\u00e1lhattak a vid\u00e9ken, ahol a j\u00e1t\u00e9knak csak a fant\u00e1zia szabhatott hat\u00e1rt, \u00e9s ahol a k\u00f6rny\u00e9k felfedez\u00e9se minden nap reggelit\u0151l vacsor\u00e1ig tartott. A kis William \u00e9s bar\u00e1tai az elm\u00falt 70 \u00e9v sor\u00e1n feln\u0151ttek milli\u00f3b\u00f3l csalt\u00e1k el\u0151 a gyermeki \u00e9nt, \u00e9s legal\u00e1bb annyi kisfi\u00fat \u00e9s kisl\u00e1nyt var\u00e1zsoltak el; \u00edgy van ez leg\u00fajabb kalandjaikkal is, melyek szellemesek \u00e9s sz\u00f3rakoztat\u00f3ak \u2013 kicsiknek, nagyoknak egyar\u00e1nt.","longDescription":"(I.\/3) Richmal Crompton reg\u00e9nyklasszikusa alapj\u00e1n k\u00e9sz\u00fclt ez az \u00fcd\u00edt\u0151 csal\u00e1di sorozat, amely a 11 \u00e9ves William Brown \u00e9s rettenthetetlen \"t\u00f6rv\u00e9nyen k\u00edv\u00fcliekb\u0151l\" \u00e1ll\u00f3 band\u00e1ja kalandjait k\u00f6veti nyomon az 1950-es \u00e9vek Angli\u00e1j\u00e1ban, egy olyan vil\u00e1gban, ahol a gyerekek szabadon k\u00f3sz\u00e1lhattak a vid\u00e9ken, ahol a j\u00e1t\u00e9knak csak a fant\u00e1zia szabhatott hat\u00e1rt, \u00e9s ahol a k\u00f6rny\u00e9k felfedez\u00e9se minden nap reggelit\u0151l vacsor\u00e1ig tartott. A kis William \u00e9s bar\u00e1tai az elm\u00falt 70 \u00e9v sor\u00e1n feln\u0151ttek milli\u00f3b\u00f3l csalt\u00e1k el\u0151 a gyermeki \u00e9nt, \u00e9s legal\u00e1bb annyi kisfi\u00fat \u00e9s kisl\u00e1nyt var\u00e1zsoltak el; \u00edgy van ez leg\u00fajabb kalandjaikkal is, melyek szellemesek \u00e9s sz\u00f3rakoztat\u00f3ak \u2013 kicsiknek, nagyoknak egyar\u00e1nt.","languageCode":"hun","countryCode":"HU","deviceCode":"web","medium":"TV","categories":[{"id":"271090244428","title":"Dr\u00e1ma","scheme":"urn:tva:metadata:cs:UPCEventGenreCS:2009"},{"id":"271090244432","title":"Kom\u00e9dia\/Filmv\u00edgj\u00e1t\u00e9k","scheme":"urn:tva:metadata:cs:UPCEventGenreCS:2009"}],"isAdult":false,"parentalRating":"7","cast":["Rebecca Front","Daniel Ryan","Daniel Roche","Harry Melling","Jordan Grehs","Martin Jarvis","Isabella Blake-Thomas"],"directors":["Paul Seed"],"images":[{"assetType":"boxart-xlarge","assetTypes":["boxart-xlarge"],"width":210,"height":303,"url":"https:\/\/wp26-images-hu-dynamic.horizon.tv\/HU\/Images\/bc_020ad7db7259e1556ca60c77df24787e1191da93.jpg?w=210&h=303&mode=box"},{"assetType":"boxart-small","assetTypes":["boxart-small"],"width":75,"height":108,"url":"https:\/\/wp26-images-hu-dynamic.horizon.tv\/HU\/Images\/bc_020ad7db7259e1556ca60c77df24787e1191da93.jpg?w=75&h=108&mode=box"},{"assetType":"boxart-large","assetTypes":["boxart-large"],"width":180,"height":260,"url":"https:\/\/wp26-images-hu-dynamic.horizon.tv\/HU\/Images\/bc_020ad7db7259e1556ca60c77df24787e1191da93.jpg?w=180&h=260&mode=box"},{"assetType":"tva-boxcover","assetTypes":["tva-boxcover"],"width":180,"height":260,"url":"https:\/\/wp26-images-hu-dynamic.horizon.tv\/HU\/Images\/bc_020ad7db7259e1556ca60c77df24787e1191da93.jpg"},{"assetType":"boxart-medium","assetTypes":["boxart-medium"],"width":110,"height":159,"url":"https:\/\/wp26-images-hu-dynamic.horizon.tv\/HU\/Images\/bc_020ad7db7259e1556ca60c77df24787e1191da93.jpg?w=110&h=159&mode=box"},{"assetType":"HighResLandscape","assetTypes":["HighResLandscape"],"url":"https:\/\/wp27-images-hu-dynamic.horizon.tv\/HU\/Images\/hrl_5b78ad08deb9ba996c45ac961e03a4c3e64fe332.jpg"},{"assetType":"HighResPortrait","assetTypes":["HighResPortrait"],"url":"https:\/\/wp27-images-hu-dynamic.horizon.tv\/HU\/Images\/hrp_020ad7db7259e1556ca60c77df24787e1191da93.jpg"}],"mediaGroupId":"crid:~~2F~~2Fport.hu~~2F4628396","secondaryTitle":"A fuldokl\u00f3 kacsa (I.\/3)","shortDescription":"A 11 \u00e9ves William Brown \u00e9s rettenthetetlen \"t\u00f6rv\u00e9nyen k\u00edv\u00fcliekb\u0151l\" \u00e1ll\u00f3 band\u00e1ja kalandjait k\u00f6veti nyomon az 1950-es \u00e9vek Angli\u00e1j\u00e1ban, ahol a gyerekek szabadon k\u00f3sz\u00e1lhattak a vid\u00e9ken.","mediaType":"Episode","year":"2010","isReplayTv":false,"seriesEpisodeNumber":"3","seriesNumber":"1","videoStreams":[],"airDate":1262304000000,"entitlements":["VIP","_OPEN_"],"currentProductIds":[],"currentTvodProductIds":[]},"parentId":"crid:~~2F~~2Fport.hu~~2F4628396","rootId":"crid:~~2F~~2Fport.hu~~2F4628396"}