{"id":"crid:~~2F~~2Fport.hu~~2F63813989-imi:00100000005D5AD9","countryCode":"HU","languageCode":"hun","deviceCode":"web","startTime":1525702500000,"endTime":1525705800000,"stationId":"826989607211","imi":"imi:00100000005D5AD9","mediaGroupId":"crid:~~2F~~2Fport.hu~~2F5043311","program":{"id":"crid:~~2F~~2Fport.hu~~2F63813989","title":"Amerikai kincskeres\u0151k","description":"(XVI.\/10) Mike Wolfe \u00e9s Frank Fritz \u00fajrahasznos\u00edt\u00f3 akci\u00f3ra indul Amerik\u00e1ban. Kikotorj\u00e1k a szem\u00e9tdombokb\u00f3l, alagsorokb\u00f3l, pinc\u00e9kb\u0151l \u00e9s pajt\u00e1kb\u00f3l a rejtett kincseket, \u00e9rdekes emberekkel tal\u00e1lkoznak, \u00e9s elk\u00e9peszt\u0151 t\u00f6rt\u00e9neteket hallanak. Ha eddig azt hitt\u00e9k, hogy a m\u0171kereskedelem csak eleg\u00e1ns \u00fczletekben zajlik, a sorozat ut\u00e1n meggondolj\u00e1k magukat, mik\u00f6zben megtanulnak egyet s m\u00e1st az amerikai t\u00f6rt\u00e9nelemr\u0151l.","longDescription":"(XVI.\/10) Mike Wolfe \u00e9s Frank Fritz \u00fajrahasznos\u00edt\u00f3 akci\u00f3ra indul Amerik\u00e1ban. Kikotorj\u00e1k a szem\u00e9tdombokb\u00f3l, alagsorokb\u00f3l, pinc\u00e9kb\u0151l \u00e9s pajt\u00e1kb\u00f3l a rejtett kincseket, \u00e9rdekes emberekkel tal\u00e1lkoznak, \u00e9s elk\u00e9peszt\u0151 t\u00f6rt\u00e9neteket hallanak. Ha eddig azt hitt\u00e9k, hogy a m\u0171kereskedelem csak eleg\u00e1ns \u00fczletekben zajlik, a sorozat ut\u00e1n meggondolj\u00e1k magukat, mik\u00f6zben megtanulnak egyet s m\u00e1st az amerikai t\u00f6rt\u00e9nelemr\u0151l.","languageCode":"hun","countryCode":"HU","deviceCode":"web","medium":"TV","categories":[{"id":"271090244349","title":"Show","scheme":"urn:tva:metadata:cs:UPCEventGenreCS:2009"}],"isAdult":false,"parentalRating":"12","cast":[],"directors":["Jerry Carita","Guy Fiorita","Adam Matalon","Todd Broder"],"images":[{"assetType":"boxart-medium","assetTypes":["boxart-medium"],"width":110,"height":159,"url":"https:\/\/wp23-images-hu-dynamic.horizon.tv\/HU\/Images\/bc_058f842c233a980455bd205ad9e2a9f62044a9cc.jpg?w=110&h=159&mode=box"},{"assetType":"boxart-small","assetTypes":["boxart-small"],"width":75,"height":108,"url":"https:\/\/wp23-images-hu-dynamic.horizon.tv\/HU\/Images\/bc_058f842c233a980455bd205ad9e2a9f62044a9cc.jpg?w=75&h=108&mode=box"},{"assetType":"boxart-xlarge","assetTypes":["boxart-xlarge"],"width":210,"height":303,"url":"https:\/\/wp23-images-hu-dynamic.horizon.tv\/HU\/Images\/bc_058f842c233a980455bd205ad9e2a9f62044a9cc.jpg?w=210&h=303&mode=box"},{"assetType":"boxart-large","assetTypes":["boxart-large"],"width":180,"height":260,"url":"https:\/\/wp23-images-hu-dynamic.horizon.tv\/HU\/Images\/bc_058f842c233a980455bd205ad9e2a9f62044a9cc.jpg?w=180&h=260&mode=box"},{"assetType":"tva-boxcover","assetTypes":["tva-boxcover"],"width":180,"height":260,"url":"https:\/\/wp23-images-hu-dynamic.horizon.tv\/HU\/Images\/bc_058f842c233a980455bd205ad9e2a9f62044a9cc.jpg"}],"mediaGroupId":"crid:~~2F~~2Fport.hu~~2F5043311","secondaryTitle":"V\u00edzitanya (XVI.\/10)","shortDescription":"Mike Wolfe \u00e9s Frank Fritz \u00fajrahasznos\u00edt\u00f3 akci\u00f3ra indul Amerik\u00e1ban. Kikotorj\u00e1k a szem\u00e9tdombokb\u00f3l, alagsorokb\u00f3l, pinc\u00e9kb\u0151l \u00e9s pajt\u00e1kb\u00f3l a rejtett kincseket \u00e9s \u00e9rdekes emberekkel tal\u00e1lkoznak.","mediaType":"Episode","year":"2017","isReplayTv":false,"seriesEpisodeNumber":"10","seriesNumber":"16","videoStreams":[],"airDate":1483228800000,"entitlements":["VIP","_OPEN_"],"currentProductIds":[],"currentTvodProductIds":[]},"parentId":"crid:~~2F~~2Fport.hu~~2F5043311","rootId":"crid:~~2F~~2Fport.hu~~2F5043311"}