{"id":"crid:~~2F~~2Fport.hu~~2F67978928-imi:00100000005D59B0","countryCode":"HU","languageCode":"hun","deviceCode":"web","startTime":1525668600000,"endTime":1525670100000,"stationId":"826989607183","imi":"imi:00100000005D59B0","mediaGroupId":"crid:~~2F~~2Fport.hu~~2F67971937","program":{"id":"crid:~~2F~~2Fport.hu~~2F67978928","title":"Shamwari \u2013 \u00c9let a vadonban","description":"(I.\/13) Johan \u00e9s John megpr\u00f3b\u00e1l megbillogozni egy s\u00e9r\u00fclt orrszarv\u00fat, de amikor az seg\u00edts\u00e9get kap t\u00e1rsait\u00f3l, a helyzet kezd neh\u00e9zz\u00e9 v\u00e1lni.","longDescription":"(I.\/13) Johan \u00e9s John megpr\u00f3b\u00e1l megbillogozni egy s\u00e9r\u00fclt orrszarv\u00fat, de amikor az seg\u00edts\u00e9get kap t\u00e1rsait\u00f3l, a helyzet kezd neh\u00e9zz\u00e9 v\u00e1lni.","languageCode":"hun","countryCode":"HU","deviceCode":"web","medium":"TV","categories":[{"id":"271090244411","title":"Szabadid\u0151","scheme":"urn:tva:metadata:cs:UPCEventGenreCS:2009"}],"isAdult":false,"parentalRating":"3","cast":["Lyndal Davies"],"directors":["Lyndal Davies"],"images":[{"assetType":"boxart-medium","assetTypes":["boxart-medium"],"width":110,"height":159,"url":"https:\/\/wp17-images-hu-dynamic.horizon.tv\/HU\/Images\/upcgenre_A0.jpg?w=110&h=159&mode=box"},{"assetType":"boxart-large","assetTypes":["boxart-large"],"width":180,"height":260,"url":"https:\/\/wp17-images-hu-dynamic.horizon.tv\/HU\/Images\/upcgenre_A0.jpg?w=180&h=260&mode=box"},{"assetType":"tva-boxcover","assetTypes":["tva-boxcover"],"width":180,"height":260,"url":"https:\/\/wp17-images-hu-dynamic.horizon.tv\/HU\/Images\/upcgenre_A0.jpg"},{"assetType":"boxart-small","assetTypes":["boxart-small"],"width":75,"height":108,"url":"https:\/\/wp17-images-hu-dynamic.horizon.tv\/HU\/Images\/upcgenre_A0.jpg?w=75&h=108&mode=box"},{"assetType":"boxart-xlarge","assetTypes":["boxart-xlarge"],"width":210,"height":303,"url":"https:\/\/wp17-images-hu-dynamic.horizon.tv\/HU\/Images\/upcgenre_A0.jpg?w=210&h=303&mode=box"},{"assetType":"HighResLandscape","assetTypes":["HighResLandscape"],"url":"https:\/\/wp27-images-hu-dynamic.horizon.tv\/HU\/Images\/hrl_2966bfc662c6f7ea0c0aefe97dfba8b05b0939af.jpg"}],"mediaGroupId":"crid:~~2F~~2Fport.hu~~2F67971937","secondaryTitle":"(I.\/13)","shortDescription":"Az afrikai Shamwari Rezerv\u00e1tum doktorainak \u00e9s \u00e1pol\u00f3inak munk\u00e1ja kicsit sem vesz\u00e9lytelen. Huszon\u00f6tezer hekt\u00e1rnyi h\u00e1bor\u00edtatlan ter\u00fcleten kell gondoskodniuk az ott \u00e9l\u0151, v\u00e9dett \u00e1llatok j\u00f3ll\u00e9tr\u0151l.","mediaType":"Episode","year":"2008","isReplayTv":false,"seriesEpisodeNumber":"13","seriesNumber":"1","videoStreams":[],"airDate":1199145600000,"entitlements":["VIP","_OPEN_"],"currentProductIds":[],"currentTvodProductIds":[]},"parentId":"crid:~~2F~~2Fport.hu~~2F67971937","rootId":"crid:~~2F~~2Fport.hu~~2F67971937"}