{"id":"crid:~~2F~~2Fport.hu~~2F90631777-imi:00100000005D46AC","countryCode":"HU","languageCode":"hun","deviceCode":"web","startTime":1525505400000,"endTime":1525507200000,"stationId":"826989607122","imi":"imi:00100000005D46AC","mediaGroupId":"crid:~~2F~~2Fport.hu~~2F90629998","program":{"id":"crid:~~2F~~2Fport.hu~~2F90631777","title":"Az Evang\u00e9lium Ereje \u2013 Andrew Wommack tan\u00edt\u00e1sa","description":"Kegyelem Vall\u00e1si M\u0171sor A kereszty\u00e9nek nagy r\u00e9sze \u00fagy hiszi, hogy \u00fcdv\u00f6ss\u00e9g\u00fck r\u00e9szben, vagy eg\u00e9szben saj\u00e1t viselked\u00e9s\u00fck\u00f6n \u00e9s cselekedeteiken m\u00falik.Sokan elfogadj\u00e1k, hogy J\u00e9zus az \u0151 Megv\u00e1lt\u00f3juk, de azt is hiszik, hogy meg kell felelni\u00fck egy bizonyos m\u00e9rc\u00e9nek, hogy el\u00e9g \"j\u00f3k\" legyenek.Ha ez igaz, akkor mi ez a m\u00e9rce, \u00e9s honnan tudhatjuk, megfelelt\u00fcnk-e?Az Egyh\u00e1z \u00e9vsz\u00e1zadokon \u00e1t pr\u00f3b\u00e1lta megv\u00e1laszolni ezeket a k\u00e9rd\u00e9seket \u00e9s ezek a v\u00e1laszok mindig vall\u00e1sos \u00e9s t\u00f6rv\u00e9nyesked\u0151 k\u00f6tel\u00e9kekhez vezettek.Akkor h\u00e1t mi a v\u00e1lasz? Ennek megv\u00e1laszol\u00e1s\u00e1hoz a megfelel\u0151 k\u00e9rd\u00e9st kell feltenn\u00fcnk. Nem azt, hogy \"Mit kell tenn\u00fcnk?\", hanem azt: \"Mit tett J\u00e9zus?\"","longDescription":"Kegyelem Vall\u00e1si M\u0171sor A kereszty\u00e9nek nagy r\u00e9sze \u00fagy hiszi, hogy \u00fcdv\u00f6ss\u00e9g\u00fck r\u00e9szben, vagy eg\u00e9szben saj\u00e1t viselked\u00e9s\u00fck\u00f6n \u00e9s cselekedeteiken m\u00falik.Sokan elfogadj\u00e1k, hogy J\u00e9zus az \u0151 Megv\u00e1lt\u00f3juk, de azt is hiszik, hogy meg kell felelni\u00fck egy bizonyos m\u00e9rc\u00e9nek, hogy el\u00e9g \"j\u00f3k\" legyenek.Ha ez igaz, akkor mi ez a m\u00e9rce, \u00e9s honnan tudhatjuk, megfelelt\u00fcnk-e?Az Egyh\u00e1z \u00e9vsz\u00e1zadokon \u00e1t pr\u00f3b\u00e1lta megv\u00e1laszolni ezeket a k\u00e9rd\u00e9seket \u00e9s ezek a v\u00e1laszok mindig vall\u00e1sos \u00e9s t\u00f6rv\u00e9nyesked\u0151 k\u00f6tel\u00e9kekhez vezettek.Akkor h\u00e1t mi a v\u00e1lasz? Ennek megv\u00e1laszol\u00e1s\u00e1hoz a megfelel\u0151 k\u00e9rd\u00e9st kell feltenn\u00fcnk. Nem azt, hogy \"Mit kell tenn\u00fcnk?\", hanem azt: \"Mit tett J\u00e9zus?\"","languageCode":"hun","countryCode":"HU","deviceCode":"web","medium":"TV","categories":[{"id":"271090244398","title":"T\u00e1rsadalmi\/Politikai","scheme":"urn:tva:metadata:cs:UPCEventGenreCS:2009"}],"isAdult":false,"parentalRating":"12","cast":[],"directors":[],"images":[{"assetType":"tva-boxcover","assetTypes":["tva-boxcover"],"width":180,"height":260,"url":"https:\/\/wp15-images-hu-dynamic.horizon.tv\/HU\/Images\/upcgenre_80.jpg"},{"assetType":"boxart-medium","assetTypes":["boxart-medium"],"width":110,"height":159,"url":"https:\/\/wp15-images-hu-dynamic.horizon.tv\/HU\/Images\/upcgenre_80.jpg?w=110&h=159&mode=box"},{"assetType":"boxart-small","assetTypes":["boxart-small"],"width":75,"height":108,"url":"https:\/\/wp15-images-hu-dynamic.horizon.tv\/HU\/Images\/upcgenre_80.jpg?w=75&h=108&mode=box"},{"assetType":"boxart-xlarge","assetTypes":["boxart-xlarge"],"width":210,"height":303,"url":"https:\/\/wp15-images-hu-dynamic.horizon.tv\/HU\/Images\/upcgenre_80.jpg?w=210&h=303&mode=box"},{"assetType":"boxart-large","assetTypes":["boxart-large"],"width":180,"height":260,"url":"https:\/\/wp15-images-hu-dynamic.horizon.tv\/HU\/Images\/upcgenre_80.jpg?w=180&h=260&mode=box"}],"mediaGroupId":"crid:~~2F~~2Fport.hu~~2F90629998","shortDescription":"Kegyelem Vall\u00e1si M\u0171sor A kereszty\u00e9nek nagy r\u00e9sze \u00fagy hiszi, hogy \u00fcdv\u00f6ss\u00e9g\u00fck r\u00e9szben, vagy eg\u00e9szben saj\u00e1t viselked\u00e9s\u00fck\u00f6n \u00e9s cselekedeteiken m\u00falik.Sokan elfogadj\u00e1k, hogy J\u00e9zus az \u0151 Megv\u00e1lt\u00f3juk, de...","mediaType":"Episode","isReplayTv":false,"seriesEpisodeNumber":"1805050930","seriesNumber":"1805030930","videoStreams":[],"entitlements":["VIP","_OPEN_"],"currentProductIds":[],"currentTvodProductIds":[]},"parentId":"crid:~~2F~~2Fport.hu~~2F90629998","rootId":"crid:~~2F~~2Fport.hu~~2F90629998"}