{"id":"crid:~~2F~~2Fport.hu~~2F67887399-imi:00100000005D0BEC","countryCode":"HU","languageCode":"hun","deviceCode":"web","startTime":1525390200000,"endTime":1525392000000,"stationId":"826989607173","imi":"imi:00100000005D0BEC","mediaGroupId":"crid:~~2F~~2Fport.hu~~2F67884248","program":{"id":"crid:~~2F~~2Fport.hu~~2F67887399","title":"Pannon expressz","description":"A vas\u00fat seg\u00edts\u00e9g\u00e9vel bebarangoljuk Magyarorsz\u00e1g \u00e9s a hat\u00e1ron t\u00fali ter\u00fcletek v\u00e1rosait, falvait. A helyiek seg\u00edts\u00e9g\u00e9vel a k\u00f6zismert nevezetess\u00e9geken t\u00fal bemutatjuk mindazt, ami\u00e9rt j\u00f3 ott \u00e9lni vagy \u00e9rdemes odautazni. Rejtett titkok, kultur\u00e1lis gy\u00f6ngyszemek, v\u00e1rosi legend\u00e1k \u2013 amik az \u00fatik\u00f6nyvb\u0151l mind kimaradtak.","longDescription":"A vas\u00fat seg\u00edts\u00e9g\u00e9vel bebarangoljuk Magyarorsz\u00e1g \u00e9s a hat\u00e1ron t\u00fali ter\u00fcletek v\u00e1rosait, falvait. A helyiek seg\u00edts\u00e9g\u00e9vel a k\u00f6zismert nevezetess\u00e9geken t\u00fal bemutatjuk mindazt, ami\u00e9rt j\u00f3 ott \u00e9lni vagy \u00e9rdemes odautazni. Rejtett titkok, kultur\u00e1lis gy\u00f6ngyszemek, v\u00e1rosi legend\u00e1k \u2013 amik az \u00fatik\u00f6nyvb\u0151l mind kimaradtak.","languageCode":"hun","countryCode":"HU","deviceCode":"web","medium":"TV","categories":[{"id":"271090244411","title":"Szabadid\u0151","scheme":"urn:tva:metadata:cs:UPCEventGenreCS:2009"},{"id":"271090244412","title":"Utaz\u00e1s","scheme":"urn:tva:metadata:cs:UPCEventGenreCS:2009"}],"isAdult":false,"parentalRating":"12","cast":[],"directors":["Bagota B\u00e9la"],"images":[{"assetType":"boxart-large","assetTypes":["boxart-large"],"width":180,"height":260,"url":"https:\/\/wp12-images-hu-dynamic.horizon.tv\/HU\/Images\/upcgenre_A1.jpg?w=180&h=260&mode=box"},{"assetType":"boxart-small","assetTypes":["boxart-small"],"width":75,"height":108,"url":"https:\/\/wp12-images-hu-dynamic.horizon.tv\/HU\/Images\/upcgenre_A1.jpg?w=75&h=108&mode=box"},{"assetType":"tva-boxcover","assetTypes":["tva-boxcover"],"width":180,"height":260,"url":"https:\/\/wp12-images-hu-dynamic.horizon.tv\/HU\/Images\/upcgenre_A1.jpg"},{"assetType":"boxart-xlarge","assetTypes":["boxart-xlarge"],"width":210,"height":303,"url":"https:\/\/wp12-images-hu-dynamic.horizon.tv\/HU\/Images\/upcgenre_A1.jpg?w=210&h=303&mode=box"},{"assetType":"boxart-medium","assetTypes":["boxart-medium"],"width":110,"height":159,"url":"https:\/\/wp12-images-hu-dynamic.horizon.tv\/HU\/Images\/upcgenre_A1.jpg?w=110&h=159&mode=box"},{"assetType":"HighResLandscape","assetTypes":["HighResLandscape"],"url":"https:\/\/wp26-images-hu-dynamic.horizon.tv\/HU\/Images\/hrl_35001731577e9ebf214c0d046363d294574e7125.jpg"}],"mediaGroupId":"crid:~~2F~~2Fport.hu~~2F67884248","secondaryTitle":"Nagyk\u00e1ll\u00f3","shortDescription":"A vas\u00fat seg\u00edts\u00e9g\u00e9vel bebarangoljuk Magyarorsz\u00e1g \u00e9s a hat\u00e1ron t\u00fali ter\u00fcletek v\u00e1rosait, falvait. Rejtett titkok, kultur\u00e1lis gy\u00f6ngyszemek, v\u00e1rosi legend\u00e1k \u2013 amik az \u00fatik\u00f6nyvb\u0151l mind kimaradtak.","mediaType":"Episode","year":"2013","isReplayTv":false,"seriesEpisodeNumber":"1805040130","seriesNumber":"1805040130","videoStreams":[],"airDate":1356998400000,"entitlements":["VIP","_OPEN_"],"currentProductIds":[],"currentTvodProductIds":[]},"parentId":"crid:~~2F~~2Fport.hu~~2F67884248","rootId":"crid:~~2F~~2Fport.hu~~2F67884248"}