{"id":"crid:~~2F~~2Fport.hu~~2F30692154-imi:00100000005D89BC","countryCode":"HU","languageCode":"hun","deviceCode":"web","startTime":1525596900000,"endTime":1525601400000,"stationId":"826989607163","imi":"imi:00100000005D89BC","mediaGroupId":"crid:~~2F~~2Fport.hu~~2F30692154","program":{"id":"crid:~~2F~~2Fport.hu~~2F30692154","title":"\u00c1llati mes\u00e9k 2.: Tekn\u0151s vs. Ny\u00fal","description":"Jim Henson anim\u00e1ci\u00f3s st\u00fadi\u00f3j\u00e1b\u00f3l \u00e9rkezett ez a szokatlanul sz\u00f3kimond\u00f3 rajzfilm, amely modern k\u00f6rnyezetbe helyezi \u00e1t a ny\u00fal \u00e9s a tekn\u0151s tanuls\u00e1gos mes\u00e9j\u00e9t. \"Lassan, de biztosan\", vallja Tekn\u0151s \u00far, \u00e9s az az a m\u00f3dszer, amellyel anno legy\u0151zte az izg\u00e1ga Ny\u00fal urat abban a vil\u00e1gklasszis versenyben, melyet az\u00f3ta is mindenki emleget. F\u0151leg a sz\u0151r\u00f6s j\u00f3sz\u00e1g, aki eme veres\u00e9get soha nem volt k\u00e9pes feldolgozni, \u00e9s most visszav\u00e1g\u00f3t k\u00f6vetel \u2013 persze, esze \u00e1g\u00e1ban sincs m\u00e9g egyszer elk\u00f6vetni ugyanazokat a hib\u00e1kat, mint kor\u00e1bban. No, erre a meccsre, melyben m\u00e1r a Tekn\u0151s- \u00e9s Ny\u00fal-csal\u00e1d ifjabb tagjai is r\u00e9szt vesznek, bizony \u00f6sszegy\u0171lik majd az erd\u0151 apraja-nagyja.","longDescription":"Jim Henson anim\u00e1ci\u00f3s st\u00fadi\u00f3j\u00e1b\u00f3l \u00e9rkezett ez a szokatlanul sz\u00f3kimond\u00f3 rajzfilm, amely modern k\u00f6rnyezetbe helyezi \u00e1t a ny\u00fal \u00e9s a tekn\u0151s tanuls\u00e1gos mes\u00e9j\u00e9t. \"Lassan, de biztosan\", vallja Tekn\u0151s \u00far, \u00e9s az az a m\u00f3dszer, amellyel anno legy\u0151zte az izg\u00e1ga Ny\u00fal urat abban a vil\u00e1gklasszis versenyben, melyet az\u00f3ta is mindenki emleget. F\u0151leg a sz\u0151r\u00f6s j\u00f3sz\u00e1g, aki eme veres\u00e9get soha nem volt k\u00e9pes feldolgozni, \u00e9s most visszav\u00e1g\u00f3t k\u00f6vetel \u2013 persze, esze \u00e1g\u00e1ban sincs m\u00e9g egyszer elk\u00f6vetni ugyanazokat a hib\u00e1kat, mint kor\u00e1bban. No, erre a meccsre, melyben m\u00e1r a Tekn\u0151s- \u00e9s Ny\u00fal-csal\u00e1d ifjabb tagjai is r\u00e9szt vesznek, bizony \u00f6sszegy\u0171lik majd az erd\u0151 apraja-nagyja.","languageCode":"hun","countryCode":"HU","deviceCode":"web","medium":"Movie","categories":[{"id":"271090244339","title":"csal\u00e1d","scheme":"urn:tva:metadata:cs:UPCEventGenreCS:2009"}],"isAdult":false,"parentalRating":"12","cast":["Drake Bell","Chris Elwood","Vivica A. Fox","Adam Friedman","Danny Glover"],"directors":["Howard E. Baker","Arish Fyzee"],"images":[{"assetType":"boxart-medium","assetTypes":["boxart-medium"],"width":110,"height":159,"url":"https:\/\/wp22-images-hu-dynamic.horizon.tv\/HU\/Images\/bc_0a8bba38371b7da8d1ef9472674b6e970e0b8f55.jpg?w=110&h=159&mode=box"},{"assetType":"boxart-small","assetTypes":["boxart-small"],"width":75,"height":108,"url":"https:\/\/wp22-images-hu-dynamic.horizon.tv\/HU\/Images\/bc_0a8bba38371b7da8d1ef9472674b6e970e0b8f55.jpg?w=75&h=108&mode=box"},{"assetType":"boxart-large","assetTypes":["boxart-large"],"width":180,"height":260,"url":"https:\/\/wp22-images-hu-dynamic.horizon.tv\/HU\/Images\/bc_0a8bba38371b7da8d1ef9472674b6e970e0b8f55.jpg?w=180&h=260&mode=box"},{"assetType":"boxart-xlarge","assetTypes":["boxart-xlarge"],"width":210,"height":303,"url":"https:\/\/wp22-images-hu-dynamic.horizon.tv\/HU\/Images\/bc_0a8bba38371b7da8d1ef9472674b6e970e0b8f55.jpg?w=210&h=303&mode=box"},{"assetType":"tva-boxcover","assetTypes":["tva-boxcover"],"width":180,"height":260,"url":"https:\/\/wp22-images-hu-dynamic.horizon.tv\/HU\/Images\/bc_0a8bba38371b7da8d1ef9472674b6e970e0b8f55.jpg"},{"assetType":"HighResLandscape","assetTypes":["HighResLandscape"],"url":"https:\/\/wp3-images-hu-dynamic.horizon.tv\/HU\/Images\/hrl_918e15d7ae99db186712701b3dbb1c108d2ba28b.jpg"}],"mediaGroupId":"crid:~~2F~~2Fport.hu~~2F30692154","shortDescription":"A rajzfilm modern k\u00f6rnyezetbe helyezi \u00e1t a ny\u00fal \u00e9s a tekn\u0151s tanuls\u00e1gos mes\u00e9j\u00e9t. \"Lassan, de biztosan\", vallja Tekn\u0151s \u00far. Ez az a m\u00f3dszer, amellyel anno legy\u0151zte az izg\u00e1ga Ny\u00fal urat.","mediaType":"FeatureFilm","year":"2008","isReplayTv":false,"videoStreams":[],"airDate":1199145600000,"entitlements":["VIP","_OPEN_"],"currentProductIds":[],"currentTvodProductIds":[]},"parentId":"crid:~~2F~~2Fport.hu~~2F30692154","rootId":"crid:~~2F~~2Fport.hu~~2F30692154"}