{"id":"crid:~~2F~~2Fport.hu~~2F19717906-imi:00100000005D5DBF","countryCode":"HU","languageCode":"hun","deviceCode":"web","startTime":1525689120000,"endTime":1525689900000,"stationId":"826989607227","imi":"imi:00100000005D5DBF","mediaGroupId":"crid:~~2F~~2Fport.hu~~2F16339693","program":{"id":"crid:~~2F~~2Fport.hu~~2F19717906","title":"Masha \u00e9s a medve","description":"(I.\/4) Hogyan boldogul egy kicsi l\u00e1ny a nagyvil\u00e1gban a bonyolult feladatok megold\u00e1s\u00e1val, amit a feln\u0151ttek b\u00edznak r\u00e1? Ha van seg\u00edts\u00e9g, ugye m\u00e1ris k\u00f6nnyebben megy minden? Masha nyughatatlan kisl\u00e1ny, aki mindig tele van energi\u00e1val, s nem b\u00edr a fenek\u00e9n meg\u00fclni. \u00cdgy azt\u00e1n nem csoda, hogy bar\u00e1tj\u00e1val, a nyugis, lust\u00e1cska medv\u00e9vel folyton elk\u00e9peszt\u0151 kalandokba keverednek. Ha velu?k tartasz, t\u00e9ged is megtan\u00edtanak arra, mit jelent a bar\u00e1ts\u00e1g, a gondoskod\u00e1s, a kreativit\u00e1s \u00e9s a szabads\u00e1g.","longDescription":"(I.\/4) Hogyan boldogul egy kicsi l\u00e1ny a nagyvil\u00e1gban a bonyolult feladatok megold\u00e1s\u00e1val, amit a feln\u0151ttek b\u00edznak r\u00e1? Ha van seg\u00edts\u00e9g, ugye m\u00e1ris k\u00f6nnyebben megy minden? Masha nyughatatlan kisl\u00e1ny, aki mindig tele van energi\u00e1val, s nem b\u00edr a fenek\u00e9n meg\u00fclni. \u00cdgy azt\u00e1n nem csoda, hogy bar\u00e1tj\u00e1val, a nyugis, lust\u00e1cska medv\u00e9vel folyton elk\u00e9peszt\u0151 kalandokba keverednek. Ha velu?k tartasz, t\u00e9ged is megtan\u00edtanak arra, mit jelent a bar\u00e1ts\u00e1g, a gondoskod\u00e1s, a kreativit\u00e1s \u00e9s a szabads\u00e1g.","languageCode":"hun","countryCode":"HU","deviceCode":"web","medium":"TV","categories":[{"id":"271090244371","title":"Gyermek\/Ifj\u00fas\u00e1gi","scheme":"urn:tva:metadata:cs:UPCEventGenreCS:2009"},{"id":"271090244376","title":"Rajzfilm","scheme":"urn:tva:metadata:cs:UPCEventGenreCS:2009"}],"isAdult":false,"parentalRating":"6","cast":["Kukushkina Alina"],"directors":[],"images":[{"assetType":"boxart-xlarge","assetTypes":["boxart-xlarge"],"width":210,"height":303,"url":"https:\/\/wp16-images-hu-dynamic.horizon.tv\/HU\/Images\/bc_d2e93c8c55e3ada7bbc1e02c5c36690231f14dd6.jpg?w=210&h=303&mode=box"},{"assetType":"boxart-small","assetTypes":["boxart-small"],"width":75,"height":108,"url":"https:\/\/wp16-images-hu-dynamic.horizon.tv\/HU\/Images\/bc_d2e93c8c55e3ada7bbc1e02c5c36690231f14dd6.jpg?w=75&h=108&mode=box"},{"assetType":"tva-boxcover","assetTypes":["tva-boxcover"],"width":180,"height":260,"url":"https:\/\/wp16-images-hu-dynamic.horizon.tv\/HU\/Images\/bc_d2e93c8c55e3ada7bbc1e02c5c36690231f14dd6.jpg"},{"assetType":"boxart-large","assetTypes":["boxart-large"],"width":180,"height":260,"url":"https:\/\/wp16-images-hu-dynamic.horizon.tv\/HU\/Images\/bc_d2e93c8c55e3ada7bbc1e02c5c36690231f14dd6.jpg?w=180&h=260&mode=box"},{"assetType":"boxart-medium","assetTypes":["boxart-medium"],"width":110,"height":159,"url":"https:\/\/wp16-images-hu-dynamic.horizon.tv\/HU\/Images\/bc_d2e93c8c55e3ada7bbc1e02c5c36690231f14dd6.jpg?w=110&h=159&mode=box"},{"assetType":"HighResPortrait","assetTypes":["HighResPortrait"],"url":"https:\/\/wp9-images-hu-dynamic.horizon.tv\/HU\/Images\/hrp_d2e93c8c55e3ada7bbc1e02c5c36690231f14dd6.jpg"},{"assetType":"HighResLandscape","assetTypes":["HighResLandscape"],"url":"https:\/\/wp9-images-hu-dynamic.horizon.tv\/HU\/Images\/hrl_1381738ec65ba598a3da1611399334a707030fa6.jpg"}],"mediaGroupId":"crid:~~2F~~2Fport.hu~~2F16339693","secondaryTitle":"(I.\/4)","shortDescription":"Masha nyughatatlan kisl\u00e1ny, aki mindig tele van energi\u00e1val. Bar\u00e1tj\u00e1val, a nyugis, lust\u00e1cska medv\u00e9vel folyton elk\u00e9peszt\u0151 kalandokba keverednek.","mediaType":"Episode","year":"2010","duration":600,"latestBroadcastStartTime":1525533600000,"latestBroadcastEndTime":1525534200000,"isReplayTv":true,"listingId":"crid:~~2F~~2Fport.hu~~2F19717906-imi:00100000005D3504","seriesEpisodeNumber":"4","seriesNumber":"1","videoStreams":[],"airDate":1262304000000,"entitlements":["crid:~~2F~~2Fupc.com~~2FReplayTV~~2FMinimax_C8_ReplayTV_CU","VIP","_OPEN_"],"currentProductIds":["crid:~~2F~~2Fupc.com~~2FReplayTV~~2FMinimax_C8_ReplayTV_CU"],"currentTvodProductIds":[]},"parentId":"crid:~~2F~~2Fport.hu~~2F16339693","rootId":"crid:~~2F~~2Fport.hu~~2F16339693"}