{"id":"crid:~~2F~~2Fport.hu~~2F72588198-imi:00100000005D1337","countryCode":"HU","languageCode":"hun","deviceCode":"web","startTime":1525393500000,"endTime":1525396500000,"stationId":"826989607175","imi":"imi:00100000005D1337","mediaGroupId":"crid:~~2F~~2Fport.hu~~2F61786681","program":{"id":"crid:~~2F~~2Fport.hu~~2F72588198","title":"Tiszta sz\u00edvvel","description":"(69) Joaqu\u00edn Fuentes-Guerra hal\u00e1la el\u0151tt elismeri t\u00f6rv\u00e9nytelen fi\u00e1t, a szeg\u00e9nyek orvosak\u00e9nt ismert Manuelt. Az arisztokrata sz\u00e1rmaz\u00e1s\u00fa Matilde szerelmes Adolf\u00f3ba, aki szeg\u00e9ny katonatiszt, \u00e9s a l\u00e1ny rem\u00e9nykedik benne, hogy apja megengedi, hogy \u00f6sszeh\u00e1zasodjanak.","longDescription":"(69) Joaqu\u00edn Fuentes-Guerra hal\u00e1la el\u0151tt elismeri t\u00f6rv\u00e9nytelen fi\u00e1t, a szeg\u00e9nyek orvosak\u00e9nt ismert Manuelt. Az arisztokrata sz\u00e1rmaz\u00e1s\u00fa Matilde szerelmes Adolf\u00f3ba, aki szeg\u00e9ny katonatiszt, \u00e9s a l\u00e1ny rem\u00e9nykedik benne, hogy apja megengedi, hogy \u00f6sszeh\u00e1zasodjanak.","languageCode":"hun","countryCode":"HU","deviceCode":"web","medium":"TV","categories":[{"id":"271090244428","title":"Dr\u00e1ma","scheme":"urn:tva:metadata:cs:UPCEventGenreCS:2009"},{"id":"271090244433","title":"Melodr\u00e1ma","scheme":"urn:tva:metadata:cs:UPCEventGenreCS:2009"}],"isAdult":false,"parentalRating":"12","cast":["Adela Noriega","Fernando Colunga","Mauricio Islas","Helena Rojo","Mariana Levy","Chantal Andere","Ana Bertha Esp\u00edn","Rafael Rojas","Mario Iv\u00e1n Mart\u00ednez","Mar\u00eda Sort\u00e9","Frances Ondiviela","Jacqueline Voltaire","Adal Ramones","Mauricio Herrera","Olivia Bucio","Fabi\u00e1n Lavalle"],"directors":["Eric Morales","Monica Miguel"],"images":[{"assetType":"boxart-large","assetTypes":["boxart-large"],"width":180,"height":260,"url":"https:\/\/wp2-images-hu-dynamic.horizon.tv\/HU\/Images\/bc_3fcf030008b142776ffa016b243feec4242d866e.jpg?w=180&h=260&mode=box"},{"assetType":"boxart-medium","assetTypes":["boxart-medium"],"width":110,"height":159,"url":"https:\/\/wp2-images-hu-dynamic.horizon.tv\/HU\/Images\/bc_3fcf030008b142776ffa016b243feec4242d866e.jpg?w=110&h=159&mode=box"},{"assetType":"tva-boxcover","assetTypes":["tva-boxcover"],"width":180,"height":260,"url":"https:\/\/wp2-images-hu-dynamic.horizon.tv\/HU\/Images\/bc_3fcf030008b142776ffa016b243feec4242d866e.jpg"},{"assetType":"boxart-xlarge","assetTypes":["boxart-xlarge"],"width":210,"height":303,"url":"https:\/\/wp2-images-hu-dynamic.horizon.tv\/HU\/Images\/bc_3fcf030008b142776ffa016b243feec4242d866e.jpg?w=210&h=303&mode=box"},{"assetType":"boxart-small","assetTypes":["boxart-small"],"width":75,"height":108,"url":"https:\/\/wp2-images-hu-dynamic.horizon.tv\/HU\/Images\/bc_3fcf030008b142776ffa016b243feec4242d866e.jpg?w=75&h=108&mode=box"}],"mediaGroupId":"crid:~~2F~~2Fport.hu~~2F61786681","secondaryTitle":"(69)","shortDescription":"(69) B\u00e1r Manuel \u00e9s Matilde m\u00e9g idej\u00e9ben \u00e9szre vett\u00e9k, hogy a v\u00e9grendelet elt\u0171nt, \u00e1m k\u00f6zel sem biztos, hogy Mari terve ett\u0151l m\u00e9g nem teljes\u00fcl. Catalina meghal.","mediaType":"Episode","year":"2003","duration":3600,"latestBroadcastStartTime":1524988800000,"latestBroadcastEndTime":1524992400000,"isReplayTv":true,"listingId":"crid:~~2F~~2Fport.hu~~2F72588198-imi:00100000005C9F5E","seriesEpisodeNumber":"69","seriesNumber":"1805030225","videoStreams":[],"airDate":1041379200000,"entitlements":["crid:~~2F~~2Fupc.com~~2FReplayTV~~2FIzaura_TV_ReplayTV","VIP","_OPEN_"],"currentProductIds":["crid:~~2F~~2Fupc.com~~2FReplayTV~~2FIzaura_TV_ReplayTV"],"currentTvodProductIds":[]},"parentId":"crid:~~2F~~2Fport.hu~~2F61786681","rootId":"crid:~~2F~~2Fport.hu~~2F61786681"}