{"id":"crid:~~2F~~2Fport.hu~~2F68111817-imi:00100000005D31BF","countryCode":"HU","languageCode":"hun","deviceCode":"web","startTime":1525445700000,"endTime":1525449600000,"stationId":"826989607176","imi":"imi:00100000005D31BF","mediaGroupId":"crid:~~2F~~2Fport.hu~~2F42387816","program":{"id":"crid:~~2F~~2Fport.hu~~2F68111817","title":"David Tutera: A Szt\u00e1rszervez\u0151","description":"(16) David Tutera igazi szt\u00e1rszervez\u0151, profi a szakm\u00e1j\u00e1ban. Csapat\u00e1val egy\u00fctt sz\u00ednvonalas, nagyszer\u0171 rendezv\u00e9nyeket szerveznek, k\u00fcl\u00f6nleges emberek sz\u00e1m\u00e1ra, akiknek azonban n\u00e9ha hajmereszt\u0151 \u00f6tleteik t\u00e1madnak!","longDescription":"(16) David Tutera igazi szt\u00e1rszervez\u0151, profi a szakm\u00e1j\u00e1ban. Csapat\u00e1val egy\u00fctt sz\u00ednvonalas, nagyszer\u0171 rendezv\u00e9nyeket szerveznek, k\u00fcl\u00f6nleges emberek sz\u00e1m\u00e1ra, akiknek azonban n\u00e9ha hajmereszt\u0151 \u00f6tleteik t\u00e1madnak!","languageCode":"hun","countryCode":"HU","deviceCode":"web","medium":"TV","categories":[{"id":"271090244349","title":"Show","scheme":"urn:tva:metadata:cs:UPCEventGenreCS:2009"}],"isAdult":false,"parentalRating":"12","cast":["Vanessa Simmons","Brandy Norwood","Lil' Kim","Montr\u00e9 Burton"],"directors":[],"images":[{"assetType":"boxart-xlarge","assetTypes":["boxart-xlarge"],"width":210,"height":303,"url":"https:\/\/wp15-images-hu-dynamic.horizon.tv\/HU\/Images\/upcgenre_30.jpg?w=210&h=303&mode=box"},{"assetType":"boxart-small","assetTypes":["boxart-small"],"width":75,"height":108,"url":"https:\/\/wp15-images-hu-dynamic.horizon.tv\/HU\/Images\/upcgenre_30.jpg?w=75&h=108&mode=box"},{"assetType":"tva-boxcover","assetTypes":["tva-boxcover"],"width":180,"height":260,"url":"https:\/\/wp15-images-hu-dynamic.horizon.tv\/HU\/Images\/upcgenre_30.jpg"},{"assetType":"boxart-medium","assetTypes":["boxart-medium"],"width":110,"height":159,"url":"https:\/\/wp15-images-hu-dynamic.horizon.tv\/HU\/Images\/upcgenre_30.jpg?w=110&h=159&mode=box"},{"assetType":"boxart-large","assetTypes":["boxart-large"],"width":180,"height":260,"url":"https:\/\/wp15-images-hu-dynamic.horizon.tv\/HU\/Images\/upcgenre_30.jpg?w=180&h=260&mode=box"}],"mediaGroupId":"crid:~~2F~~2Fport.hu~~2F42387816","secondaryTitle":"(16)","shortDescription":"(16) A m\u0171sor h\u00e1zigazd\u00e1ja: David Tutera","mediaType":"Episode","year":"2014","isReplayTv":false,"seriesEpisodeNumber":"16","seriesNumber":"1805021140","videoStreams":[],"airDate":1388534400000,"entitlements":["VIP","_OPEN_"],"currentProductIds":[],"currentTvodProductIds":[]},"parentId":"crid:~~2F~~2Fport.hu~~2F42387816","rootId":"crid:~~2F~~2Fport.hu~~2F42387816"}