{"id":"crid:~~2F~~2Fport.hu~~2F67987554-imi:00100000005D4159","countryCode":"HU","languageCode":"hun","deviceCode":"web","startTime":1525567200000,"endTime":1525569000000,"stationId":"826989607173","imi":"imi:00100000005D4159","mediaGroupId":"crid:~~2F~~2Fport.hu~~2F67984737","program":{"id":"crid:~~2F~~2Fport.hu~~2F67987554","title":"Magyar klasszikusok \u00faj k\u00f6nt\u00f6sben","description":"Takar\u00f3 Mih\u00e1ly irodalmi m\u0171sora, melyben Berzsenyi D\u00e1nielt\u0151l kezdve, a XIX. sz\u00e1zad \u00f6sszes jelent\u0151s magyar \u00edr\u00f3j\u00e1t, k\u00f6lt\u0151j\u00e9t megismerhetj\u00fck. \u00c9s mi\u00e9rt \u00faj k\u00f6nt\u00f6sben? Mert bizony a XX. sz\u00e1zad irodalomt\u00f6rt\u00e9net \u00edr\u00e1s sor\u00e1n ezek a k\u00f6nt\u00f6s\u00f6k megkoptak. Szeretn\u00e9nk ezekre a magyar \u00edr\u00f3kra most \u00fagy eml\u00e9kezni, hogy olyanoknak l\u00e1tszanak, amilyenek val\u00f3j\u00e1ban voltak.","longDescription":"Takar\u00f3 Mih\u00e1ly irodalmi m\u0171sora, melyben Berzsenyi D\u00e1nielt\u0151l kezdve, a XIX. sz\u00e1zad \u00f6sszes jelent\u0151s magyar \u00edr\u00f3j\u00e1t, k\u00f6lt\u0151j\u00e9t megismerhetj\u00fck. \u00c9s mi\u00e9rt \u00faj k\u00f6nt\u00f6sben? Mert bizony a XX. sz\u00e1zad irodalomt\u00f6rt\u00e9net \u00edr\u00e1s sor\u00e1n ezek a k\u00f6nt\u00f6s\u00f6k megkoptak. Szeretn\u00e9nk ezekre a magyar \u00edr\u00f3kra most \u00fagy eml\u00e9kezni, hogy olyanoknak l\u00e1tszanak, amilyenek val\u00f3j\u00e1ban voltak.","languageCode":"hun","countryCode":"HU","deviceCode":"web","medium":"TV","categories":[{"id":"271090244402","title":"Ismeretterjeszt\u0151 m\u0171sorok","scheme":"urn:tva:metadata:cs:UPCEventGenreCS:2009"}],"isAdult":false,"parentalRating":"6","cast":[],"directors":["M. Nagy Rich\u00e1rd"],"images":[{"assetType":"boxart-large","assetTypes":["boxart-large"],"width":180,"height":260,"url":"https:\/\/wp9-images-hu-dynamic.horizon.tv\/HU\/Images\/upcgenre_90.jpg?w=180&h=260&mode=box"},{"assetType":"boxart-small","assetTypes":["boxart-small"],"width":75,"height":108,"url":"https:\/\/wp9-images-hu-dynamic.horizon.tv\/HU\/Images\/upcgenre_90.jpg?w=75&h=108&mode=box"},{"assetType":"tva-boxcover","assetTypes":["tva-boxcover"],"width":180,"height":260,"url":"https:\/\/wp9-images-hu-dynamic.horizon.tv\/HU\/Images\/upcgenre_90.jpg"},{"assetType":"boxart-medium","assetTypes":["boxart-medium"],"width":110,"height":159,"url":"https:\/\/wp9-images-hu-dynamic.horizon.tv\/HU\/Images\/upcgenre_90.jpg?w=110&h=159&mode=box"},{"assetType":"boxart-xlarge","assetTypes":["boxart-xlarge"],"width":210,"height":303,"url":"https:\/\/wp9-images-hu-dynamic.horizon.tv\/HU\/Images\/upcgenre_90.jpg?w=210&h=303&mode=box"}],"mediaGroupId":"crid:~~2F~~2Fport.hu~~2F67984737","secondaryTitle":"Tam\u00e1si \u00c1ron I.","shortDescription":"A XIX. sz\u00e1zadi magyar \u00edr\u00f3k eddig ismeretlen irodalmi portr\u00e9i.","mediaType":"Episode","isReplayTv":false,"seriesEpisodeNumber":"1805060240","seriesNumber":"1805040235","videoStreams":[],"entitlements":["VIP","_OPEN_"],"currentProductIds":[],"currentTvodProductIds":[]},"parentId":"crid:~~2F~~2Fport.hu~~2F67984737","rootId":"crid:~~2F~~2Fport.hu~~2F67984737"}