{"id":"crid:~~2F~~2Fport.hu~~2F67668964-imi:00100000005D1FE2","countryCode":"HU","languageCode":"hun","deviceCode":"web","startTime":1525479300000,"endTime":1525481100000,"stationId":"826989607195","imi":"imi:00100000005D1FE2","mediaGroupId":"crid:~~2F~~2Fport.hu~~2F2601306","program":{"id":"crid:~~2F~~2Fport.hu~~2F67668964","title":"Csapd\u00e1ba csalva","description":"(IV.\/40) Minden nap megt\u00f6rt\u00e9nik a vil\u00e1gon, szinte m\u00e1r hozz\u00e1tartozik az emberek \u00e9let\u00e9hez: becsapunk m\u00e1sokat \u00e9s minket is becsapnak! Vannak, akik a p\u00e9nz\u00e9rt teszik mindezt \u00e9s haszonszerz\u00e9s rem\u00e9ny\u00e9ben \u00e1tverik a munk\u00e1ltat\u00f3jukat, vagy a biztos\u00edt\u00f3 t\u00e1rsas\u00e1gokat. \u00c1m sajnos szomor\u00fa t\u00e9ny, hogy a leg\u00e1ltal\u00e1nosabb, hogy mindez egy p\u00e1rkapcsolaton bel\u00fcl t\u00f6rt\u00e9nik meg. Hazugs\u00e1gok, h\u0171tlens\u00e9g, hamis v\u00e1dak, titkos \u00e9letek \u00e1llnak szemben az igazs\u00e1ggal. A sorozatban kital\u00e1lt t\u00f6rt\u00e9neteket l\u00e1thatunk, amelyek mind ilyen \u00e9lethelyzeteket mutatnak be.","longDescription":"(IV.\/40) Minden nap megt\u00f6rt\u00e9nik a vil\u00e1gon, szinte m\u00e1r hozz\u00e1tartozik az emberek \u00e9let\u00e9hez: becsapunk m\u00e1sokat \u00e9s minket is becsapnak! Vannak, akik a p\u00e9nz\u00e9rt teszik mindezt \u00e9s haszonszerz\u00e9s rem\u00e9ny\u00e9ben \u00e1tverik a munk\u00e1ltat\u00f3jukat, vagy a biztos\u00edt\u00f3 t\u00e1rsas\u00e1gokat. \u00c1m sajnos szomor\u00fa t\u00e9ny, hogy a leg\u00e1ltal\u00e1nosabb, hogy mindez egy p\u00e1rkapcsolaton bel\u00fcl t\u00f6rt\u00e9nik meg. Hazugs\u00e1gok, h\u0171tlens\u00e9g, hamis v\u00e1dak, titkos \u00e9letek \u00e1llnak szemben az igazs\u00e1ggal. A sorozatban kital\u00e1lt t\u00f6rt\u00e9neteket l\u00e1thatunk, amelyek mind ilyen \u00e9lethelyzeteket mutatnak be.","languageCode":"hun","countryCode":"HU","deviceCode":"web","medium":"TV","categories":[{"id":"271090244349","title":"Show","scheme":"urn:tva:metadata:cs:UPCEventGenreCS:2009"}],"isAdult":false,"parentalRating":"12","cast":["J.W. Carsle","Till Kraemer"],"directors":[],"images":[{"assetType":"boxart-large","assetTypes":["boxart-large"],"width":180,"height":260,"url":"https:\/\/wp1-images-hu-dynamic.horizon.tv\/HU\/Images\/upcgenre_30.jpg?w=180&h=260&mode=box"},{"assetType":"boxart-medium","assetTypes":["boxart-medium"],"width":110,"height":159,"url":"https:\/\/wp1-images-hu-dynamic.horizon.tv\/HU\/Images\/upcgenre_30.jpg?w=110&h=159&mode=box"},{"assetType":"tva-boxcover","assetTypes":["tva-boxcover"],"width":180,"height":260,"url":"https:\/\/wp1-images-hu-dynamic.horizon.tv\/HU\/Images\/upcgenre_30.jpg"},{"assetType":"boxart-small","assetTypes":["boxart-small"],"width":75,"height":108,"url":"https:\/\/wp1-images-hu-dynamic.horizon.tv\/HU\/Images\/upcgenre_30.jpg?w=75&h=108&mode=box"},{"assetType":"boxart-xlarge","assetTypes":["boxart-xlarge"],"width":210,"height":303,"url":"https:\/\/wp1-images-hu-dynamic.horizon.tv\/HU\/Images\/upcgenre_30.jpg?w=210&h=303&mode=box"},{"assetType":"HighResLandscape","assetTypes":["HighResLandscape"],"url":"https:\/\/wp11-images-hu-dynamic.horizon.tv\/HU\/Images\/hrl_739e6c5a08b95b4790da94441669c0686b2bf58c.jpg"}],"mediaGroupId":"crid:~~2F~~2Fport.hu~~2F2601306","secondaryTitle":"(IV.\/40)","shortDescription":"Minden nap megt\u00f6rt\u00e9nik a vil\u00e1gon: az emberek becsapj\u00e1k egym\u00e1st! A sorozatban kital\u00e1lt t\u00f6rt\u00e9neteket l\u00e1thatnak a n\u00e9z\u0151k, amelyek mind ilyen \u00e9lethelyzeteket muatatnak be.","mediaType":"Episode","year":"2010","isReplayTv":false,"seriesEpisodeNumber":"40","seriesNumber":"4","videoStreams":[],"airDate":1262304000000,"entitlements":["VIP","_OPEN_"],"currentProductIds":[],"currentTvodProductIds":[]},"parentId":"crid:~~2F~~2Fport.hu~~2F2601306","rootId":"crid:~~2F~~2Fport.hu~~2F2601306"}