{"id":"crid:~~2F~~2Fport.hu~~2F12638065-imi:00100000005DA980","countryCode":"HU","languageCode":"hun","deviceCode":"web","startTime":1525605600000,"endTime":1525611000000,"stationId":"826989607194","imi":"imi:00100000005DA980","mediaGroupId":"crid:~~2F~~2Fport.hu~~2F12638065","program":{"id":"crid:~~2F~~2Fport.hu~~2F12638065","title":"Hallgatag v\u00e1ros","description":"Rosa, a fiatal szak\u00e1cs Jap\u00e1nba utazik, hogy megtanulja a halfil\u00e9z\u00e9s m\u0171v\u00e9szet\u00e9t a h\u00edres Kon mestert\u0151l, Jap\u00e1n legjobb hals\u00e9fj\u00e9t\u0151l. Rosa kommunik\u00e1ci\u00f3s neh\u00e9zs\u00e9gekkel k\u00fczd, egyre mag\u00e1nyosabb lesz a tiszt\u00edt\u00e1sra v\u00e1r\u00f3 halkupacok m\u00f6g\u00f6tt. A let\u00f6rt \u00e9s elkeseredett l\u00e1ny v\u00e9g\u00fcl egy \u00e9jszakai b\u00e1rban kezd dolgozni, ahol jap\u00e1n \u00fczletembereket sz\u00f3rakoztat. Egy sz\u00f6rny\u0171 \u00e9jszaka ut\u00e1n, amikor az egyik vend\u00e9g er\u0151szakoskodik vele, Rosa az \u00e9tterem halastav\u00e1ban tal\u00e1lja mag\u00e1t. V\u00e9gre kezdi meg\u00e9rteni a halakat, \u00e9s Kon mester tan\u00edtv\u00e1nya lehet.","longDescription":"Rosa, a fiatal szak\u00e1cs Jap\u00e1nba utazik, hogy megtanulja a halfil\u00e9z\u00e9s m\u0171v\u00e9szet\u00e9t a h\u00edres Kon mestert\u0151l, Jap\u00e1n legjobb hals\u00e9fj\u00e9t\u0151l. Rosa kommunik\u00e1ci\u00f3s neh\u00e9zs\u00e9gekkel k\u00fczd, egyre mag\u00e1nyosabb lesz a tiszt\u00edt\u00e1sra v\u00e1r\u00f3 halkupacok m\u00f6g\u00f6tt. A let\u00f6rt \u00e9s elkeseredett l\u00e1ny v\u00e9g\u00fcl egy \u00e9jszakai b\u00e1rban kezd dolgozni, ahol jap\u00e1n \u00fczletembereket sz\u00f3rakoztat. Egy sz\u00f6rny\u0171 \u00e9jszaka ut\u00e1n, amikor az egyik vend\u00e9g er\u0151szakoskodik vele, Rosa az \u00e9tterem halastav\u00e1ban tal\u00e1lja mag\u00e1t. V\u00e9gre kezdi meg\u00e9rteni a halakat, \u00e9s Kon mester tan\u00edtv\u00e1nya lehet.","languageCode":"hun","countryCode":"HU","deviceCode":"web","medium":"Movie","categories":[{"id":"271090244337","title":"Filmdr\u00e1ma","scheme":"urn:tva:metadata:cs:UPCEventGenreCS:2009"}],"isAdult":false,"parentalRating":"12","cast":["Laurence Roothooft","Makoto Makita","Shinji Otani","Ayako Kobayashi","Yukari Uekawa","Gen Shimaoka","Hubert Fermin","Kenichi Sano","Michihiro Koseki","Yosuke Kajima","Toshimitsu Sato","Atsushi Shimizu","Riku Takumiya","Yuki Iwamoto","Tetsuya Sato","Kana Yokomitsu","Tomi Kannari","Yukihiko Sakai","Azusa Kurokawa","Itoko Noesen","Sari Kupiainen","Hiroshi Ono","Kunie Miwa","Tomoko Kazama","Osamu Yajima","Masashi Matsushita","Teruo Kozu","K\u00f4ichi Sat\u00f4","Massaki Shimokowshi","Akiyoshi Saito"],"directors":["Threes Anna"],"images":[{"assetType":"boxart-large","assetTypes":["boxart-large"],"width":180,"height":260,"url":"https:\/\/wp17-images-hu-dynamic.horizon.tv\/HU\/Images\/upcgenre_17.jpg?w=180&h=260&mode=box"},{"assetType":"boxart-medium","assetTypes":["boxart-medium"],"width":110,"height":159,"url":"https:\/\/wp17-images-hu-dynamic.horizon.tv\/HU\/Images\/upcgenre_17.jpg?w=110&h=159&mode=box"},{"assetType":"boxart-small","assetTypes":["boxart-small"],"width":75,"height":108,"url":"https:\/\/wp17-images-hu-dynamic.horizon.tv\/HU\/Images\/upcgenre_17.jpg?w=75&h=108&mode=box"},{"assetType":"tva-boxcover","assetTypes":["tva-boxcover"],"width":180,"height":260,"url":"https:\/\/wp17-images-hu-dynamic.horizon.tv\/HU\/Images\/upcgenre_17.jpg"},{"assetType":"boxart-xlarge","assetTypes":["boxart-xlarge"],"width":210,"height":303,"url":"https:\/\/wp17-images-hu-dynamic.horizon.tv\/HU\/Images\/upcgenre_17.jpg?w=210&h=303&mode=box"}],"mediaGroupId":"crid:~~2F~~2Fport.hu~~2F12638065","shortDescription":"Rosa, a fiatal szak\u00e1cs Jap\u00e1nba utazik, hogy megtanulja a halfil\u00e9z\u00e9s m\u0171v\u00e9szet\u00e9t a h\u00edres Kon mestert\u0151l, Jap\u00e1n legjobb hals\u00e9fj\u00e9t\u0151l. Rosa azonban nem tal\u00e1lja hely\u00e9t ebben a szokatlan vil\u00e1gban.","mediaType":"FeatureFilm","year":"2012","isReplayTv":false,"videoStreams":[],"airDate":1325376000000,"entitlements":["VIP","_OPEN_"],"currentProductIds":[],"currentTvodProductIds":[]},"parentId":"crid:~~2F~~2Fport.hu~~2F12638065","rootId":"crid:~~2F~~2Fport.hu~~2F12638065"}