{"id":"crid:~~2F~~2Fport.hu~~2F43863053-imi:00100000005D22A9","countryCode":"HU","languageCode":"hun","deviceCode":"web","startTime":1525415100000,"endTime":1525415400000,"stationId":"826989607225","imi":"imi:00100000005D22A9","mediaGroupId":"crid:~~2F~~2Fport.hu~~2F14769080","program":{"id":"crid:~~2F~~2Fport.hu~~2F43863053","title":"Mickey eg\u00e9r","description":"(III.\/4) Mickey vadonat \u00faj kisfilmek sorozat\u00e1ban t\u00e9r vissza, amelyek Minnie \u00e9s m\u00e1s bar\u00e1tai t\u00e1rsas\u00e1g\u00e1ban \u00e1t\u00e9lt m\u00f3k\u00e1s kalandjait mes\u00e9lik el.","longDescription":"(III.\/4) Mickey vadonat \u00faj kisfilmek sorozat\u00e1ban t\u00e9r vissza, amelyek Minnie \u00e9s m\u00e1s bar\u00e1tai t\u00e1rsas\u00e1g\u00e1ban \u00e1t\u00e9lt m\u00f3k\u00e1s kalandjait mes\u00e9lik el.","languageCode":"hun","countryCode":"HU","deviceCode":"web","medium":"TV","categories":[{"id":"271090244371","title":"Gyermek\/Ifj\u00fas\u00e1gi","scheme":"urn:tva:metadata:cs:UPCEventGenreCS:2009"},{"id":"271090244376","title":"Rajzfilm","scheme":"urn:tva:metadata:cs:UPCEventGenreCS:2009"}],"isAdult":false,"parentalRating":"3","cast":[],"directors":[],"images":[{"assetType":"tva-boxcover","assetTypes":["tva-boxcover"],"width":180,"height":260,"url":"https:\/\/wp15-images-hu-dynamic.horizon.tv\/HU\/Images\/bc_caf505666140ffba6802c7fa009e3d25807e146c.jpg"},{"assetType":"boxart-xlarge","assetTypes":["boxart-xlarge"],"width":210,"height":303,"url":"https:\/\/wp15-images-hu-dynamic.horizon.tv\/HU\/Images\/bc_caf505666140ffba6802c7fa009e3d25807e146c.jpg?w=210&h=303&mode=box"},{"assetType":"boxart-large","assetTypes":["boxart-large"],"width":180,"height":260,"url":"https:\/\/wp15-images-hu-dynamic.horizon.tv\/HU\/Images\/bc_caf505666140ffba6802c7fa009e3d25807e146c.jpg?w=180&h=260&mode=box"},{"assetType":"boxart-small","assetTypes":["boxart-small"],"width":75,"height":108,"url":"https:\/\/wp15-images-hu-dynamic.horizon.tv\/HU\/Images\/bc_caf505666140ffba6802c7fa009e3d25807e146c.jpg?w=75&h=108&mode=box"},{"assetType":"boxart-medium","assetTypes":["boxart-medium"],"width":110,"height":159,"url":"https:\/\/wp15-images-hu-dynamic.horizon.tv\/HU\/Images\/bc_caf505666140ffba6802c7fa009e3d25807e146c.jpg?w=110&h=159&mode=box"},{"assetType":"HighResLandscape","assetTypes":["HighResLandscape"],"url":"https:\/\/wp1-images-hu-dynamic.horizon.tv\/HU\/Images\/hrl_871711a602b9cccadca97ebe31395be4bf032504.jpg"}],"mediaGroupId":"crid:~~2F~~2Fport.hu~~2F14769080","secondaryTitle":"(III.\/4)","shortDescription":"Mickey vadonat \u00faj kisfilmek sorozat\u00e1ban t\u00e9r vissza, amelyek Minnie \u00e9s m\u00e1s bar\u00e1tai t\u00e1rsas\u00e1g\u00e1ban \u00e1t\u00e9lt m\u00f3k\u00e1s kalandjait mes\u00e9lik el.","mediaType":"Episode","year":"2014","isReplayTv":false,"seriesEpisodeNumber":"4","seriesNumber":"3","videoStreams":[],"airDate":1388534400000,"entitlements":["VIP","_OPEN_"],"currentProductIds":[],"currentTvodProductIds":[]},"parentId":"crid:~~2F~~2Fport.hu~~2F14769080","rootId":"crid:~~2F~~2Fport.hu~~2F14769080"}