{"id":"crid:~~2F~~2Fport.en~~2F89347920-imi:00100000005D1768","countryCode":"HU","languageCode":"hun","deviceCode":"web","startTime":1525402800000,"endTime":1525408200000,"stationId":"826989607258","imi":"imi:00100000005D1768","mediaGroupId":"crid:~~2F~~2Fport.en~~2F70766088","program":{"id":"crid:~~2F~~2Fport.en~~2F89347920","title":"Powerplay! This Week's MTV Top 20","description":"This is your weekly round-up of the 20 hottest tracks out there right now. Whether new or forthcoming, if it's essential it's in this chart.","longDescription":"This is your weekly round-up of the 20 hottest tracks out there right now. Whether new or forthcoming, if it's essential it's in this chart.","languageCode":"hun","countryCode":"HU","deviceCode":"web","medium":"TV","categories":[{"id":"271090244377","title":"Zene","scheme":"urn:tva:metadata:cs:UPCEventGenreCS:2009"},{"id":"271090244378","title":"Rock\/pop","scheme":"urn:tva:metadata:cs:UPCEventGenreCS:2009"}],"isAdult":false,"parentalRating":"3","cast":[],"directors":[],"images":[{"assetType":"boxart-medium","assetTypes":["boxart-medium"],"width":110,"height":159,"url":"https:\/\/wp11-images-hu-dynamic.horizon.tv\/HU\/Images\/upcgenre_61.jpg?w=110&h=159&mode=box"},{"assetType":"boxart-large","assetTypes":["boxart-large"],"width":180,"height":260,"url":"https:\/\/wp11-images-hu-dynamic.horizon.tv\/HU\/Images\/upcgenre_61.jpg?w=180&h=260&mode=box"},{"assetType":"boxart-xlarge","assetTypes":["boxart-xlarge"],"width":210,"height":303,"url":"https:\/\/wp11-images-hu-dynamic.horizon.tv\/HU\/Images\/upcgenre_61.jpg?w=210&h=303&mode=box"},{"assetType":"tva-boxcover","assetTypes":["tva-boxcover"],"width":180,"height":260,"url":"https:\/\/wp11-images-hu-dynamic.horizon.tv\/HU\/Images\/upcgenre_61.jpg"},{"assetType":"boxart-small","assetTypes":["boxart-small"],"width":75,"height":108,"url":"https:\/\/wp11-images-hu-dynamic.horizon.tv\/HU\/Images\/upcgenre_61.jpg?w=75&h=108&mode=box"}],"mediaGroupId":"crid:~~2F~~2Fport.en~~2F70766088","shortDescription":"This is your weekly round-up of the 20 hottest tracks out there right now. Whether new or forthcoming, if it's essential it's in this chart.","mediaType":"Episode","isReplayTv":false,"seriesEpisodeNumber":"1805040500","seriesNumber":"1805020900","videoStreams":[],"entitlements":["VIP","_OPEN_"],"currentProductIds":[],"currentTvodProductIds":[]},"parentId":"crid:~~2F~~2Fport.en~~2F70766088","rootId":"crid:~~2F~~2Fport.en~~2F70766088"}