{"id":"crid:~~2F~~2Fport.hu~~2F75295556-imi:00100000005D8BD4","countryCode":"HU","languageCode":"hun","deviceCode":"web","startTime":1525570200000,"endTime":1525572000000,"stationId":"826989607212","imi":"imi:00100000005D8BD4","mediaGroupId":"crid:~~2F~~2Fport.hu~~2F67021485","program":{"id":"crid:~~2F~~2Fport.hu~~2F75295556","title":"Classic Mobils","description":"Dokumentumfilm","longDescription":"Dokumentumfilm","languageCode":"hun","countryCode":"HU","deviceCode":"web","medium":"TV","categories":[{"id":"271090244398","title":"T\u00e1rsadalmi\/Politikai","scheme":"urn:tva:metadata:cs:UPCEventGenreCS:2009"},{"id":"271090244399","title":"Dokumentumfilm","scheme":"urn:tva:metadata:cs:UPCEventGenreCS:2009"}],"isAdult":false,"parentalRating":"12","cast":[],"directors":[],"images":[{"assetType":"boxart-large","assetTypes":["boxart-large"],"width":180,"height":260,"url":"https:\/\/wp1-images-hu-dynamic.horizon.tv\/HU\/Images\/upcgenre_81.jpg?w=180&h=260&mode=box"},{"assetType":"boxart-small","assetTypes":["boxart-small"],"width":75,"height":108,"url":"https:\/\/wp1-images-hu-dynamic.horizon.tv\/HU\/Images\/upcgenre_81.jpg?w=75&h=108&mode=box"},{"assetType":"boxart-xlarge","assetTypes":["boxart-xlarge"],"width":210,"height":303,"url":"https:\/\/wp1-images-hu-dynamic.horizon.tv\/HU\/Images\/upcgenre_81.jpg?w=210&h=303&mode=box"},{"assetType":"boxart-medium","assetTypes":["boxart-medium"],"width":110,"height":159,"url":"https:\/\/wp1-images-hu-dynamic.horizon.tv\/HU\/Images\/upcgenre_81.jpg?w=110&h=159&mode=box"},{"assetType":"tva-boxcover","assetTypes":["tva-boxcover"],"width":180,"height":260,"url":"https:\/\/wp1-images-hu-dynamic.horizon.tv\/HU\/Images\/upcgenre_81.jpg"}],"mediaGroupId":"crid:~~2F~~2Fport.hu~~2F67021485","shortDescription":"Dokumentumfilm","mediaType":"Episode","isReplayTv":false,"seriesEpisodeNumber":"1805060330","seriesNumber":"1805100600","videoStreams":[],"entitlements":["VIP","_OPEN_"],"currentProductIds":[],"currentTvodProductIds":[]},"parentId":"crid:~~2F~~2Fport.hu~~2F67021485","rootId":"crid:~~2F~~2Fport.hu~~2F67021485"}