{"id":"crid:~~2F~~2Fport.hu~~2F48363111-imi:00100000005E5B88","countryCode":"HU","languageCode":"hun","deviceCode":"web","startTime":1525707900000,"endTime":1525710600000,"stationId":"826989607164","imi":"imi:00100000005E5B88","mediaGroupId":"crid:~~2F~~2Fport.hu~~2F14989525","program":{"id":"crid:~~2F~~2Fport.hu~~2F48363111","title":"Klasszikus aut\u00f3k nyom\u00e1ban","description":"(VII.\/1) Wayne Carini az aut\u00f3gy\u0171jt\u00e9s vil\u00e1g\u00e1ba vezeti be a n\u00e9z\u0151ket. Legyen tan\u00faja \u00d6n is annak, hogy milyen \u00fcgyesen keresi meg szinte m\u00e1r elveszettnek hitt modellek fennmaradt p\u00e9ld\u00e1nyait!","longDescription":"(VII.\/1) Wayne Carini az aut\u00f3gy\u0171jt\u00e9s vil\u00e1g\u00e1ba vezeti be a n\u00e9z\u0151ket. Legyen tan\u00faja \u00d6n is annak, hogy milyen \u00fcgyesen keresi meg szinte m\u00e1r elveszettnek hitt modellek fennmaradt p\u00e9ld\u00e1nyait!","languageCode":"hun","countryCode":"HU","deviceCode":"web","medium":"TV","categories":[{"id":"271090244398","title":"T\u00e1rsadalmi\/Politikai","scheme":"urn:tva:metadata:cs:UPCEventGenreCS:2009"}],"isAdult":false,"parentalRating":"3","cast":[],"directors":["Jim Astrausky","Hannah Lintner"],"images":[{"assetType":"boxart-large","assetTypes":["boxart-large"],"width":180,"height":260,"url":"https:\/\/wp11-images-hu-dynamic.horizon.tv\/HU\/Images\/bc_2efa6e5790e2d1e5a21ccdce3a07442d65565e93.jpg?w=180&h=260&mode=box"},{"assetType":"tva-boxcover","assetTypes":["tva-boxcover"],"width":180,"height":260,"url":"https:\/\/wp11-images-hu-dynamic.horizon.tv\/HU\/Images\/bc_2efa6e5790e2d1e5a21ccdce3a07442d65565e93.jpg"},{"assetType":"boxart-small","assetTypes":["boxart-small"],"width":75,"height":108,"url":"https:\/\/wp11-images-hu-dynamic.horizon.tv\/HU\/Images\/bc_2efa6e5790e2d1e5a21ccdce3a07442d65565e93.jpg?w=75&h=108&mode=box"},{"assetType":"boxart-medium","assetTypes":["boxart-medium"],"width":110,"height":159,"url":"https:\/\/wp11-images-hu-dynamic.horizon.tv\/HU\/Images\/bc_2efa6e5790e2d1e5a21ccdce3a07442d65565e93.jpg?w=110&h=159&mode=box"},{"assetType":"boxart-xlarge","assetTypes":["boxart-xlarge"],"width":210,"height":303,"url":"https:\/\/wp11-images-hu-dynamic.horizon.tv\/HU\/Images\/bc_2efa6e5790e2d1e5a21ccdce3a07442d65565e93.jpg?w=210&h=303&mode=box"},{"assetType":"HighResPortrait","assetTypes":["HighResPortrait"],"url":"https:\/\/wp14-images-hu-dynamic.horizon.tv\/HU\/Images\/hrp_a894747bac0eb356032c02c7db46318af1ce8c9e.jpg"},{"assetType":"HighResLandscape","assetTypes":["HighResLandscape"],"url":"https:\/\/wp14-images-hu-dynamic.horizon.tv\/HU\/Images\/hrl_e5aa27ef622b85f1e76a3db73a13ff3565729dc3.jpg"}],"mediaGroupId":"crid:~~2F~~2Fport.hu~~2F14989525","secondaryTitle":"(VII.\/1)","shortDescription":"Wayne Carini Ferrarik restaur\u00e1tora \u00e9s szak\u00e9rt\u0151je, aki szem\u00e9lyes k\u00fcldet\u00e9s\u00e9nek tartja, hogy felkeresse a r\u00e9gi neves aut\u00f3k elfeledett p\u00e9ld\u00e1nyait.","mediaType":"Episode","year":"2014","isReplayTv":false,"seriesEpisodeNumber":"1","seriesNumber":"7","videoStreams":[],"airDate":1388534400000,"entitlements":["VIP","_OPEN_"],"currentProductIds":[],"currentTvodProductIds":[]},"parentId":"crid:~~2F~~2Fport.hu~~2F14989525","rootId":"crid:~~2F~~2Fport.hu~~2F14989525"}