{"id":"crid:~~2F~~2Fport.hu~~2F51468657-imi:00100000005D3D1D","countryCode":"HU","languageCode":"hun","deviceCode":"web","startTime":1525651200000,"endTime":1525652100000,"stationId":"826989607196","imi":"imi:00100000005D3D1D","mediaGroupId":"crid:~~2F~~2Fport.hu~~2F2574398","program":{"id":"crid:~~2F~~2Fport.hu~~2F51468657","title":"Angelo rulez","description":"(IV.\/35) Hogy mit jelent a manaps\u00e1g divatos kifejez\u00e9s: rulez? Men\u0151, divatos, illetve m\u00e9g azt is, hogy valaki ir\u00e1ny\u00edt\u00f3 hangad\u00f3. Angelora, az \u00faj sorozat f\u0151szerepl\u0151j\u00e9re ezek a jellemz\u0151k \u00edgy egy\u00fctt igazak. Angelo, a francia gyerekek kedvence egy 11 \u00e9ves csavaros esz\u0171 fi\u00fa, aki c\u00e9ljai el\u00e9r\u00e9s\u00e9hez hol szem\u00e9lyes var\u00e1zs\u00e1t, hol \u00f6rd\u00f6gi terveit veti be.","longDescription":"(IV.\/35) Hogy mit jelent a manaps\u00e1g divatos kifejez\u00e9s: rulez? Men\u0151, divatos, illetve m\u00e9g azt is, hogy valaki ir\u00e1ny\u00edt\u00f3 hangad\u00f3. Angelora, az \u00faj sorozat f\u0151szerepl\u0151j\u00e9re ezek a jellemz\u0151k \u00edgy egy\u00fctt igazak. Angelo, a francia gyerekek kedvence egy 11 \u00e9ves csavaros esz\u0171 fi\u00fa, aki c\u00e9ljai el\u00e9r\u00e9s\u00e9hez hol szem\u00e9lyes var\u00e1zs\u00e1t, hol \u00f6rd\u00f6gi terveit veti be.","languageCode":"hun","countryCode":"HU","deviceCode":"web","medium":"TV","categories":[{"id":"271090244371","title":"Gyermek\/Ifj\u00fas\u00e1gi","scheme":"urn:tva:metadata:cs:UPCEventGenreCS:2009"},{"id":"271090244376","title":"Rajzfilm","scheme":"urn:tva:metadata:cs:UPCEventGenreCS:2009"}],"isAdult":false,"parentalRating":"3","cast":["Jennifer Visalli","Aaron Conley","Cassandra Morris","Carter Jackson","Gail Thomas","Danny McDermott","Jackson Rheingold"],"directors":["Chlo\u00e9 Miller","Lauren Gold"],"images":[{"assetType":"tva-boxcover","assetTypes":["tva-boxcover"],"width":180,"height":260,"url":"https:\/\/wp17-images-hu-dynamic.horizon.tv\/HU\/Images\/upcgenre_55.jpg"},{"assetType":"boxart-medium","assetTypes":["boxart-medium"],"width":110,"height":159,"url":"https:\/\/wp17-images-hu-dynamic.horizon.tv\/HU\/Images\/upcgenre_55.jpg?w=110&h=159&mode=box"},{"assetType":"boxart-small","assetTypes":["boxart-small"],"width":75,"height":108,"url":"https:\/\/wp17-images-hu-dynamic.horizon.tv\/HU\/Images\/upcgenre_55.jpg?w=75&h=108&mode=box"},{"assetType":"boxart-xlarge","assetTypes":["boxart-xlarge"],"width":210,"height":303,"url":"https:\/\/wp17-images-hu-dynamic.horizon.tv\/HU\/Images\/upcgenre_55.jpg?w=210&h=303&mode=box"},{"assetType":"boxart-large","assetTypes":["boxart-large"],"width":180,"height":260,"url":"https:\/\/wp17-images-hu-dynamic.horizon.tv\/HU\/Images\/upcgenre_55.jpg?w=180&h=260&mode=box"},{"assetType":"HighResPortrait","assetTypes":["HighResPortrait"],"url":"https:\/\/wp7-images-hu-dynamic.horizon.tv\/HU\/Images\/hrp_2b9eae6486d0f9159f1d2989c5308119c5d0e8aa.jpg"},{"assetType":"HighResLandscape","assetTypes":["HighResLandscape"],"url":"https:\/\/wp7-images-hu-dynamic.horizon.tv\/HU\/Images\/hrl_39ffec3f7a413f8bf9d6bd0b227eef11aadf8c90.jpg"}],"mediaGroupId":"crid:~~2F~~2Fport.hu~~2F2574398","secondaryTitle":"Z\u00f6ldmozgalom (IV.\/35)","shortDescription":"Hogy mit jelent a manaps\u00e1g divatos kifejez\u00e9s: rulez? Men\u0151, divatos, illetve m\u00e9g azt is, hogy valaki ir\u00e1ny\u00edt\u00f3 hangad\u00f3. Angelora, az \u00faj sorozat f\u0151szerepl\u0151j\u00e9re ezek a jellemz\u0151k \u00edgy egy\u00fctt igazak.","mediaType":"Episode","year":"2015","isReplayTv":false,"seriesEpisodeNumber":"35","seriesNumber":"4","videoStreams":[],"airDate":1420070400000,"entitlements":["VIP","_OPEN_"],"currentProductIds":[],"currentTvodProductIds":[]},"parentId":"crid:~~2F~~2Fport.hu~~2F2574398","rootId":"crid:~~2F~~2Fport.hu~~2F2574398"}