{"id":"crid:~~2F~~2Fport.hu~~2F90570650-imi:00100000005D4262","countryCode":"HU","languageCode":"hun","deviceCode":"web","startTime":1525575600000,"endTime":1525576200000,"stationId":"826989607228","imi":"imi:00100000005D4262","mediaGroupId":"crid:~~2F~~2Fport.hu~~2F68066593","program":{"id":"crid:~~2F~~2Fport.hu~~2F90570650","title":"Angol nyelv\u0171 h\u00edrek","description":"A Duna World angol nyelv\u0171 h\u00edr\u00f6sszefoglal\u00f3ja.","longDescription":"A Duna World angol nyelv\u0171 h\u00edr\u00f6sszefoglal\u00f3ja.","languageCode":"hun","countryCode":"HU","deviceCode":"web","medium":"TV","categories":[{"id":"271090244398","title":"T\u00e1rsadalmi\/Politikai","scheme":"urn:tva:metadata:cs:UPCEventGenreCS:2009"}],"isAdult":false,"parentalRating":"3","cast":[],"directors":[],"images":[{"assetType":"boxart-medium","assetTypes":["boxart-medium"],"width":110,"height":159,"url":"https:\/\/wp3-images-hu-dynamic.horizon.tv\/HU\/Images\/upcgenre_80.jpg?w=110&h=159&mode=box"},{"assetType":"boxart-small","assetTypes":["boxart-small"],"width":75,"height":108,"url":"https:\/\/wp3-images-hu-dynamic.horizon.tv\/HU\/Images\/upcgenre_80.jpg?w=75&h=108&mode=box"},{"assetType":"boxart-large","assetTypes":["boxart-large"],"width":180,"height":260,"url":"https:\/\/wp3-images-hu-dynamic.horizon.tv\/HU\/Images\/upcgenre_80.jpg?w=180&h=260&mode=box"},{"assetType":"boxart-xlarge","assetTypes":["boxart-xlarge"],"width":210,"height":303,"url":"https:\/\/wp3-images-hu-dynamic.horizon.tv\/HU\/Images\/upcgenre_80.jpg?w=210&h=303&mode=box"},{"assetType":"tva-boxcover","assetTypes":["tva-boxcover"],"width":180,"height":260,"url":"https:\/\/wp3-images-hu-dynamic.horizon.tv\/HU\/Images\/upcgenre_80.jpg"},{"assetType":"HighResLandscape","assetTypes":["HighResLandscape"],"url":"https:\/\/wp19-images-hu-dynamic.horizon.tv\/HU\/Images\/hrl_b5845c7abac50c7fb4e808337068c8becf3046cb.jpg"}],"mediaGroupId":"crid:~~2F~~2Fport.hu~~2F68066593","shortDescription":"A Duna World angol nyelv\u0171 h\u00edr\u00f6sszefoglal\u00f3ja.","mediaType":"Episode","isReplayTv":false,"seriesEpisodeNumber":"1805060500","seriesNumber":"1805101105","videoStreams":[],"entitlements":["VIP","_OPEN_"],"currentProductIds":[],"currentTvodProductIds":[]},"parentId":"crid:~~2F~~2Fport.hu~~2F68066593","rootId":"crid:~~2F~~2Fport.hu~~2F68066593"}