{"id":"crid:~~2F~~2Fport.hu~~2F26275050-imi:00100000005D40FD","countryCode":"HU","languageCode":"hun","deviceCode":"web","startTime":1525519800000,"endTime":1525522500000,"stationId":"826989607171","imi":"imi:00100000005D40FD","mediaGroupId":"crid:~~2F~~2Fport.hu~~2F26275095","program":{"id":"crid:~~2F~~2Fport.hu~~2F26275050","title":"Az igazi pr\u00e9mvad\u00e1szok","description":"(I.\/1) Stan Zuray \u00e9s Joey r\u00e9nszarvasra vad\u00e1szik a hegyekben, Charlie Wright-nak pedig szembe kell sz\u00e1llnia a v\u00e1rost retteg\u00e9sben tart\u00f3 farkassal.","longDescription":"(I.\/1) Stan Zuray \u00e9s Joey r\u00e9nszarvasra vad\u00e1szik a hegyekben, Charlie Wright-nak pedig szembe kell sz\u00e1llnia a v\u00e1rost retteg\u00e9sben tart\u00f3 farkassal.","languageCode":"hun","countryCode":"HU","deviceCode":"web","medium":"TV","categories":[{"id":"271090244411","title":"Szabadid\u0151","scheme":"urn:tva:metadata:cs:UPCEventGenreCS:2009"},{"id":"271090244412","title":"Utaz\u00e1s","scheme":"urn:tva:metadata:cs:UPCEventGenreCS:2009"}],"isAdult":false,"parentalRating":"3","cast":[],"directors":[],"images":[{"assetType":"boxart-xlarge","assetTypes":["boxart-xlarge"],"width":210,"height":303,"url":"https:\/\/wp17-images-hu-dynamic.horizon.tv\/HU\/Images\/upcgenre_A1.jpg?w=210&h=303&mode=box"},{"assetType":"boxart-small","assetTypes":["boxart-small"],"width":75,"height":108,"url":"https:\/\/wp17-images-hu-dynamic.horizon.tv\/HU\/Images\/upcgenre_A1.jpg?w=75&h=108&mode=box"},{"assetType":"boxart-large","assetTypes":["boxart-large"],"width":180,"height":260,"url":"https:\/\/wp17-images-hu-dynamic.horizon.tv\/HU\/Images\/upcgenre_A1.jpg?w=180&h=260&mode=box"},{"assetType":"tva-boxcover","assetTypes":["tva-boxcover"],"width":180,"height":260,"url":"https:\/\/wp17-images-hu-dynamic.horizon.tv\/HU\/Images\/upcgenre_A1.jpg"},{"assetType":"boxart-medium","assetTypes":["boxart-medium"],"width":110,"height":159,"url":"https:\/\/wp17-images-hu-dynamic.horizon.tv\/HU\/Images\/upcgenre_A1.jpg?w=110&h=159&mode=box"},{"assetType":"HighResLandscape","assetTypes":["HighResLandscape"],"url":"https:\/\/wp26-images-hu-dynamic.horizon.tv\/HU\/Images\/hrl_ee3f55248dc99bdfb46cb9ad1eed1708ca052453.jpg"}],"mediaGroupId":"crid:~~2F~~2Fport.hu~~2F26275095","secondaryTitle":"Vad\u00e1szat vagy \u00e9hez\u00e9s (I.\/1)","shortDescription":"Az alaszkai Tanana alig 100 kilom\u00e9terre fekszik az \u00c9szaki-sarkk\u00f6rt\u0151l. Az itt \u00e9l\u0151 k\u00e9tsz\u00e1z f\u0151s k\u00f6z\u00f6ss\u00e9g pr\u00e9mvad\u00e1szatb\u00f3l tartja el mag\u00e1t. Kem\u00e9ny itt az \u00e9let: a leh\u0171l\u00e9s \u00e9s az \u00e9h\u00edns\u00e9g \u00e1lland\u00f3 veszedelem.","mediaType":"Episode","year":"2012","isReplayTv":false,"seriesEpisodeNumber":"1","seriesNumber":"1","videoStreams":[],"airDate":1325376000000,"entitlements":["VIP","_OPEN_"],"currentProductIds":[],"currentTvodProductIds":[]},"parentId":"crid:~~2F~~2Fport.hu~~2F26275095","rootId":"crid:~~2F~~2Fport.hu~~2F26275095"}