{"id":"crid:~~2F~~2Fport.hu~~2F46389925-imi:00100000005E1C1A","countryCode":"HU","languageCode":"hun","deviceCode":"web","startTime":1525364400000,"endTime":1525365300000,"stationId":"826989607185","imi":"imi:00100000005E1C1A","mediaGroupId":"crid:~~2F~~2Fport.hu~~2F37278587","program":{"id":"crid:~~2F~~2Fport.hu~~2F46389925","title":"ALVINNN!!! \u00e9s a m\u00f3kusok","description":"(I.\/16) A sorozat f\u0151kolomposa mindig a szuperlelkes \u00e9s magabiztos Alvin, aki semmit nem csin\u00e1l f\u00e9lg\u0151zzel. Abszol\u00fat hisz a brili\u00e1ns elk\u00e9pzel\u00e9seiben, am\u00edg be nem \u00fct a katasztr\u00f3fa. Ilyenkor a cs\u00facsokos nagytes\u00f3, Simon pr\u00f3b\u00e1lja megoldani a probl\u00e9m\u00e1kat.","longDescription":"(I.\/16) A sorozat f\u0151kolomposa mindig a szuperlelkes \u00e9s magabiztos Alvin, aki semmit nem csin\u00e1l f\u00e9lg\u0151zzel. Abszol\u00fat hisz a brili\u00e1ns elk\u00e9pzel\u00e9seiben, am\u00edg be nem \u00fct a katasztr\u00f3fa. Ilyenkor a cs\u00facsokos nagytes\u00f3, Simon pr\u00f3b\u00e1lja megoldani a probl\u00e9m\u00e1kat.","languageCode":"hun","countryCode":"HU","deviceCode":"web","medium":"TV","categories":[{"id":"271090244371","title":"Gyermek\/Ifj\u00fas\u00e1gi","scheme":"urn:tva:metadata:cs:UPCEventGenreCS:2009"},{"id":"271090244376","title":"Rajzfilm","scheme":"urn:tva:metadata:cs:UPCEventGenreCS:2009"}],"isAdult":false,"parentalRating":"3","cast":["Ross Bagdasarian Jr.","Janice Karman","Vanessa Bagdasarian","Karine Foviau","Mathias Kozlowski"],"directors":["Janice Karman"],"images":[{"assetType":"boxart-small","assetTypes":["boxart-small"],"width":75,"height":108,"url":"https:\/\/wp3-images-hu-dynamic.horizon.tv\/HU\/Images\/bc_8ed86bc11b05383097fcb682a1245ab9694d91d6.jpg?w=75&h=108&mode=box"},{"assetType":"boxart-medium","assetTypes":["boxart-medium"],"width":110,"height":159,"url":"https:\/\/wp3-images-hu-dynamic.horizon.tv\/HU\/Images\/bc_8ed86bc11b05383097fcb682a1245ab9694d91d6.jpg?w=110&h=159&mode=box"},{"assetType":"tva-boxcover","assetTypes":["tva-boxcover"],"width":180,"height":260,"url":"https:\/\/wp3-images-hu-dynamic.horizon.tv\/HU\/Images\/bc_8ed86bc11b05383097fcb682a1245ab9694d91d6.jpg"},{"assetType":"boxart-xlarge","assetTypes":["boxart-xlarge"],"width":210,"height":303,"url":"https:\/\/wp3-images-hu-dynamic.horizon.tv\/HU\/Images\/bc_8ed86bc11b05383097fcb682a1245ab9694d91d6.jpg?w=210&h=303&mode=box"},{"assetType":"boxart-large","assetTypes":["boxart-large"],"width":180,"height":260,"url":"https:\/\/wp3-images-hu-dynamic.horizon.tv\/HU\/Images\/bc_8ed86bc11b05383097fcb682a1245ab9694d91d6.jpg?w=180&h=260&mode=box"}],"mediaGroupId":"crid:~~2F~~2Fport.hu~~2F37278587","secondaryTitle":"Bar\/\u00e1tok (I.\/16)","shortDescription":"Tarts te is a m\u00f3kus-\u0151r\u00fclettel, \u00e9s \u00e9ld \u00e1t dilisebbn\u00e9l dilisebb kalandjaikat bar\u00e1taikkal, a m\u00f3kusl\u00e1nyokkal!","mediaType":"Episode","year":"2015","isReplayTv":false,"seriesEpisodeNumber":"16","seriesNumber":"1","videoStreams":[],"airDate":1420070400000,"entitlements":["VIP","_OPEN_"],"currentProductIds":[],"currentTvodProductIds":[]},"parentId":"crid:~~2F~~2Fport.hu~~2F37278587","rootId":"crid:~~2F~~2Fport.hu~~2F37278587"}