{"id":"crid:~~2F~~2Fport.hu~~2F72355505-imi:00100000005DA7B7","countryCode":"HU","languageCode":"hun","deviceCode":"web","startTime":1525529400000,"endTime":1525530600000,"stationId":"826989607215","imi":"imi:00100000005DA7B7","mediaGroupId":"crid:~~2F~~2Fport.hu~~2F67496180","program":{"id":"crid:~~2F~~2Fport.hu~~2F72355505","title":"Look Kool","description":"Mi\u00e9rt kerek mindig a bubor\u00e9k? Hogyhogy a g\u00fala alj\u00e1n \u00e1ll\u00f3 emberek nem nyom\u00f3dnak \u00f6ssze? Egy megafonnal t\u00e9nyleg hallhat\u00f3v\u00e1 v\u00e1lik, aki a focip\u00e1lya m\u00e1sik v\u00e9g\u00e9ben suttog? Fogadjunk, nem tudtad, hogy a v\u00e1laszok a geometri\u00e1ban rejlenek!","longDescription":"Mi\u00e9rt kerek mindig a bubor\u00e9k? Hogyhogy a g\u00fala alj\u00e1n \u00e1ll\u00f3 emberek nem nyom\u00f3dnak \u00f6ssze? Egy megafonnal t\u00e9nyleg hallhat\u00f3v\u00e1 v\u00e1lik, aki a focip\u00e1lya m\u00e1sik v\u00e9g\u00e9ben suttog? Fogadjunk, nem tudtad, hogy a v\u00e1laszok a geometri\u00e1ban rejlenek!","languageCode":"hun","countryCode":"HU","deviceCode":"web","medium":"TV","categories":[{"id":"271090244371","title":"Gyermek\/Ifj\u00fas\u00e1gi","scheme":"urn:tva:metadata:cs:UPCEventGenreCS:2009"},{"id":"271090244375","title":"Iskolat\u00e9v\u00e9","scheme":"urn:tva:metadata:cs:UPCEventGenreCS:2009"}],"isAdult":false,"parentalRating":"6","cast":[],"directors":[],"images":[{"assetType":"tva-boxcover","assetTypes":["tva-boxcover"],"width":180,"height":260,"url":"https:\/\/wp10-images-hu-dynamic.horizon.tv\/HU\/Images\/upcgenre_54.jpg"},{"assetType":"boxart-medium","assetTypes":["boxart-medium"],"width":110,"height":159,"url":"https:\/\/wp10-images-hu-dynamic.horizon.tv\/HU\/Images\/upcgenre_54.jpg?w=110&h=159&mode=box"},{"assetType":"boxart-xlarge","assetTypes":["boxart-xlarge"],"width":210,"height":303,"url":"https:\/\/wp10-images-hu-dynamic.horizon.tv\/HU\/Images\/upcgenre_54.jpg?w=210&h=303&mode=box"},{"assetType":"boxart-small","assetTypes":["boxart-small"],"width":75,"height":108,"url":"https:\/\/wp10-images-hu-dynamic.horizon.tv\/HU\/Images\/upcgenre_54.jpg?w=75&h=108&mode=box"},{"assetType":"boxart-large","assetTypes":["boxart-large"],"width":180,"height":260,"url":"https:\/\/wp10-images-hu-dynamic.horizon.tv\/HU\/Images\/upcgenre_54.jpg?w=180&h=260&mode=box"}],"mediaGroupId":"crid:~~2F~~2Fport.hu~~2F67496180","secondaryTitle":"Dimenzi\u00f3k","shortDescription":"Mi\u00e9rt kerek mindig a bubor\u00e9k? Egy megafonnal t\u00e9nyleg hallhat\u00f3v\u00e1 v\u00e1lik, aki a focip\u00e1lya m\u00e1sik v\u00e9g\u00e9ben suttog? Fogadjunk, nem tudtad, hogy a v\u00e1laszok a geometri\u00e1ban rejlenek!","mediaType":"Episode","isReplayTv":false,"seriesEpisodeNumber":"1805051610","seriesNumber":"1805051610","videoStreams":[],"entitlements":["VIP","_OPEN_"],"currentProductIds":[],"currentTvodProductIds":[]},"parentId":"crid:~~2F~~2Fport.hu~~2F67496180","rootId":"crid:~~2F~~2Fport.hu~~2F67496180"}