{"id":"crid:~~2F~~2Fport.hu~~2F82463649-imi:00100000005D89B1","countryCode":"HU","languageCode":"hun","deviceCode":"web","startTime":1525635900000,"endTime":1525638900000,"stationId":"826989607163","imi":"imi:00100000005D89B1","mediaGroupId":"crid:~~2F~~2Fport.hu~~2F57713818","program":{"id":"crid:~~2F~~2Fport.hu~~2F82463649","title":"M\u00f3dusz","description":"Inger Johanne Vik (Melinda Kinnaman) rend\u0151rs\u00e9gi pszichol\u00f3gus \u00e9s profiloz\u00f3, aki Sv\u00e9dorsz\u00e1gban \u00e9l k\u00e9t l\u00e1ny\u00e1val. A n\u0151 hamarosan nem csak mag\u00e1t, de autista l\u00e1ny\u00e1t is egy nyomoz\u00e1s k\u00f6zep\u00e9n tal\u00e1lja, amely sor\u00e1n tal\u00e1lkozik Ingvar Nyman (Henrik Norl\u00e9n) rend\u0151rnyomoz\u00f3val. A f\u00e9rfit Uppsalaba k\u00fcldik egy sokkol\u00f3 gyilkoss\u00e1gi \u00fcgy miatt, m\u00edg Stockholmban t\u00f6bb holttest is el\u0151ker\u00fcl. B\u00e1r a gyilkoss\u00e1gok m\u00f3dszere k\u00fcl\u00f6nb\u00f6z\u0151, Inger m\u00e9gis tal\u00e1l hasonl\u00f3s\u00e1got k\u00f6z\u00f6tt\u00fck. A M\u00f3dusz egy h\u00e1tborzongat\u00f3 sorozat, amely rengeteg k\u00e9rd\u00e9st vet fel vall\u00e1si, emberjogi \u00e9s \u00e9rzelmi t\u00e9m\u00e1ban is. T\u00falmutat a hagyom\u00e1nyos b\u0171neseteken \u00e9s heves politikai t\u00e9m\u00e1kkal f\u0171szerezi meg azokat, mik\u00f6zben g\u00f6rbe t\u00fckr\u00f6t \u00e1ll\u00edt az intoleranci\u00e1val szemben.","longDescription":"Inger Johanne Vik (Melinda Kinnaman) rend\u0151rs\u00e9gi pszichol\u00f3gus \u00e9s profiloz\u00f3, aki Sv\u00e9dorsz\u00e1gban \u00e9l k\u00e9t l\u00e1ny\u00e1val. A n\u0151 hamarosan nem csak mag\u00e1t, de autista l\u00e1ny\u00e1t is egy nyomoz\u00e1s k\u00f6zep\u00e9n tal\u00e1lja, amely sor\u00e1n tal\u00e1lkozik Ingvar Nyman (Henrik Norl\u00e9n) rend\u0151rnyomoz\u00f3val. A f\u00e9rfit Uppsalaba k\u00fcldik egy sokkol\u00f3 gyilkoss\u00e1gi \u00fcgy miatt, m\u00edg Stockholmban t\u00f6bb holttest is el\u0151ker\u00fcl. B\u00e1r a gyilkoss\u00e1gok m\u00f3dszere k\u00fcl\u00f6nb\u00f6z\u0151, Inger m\u00e9gis tal\u00e1l hasonl\u00f3s\u00e1got k\u00f6z\u00f6tt\u00fck. A M\u00f3dusz egy h\u00e1tborzongat\u00f3 sorozat, amely rengeteg k\u00e9rd\u00e9st vet fel vall\u00e1si, emberjogi \u00e9s \u00e9rzelmi t\u00e9m\u00e1ban is. T\u00falmutat a hagyom\u00e1nyos b\u0171neseteken \u00e9s heves politikai t\u00e9m\u00e1kkal f\u0171szerezi meg azokat, mik\u00f6zben g\u00f6rbe t\u00fckr\u00f6t \u00e1ll\u00edt az intoleranci\u00e1val szemben.","languageCode":"hun","countryCode":"HU","deviceCode":"web","medium":"TV","categories":[{"id":"271090244428","title":"Dr\u00e1ma","scheme":"urn:tva:metadata:cs:UPCEventGenreCS:2009"},{"id":"271090756041","title":"Krimi","scheme":"urn:tva:metadata:cs:UPCEventGenreCS:2009"}],"isAdult":false,"parentalRating":"16","cast":[],"directors":["Lisa Siwe"],"images":[{"assetType":"boxart-large","assetTypes":["boxart-large"],"width":180,"height":260,"url":"https:\/\/wp23-images-hu-dynamic.horizon.tv\/HU\/Images\/bc_532e446b7e535e8d5e3a77606f90044771a4566d.jpg?w=180&h=260&mode=box"},{"assetType":"boxart-xlarge","assetTypes":["boxart-xlarge"],"width":210,"height":303,"url":"https:\/\/wp23-images-hu-dynamic.horizon.tv\/HU\/Images\/bc_532e446b7e535e8d5e3a77606f90044771a4566d.jpg?w=210&h=303&mode=box"},{"assetType":"boxart-medium","assetTypes":["boxart-medium"],"width":110,"height":159,"url":"https:\/\/wp23-images-hu-dynamic.horizon.tv\/HU\/Images\/bc_532e446b7e535e8d5e3a77606f90044771a4566d.jpg?w=110&h=159&mode=box"},{"assetType":"tva-boxcover","assetTypes":["tva-boxcover"],"width":180,"height":260,"url":"https:\/\/wp23-images-hu-dynamic.horizon.tv\/HU\/Images\/bc_532e446b7e535e8d5e3a77606f90044771a4566d.jpg"},{"assetType":"boxart-small","assetTypes":["boxart-small"],"width":75,"height":108,"url":"https:\/\/wp23-images-hu-dynamic.horizon.tv\/HU\/Images\/bc_532e446b7e535e8d5e3a77606f90044771a4566d.jpg?w=75&h=108&mode=box"},{"assetType":"HighResLandscape","assetTypes":["HighResLandscape"],"url":"https:\/\/wp15-images-hu-dynamic.horizon.tv\/HU\/Images\/hrl_913c30b2adb69453f2cde0eb0724d29edc4019c3.jpg"}],"mediaGroupId":"crid:~~2F~~2Fport.hu~~2F57713818","shortDescription":"Inger Johanne Vik (Melinda Kinnaman) rend\u0151rs\u00e9gi pszichol\u00f3gus \u00e9s profiloz\u00f3, aki Sv\u00e9dorsz\u00e1gban \u00e9l k\u00e9t l\u00e1ny\u00e1val. A n\u0151 hamarosan nem csak mag\u00e1t, de autista l\u00e1ny\u00e1t is egy nyomoz\u00e1s k\u00f6zep\u00e9n tal\u00e1lja, amely...","mediaType":"Episode","year":"2017","isReplayTv":false,"seriesEpisodeNumber":"1805060025","seriesNumber":"1805032150","videoStreams":[],"airDate":1483228800000,"entitlements":["VIP","_OPEN_"],"currentProductIds":[],"currentTvodProductIds":[]},"parentId":"crid:~~2F~~2Fport.hu~~2F57713818","rootId":"crid:~~2F~~2Fport.hu~~2F57713818"}