{"id":"crid:~~2F~~2Fport.hu~~2F90080519-imi:00100000005D91D6","countryCode":"HU","languageCode":"hun","deviceCode":"web","startTime":1525437000000,"endTime":1525438800000,"stationId":"826989607276","imi":"imi:00100000005D91D6","mediaGroupId":"crid:~~2F~~2Fport.hu~~2F90080517","program":{"id":"crid:~~2F~~2Fport.hu~~2F90080519","title":"Paradicsom f\u00e9l\u00e1ron","description":"(I.\/2) Amy \u00e9s Pete New Jerseyb\u0151l tengerparti v\u00e1rost keres, ahol eg\u00e9sz \u00e9vben \u00e9lvezhetik a szabad leveg\u0151t, \u00e9s feleannyib\u00f3l kij\u00f6nnek, mint most. H\u00e1romsz\u00e1zezer doll\u00e1r \u00e1ll a rendelkez\u00e9s\u00fckre, \u00e9s \u00fagy \u00e9rzik, a floridai St. Augustine lehet az \u0151 paradicsomuk f\u00e9l\u00e1ron.","longDescription":"(I.\/2) Amy \u00e9s Pete New Jerseyb\u0151l tengerparti v\u00e1rost keres, ahol eg\u00e9sz \u00e9vben \u00e9lvezhetik a szabad leveg\u0151t, \u00e9s feleannyib\u00f3l kij\u00f6nnek, mint most. H\u00e1romsz\u00e1zezer doll\u00e1r \u00e1ll a rendelkez\u00e9s\u00fckre, \u00e9s \u00fagy \u00e9rzik, a floridai St. Augustine lehet az \u0151 paradicsomuk f\u00e9l\u00e1ron.","languageCode":"hun","countryCode":"HU","deviceCode":"web","medium":"TV","categories":[{"id":"271090244411","title":"Szabadid\u0151","scheme":"urn:tva:metadata:cs:UPCEventGenreCS:2009"},{"id":"271090244412","title":"Utaz\u00e1s","scheme":"urn:tva:metadata:cs:UPCEventGenreCS:2009"}],"isAdult":false,"parentalRating":"3","cast":[],"directors":[],"images":[{"assetType":"boxart-small","assetTypes":["boxart-small"],"width":75,"height":108,"url":"https:\/\/wp25-images-hu-dynamic.horizon.tv\/HU\/Images\/upcgenre_A1.jpg?w=75&h=108&mode=box"},{"assetType":"tva-boxcover","assetTypes":["tva-boxcover"],"width":180,"height":260,"url":"https:\/\/wp25-images-hu-dynamic.horizon.tv\/HU\/Images\/upcgenre_A1.jpg"},{"assetType":"boxart-large","assetTypes":["boxart-large"],"width":180,"height":260,"url":"https:\/\/wp25-images-hu-dynamic.horizon.tv\/HU\/Images\/upcgenre_A1.jpg?w=180&h=260&mode=box"},{"assetType":"boxart-xlarge","assetTypes":["boxart-xlarge"],"width":210,"height":303,"url":"https:\/\/wp25-images-hu-dynamic.horizon.tv\/HU\/Images\/upcgenre_A1.jpg?w=210&h=303&mode=box"},{"assetType":"boxart-medium","assetTypes":["boxart-medium"],"width":110,"height":159,"url":"https:\/\/wp25-images-hu-dynamic.horizon.tv\/HU\/Images\/upcgenre_A1.jpg?w=110&h=159&mode=box"}],"mediaGroupId":"crid:~~2F~~2Fport.hu~~2F90080517","secondaryTitle":"Olcs\u00f3 h\u00e1z a tengerparton (I.\/2)","shortDescription":"(I.\/2) Amy \u00e9s Pete New Jerseyb\u0151l tengerparti v\u00e1rost keres, ahol eg\u00e9sz \u00e9vben \u00e9lvezhetik a szabad leveg\u0151t, \u00e9s feleannyib\u00f3l kij\u00f6nnek, mint most. H\u00e1romsz\u00e1zezer doll\u00e1r \u00e1ll a rendelkez\u00e9s\u00fckre, \u00e9s \u00fagy...","mediaType":"Episode","isReplayTv":false,"seriesEpisodeNumber":"2","seriesNumber":"1","videoStreams":[],"entitlements":["VIP","_OPEN_"],"currentProductIds":[],"currentTvodProductIds":[]},"parentId":"crid:~~2F~~2Fport.hu~~2F90080517","rootId":"crid:~~2F~~2Fport.hu~~2F90080517"}