{"id":"crid:~~2F~~2Fport.hu~~2F52362581-imi:00100000005D22DC","countryCode":"HU","languageCode":"hun","deviceCode":"web","startTime":1525432800000,"endTime":1525433400000,"stationId":"826989607196","imi":"imi:00100000005D22DC","mediaGroupId":"crid:~~2F~~2Fport.hu~~2F52336713","program":{"id":"crid:~~2F~~2Fport.hu~~2F52362581","title":"Pind\u00far pand\u00farok","description":"(I.\/19) A Pind\u00far pand\u00farok, Sziporka, Puszedli \u00e9s Csuporka suliba j\u00e1rnak, \u00e9s sz\u00f6rnyekkel harcolnak szinte minden nap a leg\u00fajabb r\u00e9szekben!","longDescription":"(I.\/19) A Pind\u00far pand\u00farok, Sziporka, Puszedli \u00e9s Csuporka suliba j\u00e1rnak, \u00e9s sz\u00f6rnyekkel harcolnak szinte minden nap a leg\u00fajabb r\u00e9szekben!","languageCode":"hun","countryCode":"HU","deviceCode":"web","medium":"TV","categories":[{"id":"271090244371","title":"Gyermek\/Ifj\u00fas\u00e1gi","scheme":"urn:tva:metadata:cs:UPCEventGenreCS:2009"},{"id":"271090244376","title":"Rajzfilm","scheme":"urn:tva:metadata:cs:UPCEventGenreCS:2009"}],"isAdult":false,"parentalRating":"3","cast":[],"directors":[],"images":[{"assetType":"boxart-xlarge","assetTypes":["boxart-xlarge"],"width":210,"height":303,"url":"https:\/\/wp15-images-hu-dynamic.horizon.tv\/HU\/Images\/bc_fb4db4e7c9094de60b5be970f73f083fce9bd791.jpg?w=210&h=303&mode=box"},{"assetType":"boxart-large","assetTypes":["boxart-large"],"width":180,"height":260,"url":"https:\/\/wp15-images-hu-dynamic.horizon.tv\/HU\/Images\/bc_fb4db4e7c9094de60b5be970f73f083fce9bd791.jpg?w=180&h=260&mode=box"},{"assetType":"boxart-medium","assetTypes":["boxart-medium"],"width":110,"height":159,"url":"https:\/\/wp15-images-hu-dynamic.horizon.tv\/HU\/Images\/bc_fb4db4e7c9094de60b5be970f73f083fce9bd791.jpg?w=110&h=159&mode=box"},{"assetType":"tva-boxcover","assetTypes":["tva-boxcover"],"width":180,"height":260,"url":"https:\/\/wp15-images-hu-dynamic.horizon.tv\/HU\/Images\/bc_fb4db4e7c9094de60b5be970f73f083fce9bd791.jpg"},{"assetType":"boxart-small","assetTypes":["boxart-small"],"width":75,"height":108,"url":"https:\/\/wp15-images-hu-dynamic.horizon.tv\/HU\/Images\/bc_fb4db4e7c9094de60b5be970f73f083fce9bd791.jpg?w=75&h=108&mode=box"},{"assetType":"HighResLandscape","assetTypes":["HighResLandscape"],"url":"https:\/\/wp17-images-hu-dynamic.horizon.tv\/HU\/Images\/hrl_76f073abd755fb36f1714f75dad55d4b85b48880.jpg"}],"mediaGroupId":"crid:~~2F~~2Fport.hu~~2F52336713","secondaryTitle":"Az operah\u00e1z pand\u00farjai (I.\/19)","shortDescription":"Rossz f\u00e9nyk\u00e9p k\u00e9sz\u00fcl Puszedlir\u00f3l az iskol\u00e1ban, ami katasztrof\u00e1lis eredm\u00e9nyhez vezet.","mediaType":"Episode","year":"2016","isReplayTv":false,"seriesEpisodeNumber":"19","seriesNumber":"1","videoStreams":[],"airDate":1451606400000,"entitlements":["VIP","_OPEN_"],"currentProductIds":[],"currentTvodProductIds":[]},"parentId":"crid:~~2F~~2Fport.hu~~2F52336713","rootId":"crid:~~2F~~2Fport.hu~~2F52336713"}