{"id":"crid:~~2F~~2Fport.hu~~2F1615504-imi:00100000005D3A88","countryCode":"HU","languageCode":"hun","deviceCode":"web","startTime":1525530600000,"endTime":1525532400000,"stationId":"826989607213","imi":"imi:00100000005D3A88","mediaGroupId":"crid:~~2F~~2Fport.hu~~2F1587156","program":{"id":"crid:~~2F~~2Fport.hu~~2F1615504","title":"Agymen\u0151k","description":"(IV.\/24) Leonard (Johnny Galecki) \u00e9s Sheldon (Jim Parsons) az elm\u00e9leti fizika nagymesterei. Nyugodtan \u00e9lik unalmas \u00e9let\u00fcket, a val\u00f3 vil\u00e1g t\u00f6rt\u00e9n\u00e9seir\u0151l fogalmuk sincs. Amikor v\u00e1ratlanul bek\u00f6lt\u00f6zik Penny (Kaley Cuoco), az \u00faj szomsz\u00e9d, a k\u00e9t j\u00f3 bar\u00e1t \u00e9lete gy\u00f6keres fordulatot vesz. Felt\u00e1rul el\u0151tt\u00fck a vil\u00e1g, annak minden \"sz\u00e9ps\u00e9g\u00e9vel\" \u00e9s neh\u00e9zs\u00e9g\u00e9vel.","longDescription":"(IV.\/24) Leonard (Johnny Galecki) \u00e9s Sheldon (Jim Parsons) az elm\u00e9leti fizika nagymesterei. Nyugodtan \u00e9lik unalmas \u00e9let\u00fcket, a val\u00f3 vil\u00e1g t\u00f6rt\u00e9n\u00e9seir\u0151l fogalmuk sincs. Amikor v\u00e1ratlanul bek\u00f6lt\u00f6zik Penny (Kaley Cuoco), az \u00faj szomsz\u00e9d, a k\u00e9t j\u00f3 bar\u00e1t \u00e9lete gy\u00f6keres fordulatot vesz. Felt\u00e1rul el\u0151tt\u00fck a vil\u00e1g, annak minden \"sz\u00e9ps\u00e9g\u00e9vel\" \u00e9s neh\u00e9zs\u00e9g\u00e9vel.","languageCode":"hun","countryCode":"HU","deviceCode":"web","medium":"TV","categories":[{"id":"271090244428","title":"Dr\u00e1ma","scheme":"urn:tva:metadata:cs:UPCEventGenreCS:2009"},{"id":"271090244432","title":"Kom\u00e9dia\/Filmv\u00edgj\u00e1t\u00e9k","scheme":"urn:tva:metadata:cs:UPCEventGenreCS:2009"}],"isAdult":false,"parentalRating":"3","cast":["Jim Parsons","Johnny Galecki","Kaley Cuoco","Simon Helberg","Kunal Nayyar","Mayim Bialik","Melissa Rauch","Sara Gilbert","Mark Harelik","Sara Rue","Alice Amter","Brian George","John Ross Bowie","Christine Baranski"],"directors":["Mark Cendrowski"],"images":[{"assetType":"boxart-large","assetTypes":["boxart-large"],"width":180,"height":260,"url":"https:\/\/wp9-images-hu-dynamic.horizon.tv\/HU\/Images\/bc_11977757aa888e8b11c4446994273abdd2f5b0b3.jpg?w=180&h=260&mode=box"},{"assetType":"boxart-xlarge","assetTypes":["boxart-xlarge"],"width":210,"height":303,"url":"https:\/\/wp9-images-hu-dynamic.horizon.tv\/HU\/Images\/bc_11977757aa888e8b11c4446994273abdd2f5b0b3.jpg?w=210&h=303&mode=box"},{"assetType":"tva-boxcover","assetTypes":["tva-boxcover"],"width":180,"height":260,"url":"https:\/\/wp9-images-hu-dynamic.horizon.tv\/HU\/Images\/bc_11977757aa888e8b11c4446994273abdd2f5b0b3.jpg"},{"assetType":"boxart-medium","assetTypes":["boxart-medium"],"width":110,"height":159,"url":"https:\/\/wp9-images-hu-dynamic.horizon.tv\/HU\/Images\/bc_11977757aa888e8b11c4446994273abdd2f5b0b3.jpg?w=110&h=159&mode=box"},{"assetType":"boxart-small","assetTypes":["boxart-small"],"width":75,"height":108,"url":"https:\/\/wp9-images-hu-dynamic.horizon.tv\/HU\/Images\/bc_11977757aa888e8b11c4446994273abdd2f5b0b3.jpg?w=75&h=108&mode=box"},{"assetType":"HighResLandscape","assetTypes":["HighResLandscape"],"url":"https:\/\/wp16-images-hu-dynamic.horizon.tv\/HU\/Images\/hrl_64f46a05479b360b2a9d9779ce2c78a8684f4327.jpg"},{"assetType":"HighResPortrait","assetTypes":["HighResPortrait"],"url":"https:\/\/wp16-images-hu-dynamic.horizon.tv\/HU\/Images\/hrp_b6aebb7ff1acb5b79504b1c26f897dfdd512315e.jpg"}],"mediaGroupId":"crid:~~2F~~2Fport.hu~~2F1587156","secondaryTitle":"Ami sok, az sok! (IV.\/24)","shortDescription":"Leonard \u00e9s Sheldon az elm\u00e9leti fizika nagymesterei. Nyugodtan \u00e9lik unalmas \u00e9let\u00fcket, a val\u00f3 vil\u00e1g t\u00f6rt\u00e9n\u00e9seir\u0151l fogalmuk sincs. Amikor v\u00e1ratlanul bek\u00f6lt\u00f6zik Penny, az \u00faj szomsz\u00e9d.","mediaType":"Episode","year":"2011","duration":1800,"latestBroadcastStartTime":1525330500000,"latestBroadcastEndTime":1525332300000,"isReplayTv":true,"listingId":"crid:~~2F~~2Fport.hu~~2F1615504-imi:00100000005D0486","seriesEpisodeNumber":"24","seriesNumber":"4","videoStreams":[],"airDate":1293840000000,"entitlements":["crid:~~2F~~2Fupc.com~~2FReplayTV~~2FComedy_Central_ReplayTV","VIP","_OPEN_"],"currentProductIds":["crid:~~2F~~2Fupc.com~~2FReplayTV~~2FComedy_Central_ReplayTV"],"currentTvodProductIds":[]},"parentId":"crid:~~2F~~2Fport.hu~~2F1587156","rootId":"crid:~~2F~~2Fport.hu~~2F1587156"}