{"id":"crid:~~2F~~2Fport.hu~~2F81627542-imi:00100000005D29BB","countryCode":"HU","languageCode":"hun","deviceCode":"web","startTime":1525447800000,"endTime":1525449600000,"stationId":"826989607227","imi":"imi:00100000005D29BB","mediaGroupId":"crid:~~2F~~2Fport.hu~~2F40507890","program":{"id":"crid:~~2F~~2Fport.hu~~2F81627542","title":"Csizm\u00e1s, a kand\u00far kalandjai","description":"A vil\u00e1g legismertebb \u00e9s legkedveltebb macsk\u00e1ja visszat\u00e9r, hogy meg\u00f3vja San Lorenzo v\u00e9dtelen polg\u00e1rait a gaztev\u0151kt\u0151l. C\u00e9lj\u00e1t\u00f3l senki nem t\u00e1ntor\u00edthatja el \u00e9s semmi sem \u00e1llhat az \u00fatj\u00e1ba\u2026 csak a sz\u0151rcsom\u00f3! A sz\u0151rcsom\u00f3 igen.","longDescription":"A vil\u00e1g legismertebb \u00e9s legkedveltebb macsk\u00e1ja visszat\u00e9r, hogy meg\u00f3vja San Lorenzo v\u00e9dtelen polg\u00e1rait a gaztev\u0151kt\u0151l. C\u00e9lj\u00e1t\u00f3l senki nem t\u00e1ntor\u00edthatja el \u00e9s semmi sem \u00e1llhat az \u00fatj\u00e1ba\u2026 csak a sz\u0151rcsom\u00f3! A sz\u0151rcsom\u00f3 igen.","languageCode":"hun","countryCode":"HU","deviceCode":"web","medium":"TV","categories":[{"id":"271090244371","title":"Gyermek\/Ifj\u00fas\u00e1gi","scheme":"urn:tva:metadata:cs:UPCEventGenreCS:2009"},{"id":"271090244376","title":"Rajzfilm","scheme":"urn:tva:metadata:cs:UPCEventGenreCS:2009"}],"isAdult":false,"parentalRating":"3","cast":[],"directors":[],"images":[{"assetType":"boxart-large","assetTypes":["boxart-large"],"width":180,"height":260,"url":"https:\/\/wp28-images-hu-dynamic.horizon.tv\/HU\/Images\/bc_53d11bc1385d2dd7f1d1730d791cfcf096f0c528.jpg?w=180&h=260&mode=box"},{"assetType":"boxart-medium","assetTypes":["boxart-medium"],"width":110,"height":159,"url":"https:\/\/wp28-images-hu-dynamic.horizon.tv\/HU\/Images\/bc_53d11bc1385d2dd7f1d1730d791cfcf096f0c528.jpg?w=110&h=159&mode=box"},{"assetType":"boxart-small","assetTypes":["boxart-small"],"width":75,"height":108,"url":"https:\/\/wp28-images-hu-dynamic.horizon.tv\/HU\/Images\/bc_53d11bc1385d2dd7f1d1730d791cfcf096f0c528.jpg?w=75&h=108&mode=box"},{"assetType":"boxart-xlarge","assetTypes":["boxart-xlarge"],"width":210,"height":303,"url":"https:\/\/wp28-images-hu-dynamic.horizon.tv\/HU\/Images\/bc_53d11bc1385d2dd7f1d1730d791cfcf096f0c528.jpg?w=210&h=303&mode=box"},{"assetType":"tva-boxcover","assetTypes":["tva-boxcover"],"width":180,"height":260,"url":"https:\/\/wp28-images-hu-dynamic.horizon.tv\/HU\/Images\/bc_53d11bc1385d2dd7f1d1730d791cfcf096f0c528.jpg"},{"assetType":"HighResLandscape","assetTypes":["HighResLandscape"],"url":"https:\/\/wp4-images-hu-dynamic.horizon.tv\/HU\/Images\/hrl_5844c7eeb3bd07f51270898f4f64713fe3157725.jpg"},{"assetType":"HighResPortrait","assetTypes":["HighResPortrait"],"url":"https:\/\/wp4-images-hu-dynamic.horizon.tv\/HU\/Images\/hrp_5d274f1441eb45d6fad77e82314f5654d087f5e4.jpg"}],"mediaGroupId":"crid:~~2F~~2Fport.hu~~2F40507890","shortDescription":"A vil\u00e1g legismertebb \u00e9s legkedveltebb macsk\u00e1ja visszat\u00e9r, hogy meg\u00f3vja San Lorenzo v\u00e9dtelen polg\u00e1rait a gaztev\u0151kt\u0151l. C\u00e9lj\u00e1t\u00f3l senki nem t\u00e1ntor\u00edthatja el \u00e9s semmi sem \u00e1llhat az \u00fatj\u00e1ba\u2026 csak a...","mediaType":"Episode","year":"2017","isReplayTv":false,"seriesEpisodeNumber":"1805040730","seriesNumber":"1805040730","videoStreams":[],"airDate":1483228800000,"entitlements":["VIP","_OPEN_"],"currentProductIds":[],"currentTvodProductIds":[]},"parentId":"crid:~~2F~~2Fport.hu~~2F40507890","rootId":"crid:~~2F~~2Fport.hu~~2F40507890"}