{"id":"crid:~~2F~~2Fport.hu~~2F1463641-imi:00100000005D3B5C","countryCode":"HU","languageCode":"hun","deviceCode":"web","startTime":1525615200000,"endTime":1525621800000,"stationId":"826989607155","imi":"imi:00100000005D3B5C","mediaGroupId":"crid:~~2F~~2Fport.hu~~2F1463641","program":{"id":"crid:~~2F~~2Fport.hu~~2F1463641","title":"P\u00e1rizsb\u00f3l szeretettel","description":"James Reece (Jonathan Rhys-Meyers), a p\u00e1rizsi amerikai nagyk\u00f6vet szem\u00e9lyi titk\u00e1ra igazi h\u00edrszerz\u00e9si akci\u00f3kr\u00f3l \u00e1lmodozik. \u00dagy t\u0171nik, teljes\u00fcl az \u00e1lma, amikor beosztj\u00e1k k\u00eds\u00e9r\u0151 tolm\u00e1csnak Charlie Wax (John Travolta) k\u00fcl\u00f6nleges \u00fcgyn\u00f6k mell\u00e9, aki az\u00e9rt \u00e9rkezett P\u00e1rizsba, hogy megakad\u00e1lyozzon egy terrort\u00e1mad\u00e1st. Hamarosan megtudj\u00e1k, hogy csup\u00e1n k\u00e9t nap van h\u00e1tra a mer\u00e9nyletig \u00e9s semmilyen seg\u00edts\u00e9gre nem sz\u00e1m\u00edthatnak.","longDescription":"James Reece (Jonathan Rhys-Meyers), a p\u00e1rizsi amerikai nagyk\u00f6vet szem\u00e9lyi titk\u00e1ra igazi h\u00edrszerz\u00e9si akci\u00f3kr\u00f3l \u00e1lmodozik. \u00dagy t\u0171nik, teljes\u00fcl az \u00e1lma, amikor beosztj\u00e1k k\u00eds\u00e9r\u0151 tolm\u00e1csnak Charlie Wax (John Travolta) k\u00fcl\u00f6nleges \u00fcgyn\u00f6k mell\u00e9, aki az\u00e9rt \u00e9rkezett P\u00e1rizsba, hogy megakad\u00e1lyozzon egy terrort\u00e1mad\u00e1st. Hamarosan megtudj\u00e1k, hogy csup\u00e1n k\u00e9t nap van h\u00e1tra a mer\u00e9nyletig \u00e9s semmilyen seg\u00edts\u00e9gre nem sz\u00e1m\u00edthatnak.","languageCode":"hun","countryCode":"HU","deviceCode":"web","medium":"Movie","categories":[{"id":"271090244338","title":"Akci\u00f3","scheme":"urn:tva:metadata:cs:UPCEventGenreCS:2009"}],"isAdult":false,"parentalRating":"16","cast":["John Travolta","Jonathan Rhys-Meyers","Kasia Smutniak","Amber Rose Revah","Chems Dahmani","Bing Ying","Richard Durden"],"directors":["Pierre Morel"],"images":[{"assetType":"boxart-small","assetTypes":["boxart-small"],"width":75,"height":108,"url":"https:\/\/wp20-images-hu-dynamic.horizon.tv\/HU\/Images\/bc_575c668475327a8cf218f01ceff103612f142b81.jpg?w=75&h=108&mode=box"},{"assetType":"tva-boxcover","assetTypes":["tva-boxcover"],"width":180,"height":260,"url":"https:\/\/wp20-images-hu-dynamic.horizon.tv\/HU\/Images\/bc_575c668475327a8cf218f01ceff103612f142b81.jpg"},{"assetType":"boxart-xlarge","assetTypes":["boxart-xlarge"],"width":210,"height":303,"url":"https:\/\/wp20-images-hu-dynamic.horizon.tv\/HU\/Images\/bc_575c668475327a8cf218f01ceff103612f142b81.jpg?w=210&h=303&mode=box"},{"assetType":"boxart-large","assetTypes":["boxart-large"],"width":180,"height":260,"url":"https:\/\/wp20-images-hu-dynamic.horizon.tv\/HU\/Images\/bc_575c668475327a8cf218f01ceff103612f142b81.jpg?w=180&h=260&mode=box"},{"assetType":"boxart-medium","assetTypes":["boxart-medium"],"width":110,"height":159,"url":"https:\/\/wp20-images-hu-dynamic.horizon.tv\/HU\/Images\/bc_575c668475327a8cf218f01ceff103612f142b81.jpg?w=110&h=159&mode=box"}],"mediaGroupId":"crid:~~2F~~2Fport.hu~~2F1463641","shortDescription":"James Reese m\u00e1sodvonalbeli h\u00edrszerz\u0151 tiszt megb\u00edz\u00e1st kap, hogy k\u00eds\u00e9r\u0151-tolm\u00e1csk\u00e9nt seg\u00edtse Charlie Wax kommand\u00f3s-szuper\u00fcgyn\u00f6k munk\u00e1j\u00e1t. A v\u00e9rprofi Wax k\u00fcldet\u00e9se egy terrort\u00e1mad\u00e1s megakad\u00e1lyoz\u00e1sa.","mediaType":"FeatureFilm","year":"2010","duration":6600,"latestBroadcastStartTime":1525198200000,"latestBroadcastEndTime":1525204800000,"isReplayTv":true,"listingId":"crid:~~2F~~2Fport.hu~~2F1463641-imi:00100000005CD709","videoStreams":[],"airDate":1262304000000,"entitlements":["crid:~~2F~~2Fupc.com~~2FReplayTV~~2FAMC_ReplayTV_CU","VIP","_OPEN_"],"currentProductIds":["crid:~~2F~~2Fupc.com~~2FReplayTV~~2FAMC_ReplayTV_CU"],"currentTvodProductIds":[]},"parentId":"crid:~~2F~~2Fport.hu~~2F1463641","rootId":"crid:~~2F~~2Fport.hu~~2F1463641"}