{"id":"crid:~~2F~~2Fport.hu~~2F67950944-imi:00100000005D0F2B","countryCode":"HU","languageCode":"hun","deviceCode":"web","startTime":1525388400000,"endTime":1525392000000,"stationId":"826989607237","imi":"imi:00100000005D0F2B","mediaGroupId":"crid:~~2F~~2Fport.hu~~2F67251735","program":{"id":"crid:~~2F~~2Fport.hu~~2F67950944","title":"A gyan\u00fa \u00e1rny\u00e9k\u00e1ban","description":"(119) A m\u0171sor h\u0151sei h\u00e9tk\u00f6znapi emberek. K\u00f6zt\u00fcnk \u00e9lnek, szomsz\u00e9daink, ismer\u0151seink lehetn\u00e9nek. B\u00e9k\u00e9s \u00e9letre, szeret\u0151 csal\u00e1dra, kisz\u00e1m\u00edthat\u00f3 j\u00f6v\u0151re v\u00e1gynak. Azt gondolj\u00e1k, hogy a j\u00f3 embereket nem \u00e9rheti baj. \u00c1m egy nap... vil\u00e1guk \u00f6sszeomlik. Visszaszerezheti-e az \u00e9desanya a babakocsib\u00f3l elrabolt kisgyermek\u00e9t? Vajon beigazol\u00f3dik a f\u00e9rfi gyan\u00faja: id\u0151sgondoz\u00f3k\u00e9nt dolgoz\u00f3 feles\u00e9ge fekete angyalk\u00e9nt v\u00e9gez a k\u00f6rny\u00e9ken \u00e9l\u0151 magatehetetlen \u00f6regekkel? A fiatal l\u00e1ny t\u00e9nyleg j\u00f3l l\u00e1tja, p\u00e1rja \u00e9s \u00e9desanyja k\u00f6zt szerelem sz\u00f6v\u0151dik? Helyes az \u00e9desanya meg\u00e9rz\u00e9se, fia az\u00e9rt menek\u00fclt k\u00fclf\u00f6ldre, mert \u0151 \u00f6lte meg k\u00e9t \u00e9ve elt\u0171nt bar\u00e1tn\u0151j\u00e9t? Mit tehet az a f\u00e9rfi, aki r\u00e1j\u00f6n, hogy legkisebb gyermek\u00e9nek nem \u0151 az apja?A h\u00e9tk\u00f6znap est\u00e9nk\u00e9nt l\u00e1that\u00f3 sorozat r\u00e9szeib\u0151l kider\u00fcl, mi t\u00f6rt\u00e9nik azokkal, akikre r\u00e1vet\u00fcl a gyan\u00fa \u00e1rny\u00e9ka.","longDescription":"(119) A m\u0171sor h\u0151sei h\u00e9tk\u00f6znapi emberek. K\u00f6zt\u00fcnk \u00e9lnek, szomsz\u00e9daink, ismer\u0151seink lehetn\u00e9nek. B\u00e9k\u00e9s \u00e9letre, szeret\u0151 csal\u00e1dra, kisz\u00e1m\u00edthat\u00f3 j\u00f6v\u0151re v\u00e1gynak. Azt gondolj\u00e1k, hogy a j\u00f3 embereket nem \u00e9rheti baj. \u00c1m egy nap... vil\u00e1guk \u00f6sszeomlik. Visszaszerezheti-e az \u00e9desanya a babakocsib\u00f3l elrabolt kisgyermek\u00e9t? Vajon beigazol\u00f3dik a f\u00e9rfi gyan\u00faja: id\u0151sgondoz\u00f3k\u00e9nt dolgoz\u00f3 feles\u00e9ge fekete angyalk\u00e9nt v\u00e9gez a k\u00f6rny\u00e9ken \u00e9l\u0151 magatehetetlen \u00f6regekkel? A fiatal l\u00e1ny t\u00e9nyleg j\u00f3l l\u00e1tja, p\u00e1rja \u00e9s \u00e9desanyja k\u00f6zt szerelem sz\u00f6v\u0151dik? Helyes az \u00e9desanya meg\u00e9rz\u00e9se, fia az\u00e9rt menek\u00fclt k\u00fclf\u00f6ldre, mert \u0151 \u00f6lte meg k\u00e9t \u00e9ve elt\u0171nt bar\u00e1tn\u0151j\u00e9t? Mit tehet az a f\u00e9rfi, aki r\u00e1j\u00f6n, hogy legkisebb gyermek\u00e9nek nem \u0151 az apja?A h\u00e9tk\u00f6znap est\u00e9nk\u00e9nt l\u00e1that\u00f3 sorozat r\u00e9szeib\u0151l kider\u00fcl, mi t\u00f6rt\u00e9nik azokkal, akikre r\u00e1vet\u00fcl a gyan\u00fa \u00e1rny\u00e9ka.","languageCode":"hun","countryCode":"HU","deviceCode":"web","medium":"TV","categories":[{"id":"271090244428","title":"Dr\u00e1ma","scheme":"urn:tva:metadata:cs:UPCEventGenreCS:2009"}],"isAdult":false,"parentalRating":"12","cast":[],"directors":[],"images":[{"assetType":"boxart-small","assetTypes":["boxart-small"],"width":75,"height":108,"url":"https:\/\/wp17-images-hu-dynamic.horizon.tv\/HU\/Images\/upcgenre_E0.jpg?w=75&h=108&mode=box"},{"assetType":"tva-boxcover","assetTypes":["tva-boxcover"],"width":180,"height":260,"url":"https:\/\/wp17-images-hu-dynamic.horizon.tv\/HU\/Images\/upcgenre_E0.jpg"},{"assetType":"boxart-medium","assetTypes":["boxart-medium"],"width":110,"height":159,"url":"https:\/\/wp17-images-hu-dynamic.horizon.tv\/HU\/Images\/upcgenre_E0.jpg?w=110&h=159&mode=box"},{"assetType":"boxart-xlarge","assetTypes":["boxart-xlarge"],"width":210,"height":303,"url":"https:\/\/wp17-images-hu-dynamic.horizon.tv\/HU\/Images\/upcgenre_E0.jpg?w=210&h=303&mode=box"},{"assetType":"boxart-large","assetTypes":["boxart-large"],"width":180,"height":260,"url":"https:\/\/wp17-images-hu-dynamic.horizon.tv\/HU\/Images\/upcgenre_E0.jpg?w=180&h=260&mode=box"}],"mediaGroupId":"crid:~~2F~~2Fport.hu~~2F67251735","secondaryTitle":"A kisfiamat f\u00e9ltem a b\u00e1tyj\u00e1t\u00f3l (119)","shortDescription":"A m\u0171sor h\u0151sei h\u00e9tk\u00f6znapi emberek. B\u00e9k\u00e9s \u00e9letre, szeret\u0151 csal\u00e1dra, kisz\u00e1m\u00edthat\u00f3 j\u00f6v\u0151re v\u00e1gynak. Azt gondolj\u00e1k, hogy a j\u00f3 embereket nem \u00e9rheti baj. \u00c1m egy nap... vil\u00e1guk \u00f6sszeomlik.","mediaType":"Episode","year":"2012","isReplayTv":false,"seriesEpisodeNumber":"119","seriesNumber":"1805021355","videoStreams":[],"airDate":1325376000000,"entitlements":["VIP","_OPEN_"],"currentProductIds":[],"currentTvodProductIds":[]},"parentId":"crid:~~2F~~2Fport.hu~~2F67251735","rootId":"crid:~~2F~~2Fport.hu~~2F67251735"}