{"id":"crid:~~2F~~2Fport.hu~~2F90324257-imi:00100000005D36D8","countryCode":"HU","languageCode":"hun","deviceCode":"web","startTime":1525608000000,"endTime":1525626000000,"stationId":"826989607221","imi":"imi:00100000005D36D8","mediaGroupId":"crid:~~2F~~2Fport.hu~~2F67512798","program":{"id":"crid:~~2F~~2Fport.hu~~2F90324257","title":"L\u00f3verseny","description":"Tavaszi l\u00f3verseny \u00e9s food truck show","longDescription":"Tavaszi l\u00f3verseny \u00e9s food truck show","languageCode":"hun","countryCode":"HU","deviceCode":"web","medium":"TV","categories":[{"id":"271090244353","title":"Sport","scheme":"urn:tva:metadata:cs:UPCEventGenreCS:2009"}],"isAdult":false,"parentalRating":"3","cast":[],"directors":[],"images":[{"assetType":"tva-boxcover","assetTypes":["tva-boxcover"],"width":180,"height":260,"url":"https:\/\/wp4-images-hu-dynamic.horizon.tv\/HU\/Images\/upcgenre_40.jpg"},{"assetType":"boxart-medium","assetTypes":["boxart-medium"],"width":110,"height":159,"url":"https:\/\/wp4-images-hu-dynamic.horizon.tv\/HU\/Images\/upcgenre_40.jpg?w=110&h=159&mode=box"},{"assetType":"boxart-small","assetTypes":["boxart-small"],"width":75,"height":108,"url":"https:\/\/wp4-images-hu-dynamic.horizon.tv\/HU\/Images\/upcgenre_40.jpg?w=75&h=108&mode=box"},{"assetType":"boxart-xlarge","assetTypes":["boxart-xlarge"],"width":210,"height":303,"url":"https:\/\/wp4-images-hu-dynamic.horizon.tv\/HU\/Images\/upcgenre_40.jpg?w=210&h=303&mode=box"},{"assetType":"boxart-large","assetTypes":["boxart-large"],"width":180,"height":260,"url":"https:\/\/wp4-images-hu-dynamic.horizon.tv\/HU\/Images\/upcgenre_40.jpg?w=180&h=260&mode=box"}],"mediaGroupId":"crid:~~2F~~2Fport.hu~~2F67512798","secondaryTitle":"Tavaszi l\u00f3verseny \u00e9s food truck show","shortDescription":"Tavaszi l\u00f3verseny \u00e9s food truck show","mediaType":"Episode","isReplayTv":false,"seriesEpisodeNumber":"1805061400","seriesNumber":"1805051400","videoStreams":[],"entitlements":["VIP","_OPEN_"],"currentProductIds":[],"currentTvodProductIds":[]},"parentId":"crid:~~2F~~2Fport.hu~~2F67512798","rootId":"crid:~~2F~~2Fport.hu~~2F67512798"}