{"id":"crid:~~2F~~2Fport.hu~~2F67966253-imi:00100000005DBDC0","countryCode":"HU","languageCode":"hun","deviceCode":"web","startTime":1525564800000,"endTime":1525567500000,"stationId":"826989607164","imi":"imi:00100000005DBDC0","mediaGroupId":"crid:~~2F~~2Fport.hu~~2F67965409","program":{"id":"crid:~~2F~~2Fport.hu~~2F67966253","title":"A roncsderbi kir\u00e1lyai","description":"Az \u00e9vad d\u00f6nt\u0151je igazi m\u00e9sz\u00e1rl\u00e1s A sof\u0151r\u00f6k k\u00e9szek \u00f6sszet\u00f6rni az aut\u00f3ikat, k\u00f6zben Gullo\u00e9k \u00e9s Sweat\u00e9k a szab\u00e1lyokr\u00f3l vitatkoznak.","longDescription":"Az \u00e9vad d\u00f6nt\u0151je igazi m\u00e9sz\u00e1rl\u00e1s A sof\u0151r\u00f6k k\u00e9szek \u00f6sszet\u00f6rni az aut\u00f3ikat, k\u00f6zben Gullo\u00e9k \u00e9s Sweat\u00e9k a szab\u00e1lyokr\u00f3l vitatkoznak.","languageCode":"hun","countryCode":"HU","deviceCode":"web","medium":"TV","categories":[{"id":"271090244398","title":"T\u00e1rsadalmi\/Politikai","scheme":"urn:tva:metadata:cs:UPCEventGenreCS:2009"},{"id":"271090244399","title":"Dokumentumfilm","scheme":"urn:tva:metadata:cs:UPCEventGenreCS:2009"}],"isAdult":false,"parentalRating":"3","cast":[],"directors":[],"images":[{"assetType":"boxart-xlarge","assetTypes":["boxart-xlarge"],"width":210,"height":303,"url":"https:\/\/wp5-images-hu-dynamic.horizon.tv\/HU\/Images\/bc_0af6a90deb0c0555cf580f60a46196ea84683a12.jpg?w=210&h=303&mode=box"},{"assetType":"boxart-large","assetTypes":["boxart-large"],"width":180,"height":260,"url":"https:\/\/wp5-images-hu-dynamic.horizon.tv\/HU\/Images\/bc_0af6a90deb0c0555cf580f60a46196ea84683a12.jpg?w=180&h=260&mode=box"},{"assetType":"tva-boxcover","assetTypes":["tva-boxcover"],"width":180,"height":260,"url":"https:\/\/wp5-images-hu-dynamic.horizon.tv\/HU\/Images\/bc_0af6a90deb0c0555cf580f60a46196ea84683a12.jpg"},{"assetType":"boxart-small","assetTypes":["boxart-small"],"width":75,"height":108,"url":"https:\/\/wp5-images-hu-dynamic.horizon.tv\/HU\/Images\/bc_0af6a90deb0c0555cf580f60a46196ea84683a12.jpg?w=75&h=108&mode=box"},{"assetType":"boxart-medium","assetTypes":["boxart-medium"],"width":110,"height":159,"url":"https:\/\/wp5-images-hu-dynamic.horizon.tv\/HU\/Images\/bc_0af6a90deb0c0555cf580f60a46196ea84683a12.jpg?w=110&h=159&mode=box"}],"mediaGroupId":"crid:~~2F~~2Fport.hu~~2F67965409","secondaryTitle":"Szellem a motorban","shortDescription":"Az \u00e9vad d\u00f6nt\u0151je igazi m\u00e9sz\u00e1rl\u00e1s A sof\u0151r\u00f6k k\u00e9szek \u00f6sszet\u00f6rni az aut\u00f3ikat, k\u00f6zben Gullo\u00e9k \u00e9s Sweat\u00e9k a szab\u00e1lyokr\u00f3l vitatkoznak.","mediaType":"Episode","isReplayTv":false,"seriesEpisodeNumber":"1805041015","seriesNumber":"1805041015","videoStreams":[],"entitlements":["VIP","_OPEN_"],"currentProductIds":[],"currentTvodProductIds":[]},"parentId":"crid:~~2F~~2Fport.hu~~2F67965409","rootId":"crid:~~2F~~2Fport.hu~~2F67965409"}