{"id":"crid:~~2F~~2Fport.hu~~2F72238908-imi:00100000005D3F9A","countryCode":"HU","languageCode":"hun","deviceCode":"web","startTime":1525546800000,"endTime":1525548600000,"stationId":"826989607211","imi":"imi:00100000005D3F9A","mediaGroupId":"crid:~~2F~~2Fport.hu~~2F2857275","program":{"id":"crid:~~2F~~2Fport.hu~~2F72238908","title":"Rakt\u00e1r-h\u00e1bor\u00fak","description":"A vev\u0151k a t\u00e1voli Lake Elsinore-ba utaznak. Jarrod \u00e9s Brandi \u00f6sszevesznek, Barry nem ny\u00fal m\u00e9lyen a zseb\u00e9be, \u00e9s Sheets\u00e9k tal\u00e1lnak valami nem evil\u00e1git.","longDescription":"A vev\u0151k a t\u00e1voli Lake Elsinore-ba utaznak. Jarrod \u00e9s Brandi \u00f6sszevesznek, Barry nem ny\u00fal m\u00e9lyen a zseb\u00e9be, \u00e9s Sheets\u00e9k tal\u00e1lnak valami nem evil\u00e1git.","languageCode":"hun","countryCode":"HU","deviceCode":"web","medium":"TV","categories":[{"id":"271090244349","title":"Show","scheme":"urn:tva:metadata:cs:UPCEventGenreCS:2009"}],"isAdult":false,"parentalRating":"12","cast":[],"directors":[],"images":[{"assetType":"boxart-large","assetTypes":["boxart-large"],"width":180,"height":260,"url":"https:\/\/wp28-images-hu-dynamic.horizon.tv\/HU\/Images\/bc_5dec296a6b28d9eb00d18960b0893751b1b0f6c4.jpg?w=180&h=260&mode=box"},{"assetType":"tva-boxcover","assetTypes":["tva-boxcover"],"width":180,"height":260,"url":"https:\/\/wp28-images-hu-dynamic.horizon.tv\/HU\/Images\/bc_5dec296a6b28d9eb00d18960b0893751b1b0f6c4.jpg"},{"assetType":"boxart-small","assetTypes":["boxart-small"],"width":75,"height":108,"url":"https:\/\/wp28-images-hu-dynamic.horizon.tv\/HU\/Images\/bc_5dec296a6b28d9eb00d18960b0893751b1b0f6c4.jpg?w=75&h=108&mode=box"},{"assetType":"boxart-xlarge","assetTypes":["boxart-xlarge"],"width":210,"height":303,"url":"https:\/\/wp28-images-hu-dynamic.horizon.tv\/HU\/Images\/bc_5dec296a6b28d9eb00d18960b0893751b1b0f6c4.jpg?w=210&h=303&mode=box"},{"assetType":"boxart-medium","assetTypes":["boxart-medium"],"width":110,"height":159,"url":"https:\/\/wp28-images-hu-dynamic.horizon.tv\/HU\/Images\/bc_5dec296a6b28d9eb00d18960b0893751b1b0f6c4.jpg?w=110&h=159&mode=box"},{"assetType":"HighResLandscape","assetTypes":["HighResLandscape"],"url":"https:\/\/wp16-images-hu-dynamic.horizon.tv\/HU\/Images\/hrl_7577e743276ff04156f94db4ff0679d5156de981.jpg"},{"assetType":"HighResPortrait","assetTypes":["HighResPortrait"],"url":"https:\/\/wp16-images-hu-dynamic.horizon.tv\/HU\/Images\/hrp_28d53489b988cf86efcb664eb0d8bf691adc50cb.jpg"}],"mediaGroupId":"crid:~~2F~~2Fport.hu~~2F2857275","secondaryTitle":"A sz\u00f6rf\u00f6s, a szak\u00e1cs, a fia \u00e9s a fiv\u00e9rei","shortDescription":"A vev\u0151k a t\u00e1voli Lake Elsinore-ba utaznak. Jarrod \u00e9s Brandi \u00f6sszevesznek, Barry nem ny\u00fal m\u00e9lyen a zseb\u00e9be, \u00e9s Sheets\u00e9k tal\u00e1lnak valami nem evil\u00e1git.","mediaType":"Episode","year":"2013","isReplayTv":false,"seriesEpisodeNumber":"1805052100","seriesNumber":"1805032030","videoStreams":[],"airDate":1356998400000,"entitlements":["VIP","_OPEN_"],"currentProductIds":[],"currentTvodProductIds":[]},"parentId":"crid:~~2F~~2Fport.hu~~2F2857275","rootId":"crid:~~2F~~2Fport.hu~~2F2857275"}