{"id":"crid:~~2F~~2Fport.hu~~2F67537634-imi:00100000005D4CF9","countryCode":"HU","languageCode":"hun","deviceCode":"web","startTime":1525498200000,"endTime":1525500000000,"stationId":"826989607147","imi":"imi:00100000005D4CF9","mediaGroupId":"crid:~~2F~~2Fport.hu~~2F5727493","program":{"id":"crid:~~2F~~2Fport.hu~~2F67537634","title":"Batman","description":"(IV.\/1) Batman Gotham v\u00e1ros\u00e1ban tev\u00e9kenykedik, ahol az \u00e1rny\u00e9kok s\u00f6t\u00e9tek \u00e9s messzire ny\u00falnak. A h\u00faszas \u00e9vei k\u00f6zep\u00e9n j\u00e1r\u00f3 szuperh\u0151s pr\u00f3b\u00e1lja megtal\u00e1lni az egyens\u00falyt a k\u00f6penyes igazs\u00e1goszt\u00f3-l\u00e9t \u00e9s mag\u00e1n\u00e9lete k\u00f6z\u00f6tt \u2013 ez ut\u00f3bbit Bruce Wayne, a playboy milli\u00e1rdos szerep\u00e9ben t\u00f6lti. Az anim\u00e1ci\u00f3s sorozat n\u00e9h\u00e1ny \u00e9vvel a 2005-\u00f6s Batman: Kezd\u0151dik c\u00edm\u0171 film ut\u00e1n veszi fel a t\u00f6rt\u00e9net fonal\u00e1t.A fiatal Batman a n\u00e9z\u0151knek ismer\u0151s, sz\u00e1m\u00e1ra azonban m\u00e9g ismeretlen ellens\u00e9gekkel veszi fel a harcot: ilyenek p\u00e9ld\u00e1ul Joker, Pingvin, a Macskan\u0151, Mr. Fagy, R\u00e9busz \u00e9s Man-Bat \u2013 nem csoda h\u00e1t, hogy a S\u00f6t\u00e9t Lovagnak minden eddigin\u00e9l jobban oda kell tennie mag\u00e1t. A harcban seg\u00edts\u00e9g\u00e9re vannak a legk\u00fcl\u00f6nb\u00f6z\u0151bb k\u00fcty\u00fck \u00e9s az alaposan feltuningolt Batmobil, melyeket az \u00fagynevezett Bathull\u00e1mokkal k\u00e9pes ak\u00e1r t\u00e1volr\u00f3l is ir\u00e1ny\u00edtani.","longDescription":"(IV.\/1) Batman Gotham v\u00e1ros\u00e1ban tev\u00e9kenykedik, ahol az \u00e1rny\u00e9kok s\u00f6t\u00e9tek \u00e9s messzire ny\u00falnak. A h\u00faszas \u00e9vei k\u00f6zep\u00e9n j\u00e1r\u00f3 szuperh\u0151s pr\u00f3b\u00e1lja megtal\u00e1lni az egyens\u00falyt a k\u00f6penyes igazs\u00e1goszt\u00f3-l\u00e9t \u00e9s mag\u00e1n\u00e9lete k\u00f6z\u00f6tt \u2013 ez ut\u00f3bbit Bruce Wayne, a playboy milli\u00e1rdos szerep\u00e9ben t\u00f6lti. Az anim\u00e1ci\u00f3s sorozat n\u00e9h\u00e1ny \u00e9vvel a 2005-\u00f6s Batman: Kezd\u0151dik c\u00edm\u0171 film ut\u00e1n veszi fel a t\u00f6rt\u00e9net fonal\u00e1t.A fiatal Batman a n\u00e9z\u0151knek ismer\u0151s, sz\u00e1m\u00e1ra azonban m\u00e9g ismeretlen ellens\u00e9gekkel veszi fel a harcot: ilyenek p\u00e9ld\u00e1ul Joker, Pingvin, a Macskan\u0151, Mr. Fagy, R\u00e9busz \u00e9s Man-Bat \u2013 nem csoda h\u00e1t, hogy a S\u00f6t\u00e9t Lovagnak minden eddigin\u00e9l jobban oda kell tennie mag\u00e1t. A harcban seg\u00edts\u00e9g\u00e9re vannak a legk\u00fcl\u00f6nb\u00f6z\u0151bb k\u00fcty\u00fck \u00e9s az alaposan feltuningolt Batmobil, melyeket az \u00fagynevezett Bathull\u00e1mokkal k\u00e9pes ak\u00e1r t\u00e1volr\u00f3l is ir\u00e1ny\u00edtani.","languageCode":"hun","countryCode":"HU","deviceCode":"web","medium":"TV","categories":[{"id":"271090244371","title":"Gyermek\/Ifj\u00fas\u00e1gi","scheme":"urn:tva:metadata:cs:UPCEventGenreCS:2009"},{"id":"271090244376","title":"Rajzfilm","scheme":"urn:tva:metadata:cs:UPCEventGenreCS:2009"}],"isAdult":false,"parentalRating":"3","cast":["Rino Romano","Alastair Duncan","Kevin Michael Richardson","Tom Kenny","Gina Gershon","Clancy Brown","Robert Englund","Danielle Judovits"],"directors":["Sam Liu","Seung Kim","Brandon Vietti"],"images":[{"assetType":"boxart-small","assetTypes":["boxart-small"],"width":75,"height":108,"url":"https:\/\/wp3-images-hu-dynamic.horizon.tv\/HU\/Images\/bc_7b24d60ea1d592ffa78a93b74e41caafc4a88886.jpg?w=75&h=108&mode=box"},{"assetType":"boxart-medium","assetTypes":["boxart-medium"],"width":110,"height":159,"url":"https:\/\/wp3-images-hu-dynamic.horizon.tv\/HU\/Images\/bc_7b24d60ea1d592ffa78a93b74e41caafc4a88886.jpg?w=110&h=159&mode=box"},{"assetType":"boxart-large","assetTypes":["boxart-large"],"width":180,"height":260,"url":"https:\/\/wp3-images-hu-dynamic.horizon.tv\/HU\/Images\/bc_7b24d60ea1d592ffa78a93b74e41caafc4a88886.jpg?w=180&h=260&mode=box"},{"assetType":"boxart-xlarge","assetTypes":["boxart-xlarge"],"width":210,"height":303,"url":"https:\/\/wp3-images-hu-dynamic.horizon.tv\/HU\/Images\/bc_7b24d60ea1d592ffa78a93b74e41caafc4a88886.jpg?w=210&h=303&mode=box"},{"assetType":"tva-boxcover","assetTypes":["tva-boxcover"],"width":180,"height":260,"url":"https:\/\/wp3-images-hu-dynamic.horizon.tv\/HU\/Images\/bc_7b24d60ea1d592ffa78a93b74e41caafc4a88886.jpg"}],"mediaGroupId":"crid:~~2F~~2Fport.hu~~2F5727493","secondaryTitle":"Csal\u00e1di \u00fcgy (IV.\/1)","shortDescription":"Batman Gotham v\u00e1ros\u00e1ban tev\u00e9kenykedik, ahol az \u00e1rny\u00e9kok s\u00f6t\u00e9tek \u00e9s messzire ny\u00falnak. A h\u00faszas \u00e9vei k\u00f6zep\u00e9n j\u00e1r\u00f3 szuperh\u0151s pr\u00f3b\u00e1lja megtal\u00e1lni az egyens\u00falyt a k\u00f6penyes igazs\u00e1goszt\u00f3-l\u00e9t \u00e9s mag\u00e1n\u00e9lete k\u00f6z\u00f6tt \u2013 ez ut\u00f3bbit Bruce Wayne, a playboy milli\u00e1rdos szerep\u00e9ben t\u00f6lti. Az anim\u00e1ci\u00f3s sorozat n\u00e9h\u00e1ny \u00e9vvel a 2005-\u00f6s Batman: Kezd\u0151dik c\u00edm\u0171 film ut\u00e1n veszi fel a t\u00f6rt\u00e9net fonal\u00e1t.","mediaType":"Episode","year":"2004","isReplayTv":false,"seriesEpisodeNumber":"1","seriesNumber":"4","videoStreams":[],"airDate":1072915200000,"entitlements":["VIP","_OPEN_"],"currentProductIds":[],"currentTvodProductIds":[]},"parentId":"crid:~~2F~~2Fport.hu~~2F5727493","rootId":"crid:~~2F~~2Fport.hu~~2F5727493"}