{"id":"crid:~~2F~~2Fport.hu~~2F24907417-imi:00100000005D2365","countryCode":"HU","languageCode":"hun","deviceCode":"web","startTime":1525443000000,"endTime":1525446900000,"stationId":"826989607166","imi":"imi:00100000005D2365","mediaGroupId":"crid:~~2F~~2Fport.hu~~2F23516161","program":{"id":"crid:~~2F~~2Fport.hu~~2F24907417","title":"Esk\u00fcv\u0151k szigete","description":"Show","longDescription":"Show","languageCode":"hun","countryCode":"HU","deviceCode":"web","medium":"TV","categories":[{"id":"271090244349","title":"Show","scheme":"urn:tva:metadata:cs:UPCEventGenreCS:2009"}],"isAdult":false,"parentalRating":"12","cast":[],"directors":[],"images":[{"assetType":"boxart-small","assetTypes":["boxart-small"],"width":75,"height":108,"url":"https:\/\/wp6-images-hu-dynamic.horizon.tv\/HU\/Images\/bc_c5dfbcfbf5840d6e30ee3f95c417f84451c102c4.jpg?w=75&h=108&mode=box"},{"assetType":"boxart-medium","assetTypes":["boxart-medium"],"width":110,"height":159,"url":"https:\/\/wp6-images-hu-dynamic.horizon.tv\/HU\/Images\/bc_c5dfbcfbf5840d6e30ee3f95c417f84451c102c4.jpg?w=110&h=159&mode=box"},{"assetType":"boxart-large","assetTypes":["boxart-large"],"width":180,"height":260,"url":"https:\/\/wp6-images-hu-dynamic.horizon.tv\/HU\/Images\/bc_c5dfbcfbf5840d6e30ee3f95c417f84451c102c4.jpg?w=180&h=260&mode=box"},{"assetType":"boxart-xlarge","assetTypes":["boxart-xlarge"],"width":210,"height":303,"url":"https:\/\/wp6-images-hu-dynamic.horizon.tv\/HU\/Images\/bc_c5dfbcfbf5840d6e30ee3f95c417f84451c102c4.jpg?w=210&h=303&mode=box"},{"assetType":"tva-boxcover","assetTypes":["tva-boxcover"],"width":180,"height":260,"url":"https:\/\/wp6-images-hu-dynamic.horizon.tv\/HU\/Images\/bc_c5dfbcfbf5840d6e30ee3f95c417f84451c102c4.jpg"},{"assetType":"HighResLandscape","assetTypes":["HighResLandscape"],"url":"https:\/\/wp1-images-hu-dynamic.horizon.tv\/HU\/Images\/hrl_2aafb3c234c83e79c360265e918608f0de411d9b.jpg"}],"mediaGroupId":"crid:~~2F~~2Fport.hu~~2F23516161","secondaryTitle":"(I.\/6)","shortDescription":"Show","mediaType":"Episode","year":"2013","isReplayTv":false,"seriesEpisodeNumber":"6","seriesNumber":"1","videoStreams":[],"airDate":1356998400000,"entitlements":["VIP","_OPEN_"],"currentProductIds":[],"currentTvodProductIds":[]},"parentId":"crid:~~2F~~2Fport.hu~~2F23516161","rootId":"crid:~~2F~~2Fport.hu~~2F23516161"}