{"id":"crid:~~2F~~2Fport.hu~~2F70047108-imi:00100000005D8BC0","countryCode":"HU","languageCode":"hun","deviceCode":"web","startTime":1525518000000,"endTime":1525521600000,"stationId":"826989607212","imi":"imi:00100000005D8BC0","mediaGroupId":"crid:~~2F~~2Fport.hu~~2F66363050","program":{"id":"crid:~~2F~~2Fport.hu~~2F70047108","title":"A h\u00e1bor\u00fa m\u0171v\u00e9szete","description":"A XX. sz\u00e1zad legjobb parancsnokai akik csapataik vezet\u00e9s\u00e9vel h\u0151ss\u00e9 a t\u00f6rt\u00e9nelem meghat\u00e1roz\u00f3 alakjaiv\u00e1 v\u00e1ltak. Sorozatunk megvizsg\u00e1lja a legnagyobb \u00fctk\u00f6zetek h\u00e1tter\u00e9t elemzi a szemben \u00e1ll\u00f3 felek strat\u00e9gi\u00e1j\u00e1t \u00e9s a katonai vezet\u0151k szem\u00e9ly\u00e9t. Minden epiz\u00f3d bemutat k\u00e9t nagyszer\u0171 harcost amint megm\u00e9rk\u0151znek egym\u00e1ssal. Mi\u00e9rt arathatott gy\u0151zelmet Montgomery Rommellel szemben? A DoQ-n kider\u00fcl!","longDescription":"A XX. sz\u00e1zad legjobb parancsnokai akik csapataik vezet\u00e9s\u00e9vel h\u0151ss\u00e9 a t\u00f6rt\u00e9nelem meghat\u00e1roz\u00f3 alakjaiv\u00e1 v\u00e1ltak. Sorozatunk megvizsg\u00e1lja a legnagyobb \u00fctk\u00f6zetek h\u00e1tter\u00e9t elemzi a szemben \u00e1ll\u00f3 felek strat\u00e9gi\u00e1j\u00e1t \u00e9s a katonai vezet\u0151k szem\u00e9ly\u00e9t. Minden epiz\u00f3d bemutat k\u00e9t nagyszer\u0171 harcost amint megm\u00e9rk\u0151znek egym\u00e1ssal. Mi\u00e9rt arathatott gy\u0151zelmet Montgomery Rommellel szemben? A DoQ-n kider\u00fcl!","languageCode":"hun","countryCode":"HU","deviceCode":"web","medium":"TV","categories":[{"id":"271090244428","title":"Dr\u00e1ma","scheme":"urn:tva:metadata:cs:UPCEventGenreCS:2009"}],"isAdult":false,"parentalRating":"12","cast":[],"directors":[],"images":[{"assetType":"boxart-medium","assetTypes":["boxart-medium"],"width":110,"height":159,"url":"https:\/\/wp16-images-hu-dynamic.horizon.tv\/HU\/Images\/bc_38440aefb74ce2d9216cb9c576cea8bdf6c1712a.jpg?w=110&h=159&mode=box"},{"assetType":"boxart-small","assetTypes":["boxart-small"],"width":75,"height":108,"url":"https:\/\/wp16-images-hu-dynamic.horizon.tv\/HU\/Images\/bc_38440aefb74ce2d9216cb9c576cea8bdf6c1712a.jpg?w=75&h=108&mode=box"},{"assetType":"boxart-xlarge","assetTypes":["boxart-xlarge"],"width":210,"height":303,"url":"https:\/\/wp16-images-hu-dynamic.horizon.tv\/HU\/Images\/bc_38440aefb74ce2d9216cb9c576cea8bdf6c1712a.jpg?w=210&h=303&mode=box"},{"assetType":"tva-boxcover","assetTypes":["tva-boxcover"],"width":180,"height":260,"url":"https:\/\/wp16-images-hu-dynamic.horizon.tv\/HU\/Images\/bc_38440aefb74ce2d9216cb9c576cea8bdf6c1712a.jpg"},{"assetType":"boxart-large","assetTypes":["boxart-large"],"width":180,"height":260,"url":"https:\/\/wp16-images-hu-dynamic.horizon.tv\/HU\/Images\/bc_38440aefb74ce2d9216cb9c576cea8bdf6c1712a.jpg?w=180&h=260&mode=box"},{"assetType":"HighResLandscape","assetTypes":["HighResLandscape"],"url":"https:\/\/wp18-images-hu-dynamic.horizon.tv\/HU\/Images\/hrl_71fa23f305ead464b0bf3c4c9e129c76ff15b249.jpg"}],"mediaGroupId":"crid:~~2F~~2Fport.hu~~2F66363050","shortDescription":"A XX. sz\u00e1zad legjobb parancsnokai akik csapataik vezet\u00e9s\u00e9vel h\u0151ss\u00e9 a t\u00f6rt\u00e9nelem meghat\u00e1roz\u00f3 alakjaiv\u00e1 v\u00e1ltak. Sorozatunk megvizsg\u00e1lja a legnagyobb \u00fctk\u00f6zetek h\u00e1tter\u00e9t elemzi a szemben \u00e1ll\u00f3 felek...","mediaType":"Episode","isReplayTv":false,"seriesEpisodeNumber":"1805051300","seriesNumber":"1805032200","videoStreams":[],"entitlements":["VIP","_OPEN_"],"currentProductIds":[],"currentTvodProductIds":[]},"parentId":"crid:~~2F~~2Fport.hu~~2F66363050","rootId":"crid:~~2F~~2Fport.hu~~2F66363050"}