{"id":"crid:~~2F~~2Fport.hu~~2F91130105-imi:00100000005D5DF7","countryCode":"HU","languageCode":"hun","deviceCode":"web","startTime":1525694400000,"endTime":1525695000000,"stationId":"826989607228","imi":"imi:00100000005D5DF7","mediaGroupId":"crid:~~2F~~2Fport.hu~~2F65516940","program":{"id":"crid:~~2F~~2Fport.hu~~2F91130105","title":"H\u00edrad\u00f3","description":"A m\u0171sor naponta t\u00f6bbsz\u00f6r jelentkezik a K\u00e1rp\u00e1t-medence \u00e9s a nagyvil\u00e1g legfrissebb h\u00edreivel.","longDescription":"A m\u0171sor naponta t\u00f6bbsz\u00f6r jelentkezik a K\u00e1rp\u00e1t-medence \u00e9s a nagyvil\u00e1g legfrissebb h\u00edreivel.","languageCode":"hun","countryCode":"HU","deviceCode":"web","medium":"TV","categories":[{"id":"271090244344","title":"H\u00edrek","scheme":"urn:tva:metadata:cs:UPCEventGenreCS:2009"}],"isAdult":false,"parentalRating":"3","cast":[],"directors":[],"images":[{"assetType":"boxart-small","assetTypes":["boxart-small"],"width":75,"height":108,"url":"https:\/\/wp13-images-hu-dynamic.horizon.tv\/HU\/Images\/upcgenre_20.jpg?w=75&h=108&mode=box"},{"assetType":"boxart-large","assetTypes":["boxart-large"],"width":180,"height":260,"url":"https:\/\/wp13-images-hu-dynamic.horizon.tv\/HU\/Images\/upcgenre_20.jpg?w=180&h=260&mode=box"},{"assetType":"boxart-medium","assetTypes":["boxart-medium"],"width":110,"height":159,"url":"https:\/\/wp13-images-hu-dynamic.horizon.tv\/HU\/Images\/upcgenre_20.jpg?w=110&h=159&mode=box"},{"assetType":"boxart-xlarge","assetTypes":["boxart-xlarge"],"width":210,"height":303,"url":"https:\/\/wp13-images-hu-dynamic.horizon.tv\/HU\/Images\/upcgenre_20.jpg?w=210&h=303&mode=box"},{"assetType":"tva-boxcover","assetTypes":["tva-boxcover"],"width":180,"height":260,"url":"https:\/\/wp13-images-hu-dynamic.horizon.tv\/HU\/Images\/upcgenre_20.jpg"}],"mediaGroupId":"crid:~~2F~~2Fport.hu~~2F65516940","shortDescription":"A m\u0171sor naponta t\u00f6bbsz\u00f6r jelentkezik a K\u00e1rp\u00e1t-medence \u00e9s a nagyvil\u00e1g legfrissebb h\u00edreivel.","mediaType":"Episode","isReplayTv":false,"seriesEpisodeNumber":"1805071400","seriesNumber":"1805110700","videoStreams":[],"entitlements":["VIP","_OPEN_"],"currentProductIds":[],"currentTvodProductIds":[]},"parentId":"crid:~~2F~~2Fport.hu~~2F65516940","rootId":"crid:~~2F~~2Fport.hu~~2F65516940"}