{"id":"crid:~~2F~~2Fport.hu~~2F69192367-imi:00100000005D400B","countryCode":"HU","languageCode":"hun","deviceCode":"web","startTime":1525544100000,"endTime":1525545600000,"stationId":"826989607202","imi":"imi:00100000005D400B","mediaGroupId":"crid:~~2F~~2Fport.hu~~2F1597077","program":{"id":"crid:~~2F~~2Fport.hu~~2F69192367","title":"Elef\u00e1nt Hercegn\u0151","description":"Dr\u00e1ma","longDescription":"Dr\u00e1ma","languageCode":"hun","countryCode":"HU","deviceCode":"web","medium":"TV","categories":[{"id":"271090244428","title":"Dr\u00e1ma","scheme":"urn:tva:metadata:cs:UPCEventGenreCS:2009"}],"isAdult":false,"parentalRating":"3","cast":[],"directors":[],"images":[{"assetType":"boxart-large","assetTypes":["boxart-large"],"width":180,"height":260,"url":"https:\/\/wp10-images-hu-dynamic.horizon.tv\/HU\/Images\/bc_04bafe8b2f517cad951e7d743d24f62e6d9ad168.jpg?w=180&h=260&mode=box"},{"assetType":"tva-boxcover","assetTypes":["tva-boxcover"],"width":180,"height":260,"url":"https:\/\/wp10-images-hu-dynamic.horizon.tv\/HU\/Images\/bc_04bafe8b2f517cad951e7d743d24f62e6d9ad168.jpg"},{"assetType":"boxart-small","assetTypes":["boxart-small"],"width":75,"height":108,"url":"https:\/\/wp10-images-hu-dynamic.horizon.tv\/HU\/Images\/bc_04bafe8b2f517cad951e7d743d24f62e6d9ad168.jpg?w=75&h=108&mode=box"},{"assetType":"boxart-medium","assetTypes":["boxart-medium"],"width":110,"height":159,"url":"https:\/\/wp10-images-hu-dynamic.horizon.tv\/HU\/Images\/bc_04bafe8b2f517cad951e7d743d24f62e6d9ad168.jpg?w=110&h=159&mode=box"},{"assetType":"boxart-xlarge","assetTypes":["boxart-xlarge"],"width":210,"height":303,"url":"https:\/\/wp10-images-hu-dynamic.horizon.tv\/HU\/Images\/bc_04bafe8b2f517cad951e7d743d24f62e6d9ad168.jpg?w=210&h=303&mode=box"},{"assetType":"HighResPortrait","assetTypes":["HighResPortrait"],"url":"https:\/\/wp10-images-hu-dynamic.horizon.tv\/HU\/Images\/hrp_2dcff766e0c59f9db15b38c8eba737b555fca257.jpg"},{"assetType":"HighResLandscape","assetTypes":["HighResLandscape"],"url":"https:\/\/wp10-images-hu-dynamic.horizon.tv\/HU\/Images\/hrl_f8e185152a3f6d2d4b8f6589efc8df37530a5727.jpg"}],"mediaGroupId":"crid:~~2F~~2Fport.hu~~2F1597077","secondaryTitle":"Az \u00fajoncok","shortDescription":"Dr\u00e1ma","mediaType":"Episode","year":"2016","isReplayTv":false,"seriesEpisodeNumber":"1805052015","seriesNumber":"1805030825","videoStreams":[],"airDate":1451606400000,"entitlements":["VIP","_OPEN_"],"currentProductIds":[],"currentTvodProductIds":[]},"parentId":"crid:~~2F~~2Fport.hu~~2F1597077","rootId":"crid:~~2F~~2Fport.hu~~2F1597077"}