{"id":"crid:~~2F~~2Fport.hu~~2F91190515-imi:00100000005D7213","countryCode":"HU","languageCode":"hun","deviceCode":"web","startTime":1525472040000,"endTime":1525472160000,"stationId":"826989607179","imi":"imi:00100000005D7213","mediaGroupId":"crid:~~2F~~2Fport.hu~~2F87911880","program":{"id":"crid:~~2F~~2Fport.hu~~2F91190515","title":"Badanamu Pop","description":"Rajzfilm","longDescription":"Rajzfilm","languageCode":"hun","countryCode":"HU","deviceCode":"web","medium":"TV","categories":[{"id":"271090244371","title":"Gyermek\/Ifj\u00fas\u00e1gi","scheme":"urn:tva:metadata:cs:UPCEventGenreCS:2009"},{"id":"271090244376","title":"Rajzfilm","scheme":"urn:tva:metadata:cs:UPCEventGenreCS:2009"}],"isAdult":false,"parentalRating":"3","cast":[],"directors":[],"images":[{"assetType":"tva-boxcover","assetTypes":["tva-boxcover"],"width":180,"height":260,"url":"https:\/\/wp28-images-hu-dynamic.horizon.tv\/HU\/Images\/upcgenre_55.jpg"},{"assetType":"boxart-large","assetTypes":["boxart-large"],"width":180,"height":260,"url":"https:\/\/wp28-images-hu-dynamic.horizon.tv\/HU\/Images\/upcgenre_55.jpg?w=180&h=260&mode=box"},{"assetType":"boxart-xlarge","assetTypes":["boxart-xlarge"],"width":210,"height":303,"url":"https:\/\/wp28-images-hu-dynamic.horizon.tv\/HU\/Images\/upcgenre_55.jpg?w=210&h=303&mode=box"},{"assetType":"boxart-small","assetTypes":["boxart-small"],"width":75,"height":108,"url":"https:\/\/wp28-images-hu-dynamic.horizon.tv\/HU\/Images\/upcgenre_55.jpg?w=75&h=108&mode=box"},{"assetType":"boxart-medium","assetTypes":["boxart-medium"],"width":110,"height":159,"url":"https:\/\/wp28-images-hu-dynamic.horizon.tv\/HU\/Images\/upcgenre_55.jpg?w=110&h=159&mode=box"}],"mediaGroupId":"crid:~~2F~~2Fport.hu~~2F87911880","shortDescription":"Rajzfilm","mediaType":"Episode","duration":120,"latestBroadcastStartTime":1525362240000,"latestBroadcastEndTime":1525362360000,"isReplayTv":true,"listingId":"crid:~~2F~~2Fport.hu~~2F91190515-imi:00100000005D7259","seriesEpisodeNumber":"1805031744","seriesNumber":"1805031014","videoStreams":[],"entitlements":["crid:~~2F~~2Fupc.com~~2FReplayTV~~2FJimJam_ReplayTV_CU","VIP","_OPEN_"],"currentProductIds":["crid:~~2F~~2Fupc.com~~2FReplayTV~~2FJimJam_ReplayTV_CU"],"currentTvodProductIds":[]},"parentId":"crid:~~2F~~2Fport.hu~~2F87911880","rootId":"crid:~~2F~~2Fport.hu~~2F87911880"}