{"id":"crid:~~2F~~2Fport.hu~~2F38124761-imi:00100000005D3976","countryCode":"HU","languageCode":"hun","deviceCode":"web","startTime":1525552800000,"endTime":1525555800000,"stationId":"826989607162","imi":"imi:00100000005D3976","mediaGroupId":"crid:~~2F~~2Fport.hu~~2F36538041","program":{"id":"crid:~~2F~~2Fport.hu~~2F38124761","title":"Mi baj lehetne?","description":"(I.\/9) A sorozat epiz\u00f3djaiban Kevin \u00e9s Grant olyan vide\u00f3kb\u00f3l indulnak ki, amelyeken balul els\u00fclt nagy \u00f6tleteket l\u00e1thatunk. El\u0151sz\u00f6r minden lehets\u00e9ges szempontb\u00f3l elemzik a vide\u00f3t, \u00e9s magyar\u00e1zatokat keresnek a t\u00f6rt\u00e9ntekre, amely a torn\u00e1cot al\u00e1t\u00e1maszt\u00f3 fa korhad\u00e1s\u00e1t\u00f3l kezdve fizikai t\u00f6rv\u00e9nyekig bez\u00e1r\u00f3lag sok minden lehet. Ezut\u00e1n elvonulnak szigor\u00faan titkos l\u00e9tes\u00edtm\u00e9ny\u00fckbe, \u00e9s k\u00eds\u00e9rletezni kezdenek, hogyan lehetne \u00fagy megval\u00f3s\u00edtani az \u00f6tletet, hogy minden sim\u00e1n m\u0171k\u00f6dj\u00f6n. Az els\u0151 epiz\u00f3dban Kevin \u00e9s Grant minden id\u0151k legjobb kukarak\u00e9t\u00e1j\u00e1nak kifejleszt\u00e9s\u00e9n \u00fcgyk\u00f6dik. Egy r\u00e9gi projektoros t\u00e9v\u00e9 lencs\u00e9i \u00faj szerepet kapnak. Mi s\u00fclhet el balul? A k\u00f6vetkez\u0151 epiz\u00f3dban a tudom\u00e1ny eszk\u00f6zeinek, valamint Kevin saj\u00e1t k\u00e9sz\u00edt\u00e9s\u0171 szuperszonikus \u00fczemanyag\u00e1nak bevet\u00e9s\u00e9vel rak\u00e9tameghajt\u00e1s\u00fa g\u00f6rdeszk\u00e1t k\u00e9sz\u00edtenek.","longDescription":"(I.\/9) A sorozat epiz\u00f3djaiban Kevin \u00e9s Grant olyan vide\u00f3kb\u00f3l indulnak ki, amelyeken balul els\u00fclt nagy \u00f6tleteket l\u00e1thatunk. El\u0151sz\u00f6r minden lehets\u00e9ges szempontb\u00f3l elemzik a vide\u00f3t, \u00e9s magyar\u00e1zatokat keresnek a t\u00f6rt\u00e9ntekre, amely a torn\u00e1cot al\u00e1t\u00e1maszt\u00f3 fa korhad\u00e1s\u00e1t\u00f3l kezdve fizikai t\u00f6rv\u00e9nyekig bez\u00e1r\u00f3lag sok minden lehet. Ezut\u00e1n elvonulnak szigor\u00faan titkos l\u00e9tes\u00edtm\u00e9ny\u00fckbe, \u00e9s k\u00eds\u00e9rletezni kezdenek, hogyan lehetne \u00fagy megval\u00f3s\u00edtani az \u00f6tletet, hogy minden sim\u00e1n m\u0171k\u00f6dj\u00f6n. Az els\u0151 epiz\u00f3dban Kevin \u00e9s Grant minden id\u0151k legjobb kukarak\u00e9t\u00e1j\u00e1nak kifejleszt\u00e9s\u00e9n \u00fcgyk\u00f6dik. Egy r\u00e9gi projektoros t\u00e9v\u00e9 lencs\u00e9i \u00faj szerepet kapnak. Mi s\u00fclhet el balul? A k\u00f6vetkez\u0151 epiz\u00f3dban a tudom\u00e1ny eszk\u00f6zeinek, valamint Kevin saj\u00e1t k\u00e9sz\u00edt\u00e9s\u0171 szuperszonikus \u00fczemanyag\u00e1nak bevet\u00e9s\u00e9vel rak\u00e9tameghajt\u00e1s\u00fa g\u00f6rdeszk\u00e1t k\u00e9sz\u00edtenek.","languageCode":"hun","countryCode":"HU","deviceCode":"web","medium":"TV","categories":[{"id":"271090244398","title":"T\u00e1rsadalmi\/Politikai","scheme":"urn:tva:metadata:cs:UPCEventGenreCS:2009"}],"isAdult":false,"parentalRating":"3","cast":[],"directors":[],"images":[{"assetType":"boxart-large","assetTypes":["boxart-large"],"width":180,"height":260,"url":"https:\/\/wp1-images-hu-dynamic.horizon.tv\/HU\/Images\/bc_1b6bf340d017577040bfdeb2957a00f9593b7668.jpg?w=180&h=260&mode=box"},{"assetType":"boxart-small","assetTypes":["boxart-small"],"width":75,"height":108,"url":"https:\/\/wp1-images-hu-dynamic.horizon.tv\/HU\/Images\/bc_1b6bf340d017577040bfdeb2957a00f9593b7668.jpg?w=75&h=108&mode=box"},{"assetType":"tva-boxcover","assetTypes":["tva-boxcover"],"width":180,"height":260,"url":"https:\/\/wp1-images-hu-dynamic.horizon.tv\/HU\/Images\/bc_1b6bf340d017577040bfdeb2957a00f9593b7668.jpg"},{"assetType":"boxart-xlarge","assetTypes":["boxart-xlarge"],"width":210,"height":303,"url":"https:\/\/wp1-images-hu-dynamic.horizon.tv\/HU\/Images\/bc_1b6bf340d017577040bfdeb2957a00f9593b7668.jpg?w=210&h=303&mode=box"},{"assetType":"boxart-medium","assetTypes":["boxart-medium"],"width":110,"height":159,"url":"https:\/\/wp1-images-hu-dynamic.horizon.tv\/HU\/Images\/bc_1b6bf340d017577040bfdeb2957a00f9593b7668.jpg?w=110&h=159&mode=box"},{"assetType":"HighResLandscape","assetTypes":["HighResLandscape"],"url":"https:\/\/wp17-images-hu-dynamic.horizon.tv\/HU\/Images\/hrl_3e15ff699bf7df2b3333c855cd22c12fc21c8de9.jpg"},{"assetType":"HighResPortrait","assetTypes":["HighResPortrait"],"url":"https:\/\/wp17-images-hu-dynamic.horizon.tv\/HU\/Images\/hrp_1b6bf340d017577040bfdeb2957a00f9593b7668.jpg"}],"mediaGroupId":"crid:~~2F~~2Fport.hu~~2F36538041","secondaryTitle":"T\u0171zgy\u0171r\u0171k (I.\/9)","shortDescription":"A sorozat epiz\u00f3djaiban Kevin \u00e9s Grant olyan vide\u00f3kb\u00f3l indulnak ki, amelyeken balul els\u00fclt \u00f6tleteket l\u00e1thatunk. El\u0151sz\u00f6r minden szempontb\u00f3l elemzik a vide\u00f3t, \u00e9s magyar\u00e1zatokat keresnek a t\u00f6rt\u00e9ntekre.","mediaType":"Episode","year":"2015","isReplayTv":false,"seriesEpisodeNumber":"9","seriesNumber":"1","videoStreams":[],"airDate":1420070400000,"entitlements":["VIP","_OPEN_"],"currentProductIds":[],"currentTvodProductIds":[]},"parentId":"crid:~~2F~~2Fport.hu~~2F36538041","rootId":"crid:~~2F~~2Fport.hu~~2F36538041"}