{"id":"crid:~~2F~~2Fport.hu~~2F5193704-imi:00100000005D5519","countryCode":"HU","languageCode":"hun","deviceCode":"web","startTime":1525415400000,"endTime":1525417200000,"stationId":"826989607239","imi":"imi:00100000005D5519","mediaGroupId":"crid:~~2F~~2Fport.hu~~2F2462086","program":{"id":"crid:~~2F~~2Fport.hu~~2F5193704","title":"\u00daj csaj","description":"(I.\/15) Jess szak\u00edt bar\u00e1tj\u00e1val, \u00e9s alb\u00e9rletet keres. Hamar meg is tal\u00e1lja \u00e1lmai k\u00e9glij\u00e9t, \u00e9s bek\u00f6lt\u00f6zik negyedikk\u00e9nt h\u00e1rom fac\u00e9r pasi: Nick, Schmidt \u00e9s Winston mell\u00e9. Els\u0151re \u00fagy t\u0171nik, j\u00f3l kij\u00f6nnek egym\u00e1ssal; s noha Jess viselked\u00e9se el\u00e9g fura, a fi\u00fak mindent megtesznek az\u00e9rt, hogy elviselj\u00e9k az \u00faj csajt, ami legt\u00f6bbsz\u00f6r siker\u00fcl is.","longDescription":"(I.\/15) Jess szak\u00edt bar\u00e1tj\u00e1val, \u00e9s alb\u00e9rletet keres. Hamar meg is tal\u00e1lja \u00e1lmai k\u00e9glij\u00e9t, \u00e9s bek\u00f6lt\u00f6zik negyedikk\u00e9nt h\u00e1rom fac\u00e9r pasi: Nick, Schmidt \u00e9s Winston mell\u00e9. Els\u0151re \u00fagy t\u0171nik, j\u00f3l kij\u00f6nnek egym\u00e1ssal; s noha Jess viselked\u00e9se el\u00e9g fura, a fi\u00fak mindent megtesznek az\u00e9rt, hogy elviselj\u00e9k az \u00faj csajt, ami legt\u00f6bbsz\u00f6r siker\u00fcl is.","languageCode":"hun","countryCode":"HU","deviceCode":"web","medium":"TV","categories":[{"id":"271090244428","title":"Dr\u00e1ma","scheme":"urn:tva:metadata:cs:UPCEventGenreCS:2009"},{"id":"271090244432","title":"Kom\u00e9dia\/Filmv\u00edgj\u00e1t\u00e9k","scheme":"urn:tva:metadata:cs:UPCEventGenreCS:2009"}],"isAdult":false,"parentalRating":"16","cast":["Zooey Deschanel","Jake M. Johnson","Max Greenfield","Lamorne Morris","Hannah Simone","Damon Wayans Jr.","Lauren Dair Owens","Justin Long"],"directors":["Jason Winer","Peyton Reed","Jake Kasdan"],"images":[{"assetType":"boxart-xlarge","assetTypes":["boxart-xlarge"],"width":210,"height":303,"url":"https:\/\/wp23-images-hu-dynamic.horizon.tv\/HU\/Images\/bc_24775f5be19c7549b08ea035dff89bb17b4de7e3.jpg?w=210&h=303&mode=box"},{"assetType":"boxart-large","assetTypes":["boxart-large"],"width":180,"height":260,"url":"https:\/\/wp23-images-hu-dynamic.horizon.tv\/HU\/Images\/bc_24775f5be19c7549b08ea035dff89bb17b4de7e3.jpg?w=180&h=260&mode=box"},{"assetType":"tva-boxcover","assetTypes":["tva-boxcover"],"width":180,"height":260,"url":"https:\/\/wp23-images-hu-dynamic.horizon.tv\/HU\/Images\/bc_24775f5be19c7549b08ea035dff89bb17b4de7e3.jpg"},{"assetType":"boxart-medium","assetTypes":["boxart-medium"],"width":110,"height":159,"url":"https:\/\/wp23-images-hu-dynamic.horizon.tv\/HU\/Images\/bc_24775f5be19c7549b08ea035dff89bb17b4de7e3.jpg?w=110&h=159&mode=box"},{"assetType":"boxart-small","assetTypes":["boxart-small"],"width":75,"height":108,"url":"https:\/\/wp23-images-hu-dynamic.horizon.tv\/HU\/Images\/bc_24775f5be19c7549b08ea035dff89bb17b4de7e3.jpg?w=75&h=108&mode=box"},{"assetType":"HighResLandscape","assetTypes":["HighResLandscape"],"url":"https:\/\/wp15-images-hu-dynamic.horizon.tv\/HU\/Images\/hrl_a7eefb69e6374c0d9855079b3060352d79fb8f86.jpg"}],"mediaGroupId":"crid:~~2F~~2Fport.hu~~2F2462086","secondaryTitle":"P\u00e1nik a k\u00f6b\u00f6n (I.\/15)","shortDescription":"Jess szak\u00edt a pasij\u00e1val, mivel a fi\u00fa megcsalta. \u00daj lak\u00e1st k\u00e9nytelen keresni. Hamar meg is tal\u00e1lja a t\u00f6k\u00e9leteset, azonban kider\u00fcl, hogy \u00faj lak\u00f3t\u00e1rsai f\u00e9rfiak lenn\u00e9nek.","mediaType":"Episode","year":"2012","isReplayTv":false,"seriesEpisodeNumber":"15","seriesNumber":"1","videoStreams":[],"airDate":1325376000000,"entitlements":["VIP","_OPEN_"],"currentProductIds":[],"currentTvodProductIds":[]},"parentId":"crid:~~2F~~2Fport.hu~~2F2462086","rootId":"crid:~~2F~~2Fport.hu~~2F2462086"}