{"id":"crid:~~2F~~2Fport.hu~~2F68285166-imi:00100000005D35C2","countryCode":"HU","languageCode":"hun","deviceCode":"web","startTime":1525498200000,"endTime":1525501800000,"stationId":"826989607225","imi":"imi:00100000005D35C2","mediaGroupId":"crid:~~2F~~2Fport.hu~~2F68285166","program":{"id":"crid:~~2F~~2Fport.hu~~2F68285166","title":"Aranyhaj: Az \u00d6r\u00f6kk\u00f6n \u00d6r\u00f6kk\u00e9 El\u0151tt","description":"A mozifilm \u00e9s az Aranyhaj \u00f6r\u00f6kk\u00f6n \u00f6r\u00f6kk\u00e9 k\u00f6z\u00f6tti id\u0151szakban j\u00e1tsz\u00f3d\u00f3 t\u00f6rt\u00e9netben Aranyhaj az esk\u00f6v\u0151j\u00e9re \u00e9s a koron\u00e1z\u00e1sra k\u00e9sz\u00fcl. \u00c1m minden olyan","longDescription":"A mozifilm \u00e9s az Aranyhaj \u00f6r\u00f6kk\u00f6n \u00f6r\u00f6kk\u00e9 k\u00f6z\u00f6tti id\u0151szakban j\u00e1tsz\u00f3d\u00f3 t\u00f6rt\u00e9netben Aranyhaj az esk\u00f6v\u0151j\u00e9re \u00e9s a koron\u00e1z\u00e1sra k\u00e9sz\u00fcl. \u00c1m minden olyan","languageCode":"hun","countryCode":"HU","deviceCode":"web","medium":"Movie","categories":[{"id":"271090244339","title":"csal\u00e1d","scheme":"urn:tva:metadata:cs:UPCEventGenreCS:2009"}],"isAdult":false,"parentalRating":"3","cast":[],"directors":[],"images":[{"assetType":"boxart-medium","assetTypes":["boxart-medium"],"width":110,"height":159,"url":"https:\/\/wp4-images-hu-dynamic.horizon.tv\/HU\/Images\/upcgenre_1A.jpg?w=110&h=159&mode=box"},{"assetType":"boxart-small","assetTypes":["boxart-small"],"width":75,"height":108,"url":"https:\/\/wp4-images-hu-dynamic.horizon.tv\/HU\/Images\/upcgenre_1A.jpg?w=75&h=108&mode=box"},{"assetType":"boxart-xlarge","assetTypes":["boxart-xlarge"],"width":210,"height":303,"url":"https:\/\/wp4-images-hu-dynamic.horizon.tv\/HU\/Images\/upcgenre_1A.jpg?w=210&h=303&mode=box"},{"assetType":"boxart-large","assetTypes":["boxart-large"],"width":180,"height":260,"url":"https:\/\/wp4-images-hu-dynamic.horizon.tv\/HU\/Images\/upcgenre_1A.jpg?w=180&h=260&mode=box"},{"assetType":"tva-boxcover","assetTypes":["tva-boxcover"],"width":180,"height":260,"url":"https:\/\/wp4-images-hu-dynamic.horizon.tv\/HU\/Images\/upcgenre_1A.jpg"}],"mediaGroupId":"crid:~~2F~~2Fport.hu~~2F68285166","shortDescription":"A mozifilm \u00e9s az Aranyhaj \u00f6r\u00f6kk\u00f6n \u00f6r\u00f6kk\u00e9 k\u00f6z\u00f6tti id\u0151szakban j\u00e1tsz\u00f3d\u00f3 t\u00f6rt\u00e9netben Aranyhaj az esk\u00f6v\u0151j\u00e9re \u00e9s a koron\u00e1z\u00e1sra k\u00e9sz\u00fcl. \u00c1m minden olyan","mediaType":"FeatureFilm","year":"2016","duration":3600,"latestBroadcastStartTime":1524893400000,"latestBroadcastEndTime":1524897000000,"isReplayTv":true,"listingId":"crid:~~2F~~2Fport.hu~~2F68285166-imi:00100000005CA6BC","videoStreams":[],"airDate":1451606400000,"entitlements":["crid:~~2F~~2Fupc.com~~2FReplayTV~~2FDisney_Channel_ReplayTV","VIP","_OPEN_"],"currentProductIds":["crid:~~2F~~2Fupc.com~~2FReplayTV~~2FDisney_Channel_ReplayTV"],"currentTvodProductIds":[]},"parentId":"crid:~~2F~~2Fport.hu~~2F68285166","rootId":"crid:~~2F~~2Fport.hu~~2F68285166"}