{"id":"crid:~~2F~~2Fport.hu~~2F72338619-imi:00100000005E477C","countryCode":"HU","languageCode":"hun","deviceCode":"web","startTime":1525663800000,"endTime":1525665600000,"stationId":"826989607215","imi":"imi:00100000005E477C","mediaGroupId":"crid:~~2F~~2Fport.hu~~2F22121775","program":{"id":"crid:~~2F~~2Fport.hu~~2F72338619","title":"Egyszer volt... az ember","description":"Albert Barill\u00e9 ismeretterjeszt\u0151 rajzfilmsorozata bemutatja az emberis\u00e9g t\u00f6rt\u00e9net\u00e9t, a F\u00f6ld\u00f6n megjelen\u0151 \u00e9let els\u0151 form\u00e1it\u00f3l kezdve eg\u00e9szen napjainkig. A n\u00e9z\u0151knek kalandos id\u0151utaz\u00e1sban lesz r\u00e9sze, amelyb\u0151l el\u0151deink tapasztalatai alapj\u00e1n meg\u00e9rthetj\u00fck jelen\u00fcnket is.","longDescription":"Albert Barill\u00e9 ismeretterjeszt\u0151 rajzfilmsorozata bemutatja az emberis\u00e9g t\u00f6rt\u00e9net\u00e9t, a F\u00f6ld\u00f6n megjelen\u0151 \u00e9let els\u0151 form\u00e1it\u00f3l kezdve eg\u00e9szen napjainkig. A n\u00e9z\u0151knek kalandos id\u0151utaz\u00e1sban lesz r\u00e9sze, amelyb\u0151l el\u0151deink tapasztalatai alapj\u00e1n meg\u00e9rthetj\u00fck jelen\u00fcnket is.","languageCode":"hun","countryCode":"HU","deviceCode":"web","medium":"TV","categories":[{"id":"271090244371","title":"Gyermek\/Ifj\u00fas\u00e1gi","scheme":"urn:tva:metadata:cs:UPCEventGenreCS:2009"},{"id":"271090244376","title":"Rajzfilm","scheme":"urn:tva:metadata:cs:UPCEventGenreCS:2009"}],"isAdult":false,"parentalRating":"6","cast":["Annie Balestra","Albert Barill\u00e9","Yves Barsacq","Claude Bertrand","Roger Carel","Patrick Pr\u00e9jean"],"directors":["Albert Barill\u00e9"],"images":[{"assetType":"boxart-medium","assetTypes":["boxart-medium"],"width":110,"height":159,"url":"https:\/\/wp14-images-hu-dynamic.horizon.tv\/HU\/Images\/upcgenre_55.jpg?w=110&h=159&mode=box"},{"assetType":"tva-boxcover","assetTypes":["tva-boxcover"],"width":180,"height":260,"url":"https:\/\/wp14-images-hu-dynamic.horizon.tv\/HU\/Images\/upcgenre_55.jpg"},{"assetType":"boxart-xlarge","assetTypes":["boxart-xlarge"],"width":210,"height":303,"url":"https:\/\/wp14-images-hu-dynamic.horizon.tv\/HU\/Images\/upcgenre_55.jpg?w=210&h=303&mode=box"},{"assetType":"boxart-large","assetTypes":["boxart-large"],"width":180,"height":260,"url":"https:\/\/wp14-images-hu-dynamic.horizon.tv\/HU\/Images\/upcgenre_55.jpg?w=180&h=260&mode=box"},{"assetType":"boxart-small","assetTypes":["boxart-small"],"width":75,"height":108,"url":"https:\/\/wp14-images-hu-dynamic.horizon.tv\/HU\/Images\/upcgenre_55.jpg?w=75&h=108&mode=box"}],"mediaGroupId":"crid:~~2F~~2Fport.hu~~2F22121775","shortDescription":"Albert Barill\u00e9 ismeretterjeszt\u0151 rajzfilmsorozata bemutatja az emberis\u00e9g t\u00f6rt\u00e9net\u00e9t, a F\u00f6ld\u00f6n megjelen\u0151 \u00e9let els\u0151 form\u00e1it\u00f3l kezdve eg\u00e9szen napjainkig.","mediaType":"Episode","year":"1978","isReplayTv":false,"seriesEpisodeNumber":"1805070530","seriesNumber":"1805112030","videoStreams":[],"airDate":252460800000,"entitlements":["VIP","_OPEN_"],"currentProductIds":[],"currentTvodProductIds":[]},"parentId":"crid:~~2F~~2Fport.hu~~2F22121775","rootId":"crid:~~2F~~2Fport.hu~~2F22121775"}