{"id":"crid:~~2F~~2Fport.hu~~2F90575748-imi:00100000005D4A16","countryCode":"HU","languageCode":"hun","deviceCode":"web","startTime":1525628700000,"endTime":1525629600000,"stationId":"826989607242","imi":"imi:00100000005D4A16","mediaGroupId":"crid:~~2F~~2Fport.hu~~2F68900253","program":{"id":"crid:~~2F~~2Fport.hu~~2F90575748","title":"M4 Sport st\u00fadi\u00f3","description":"Kos\u00e1rlabda","longDescription":"Kos\u00e1rlabda","languageCode":"hun","countryCode":"HU","deviceCode":"web","medium":"TV","categories":[{"id":"271090244353","title":"Sport","scheme":"urn:tva:metadata:cs:UPCEventGenreCS:2009"}],"isAdult":false,"parentalRating":"3","cast":[],"directors":[],"images":[{"assetType":"boxart-large","assetTypes":["boxart-large"],"width":180,"height":260,"url":"https:\/\/wp21-images-hu-dynamic.horizon.tv\/HU\/Images\/upcgenre_40.jpg?w=180&h=260&mode=box"},{"assetType":"boxart-medium","assetTypes":["boxart-medium"],"width":110,"height":159,"url":"https:\/\/wp21-images-hu-dynamic.horizon.tv\/HU\/Images\/upcgenre_40.jpg?w=110&h=159&mode=box"},{"assetType":"tva-boxcover","assetTypes":["tva-boxcover"],"width":180,"height":260,"url":"https:\/\/wp21-images-hu-dynamic.horizon.tv\/HU\/Images\/upcgenre_40.jpg"},{"assetType":"boxart-xlarge","assetTypes":["boxart-xlarge"],"width":210,"height":303,"url":"https:\/\/wp21-images-hu-dynamic.horizon.tv\/HU\/Images\/upcgenre_40.jpg?w=210&h=303&mode=box"},{"assetType":"boxart-small","assetTypes":["boxart-small"],"width":75,"height":108,"url":"https:\/\/wp21-images-hu-dynamic.horizon.tv\/HU\/Images\/upcgenre_40.jpg?w=75&h=108&mode=box"}],"mediaGroupId":"crid:~~2F~~2Fport.hu~~2F68900253","secondaryTitle":"Kos\u00e1rlabda","shortDescription":"Kos\u00e1rlabda","mediaType":"Episode","isReplayTv":false,"seriesEpisodeNumber":"1805061945","seriesNumber":"1805101540","videoStreams":[],"entitlements":["VIP","_OPEN_"],"currentProductIds":[],"currentTvodProductIds":[]},"parentId":"crid:~~2F~~2Fport.hu~~2F68900253","rootId":"crid:~~2F~~2Fport.hu~~2F68900253"}