{"id":"crid:~~2F~~2Fport.hu~~2F61859508-imi:00100000005E5334","countryCode":"HU","languageCode":"hun","deviceCode":"web","startTime":1525667400000,"endTime":1525668900000,"stationId":"826989607190","imi":"imi:00100000005E5334","mediaGroupId":"crid:~~2F~~2Fport.hu~~2F35620405","program":{"id":"crid:~~2F~~2Fport.hu~~2F61859508","title":"L\u00e1ng \u00e9s a szuperverd\u00e1k","description":"Csatlakozzunk a nyolc \u00e9ves AJ-hez \u00e9s Blaze bar\u00e1tj\u00e1hoz, fedezz\u00fck fel egy\u00fctt a fizika t\u00f6rv\u00e9nyeit. Vajon hogyan \u00e9s mit\u0151l mozognak a t\u00e1rgyak? Ismerj\u00fck meg egy\u00fctt a h\u00e9tk\u00f6znapi technol\u00f3gi\u00e1kat \u00e9s a matematika csod\u00e1latos vil\u00e1g\u00e1t.","longDescription":"Csatlakozzunk a nyolc \u00e9ves AJ-hez \u00e9s Blaze bar\u00e1tj\u00e1hoz, fedezz\u00fck fel egy\u00fctt a fizika t\u00f6rv\u00e9nyeit. Vajon hogyan \u00e9s mit\u0151l mozognak a t\u00e1rgyak? Ismerj\u00fck meg egy\u00fctt a h\u00e9tk\u00f6znapi technol\u00f3gi\u00e1kat \u00e9s a matematika csod\u00e1latos vil\u00e1g\u00e1t.","languageCode":"hun","countryCode":"HU","deviceCode":"web","medium":"TV","categories":[{"id":"271090244371","title":"Gyermek\/Ifj\u00fas\u00e1gi","scheme":"urn:tva:metadata:cs:UPCEventGenreCS:2009"},{"id":"271090244376","title":"Rajzfilm","scheme":"urn:tva:metadata:cs:UPCEventGenreCS:2009"}],"isAdult":false,"parentalRating":"3","cast":["Nolan North","Kevin Michael Richardson","Nat Faxon","Dusan Brown","Dee Bradley Baker"],"directors":["Blair Simmons"],"images":[{"assetType":"boxart-large","assetTypes":["boxart-large"],"width":180,"height":260,"url":"https:\/\/wp23-images-hu-dynamic.horizon.tv\/HU\/Images\/upcgenre_55.jpg?w=180&h=260&mode=box"},{"assetType":"boxart-small","assetTypes":["boxart-small"],"width":75,"height":108,"url":"https:\/\/wp23-images-hu-dynamic.horizon.tv\/HU\/Images\/upcgenre_55.jpg?w=75&h=108&mode=box"},{"assetType":"boxart-medium","assetTypes":["boxart-medium"],"width":110,"height":159,"url":"https:\/\/wp23-images-hu-dynamic.horizon.tv\/HU\/Images\/upcgenre_55.jpg?w=110&h=159&mode=box"},{"assetType":"tva-boxcover","assetTypes":["tva-boxcover"],"width":180,"height":260,"url":"https:\/\/wp23-images-hu-dynamic.horizon.tv\/HU\/Images\/upcgenre_55.jpg"},{"assetType":"boxart-xlarge","assetTypes":["boxart-xlarge"],"width":210,"height":303,"url":"https:\/\/wp23-images-hu-dynamic.horizon.tv\/HU\/Images\/upcgenre_55.jpg?w=210&h=303&mode=box"},{"assetType":"HighResLandscape","assetTypes":["HighResLandscape"],"url":"https:\/\/wp25-images-hu-dynamic.horizon.tv\/HU\/Images\/hrl_7ad3f8e48a2af30c670ae41fbb94d9169c01151b.jpg"}],"mediaGroupId":"crid:~~2F~~2Fport.hu~~2F35620405","secondaryTitle":"A sz\u00e1zm\u00e9rf\u00f6ldes verseny","shortDescription":"Csatlakozzunk a nyolc \u00e9ves AJ-hez \u00e9s Blaze bar\u00e1tj\u00e1hoz, fedezz\u00fck fel egy\u00fctt a fizika t\u00f6rv\u00e9nyeit. Vajon hogyan \u00e9s mit\u0151l mozognak a t\u00e1rgyak?","mediaType":"Episode","year":"2015","duration":1500,"latestBroadcastStartTime":1525339200000,"latestBroadcastEndTime":1525340700000,"isReplayTv":true,"listingId":"crid:~~2F~~2Fport.hu~~2F61859508-imi:00100000005D637C","seriesEpisodeNumber":"1805070630","seriesNumber":"1805111115","videoStreams":[],"airDate":1420070400000,"entitlements":["VIP","_OPEN_","crid:~~2F~~2Fupc.com~~2FReplayTV~~2FNick_Jr_ReplayTV"],"currentProductIds":["crid:~~2F~~2Fupc.com~~2FReplayTV~~2FNick_Jr_ReplayTV"],"currentTvodProductIds":[]},"parentId":"crid:~~2F~~2Fport.hu~~2F35620405","rootId":"crid:~~2F~~2Fport.hu~~2F35620405"}