{"id":"crid:~~2F~~2Fport.hu~~2F90834003-imi:00100000005D4BB7","countryCode":"HU","languageCode":"hun","deviceCode":"web","startTime":1525527600000,"endTime":1525529400000,"stationId":"826989607247","imi":"imi:00100000005D4BB7","mediaGroupId":"crid:~~2F~~2Fport.hu~~2F66720211","program":{"id":"crid:~~2F~~2Fport.hu~~2F90834003","title":"Az \u00c9nek Iskol\u00e1ja Best Of","description":"\u00c9lj\u00fck egy\u00fctt \u00e1t \u00fajra Az \u00e9nek iskol\u00e1ja harmadik \u00e9vfolyam\u00e1nak legszebb dalait. A nagy siker\u0171 m\u0171sor kiemelked\u0151 pillanatait most egy csokorba f\u0171zve l\u00e1thatj\u00e1k a n\u00e9z\u0151k \u2013 Magyarorsz\u00e1g leg\u00fajabb zenecsatorn\u00e1j\u00e1n!","longDescription":"\u00c9lj\u00fck egy\u00fctt \u00e1t \u00fajra Az \u00e9nek iskol\u00e1ja harmadik \u00e9vfolyam\u00e1nak legszebb dalait. A nagy siker\u0171 m\u0171sor kiemelked\u0151 pillanatait most egy csokorba f\u0171zve l\u00e1thatj\u00e1k a n\u00e9z\u0151k \u2013 Magyarorsz\u00e1g leg\u00fajabb zenecsatorn\u00e1j\u00e1n!","languageCode":"hun","countryCode":"HU","deviceCode":"web","medium":"TV","categories":[{"id":"271090244349","title":"Show","scheme":"urn:tva:metadata:cs:UPCEventGenreCS:2009"}],"isAdult":false,"parentalRating":"12","cast":[],"directors":[],"images":[{"assetType":"boxart-large","assetTypes":["boxart-large"],"width":180,"height":260,"url":"https:\/\/wp23-images-hu-dynamic.horizon.tv\/HU\/Images\/upcgenre_30.jpg?w=180&h=260&mode=box"},{"assetType":"tva-boxcover","assetTypes":["tva-boxcover"],"width":180,"height":260,"url":"https:\/\/wp23-images-hu-dynamic.horizon.tv\/HU\/Images\/upcgenre_30.jpg"},{"assetType":"boxart-medium","assetTypes":["boxart-medium"],"width":110,"height":159,"url":"https:\/\/wp23-images-hu-dynamic.horizon.tv\/HU\/Images\/upcgenre_30.jpg?w=110&h=159&mode=box"},{"assetType":"boxart-small","assetTypes":["boxart-small"],"width":75,"height":108,"url":"https:\/\/wp23-images-hu-dynamic.horizon.tv\/HU\/Images\/upcgenre_30.jpg?w=75&h=108&mode=box"},{"assetType":"boxart-xlarge","assetTypes":["boxart-xlarge"],"width":210,"height":303,"url":"https:\/\/wp23-images-hu-dynamic.horizon.tv\/HU\/Images\/upcgenre_30.jpg?w=210&h=303&mode=box"}],"mediaGroupId":"crid:~~2F~~2Fport.hu~~2F66720211","shortDescription":"\u00c9lj\u00fck egy\u00fctt \u00e1t \u00fajra Az \u00e9nek iskol\u00e1ja harmadik \u00e9vfolyam\u00e1nak legszebb dalait. A nagy siker\u0171 m\u0171sor kiemelked\u0151 pillanatait most egy csokorba f\u0171zve l\u00e1thatj\u00e1k a n\u00e9z\u0151k \u2013 Magyarorsz\u00e1g leg\u00fajabb...","mediaType":"Episode","isReplayTv":false,"seriesEpisodeNumber":"1805051540","seriesNumber":"1805031600","videoStreams":[],"entitlements":["VIP","_OPEN_"],"currentProductIds":[],"currentTvodProductIds":[]},"parentId":"crid:~~2F~~2Fport.hu~~2F66720211","rootId":"crid:~~2F~~2Fport.hu~~2F66720211"}