{"id":"crid:~~2F~~2Fport.hu~~2F91369137-imi:00100000005D932C","countryCode":"HU","languageCode":"hun","deviceCode":"web","startTime":1525716000000,"endTime":1525717800000,"stationId":"826989607247","imi":"imi:00100000005D932C","mediaGroupId":"crid:~~2F~~2Fport.hu~~2F87762738","program":{"id":"crid:~~2F~~2Fport.hu~~2F91369137","title":"A Nagy Duett Best Of","description":"M\u0171sorvezet\u0151k: Liptai Claudia \u00e9s Majoros P\u00e9ter","longDescription":"M\u0171sorvezet\u0151k: Liptai Claudia \u00e9s Majoros P\u00e9ter","languageCode":"hun","countryCode":"HU","deviceCode":"web","medium":"TV","categories":[{"id":"271090244377","title":"Zene","scheme":"urn:tva:metadata:cs:UPCEventGenreCS:2009"},{"id":"271090244384","title":"K\u00f6nny\u0171zene","scheme":"urn:tva:metadata:cs:UPCEventGenreCS:2009"}],"isAdult":false,"parentalRating":"12","cast":[],"directors":[],"images":[{"assetType":"boxart-large","assetTypes":["boxart-large"],"width":180,"height":260,"url":"https:\/\/wp7-images-hu-dynamic.horizon.tv\/HU\/Images\/upcgenre_6F.jpg?w=180&h=260&mode=box"},{"assetType":"tva-boxcover","assetTypes":["tva-boxcover"],"width":180,"height":260,"url":"https:\/\/wp7-images-hu-dynamic.horizon.tv\/HU\/Images\/upcgenre_6F.jpg"},{"assetType":"boxart-medium","assetTypes":["boxart-medium"],"width":110,"height":159,"url":"https:\/\/wp7-images-hu-dynamic.horizon.tv\/HU\/Images\/upcgenre_6F.jpg?w=110&h=159&mode=box"},{"assetType":"boxart-xlarge","assetTypes":["boxart-xlarge"],"width":210,"height":303,"url":"https:\/\/wp7-images-hu-dynamic.horizon.tv\/HU\/Images\/upcgenre_6F.jpg?w=210&h=303&mode=box"},{"assetType":"boxart-small","assetTypes":["boxart-small"],"width":75,"height":108,"url":"https:\/\/wp7-images-hu-dynamic.horizon.tv\/HU\/Images\/upcgenre_6F.jpg?w=75&h=108&mode=box"}],"mediaGroupId":"crid:~~2F~~2Fport.hu~~2F87762738","shortDescription":"M\u0171sorvezet\u0151k: Liptai Claudia \u00e9s Majoros P\u00e9ter","mediaType":"Episode","isReplayTv":false,"seriesEpisodeNumber":"1805072000","seriesNumber":"1805110930","videoStreams":[],"entitlements":["VIP","_OPEN_"],"currentProductIds":[],"currentTvodProductIds":[]},"parentId":"crid:~~2F~~2Fport.hu~~2F87762738","rootId":"crid:~~2F~~2Fport.hu~~2F87762738"}