{"id":"crid:~~2F~~2Fport.hu~~2F72722321-imi:00100000005D5828","countryCode":"HU","languageCode":"hun","deviceCode":"web","startTime":1525692000000,"endTime":1525695600000,"stationId":"826989607172","imi":"imi:00100000005D5828","mediaGroupId":"crid:~~2F~~2Fport.hu~~2F67110344","program":{"id":"crid:~~2F~~2Fport.hu~~2F72722321","title":"Elveszett levelek","description":"Egy \u00faj ellen\u0151rt kap a csapat Cora Brandt szem\u00e9ly\u00e9ben, aki szigor\u00fabb rendelkez\u00e9seket \u00e9s elj\u00e1r\u00e1sokat vezet be. Ek\u00f6zben a csapat egy olyan szerelmes lev\u00e9l c\u00edmzettj\u00e9t pr\u00f3b\u00e1lja kinyomozni, amely v\u00e9g\u00fcl egy farmra vezet \u00e9s \u00e9leteket v\u00e1ltoztathat meg. Oliver \u00e9s Shane ahogy egyre k\u00f6zelebb ker\u00fclnek, hogy kibogozz\u00e1k a legut\u00f3bbi lev\u00e9l rejt\u00e9ly\u00e9t, a t\u00e1ncparketten is egyre k\u00f6zelebb ker\u00fclnek egym\u00e1shoz \u00e9s felforr\u00f3sodik a hangulat...","longDescription":"Egy \u00faj ellen\u0151rt kap a csapat Cora Brandt szem\u00e9ly\u00e9ben, aki szigor\u00fabb rendelkez\u00e9seket \u00e9s elj\u00e1r\u00e1sokat vezet be. Ek\u00f6zben a csapat egy olyan szerelmes lev\u00e9l c\u00edmzettj\u00e9t pr\u00f3b\u00e1lja kinyomozni, amely v\u00e9g\u00fcl egy farmra vezet \u00e9s \u00e9leteket v\u00e1ltoztathat meg. Oliver \u00e9s Shane ahogy egyre k\u00f6zelebb ker\u00fclnek, hogy kibogozz\u00e1k a legut\u00f3bbi lev\u00e9l rejt\u00e9ly\u00e9t, a t\u00e1ncparketten is egyre k\u00f6zelebb ker\u00fclnek egym\u00e1shoz \u00e9s felforr\u00f3sodik a hangulat...","languageCode":"hun","countryCode":"HU","deviceCode":"web","medium":"TV","categories":[{"id":"271090244428","title":"Dr\u00e1ma","scheme":"urn:tva:metadata:cs:UPCEventGenreCS:2009"},{"id":"271090244429","title":"Thriller","scheme":"urn:tva:metadata:cs:UPCEventGenreCS:2009"}],"isAdult":false,"parentalRating":"12","cast":[],"directors":["Scott Smith"],"images":[{"assetType":"boxart-xlarge","assetTypes":["boxart-xlarge"],"width":210,"height":303,"url":"https:\/\/wp1-images-hu-dynamic.horizon.tv\/HU\/Images\/upcgenre_E1.jpg?w=210&h=303&mode=box"},{"assetType":"boxart-large","assetTypes":["boxart-large"],"width":180,"height":260,"url":"https:\/\/wp1-images-hu-dynamic.horizon.tv\/HU\/Images\/upcgenre_E1.jpg?w=180&h=260&mode=box"},{"assetType":"tva-boxcover","assetTypes":["tva-boxcover"],"width":180,"height":260,"url":"https:\/\/wp1-images-hu-dynamic.horizon.tv\/HU\/Images\/upcgenre_E1.jpg"},{"assetType":"boxart-small","assetTypes":["boxart-small"],"width":75,"height":108,"url":"https:\/\/wp1-images-hu-dynamic.horizon.tv\/HU\/Images\/upcgenre_E1.jpg?w=75&h=108&mode=box"},{"assetType":"boxart-medium","assetTypes":["boxart-medium"],"width":110,"height":159,"url":"https:\/\/wp1-images-hu-dynamic.horizon.tv\/HU\/Images\/upcgenre_E1.jpg?w=110&h=159&mode=box"},{"assetType":"HighResLandscape","assetTypes":["HighResLandscape"],"url":"https:\/\/wp15-images-hu-dynamic.horizon.tv\/HU\/Images\/hrl_8bb363c52b2fa557c5d783f86bc919b6093ec8de.jpg"}],"mediaGroupId":"crid:~~2F~~2Fport.hu~~2F67110344","shortDescription":"Egy \u00faj ellen\u0151rt kap a csapat Cora Brandt szem\u00e9ly\u00e9ben, aki szigor\u00fabb rendelkez\u00e9seket \u00e9s elj\u00e1r\u00e1sokat vezet be. Ek\u00f6zben a csapat egy olyan szerelmes lev\u00e9l c\u00edmzettj\u00e9t pr\u00f3b\u00e1lja kinyomozni, amely v\u00e9g\u00fcl...","mediaType":"Episode","year":"2013","duration":3600,"latestBroadcastStartTime":1525432800000,"latestBroadcastEndTime":1525436400000,"isReplayTv":true,"listingId":"crid:~~2F~~2Fport.hu~~2F72722321-imi:00100000005D2043","seriesEpisodeNumber":"1805041320","seriesNumber":"1805111320","videoStreams":[],"airDate":1356998400000,"entitlements":["VIP","crid:~~2F~~2Fupc.com~~2FReplayTV~~2FSTORY4_ReplayTV","_OPEN_"],"currentProductIds":["crid:~~2F~~2Fupc.com~~2FReplayTV~~2FSTORY4_ReplayTV"],"currentTvodProductIds":[]},"parentId":"crid:~~2F~~2Fport.hu~~2F67110344","rootId":"crid:~~2F~~2Fport.hu~~2F67110344"}