{"id":"crid:~~2F~~2Fport.hu~~2F91499773-imi:00100000005DA6ED","countryCode":"HU","languageCode":"hun","deviceCode":"web","startTime":1525695600000,"endTime":1525698600000,"stationId":"826989607197","imi":"imi:00100000005DA6ED","mediaGroupId":"crid:~~2F~~2Fport.hu~~2F40910021","program":{"id":"crid:~~2F~~2Fport.hu~~2F91499773","title":"Mantracker a Nyomk\u00f6vet\u0151","description":"Utaz\u00e1s","longDescription":"Utaz\u00e1s","languageCode":"hun","countryCode":"HU","deviceCode":"web","medium":"TV","categories":[{"id":"271090244411","title":"Szabadid\u0151","scheme":"urn:tva:metadata:cs:UPCEventGenreCS:2009"},{"id":"271090244412","title":"Utaz\u00e1s","scheme":"urn:tva:metadata:cs:UPCEventGenreCS:2009"}],"isAdult":false,"parentalRating":"3","cast":[],"directors":[],"images":[{"assetType":"boxart-xlarge","assetTypes":["boxart-xlarge"],"width":210,"height":303,"url":"https:\/\/wp7-images-hu-dynamic.horizon.tv\/HU\/Images\/upcgenre_A1.jpg?w=210&h=303&mode=box"},{"assetType":"boxart-small","assetTypes":["boxart-small"],"width":75,"height":108,"url":"https:\/\/wp7-images-hu-dynamic.horizon.tv\/HU\/Images\/upcgenre_A1.jpg?w=75&h=108&mode=box"},{"assetType":"boxart-medium","assetTypes":["boxart-medium"],"width":110,"height":159,"url":"https:\/\/wp7-images-hu-dynamic.horizon.tv\/HU\/Images\/upcgenre_A1.jpg?w=110&h=159&mode=box"},{"assetType":"tva-boxcover","assetTypes":["tva-boxcover"],"width":180,"height":260,"url":"https:\/\/wp7-images-hu-dynamic.horizon.tv\/HU\/Images\/upcgenre_A1.jpg"},{"assetType":"boxart-large","assetTypes":["boxart-large"],"width":180,"height":260,"url":"https:\/\/wp7-images-hu-dynamic.horizon.tv\/HU\/Images\/upcgenre_A1.jpg?w=180&h=260&mode=box"},{"assetType":"HighResLandscape","assetTypes":["HighResLandscape"],"url":"https:\/\/wp18-images-hu-dynamic.horizon.tv\/HU\/Images\/hrl_f43478f368c89edf07392e6cdd04e588b2a3d0d8.jpg"}],"mediaGroupId":"crid:~~2F~~2Fport.hu~~2F40910021","shortDescription":"Utaz\u00e1s","mediaType":"Episode","isReplayTv":false,"seriesEpisodeNumber":"1805071420","seriesNumber":"1805110830","videoStreams":[],"entitlements":["VIP","_OPEN_"],"currentProductIds":[],"currentTvodProductIds":[]},"parentId":"crid:~~2F~~2Fport.hu~~2F40910021","rootId":"crid:~~2F~~2Fport.hu~~2F40910021"}