{"id":"crid:~~2F~~2Fport.hu~~2F78332793-imi:00100000005D3DFB","countryCode":"HU","languageCode":"hun","deviceCode":"web","startTime":1525550400000,"endTime":1525554000000,"stationId":"826989607205","imi":"imi:00100000005D3DFB","mediaGroupId":"crid:~~2F~~2Fport.hu~~2F48957213","program":{"id":"crid:~~2F~~2Fport.hu~~2F78332793","title":"A nagy fog\u00e1s","description":"(II.\/8) Alice Vaughan (Mireille Enos) Los Angeles legjobb mag\u00e1nnyomoz\u00f3ja, az a t\u00edpus, akir\u0151l k\u00f6ztudott: nem \u00e9rdemes ujjat h\u00fazni vele. Bar\u00e1tj\u00e1val \u00e9s \u00fczlett\u00e1rs\u00e1val (Rose Rollins) j\u00f3l men\u0151 v\u00e1llalkoz\u00e1st \u00e9p\u00edtettek fel, \u00fcgyfeleik vil\u00e1gszerte veszik ig\u00e9nybe nyomoz\u00f3i szolg\u00e1ltat\u00e1saikat. A csapat oszlopos tagja Danny Yoon (Jay Hayden), aki \u2013 ha arr\u00f3l van sz\u00f3 \u2013 gond n\u00e9lk\u00fcl l\u00e9pi \u00e1t a t\u00f6rv\u00e9nyes kereteket, valamint Sophie Novak (Elvy Yost), aki jogi tan\u00e1csad\u00f3k\u00e9nt \u00e9s egy\u00fattal k\u00e9pzett hackerk\u00e9nt seg\u00edti a v\u00e1llalkoz\u00e1st. Alice szakm\u00e1ja egyik legjobbja, \u00e1m \u0151 is t\u00e9vedhet. V\u0151leg\u00e9nye, Benjamin Jones (Peter Krause) milli\u00f3kat csal ki t\u0151le, majd felsz\u00edv\u00f3dik \u2013 a n\u0151 pedig bossz\u00fat esk\u00fcszik \u00e9s mag\u00e1nakci\u00f3ba kezd. \u00c1m nem csak Alice vad\u00e1szik a f\u00e9rfira. Jules Dao (Jacky Ido) FBI-\u00fcgyn\u00f6k m\u00e1r \u00e9vek \u00f3ta vizsg\u00e1l\u00f3dik Benjamin k\u00e9tes eur\u00f3pai \u00fcgyletei ut\u00e1n, \u00edgy kap\u00f3ra j\u00f6n neki Alice s\u00e9rtetts\u00e9ge \u00e9s elsz\u00e1nts\u00e1ga. Ezalatt a felett\u00e9bb \u00f3vatos Ben \u00e9s k\u00e9t t\u00e1rsa \u2013 a zseni\u00e1lis Margot Bishop (Sonya Walger) \u00e9s Reggie Lennox (Alimi Ballard) \u2013 visszat\u00e9r a nemzetk\u00f6zi b\u0171n\u00f6z\u00e9s s\u00f6t\u00e9t vil\u00e1g\u00e1ba. A t\u00e9t mindk\u00e9t oldalon \u00f3ri\u00e1si: egyik f\u00e9l sem hib\u00e1zhat ebben a v\u00e1ratlan fordulatokkal teli macska-eg\u00e9r p\u00e1rharcban.","longDescription":"(II.\/8) Alice Vaughan (Mireille Enos) Los Angeles legjobb mag\u00e1nnyomoz\u00f3ja, az a t\u00edpus, akir\u0151l k\u00f6ztudott: nem \u00e9rdemes ujjat h\u00fazni vele. Bar\u00e1tj\u00e1val \u00e9s \u00fczlett\u00e1rs\u00e1val (Rose Rollins) j\u00f3l men\u0151 v\u00e1llalkoz\u00e1st \u00e9p\u00edtettek fel, \u00fcgyfeleik vil\u00e1gszerte veszik ig\u00e9nybe nyomoz\u00f3i szolg\u00e1ltat\u00e1saikat. A csapat oszlopos tagja Danny Yoon (Jay Hayden), aki \u2013 ha arr\u00f3l van sz\u00f3 \u2013 gond n\u00e9lk\u00fcl l\u00e9pi \u00e1t a t\u00f6rv\u00e9nyes kereteket, valamint Sophie Novak (Elvy Yost), aki jogi tan\u00e1csad\u00f3k\u00e9nt \u00e9s egy\u00fattal k\u00e9pzett hackerk\u00e9nt seg\u00edti a v\u00e1llalkoz\u00e1st. Alice szakm\u00e1ja egyik legjobbja, \u00e1m \u0151 is t\u00e9vedhet. V\u0151leg\u00e9nye, Benjamin Jones (Peter Krause) milli\u00f3kat csal ki t\u0151le, majd felsz\u00edv\u00f3dik \u2013 a n\u0151 pedig bossz\u00fat esk\u00fcszik \u00e9s mag\u00e1nakci\u00f3ba kezd. \u00c1m nem csak Alice vad\u00e1szik a f\u00e9rfira. Jules Dao (Jacky Ido) FBI-\u00fcgyn\u00f6k m\u00e1r \u00e9vek \u00f3ta vizsg\u00e1l\u00f3dik Benjamin k\u00e9tes eur\u00f3pai \u00fcgyletei ut\u00e1n, \u00edgy kap\u00f3ra j\u00f6n neki Alice s\u00e9rtetts\u00e9ge \u00e9s elsz\u00e1nts\u00e1ga. Ezalatt a felett\u00e9bb \u00f3vatos Ben \u00e9s k\u00e9t t\u00e1rsa \u2013 a zseni\u00e1lis Margot Bishop (Sonya Walger) \u00e9s Reggie Lennox (Alimi Ballard) \u2013 visszat\u00e9r a nemzetk\u00f6zi b\u0171n\u00f6z\u00e9s s\u00f6t\u00e9t vil\u00e1g\u00e1ba. A t\u00e9t mindk\u00e9t oldalon \u00f3ri\u00e1si: egyik f\u00e9l sem hib\u00e1zhat ebben a v\u00e1ratlan fordulatokkal teli macska-eg\u00e9r p\u00e1rharcban.","languageCode":"hun","countryCode":"HU","deviceCode":"web","medium":"TV","categories":[{"id":"271090244428","title":"Dr\u00e1ma","scheme":"urn:tva:metadata:cs:UPCEventGenreCS:2009"},{"id":"271090756041","title":"Krimi","scheme":"urn:tva:metadata:cs:UPCEventGenreCS:2009"}],"isAdult":false,"parentalRating":"15","cast":["Mireille Enos","Peter Krause","Alimi Ballard","Jacky Ido","Rose Rollins","Nia Vardalos"],"directors":["Mike Listo","Regina King","Rob J. Greenlea","Bill D'Elia","Kevin Dowling"],"images":[{"assetType":"tva-boxcover","assetTypes":["tva-boxcover"],"width":180,"height":260,"url":"https:\/\/wp26-images-hu-dynamic.horizon.tv\/HU\/Images\/bc_86c49a39cb842e2fceb03883d8eba3ae6a145e37.jpg"},{"assetType":"boxart-medium","assetTypes":["boxart-medium"],"width":110,"height":159,"url":"https:\/\/wp26-images-hu-dynamic.horizon.tv\/HU\/Images\/bc_86c49a39cb842e2fceb03883d8eba3ae6a145e37.jpg?w=110&h=159&mode=box"},{"assetType":"boxart-large","assetTypes":["boxart-large"],"width":180,"height":260,"url":"https:\/\/wp26-images-hu-dynamic.horizon.tv\/HU\/Images\/bc_86c49a39cb842e2fceb03883d8eba3ae6a145e37.jpg?w=180&h=260&mode=box"},{"assetType":"boxart-small","assetTypes":["boxart-small"],"width":75,"height":108,"url":"https:\/\/wp26-images-hu-dynamic.horizon.tv\/HU\/Images\/bc_86c49a39cb842e2fceb03883d8eba3ae6a145e37.jpg?w=75&h=108&mode=box"},{"assetType":"boxart-xlarge","assetTypes":["boxart-xlarge"],"width":210,"height":303,"url":"https:\/\/wp26-images-hu-dynamic.horizon.tv\/HU\/Images\/bc_86c49a39cb842e2fceb03883d8eba3ae6a145e37.jpg?w=210&h=303&mode=box"},{"assetType":"HighResLandscape","assetTypes":["HighResLandscape"],"url":"https:\/\/wp23-images-hu-dynamic.horizon.tv\/HU\/Images\/hrl_611f25e8c8645568129f3d1b8241181482d31468.jpg"},{"assetType":"HighResPortrait","assetTypes":["HighResPortrait"],"url":"https:\/\/wp23-images-hu-dynamic.horizon.tv\/HU\/Images\/hrp_86c49a39cb842e2fceb03883d8eba3ae6a145e37.jpg"}],"mediaGroupId":"crid:~~2F~~2Fport.hu~~2F48957213","secondaryTitle":"(II.\/8)","shortDescription":"Ben \u00fagy d\u00f6nt, hogy seg\u00edt Rhysnek Leah Wells kiszabad\u00edt\u00e1s\u00e1ban. Ek\u00f6zben Sophie Alice \u00e9s a csapat t\u00e1mogat\u00e1s\u00e1t k\u00e9ri \u00e9s csakhamar kider\u00fcl: a l\u00e1nynak van m\u00e9g n\u00e9h\u00e1ny tr\u00fckk a tarsoly\u00e1ban.","mediaType":"Episode","year":"2017","isReplayTv":false,"seriesEpisodeNumber":"8","seriesNumber":"2","videoStreams":[],"airDate":1483228800000,"entitlements":["VIP","_OPEN_"],"currentProductIds":[],"currentTvodProductIds":[]},"parentId":"crid:~~2F~~2Fport.hu~~2F48957213","rootId":"crid:~~2F~~2Fport.hu~~2F48957213"}