{"id":"crid:~~2F~~2Fport.hu~~2F68022772-imi:00100000005D351C","countryCode":"HU","languageCode":"hun","deviceCode":"web","startTime":1525530600000,"endTime":1525532400000,"stationId":"826989607223","imi":"imi:00100000005D351C","mediaGroupId":"crid:~~2F~~2Fport.hu~~2F42631875","program":{"id":"crid:~~2F~~2Fport.hu~~2F68022772","title":"\u00c1lljon meg egy konyh\u00e1\u00e9rt!","description":"(V.\/8) Sosem lehet tudni, mi v\u00e1r r\u00e1nk a bark\u00e1cs \u00e1ruh\u00e1zban. Lehet, hogy egy lelkes kivitelez\u0151 \u00e9s egy komplett tv st\u00e1b? Az \u00c1lljon meg egy konyh\u00e1\u00e9rt! csapata Amerika-szerte keresi azokat a v\u00e1llalkoz\u00f3 kedv\u0171 v\u00e1s\u00e1rl\u00f3kat, akik el\u00e9g b\u00e1trak ahhoz, hogy azonnal igent mondjanak egy komplett fel\u00faj\u00edt\u00e1sra. B\u00e1r rizik\u00f3s d\u00f6nt\u00e9s, a vadonat\u00faj konyha l\u00e1tv\u00e1nya mag\u00e1\u00e9rt besz\u00e9l.","longDescription":"(V.\/8) Sosem lehet tudni, mi v\u00e1r r\u00e1nk a bark\u00e1cs \u00e1ruh\u00e1zban. Lehet, hogy egy lelkes kivitelez\u0151 \u00e9s egy komplett tv st\u00e1b? Az \u00c1lljon meg egy konyh\u00e1\u00e9rt! csapata Amerika-szerte keresi azokat a v\u00e1llalkoz\u00f3 kedv\u0171 v\u00e1s\u00e1rl\u00f3kat, akik el\u00e9g b\u00e1trak ahhoz, hogy azonnal igent mondjanak egy komplett fel\u00faj\u00edt\u00e1sra. B\u00e1r rizik\u00f3s d\u00f6nt\u00e9s, a vadonat\u00faj konyha l\u00e1tv\u00e1nya mag\u00e1\u00e9rt besz\u00e9l.","languageCode":"hun","countryCode":"HU","deviceCode":"web","medium":"TV","categories":[{"id":"271090244398","title":"T\u00e1rsadalmi\/Politikai","scheme":"urn:tva:metadata:cs:UPCEventGenreCS:2009"}],"isAdult":false,"parentalRating":"12","cast":[],"directors":[],"images":[{"assetType":"boxart-small","assetTypes":["boxart-small"],"width":75,"height":108,"url":"https:\/\/wp19-images-hu-dynamic.horizon.tv\/HU\/Images\/bc_2357931624ade1040e26532507f4f99ced5a8fd6.jpg?w=75&h=108&mode=box"},{"assetType":"boxart-xlarge","assetTypes":["boxart-xlarge"],"width":210,"height":303,"url":"https:\/\/wp19-images-hu-dynamic.horizon.tv\/HU\/Images\/bc_2357931624ade1040e26532507f4f99ced5a8fd6.jpg?w=210&h=303&mode=box"},{"assetType":"boxart-large","assetTypes":["boxart-large"],"width":180,"height":260,"url":"https:\/\/wp19-images-hu-dynamic.horizon.tv\/HU\/Images\/bc_2357931624ade1040e26532507f4f99ced5a8fd6.jpg?w=180&h=260&mode=box"},{"assetType":"boxart-medium","assetTypes":["boxart-medium"],"width":110,"height":159,"url":"https:\/\/wp19-images-hu-dynamic.horizon.tv\/HU\/Images\/bc_2357931624ade1040e26532507f4f99ced5a8fd6.jpg?w=110&h=159&mode=box"},{"assetType":"tva-boxcover","assetTypes":["tva-boxcover"],"width":180,"height":260,"url":"https:\/\/wp19-images-hu-dynamic.horizon.tv\/HU\/Images\/bc_2357931624ade1040e26532507f4f99ced5a8fd6.jpg"},{"assetType":"HighResPortrait","assetTypes":["HighResPortrait"],"url":"https:\/\/wp15-images-hu-dynamic.horizon.tv\/HU\/Images\/hrp_2357931624ade1040e26532507f4f99ced5a8fd6.jpg"}],"mediaGroupId":"crid:~~2F~~2Fport.hu~~2F42631875","secondaryTitle":"(V.\/8)","shortDescription":"Az \u00c1lljon meg egy konyh\u00e1\u00e9rt! csapata Amerika-szerte keresi azokat a v\u00e1llalkoz\u00f3 kedv\u0171 v\u00e1s\u00e1rl\u00f3kat, akik el\u00e9g b\u00e1trak ahhoz, hogy azonnal igent mondjanak egy komplett fel\u00faj\u00edt\u00e1sra.","mediaType":"Episode","year":"2011","isReplayTv":false,"seriesEpisodeNumber":"8","seriesNumber":"5","videoStreams":[],"airDate":1293840000000,"entitlements":["VIP","_OPEN_"],"currentProductIds":[],"currentTvodProductIds":[]},"parentId":"crid:~~2F~~2Fport.hu~~2F42631875","rootId":"crid:~~2F~~2Fport.hu~~2F42631875"}