{"id":"crid:~~2F~~2Fport.hu~~2F91130073-imi:00100000005D5E2B","countryCode":"HU","languageCode":"hun","deviceCode":"web","startTime":1525671600000,"endTime":1525672800000,"stationId":"826989607228","imi":"imi:00100000005D5E2B","mediaGroupId":"crid:~~2F~~2Fport.hu~~2F66109135","program":{"id":"crid:~~2F~~2Fport.hu~~2F91130073","title":"Ma reggel","description":"A Ma reggel az MTVA saj\u00e1t gy\u00e1rt\u00e1s\u00fa, minden h\u00e9tk\u00f6znap jelentkez\u0151 reggeli politikai \u00e9s k\u00f6z\u00e9leti t\u00e9m\u00e1kkal foglalkoz\u00f3 m\u0171sora.","longDescription":"A Ma reggel az MTVA saj\u00e1t gy\u00e1rt\u00e1s\u00fa, minden h\u00e9tk\u00f6znap jelentkez\u0151 reggeli politikai \u00e9s k\u00f6z\u00e9leti t\u00e9m\u00e1kkal foglalkoz\u00f3 m\u0171sora.","languageCode":"hun","countryCode":"HU","deviceCode":"web","medium":"TV","categories":[{"id":"271090244344","title":"H\u00edrek","scheme":"urn:tva:metadata:cs:UPCEventGenreCS:2009"}],"isAdult":false,"parentalRating":"3","cast":[],"directors":[],"images":[{"assetType":"boxart-small","assetTypes":["boxart-small"],"width":75,"height":108,"url":"https:\/\/wp26-images-hu-dynamic.horizon.tv\/HU\/Images\/upcgenre_20.jpg?w=75&h=108&mode=box"},{"assetType":"tva-boxcover","assetTypes":["tva-boxcover"],"width":180,"height":260,"url":"https:\/\/wp26-images-hu-dynamic.horizon.tv\/HU\/Images\/upcgenre_20.jpg"},{"assetType":"boxart-medium","assetTypes":["boxart-medium"],"width":110,"height":159,"url":"https:\/\/wp26-images-hu-dynamic.horizon.tv\/HU\/Images\/upcgenre_20.jpg?w=110&h=159&mode=box"},{"assetType":"boxart-large","assetTypes":["boxart-large"],"width":180,"height":260,"url":"https:\/\/wp26-images-hu-dynamic.horizon.tv\/HU\/Images\/upcgenre_20.jpg?w=180&h=260&mode=box"},{"assetType":"boxart-xlarge","assetTypes":["boxart-xlarge"],"width":210,"height":303,"url":"https:\/\/wp26-images-hu-dynamic.horizon.tv\/HU\/Images\/upcgenre_20.jpg?w=210&h=303&mode=box"},{"assetType":"HighResLandscape","assetTypes":["HighResLandscape"],"url":"https:\/\/wp21-images-hu-dynamic.horizon.tv\/HU\/Images\/hrl_3a7d46bc8544122e72d96f7ee7fdcdc354a18ab1.jpg"}],"mediaGroupId":"crid:~~2F~~2Fport.hu~~2F66109135","shortDescription":"A Ma reggel az MTVA saj\u00e1t gy\u00e1rt\u00e1s\u00fa, minden h\u00e9tk\u00f6znap jelentkez\u0151 reggeli politikai \u00e9s k\u00f6z\u00e9leti t\u00e9m\u00e1kkal foglalkoz\u00f3 m\u0171sora.","mediaType":"Episode","isReplayTv":false,"seriesEpisodeNumber":"1805070740","seriesNumber":"1805110635","videoStreams":[],"entitlements":["VIP","_OPEN_"],"currentProductIds":[],"currentTvodProductIds":[]},"parentId":"crid:~~2F~~2Fport.hu~~2F66109135","rootId":"crid:~~2F~~2Fport.hu~~2F66109135"}