{"id":"crid:~~2F~~2Fport.hu~~2F70208314-imi:00100000005D28B7","countryCode":"HU","languageCode":"hun","deviceCode":"web","startTime":1525448220000,"endTime":1525449600000,"stationId":"826989607171","imi":"imi:00100000005D28B7","mediaGroupId":"crid:~~2F~~2Fport.hu~~2F21671301","program":{"id":"crid:~~2F~~2Fport.hu~~2F70208314","title":"Konyhaf\u0151n\u00f6k","description":"Buddy pepperoni \u00e9s mozzarella quiche-t k\u00e9sz\u00edt, ut\u00e1na pedig k\u00e9ksajtos goug\u00e9res-t rukkola- \u00e9s k\u00f6rtesal\u00e1t\u00e1val. Mary is beugrik, hogy megtanuljon citromos-m\u00e1ln\u00e1s Napoleont k\u00e9sz\u00edteni.","longDescription":"Buddy pepperoni \u00e9s mozzarella quiche-t k\u00e9sz\u00edt, ut\u00e1na pedig k\u00e9ksajtos goug\u00e9res-t rukkola- \u00e9s k\u00f6rtesal\u00e1t\u00e1val. Mary is beugrik, hogy megtanuljon citromos-m\u00e1ln\u00e1s Napoleont k\u00e9sz\u00edteni.","languageCode":"hun","countryCode":"HU","deviceCode":"web","medium":"TV","categories":[{"id":"271090244398","title":"T\u00e1rsadalmi\/Politikai","scheme":"urn:tva:metadata:cs:UPCEventGenreCS:2009"}],"isAdult":false,"parentalRating":"3","cast":[],"directors":[],"images":[{"assetType":"boxart-small","assetTypes":["boxart-small"],"width":75,"height":108,"url":"https:\/\/wp1-images-hu-dynamic.horizon.tv\/HU\/Images\/bc_74873485586c7e03b1225bab696672f4383719cf.jpg?w=75&h=108&mode=box"},{"assetType":"boxart-large","assetTypes":["boxart-large"],"width":180,"height":260,"url":"https:\/\/wp1-images-hu-dynamic.horizon.tv\/HU\/Images\/bc_74873485586c7e03b1225bab696672f4383719cf.jpg?w=180&h=260&mode=box"},{"assetType":"tva-boxcover","assetTypes":["tva-boxcover"],"width":180,"height":260,"url":"https:\/\/wp1-images-hu-dynamic.horizon.tv\/HU\/Images\/bc_74873485586c7e03b1225bab696672f4383719cf.jpg"},{"assetType":"boxart-xlarge","assetTypes":["boxart-xlarge"],"width":210,"height":303,"url":"https:\/\/wp1-images-hu-dynamic.horizon.tv\/HU\/Images\/bc_74873485586c7e03b1225bab696672f4383719cf.jpg?w=210&h=303&mode=box"},{"assetType":"boxart-medium","assetTypes":["boxart-medium"],"width":110,"height":159,"url":"https:\/\/wp1-images-hu-dynamic.horizon.tv\/HU\/Images\/bc_74873485586c7e03b1225bab696672f4383719cf.jpg?w=110&h=159&mode=box"},{"assetType":"HighResLandscape","assetTypes":["HighResLandscape"],"url":"https:\/\/wp16-images-hu-dynamic.horizon.tv\/HU\/Images\/hrl_b73fa7b7e1712bcc3968c54157a24051c6b4eaaa.jpg"}],"mediaGroupId":"crid:~~2F~~2Fport.hu~~2F21671301","secondaryTitle":"\u00c9des \u00e9s s\u00f3s","shortDescription":"Buddy pepperoni \u00e9s mozzarella quiche-t k\u00e9sz\u00edt, ut\u00e1na pedig k\u00e9ksajtos goug\u00e9res-t rukkola- \u00e9s k\u00f6rtesal\u00e1t\u00e1val. Mary is beugrik, hogy megtanuljon citromos-m\u00e1ln\u00e1s Napoleont k\u00e9sz\u00edteni.","mediaType":"Episode","year":"2011","isReplayTv":false,"seriesEpisodeNumber":"1805041737","seriesNumber":"1805031737","videoStreams":[],"airDate":1293840000000,"entitlements":["VIP","_OPEN_"],"currentProductIds":[],"currentTvodProductIds":[]},"parentId":"crid:~~2F~~2Fport.hu~~2F21671301","rootId":"crid:~~2F~~2Fport.hu~~2F21671301"}