{"id":"crid:~~2F~~2Fport.hu~~2F90693043-imi:00100000005D3A80","countryCode":"HU","languageCode":"hun","deviceCode":"web","startTime":1525572000000,"endTime":1525573200000,"stationId":"826989607195","imi":"imi:00100000005D3A80","mediaGroupId":"crid:~~2F~~2Fport.hu~~2F67320277","program":{"id":"crid:~~2F~~2Fport.hu~~2F90693043","title":"Supertv2 Rajzfilmek","description":"Iskolat\u00e9v\u00e9","longDescription":"Iskolat\u00e9v\u00e9","languageCode":"hun","countryCode":"HU","deviceCode":"web","medium":"TV","categories":[{"id":"271090244371","title":"Gyermek\/Ifj\u00fas\u00e1gi","scheme":"urn:tva:metadata:cs:UPCEventGenreCS:2009"},{"id":"271090244375","title":"Iskolat\u00e9v\u00e9","scheme":"urn:tva:metadata:cs:UPCEventGenreCS:2009"}],"isAdult":false,"parentalRating":"3","cast":[],"directors":[],"images":[{"assetType":"boxart-medium","assetTypes":["boxart-medium"],"width":110,"height":159,"url":"https:\/\/wp5-images-hu-dynamic.horizon.tv\/HU\/Images\/upcgenre_54.jpg?w=110&h=159&mode=box"},{"assetType":"boxart-small","assetTypes":["boxart-small"],"width":75,"height":108,"url":"https:\/\/wp5-images-hu-dynamic.horizon.tv\/HU\/Images\/upcgenre_54.jpg?w=75&h=108&mode=box"},{"assetType":"boxart-xlarge","assetTypes":["boxart-xlarge"],"width":210,"height":303,"url":"https:\/\/wp5-images-hu-dynamic.horizon.tv\/HU\/Images\/upcgenre_54.jpg?w=210&h=303&mode=box"},{"assetType":"boxart-large","assetTypes":["boxart-large"],"width":180,"height":260,"url":"https:\/\/wp5-images-hu-dynamic.horizon.tv\/HU\/Images\/upcgenre_54.jpg?w=180&h=260&mode=box"},{"assetType":"tva-boxcover","assetTypes":["tva-boxcover"],"width":180,"height":260,"url":"https:\/\/wp5-images-hu-dynamic.horizon.tv\/HU\/Images\/upcgenre_54.jpg"}],"mediaGroupId":"crid:~~2F~~2Fport.hu~~2F67320277","shortDescription":"Iskolat\u00e9v\u00e9","mediaType":"Episode","isReplayTv":false,"seriesEpisodeNumber":"1805060400","seriesNumber":"1805050445","videoStreams":[],"entitlements":["VIP","_OPEN_"],"currentProductIds":[],"currentTvodProductIds":[]},"parentId":"crid:~~2F~~2Fport.hu~~2F67320277","rootId":"crid:~~2F~~2Fport.hu~~2F67320277"}