{"id":"crid:~~2F~~2Fport.hu~~2F90460995-imi:00100000005E552B","countryCode":"HU","languageCode":"hun","deviceCode":"web","startTime":1525665600000,"endTime":1525667400000,"stationId":"826989607271","imi":"imi:00100000005E552B","mediaGroupId":"crid:~~2F~~2Fport.hu~~2F7365545","program":{"id":"crid:~~2F~~2Fport.hu~~2F90460995","title":"Nemzetk\u00f6zi h\u00e1zvad\u00e1szok","description":"Egy fiatal kora \u00f3ta egy\u00fctt l\u00e9v\u0151 p\u00e1r \u00e1tk\u00f6lt\u00f6zik az \u00f3ce\u00e1n t\u00fals\u00f3 partj\u00e1ra: az angliai Warwickshire-be. Az asszony r\u00e9gies b\u00e1jjal rendelkez\u0151 h\u00e1zat szeretne, a f\u00e9rj azonban jobban szeretn\u00e9, ha praktikus lenne \u00e9s megfelelne a hattag\u00fa csal\u00e1dnak.","longDescription":"Egy fiatal kora \u00f3ta egy\u00fctt l\u00e9v\u0151 p\u00e1r \u00e1tk\u00f6lt\u00f6zik az \u00f3ce\u00e1n t\u00fals\u00f3 partj\u00e1ra: az angliai Warwickshire-be. Az asszony r\u00e9gies b\u00e1jjal rendelkez\u0151 h\u00e1zat szeretne, a f\u00e9rj azonban jobban szeretn\u00e9, ha praktikus lenne \u00e9s megfelelne a hattag\u00fa csal\u00e1dnak.","languageCode":"hun","countryCode":"HU","deviceCode":"web","medium":"TV","categories":[{"id":"271090244398","title":"T\u00e1rsadalmi\/Politikai","scheme":"urn:tva:metadata:cs:UPCEventGenreCS:2009"}],"isAdult":false,"parentalRating":"3","cast":[],"directors":[],"images":[{"assetType":"boxart-large","assetTypes":["boxart-large"],"width":180,"height":260,"url":"https:\/\/wp27-images-hu-dynamic.horizon.tv\/HU\/Images\/upcgenre_80.jpg?w=180&h=260&mode=box"},{"assetType":"boxart-xlarge","assetTypes":["boxart-xlarge"],"width":210,"height":303,"url":"https:\/\/wp27-images-hu-dynamic.horizon.tv\/HU\/Images\/upcgenre_80.jpg?w=210&h=303&mode=box"},{"assetType":"boxart-medium","assetTypes":["boxart-medium"],"width":110,"height":159,"url":"https:\/\/wp27-images-hu-dynamic.horizon.tv\/HU\/Images\/upcgenre_80.jpg?w=110&h=159&mode=box"},{"assetType":"boxart-small","assetTypes":["boxart-small"],"width":75,"height":108,"url":"https:\/\/wp27-images-hu-dynamic.horizon.tv\/HU\/Images\/upcgenre_80.jpg?w=75&h=108&mode=box"},{"assetType":"tva-boxcover","assetTypes":["tva-boxcover"],"width":180,"height":260,"url":"https:\/\/wp27-images-hu-dynamic.horizon.tv\/HU\/Images\/upcgenre_80.jpg"},{"assetType":"HighResLandscape","assetTypes":["HighResLandscape"],"url":"https:\/\/wp3-images-hu-dynamic.horizon.tv\/HU\/Images\/hrl_f3e4044e00f3bdf778acd4b5494211962d3bcdd7.jpg"}],"mediaGroupId":"crid:~~2F~~2Fport.hu~~2F7365545","secondaryTitle":"K\u00e9nyelem kontra hasznoss\u00e1g","shortDescription":"Egy fiatal kora \u00f3ta egy\u00fctt l\u00e9v\u0151 p\u00e1r \u00e1tk\u00f6lt\u00f6zik az \u00f3ce\u00e1n t\u00fals\u00f3 partj\u00e1ra: az angliai Warwickshire-be. Az asszony r\u00e9gies b\u00e1jjal rendelkez\u0151 h\u00e1zat szeretne, a f\u00e9rj azonban jobban szeretn\u00e9, ha praktikus...","mediaType":"Episode","duration":1800,"latestBroadcastStartTime":1525449600000,"latestBroadcastEndTime":1525451400000,"isReplayTv":true,"listingId":"crid:~~2F~~2Fport.hu~~2F90460995-imi:00100000005D85FF","seriesEpisodeNumber":"1805121100","seriesNumber":"1805110600","videoStreams":[],"entitlements":["VIP","_OPEN_","crid:~~2F~~2Fupc.com~~2FReplayTV~~2FTravel_HD_ReplayTV"],"currentProductIds":["crid:~~2F~~2Fupc.com~~2FReplayTV~~2FTravel_HD_ReplayTV"],"currentTvodProductIds":[]},"parentId":"crid:~~2F~~2Fport.hu~~2F7365545","rootId":"crid:~~2F~~2Fport.hu~~2F7365545"}