{"id":"crid:~~2F~~2Fport.hu~~2F91342661-imi:00100000005D7136","countryCode":"HU","languageCode":"hun","deviceCode":"web","startTime":1525508160000,"endTime":1525508280000,"stationId":"826989607179","imi":"imi:00100000005D7136","mediaGroupId":"crid:~~2F~~2Fport.hu~~2F67818919","program":{"id":"crid:~~2F~~2Fport.hu~~2F91342661","title":"Mondd egy\u00fctt Noddyval!","description":"A vil\u00e1g minden t\u00e1j\u00e1n n\u00e9pszer\u0171 Noddy leny\u0171g\u00f6z\u0151 vil\u00e1got teremt az \u00f3vod\u00e1s gyerekeknek, \u00e9s megismerteti \u0151ket a t\u00e1rsadalmi \u00e9rt\u00e9kekkel. A most l\u00e1that\u00f3 epiz\u00f3dokban a kis fab\u00e1b\u00fa k\u00fcl\u00f6nb\u00f6z\u0151 idegennyelv\u0171 szavakat tanul Whizz, a robot seg\u00edts\u00e9g\u00e9vel. Tartsatok vele, \u00e9s \u00e9lj\u00e9tek \u00e1t ti is a tanul\u00e1s \u00f6r\u00f6m\u00e9t!","longDescription":"A vil\u00e1g minden t\u00e1j\u00e1n n\u00e9pszer\u0171 Noddy leny\u0171g\u00f6z\u0151 vil\u00e1got teremt az \u00f3vod\u00e1s gyerekeknek, \u00e9s megismerteti \u0151ket a t\u00e1rsadalmi \u00e9rt\u00e9kekkel. A most l\u00e1that\u00f3 epiz\u00f3dokban a kis fab\u00e1b\u00fa k\u00fcl\u00f6nb\u00f6z\u0151 idegennyelv\u0171 szavakat tanul Whizz, a robot seg\u00edts\u00e9g\u00e9vel. Tartsatok vele, \u00e9s \u00e9lj\u00e9tek \u00e1t ti is a tanul\u00e1s \u00f6r\u00f6m\u00e9t!","languageCode":"hun","countryCode":"HU","deviceCode":"web","medium":"TV","categories":[{"id":"271090244371","title":"Gyermek\/Ifj\u00fas\u00e1gi","scheme":"urn:tva:metadata:cs:UPCEventGenreCS:2009"},{"id":"271090244376","title":"Rajzfilm","scheme":"urn:tva:metadata:cs:UPCEventGenreCS:2009"}],"isAdult":false,"parentalRating":"3","cast":["Alberto Ghisi"],"directors":["John Grusd"],"images":[{"assetType":"boxart-small","assetTypes":["boxart-small"],"width":75,"height":108,"url":"https:\/\/wp21-images-hu-dynamic.horizon.tv\/HU\/Images\/upcgenre_55.jpg?w=75&h=108&mode=box"},{"assetType":"boxart-medium","assetTypes":["boxart-medium"],"width":110,"height":159,"url":"https:\/\/wp21-images-hu-dynamic.horizon.tv\/HU\/Images\/upcgenre_55.jpg?w=110&h=159&mode=box"},{"assetType":"boxart-xlarge","assetTypes":["boxart-xlarge"],"width":210,"height":303,"url":"https:\/\/wp21-images-hu-dynamic.horizon.tv\/HU\/Images\/upcgenre_55.jpg?w=210&h=303&mode=box"},{"assetType":"boxart-large","assetTypes":["boxart-large"],"width":180,"height":260,"url":"https:\/\/wp21-images-hu-dynamic.horizon.tv\/HU\/Images\/upcgenre_55.jpg?w=180&h=260&mode=box"},{"assetType":"tva-boxcover","assetTypes":["tva-boxcover"],"width":180,"height":260,"url":"https:\/\/wp21-images-hu-dynamic.horizon.tv\/HU\/Images\/upcgenre_55.jpg"},{"assetType":"HighResLandscape","assetTypes":["HighResLandscape"],"url":"https:\/\/wp5-images-hu-dynamic.horizon.tv\/HU\/Images\/hrl_6a9ddca46b9f09f5d7905e7c830ef1888699019c.jpg"}],"mediaGroupId":"crid:~~2F~~2Fport.hu~~2F67818919","shortDescription":"A vil\u00e1g minden t\u00e1j\u00e1n n\u00e9pszer\u0171 Noddy leny\u0171g\u00f6z\u0151 vil\u00e1got teremt az \u00f3vod\u00e1s gyerekeknek, \u00e9s megismerteti \u0151ket a t\u00e1rsadalmi \u00e9rt\u00e9kekkel. A most l\u00e1that\u00f3 epiz\u00f3dokban a kis fab\u00e1b\u00fa k\u00fcl\u00f6nb\u00f6z\u0151 idegennyelv\u0171...","mediaType":"Episode","isReplayTv":false,"seriesEpisodeNumber":"1805051016","seriesNumber":"1805031016","videoStreams":[],"entitlements":["VIP","_OPEN_"],"currentProductIds":[],"currentTvodProductIds":[]},"parentId":"crid:~~2F~~2Fport.hu~~2F67818919","rootId":"crid:~~2F~~2Fport.hu~~2F67818919"}