{"id":"crid:~~2F~~2Fport.hu~~2F91279880-imi:00100000005D70BD","countryCode":"HU","languageCode":"hun","deviceCode":"web","startTime":1525692600000,"endTime":1525694400000,"stationId":"826989607274","imi":"imi:00100000005D70BD","mediaGroupId":"crid:~~2F~~2Fport.hu~~2F78918930","program":{"id":"crid:~~2F~~2Fport.hu~~2F91279880","title":"XIX. Pontyfog\u00f3 Vil\u00e1gbajnoks\u00e1g Deseda","description":"Szabadid\u0151","longDescription":"Szabadid\u0151","languageCode":"hun","countryCode":"HU","deviceCode":"web","medium":"TV","categories":[{"id":"271090244411","title":"Szabadid\u0151","scheme":"urn:tva:metadata:cs:UPCEventGenreCS:2009"}],"isAdult":false,"parentalRating":"3","cast":[],"directors":[],"images":[{"assetType":"boxart-xlarge","assetTypes":["boxart-xlarge"],"width":210,"height":303,"url":"https:\/\/wp14-images-hu-dynamic.horizon.tv\/HU\/Images\/upcgenre_A0.jpg?w=210&h=303&mode=box"},{"assetType":"boxart-large","assetTypes":["boxart-large"],"width":180,"height":260,"url":"https:\/\/wp14-images-hu-dynamic.horizon.tv\/HU\/Images\/upcgenre_A0.jpg?w=180&h=260&mode=box"},{"assetType":"boxart-medium","assetTypes":["boxart-medium"],"width":110,"height":159,"url":"https:\/\/wp14-images-hu-dynamic.horizon.tv\/HU\/Images\/upcgenre_A0.jpg?w=110&h=159&mode=box"},{"assetType":"tva-boxcover","assetTypes":["tva-boxcover"],"width":180,"height":260,"url":"https:\/\/wp14-images-hu-dynamic.horizon.tv\/HU\/Images\/upcgenre_A0.jpg"},{"assetType":"boxart-small","assetTypes":["boxart-small"],"width":75,"height":108,"url":"https:\/\/wp14-images-hu-dynamic.horizon.tv\/HU\/Images\/upcgenre_A0.jpg?w=75&h=108&mode=box"}],"mediaGroupId":"crid:~~2F~~2Fport.hu~~2F78918930","shortDescription":"Szabadid\u0151","mediaType":"Episode","isReplayTv":false,"seriesEpisodeNumber":"1805071330","seriesNumber":"1805121630","videoStreams":[],"entitlements":["VIP","_OPEN_"],"currentProductIds":[],"currentTvodProductIds":[]},"parentId":"crid:~~2F~~2Fport.hu~~2F78918930","rootId":"crid:~~2F~~2Fport.hu~~2F78918930"}