{"id":"crid:~~2F~~2Fport.hu~~2F90634068-imi:00100000005D7784","countryCode":"HU","languageCode":"hun","deviceCode":"web","startTime":1525642500000,"endTime":1525676400000,"stationId":"826989607122","imi":"imi:00100000005D7784","mediaGroupId":"crid:~~2F~~2Fport.hu~~2F67792111","program":{"id":"crid:~~2F~~2Fport.hu~~2F90634068","title":"Der\u0171 \u00e9s hit","description":"Zenei m\u0171sor Tak\u00e1ts Tam\u00e1s leg\u00fajabb album\u00e1nak dalai mellett r\u00f6vid, sz\u00f3rakoztat\u00f3 jeleneteket \u00e9s m\u00e1s meglepet\u00e9seket is tartogat a P\u00fcsp\u00f6klad\u00e1nyban felv\u00e9telre ker\u00fclt m\u0171sor.","longDescription":"Zenei m\u0171sor Tak\u00e1ts Tam\u00e1s leg\u00fajabb album\u00e1nak dalai mellett r\u00f6vid, sz\u00f3rakoztat\u00f3 jeleneteket \u00e9s m\u00e1s meglepet\u00e9seket is tartogat a P\u00fcsp\u00f6klad\u00e1nyban felv\u00e9telre ker\u00fclt m\u0171sor.","languageCode":"hun","countryCode":"HU","deviceCode":"web","medium":"TV","categories":[{"id":"271090244377","title":"Zene","scheme":"urn:tva:metadata:cs:UPCEventGenreCS:2009"},{"id":"271090244378","title":"Rock\/pop","scheme":"urn:tva:metadata:cs:UPCEventGenreCS:2009"}],"isAdult":false,"parentalRating":"12","cast":[],"directors":[],"images":[{"assetType":"boxart-xlarge","assetTypes":["boxart-xlarge"],"width":210,"height":303,"url":"https:\/\/wp13-images-hu-dynamic.horizon.tv\/HU\/Images\/upcgenre_61.jpg?w=210&h=303&mode=box"},{"assetType":"boxart-medium","assetTypes":["boxart-medium"],"width":110,"height":159,"url":"https:\/\/wp13-images-hu-dynamic.horizon.tv\/HU\/Images\/upcgenre_61.jpg?w=110&h=159&mode=box"},{"assetType":"boxart-small","assetTypes":["boxart-small"],"width":75,"height":108,"url":"https:\/\/wp13-images-hu-dynamic.horizon.tv\/HU\/Images\/upcgenre_61.jpg?w=75&h=108&mode=box"},{"assetType":"boxart-large","assetTypes":["boxart-large"],"width":180,"height":260,"url":"https:\/\/wp13-images-hu-dynamic.horizon.tv\/HU\/Images\/upcgenre_61.jpg?w=180&h=260&mode=box"},{"assetType":"tva-boxcover","assetTypes":["tva-boxcover"],"width":180,"height":260,"url":"https:\/\/wp13-images-hu-dynamic.horizon.tv\/HU\/Images\/upcgenre_61.jpg"}],"mediaGroupId":"crid:~~2F~~2Fport.hu~~2F67792111","shortDescription":"Tak\u00e1cs Tam\u00e1s leg\u00fajabb album\u00e1nak dalai mellett r\u00f6vid, sz\u00f3rakoztat\u00f3 jeleneteket \u00e9s m\u00e1s meglepet\u00e9seket is tartogat a P\u00fcsp\u00f6klad\u00e1nyban felv\u00e9telre ker\u00fclt m\u0171sor.","mediaType":"Episode","isReplayTv":false,"seriesEpisodeNumber":"1805062335","seriesNumber":"1805062335","videoStreams":[],"entitlements":["VIP","_OPEN_"],"currentProductIds":[],"currentTvodProductIds":[]},"parentId":"crid:~~2F~~2Fport.hu~~2F67792111","rootId":"crid:~~2F~~2Fport.hu~~2F67792111"}