{"id":"crid:~~2F~~2Fport.hu~~2F70566164-imi:00100000005D2389","countryCode":"HU","languageCode":"hun","deviceCode":"web","startTime":1525424400000,"endTime":1525426200000,"stationId":"826989607274","imi":"imi:00100000005D2389","mediaGroupId":"crid:~~2F~~2Fport.hu~~2F66815459","program":{"id":"crid:~~2F~~2Fport.hu~~2F70566164","title":"A t\u00f6k\u00e9letes horg\u00e1sz","description":"\"Ha az \u00e9jszaka j\u00f3 tan\u00e1csad\u00f3, akkor egy t\u00e9li horg\u00e1sz-szesszi\u00f3 is az lehet a horg\u00e1szok sz\u00e1m\u00e1ra. Film\u00fcnkben \u00faj technik\u00e1kkal ismerkedhetnek meg egy intenz\u00edven telep\u00edtett tavon, amelynek csod\u00e1latos halai egy\u00e1ltal\u00e1n nem hagyj\u00e1k magukat k\u00f6nnyen elcs\u00edpni. Hogyan tudunk k\u00f6z\u00f6tt\u00fck szelekt\u00e1lni, mennyire fontos a k\u00e9nyelem a t\u00f3 partj\u00e1n, \u00e9s hogyan tudjuk hat\u00e9konyan beosztani az energi\u00e1nkat egy hosszabb horg\u00e1szat sor\u00e1n? A v\u00e1laszokkal Radu Dascalescu v\u00e1rja \u00d6n\u00f6ket! \"","longDescription":"\"Ha az \u00e9jszaka j\u00f3 tan\u00e1csad\u00f3, akkor egy t\u00e9li horg\u00e1sz-szesszi\u00f3 is az lehet a horg\u00e1szok sz\u00e1m\u00e1ra. Film\u00fcnkben \u00faj technik\u00e1kkal ismerkedhetnek meg egy intenz\u00edven telep\u00edtett tavon, amelynek csod\u00e1latos halai egy\u00e1ltal\u00e1n nem hagyj\u00e1k magukat k\u00f6nnyen elcs\u00edpni. Hogyan tudunk k\u00f6z\u00f6tt\u00fck szelekt\u00e1lni, mennyire fontos a k\u00e9nyelem a t\u00f3 partj\u00e1n, \u00e9s hogyan tudjuk hat\u00e9konyan beosztani az energi\u00e1nkat egy hosszabb horg\u00e1szat sor\u00e1n? A v\u00e1laszokkal Radu Dascalescu v\u00e1rja \u00d6n\u00f6ket! \"","languageCode":"hun","countryCode":"HU","deviceCode":"web","medium":"TV","categories":[{"id":"271090244411","title":"Szabadid\u0151","scheme":"urn:tva:metadata:cs:UPCEventGenreCS:2009"}],"isAdult":false,"parentalRating":"3","cast":[],"directors":[],"images":[{"assetType":"tva-boxcover","assetTypes":["tva-boxcover"],"width":180,"height":260,"url":"https:\/\/wp25-images-hu-dynamic.horizon.tv\/HU\/Images\/upcgenre_A0.jpg"},{"assetType":"boxart-medium","assetTypes":["boxart-medium"],"width":110,"height":159,"url":"https:\/\/wp25-images-hu-dynamic.horizon.tv\/HU\/Images\/upcgenre_A0.jpg?w=110&h=159&mode=box"},{"assetType":"boxart-large","assetTypes":["boxart-large"],"width":180,"height":260,"url":"https:\/\/wp25-images-hu-dynamic.horizon.tv\/HU\/Images\/upcgenre_A0.jpg?w=180&h=260&mode=box"},{"assetType":"boxart-xlarge","assetTypes":["boxart-xlarge"],"width":210,"height":303,"url":"https:\/\/wp25-images-hu-dynamic.horizon.tv\/HU\/Images\/upcgenre_A0.jpg?w=210&h=303&mode=box"},{"assetType":"boxart-small","assetTypes":["boxart-small"],"width":75,"height":108,"url":"https:\/\/wp25-images-hu-dynamic.horizon.tv\/HU\/Images\/upcgenre_A0.jpg?w=75&h=108&mode=box"}],"mediaGroupId":"crid:~~2F~~2Fport.hu~~2F66815459","secondaryTitle":"El\u0151re a Ponty\u00e9rt","shortDescription":"\"Ha az \u00e9jszaka j\u00f3 tan\u00e1csad\u00f3, akkor egy t\u00e9li horg\u00e1sz-szesszi\u00f3 is az lehet a horg\u00e1szok sz\u00e1m\u00e1ra. Film\u00fcnkben \u00faj technik\u00e1kkal ismerkedhetnek meg egy intenz\u00edven telep\u00edtett tavon, amelynek csod\u00e1latos...","mediaType":"Episode","isReplayTv":false,"seriesEpisodeNumber":"1805020700","seriesNumber":"1805020700","videoStreams":[],"entitlements":["VIP","_OPEN_"],"currentProductIds":[],"currentTvodProductIds":[]},"parentId":"crid:~~2F~~2Fport.hu~~2F66815459","rootId":"crid:~~2F~~2Fport.hu~~2F66815459"}