{"id":"crid:~~2F~~2Fport.hu~~2F90570684-imi:00100000005D4226","countryCode":"HU","languageCode":"hun","deviceCode":"web","startTime":1525603800000,"endTime":1525604100000,"stationId":"826989607228","imi":"imi:00100000005D4226","mediaGroupId":"crid:~~2F~~2Fport.hu~~2F68193148","program":{"id":"crid:~~2F~~2Fport.hu~~2F90570684","title":"V4 H\u00edrad\u00f3","description":"A V4 orsz\u00e1gok politikai, gazdas\u00e1gi, kultur\u00e1lis kapcsol\u00f3d\u00e1sai az elm\u00falt \u00e9vekben jelent\u0151sen f\u00f6ler\u0151s\u00f6dtek, az orsz\u00e1gok egy\u00fcttm\u0171k\u00f6d\u00e9se azt bizony\u00edtja, egy\u00fctt meghat\u00e1roz\u00f3 szerep\u00fck van Eur\u00f3p\u00e1ban. A napi V4 h\u00edrad\u00f3ban bemutatj\u00e1k azokat az \u00e1ll\u00e1spontokat, reakci\u00f3kat, megk\u00f6zel\u00edt\u00e9seket \u00e9s v\u00e1laszokat, amelyeket a V4 t\u00e1rsul\u00e1s tagjai (Magyarorsz\u00e1g, Szlov\u00e1kia, Csehorsz\u00e1g \u00e9s Lengyelorsz\u00e1g) adnak a nemzet\u00e1llamokat, Eur\u00f3p\u00e1t \u00e9s a vil\u00e1gpolitik\u00e1t \u00e9rint\u0151 k\u00e9rd\u00e9sekre.A V4 h\u00edrad\u00f3 forr\u00e1sai a lengyel, cseh, szlov\u00e1k lapok, h\u00edr\u00fcgyn\u00f6ks\u00e9gek, telev\u00edzi\u00f3k illetve a European Broadcast Union nyersanyagai.","longDescription":"A V4 orsz\u00e1gok politikai, gazdas\u00e1gi, kultur\u00e1lis kapcsol\u00f3d\u00e1sai az elm\u00falt \u00e9vekben jelent\u0151sen f\u00f6ler\u0151s\u00f6dtek, az orsz\u00e1gok egy\u00fcttm\u0171k\u00f6d\u00e9se azt bizony\u00edtja, egy\u00fctt meghat\u00e1roz\u00f3 szerep\u00fck van Eur\u00f3p\u00e1ban. A napi V4 h\u00edrad\u00f3ban bemutatj\u00e1k azokat az \u00e1ll\u00e1spontokat, reakci\u00f3kat, megk\u00f6zel\u00edt\u00e9seket \u00e9s v\u00e1laszokat, amelyeket a V4 t\u00e1rsul\u00e1s tagjai (Magyarorsz\u00e1g, Szlov\u00e1kia, Csehorsz\u00e1g \u00e9s Lengyelorsz\u00e1g) adnak a nemzet\u00e1llamokat, Eur\u00f3p\u00e1t \u00e9s a vil\u00e1gpolitik\u00e1t \u00e9rint\u0151 k\u00e9rd\u00e9sekre.A V4 h\u00edrad\u00f3 forr\u00e1sai a lengyel, cseh, szlov\u00e1k lapok, h\u00edr\u00fcgyn\u00f6ks\u00e9gek, telev\u00edzi\u00f3k illetve a European Broadcast Union nyersanyagai.","languageCode":"hun","countryCode":"HU","deviceCode":"web","medium":"TV","categories":[{"id":"271090244398","title":"T\u00e1rsadalmi\/Politikai","scheme":"urn:tva:metadata:cs:UPCEventGenreCS:2009"}],"isAdult":false,"parentalRating":"3","cast":[],"directors":[],"images":[{"assetType":"boxart-small","assetTypes":["boxart-small"],"width":75,"height":108,"url":"https:\/\/wp5-images-hu-dynamic.horizon.tv\/HU\/Images\/upcgenre_80.jpg?w=75&h=108&mode=box"},{"assetType":"tva-boxcover","assetTypes":["tva-boxcover"],"width":180,"height":260,"url":"https:\/\/wp5-images-hu-dynamic.horizon.tv\/HU\/Images\/upcgenre_80.jpg"},{"assetType":"boxart-large","assetTypes":["boxart-large"],"width":180,"height":260,"url":"https:\/\/wp5-images-hu-dynamic.horizon.tv\/HU\/Images\/upcgenre_80.jpg?w=180&h=260&mode=box"},{"assetType":"boxart-medium","assetTypes":["boxart-medium"],"width":110,"height":159,"url":"https:\/\/wp5-images-hu-dynamic.horizon.tv\/HU\/Images\/upcgenre_80.jpg?w=110&h=159&mode=box"},{"assetType":"boxart-xlarge","assetTypes":["boxart-xlarge"],"width":210,"height":303,"url":"https:\/\/wp5-images-hu-dynamic.horizon.tv\/HU\/Images\/upcgenre_80.jpg?w=210&h=303&mode=box"}],"mediaGroupId":"crid:~~2F~~2Fport.hu~~2F68193148","shortDescription":"A visegr\u00e1di egy\u00fcttm\u0171k\u00f6d\u00e9s n\u00e9gy tag\u00e1llamait \u00e9rint\u0151, napi tematikus h\u00edrad\u00f3.","mediaType":"Episode","isReplayTv":false,"seriesEpisodeNumber":"1805061250","seriesNumber":"1805101250","videoStreams":[],"entitlements":["VIP","_OPEN_"],"currentProductIds":[],"currentTvodProductIds":[]},"parentId":"crid:~~2F~~2Fport.hu~~2F68193148","rootId":"crid:~~2F~~2Fport.hu~~2F68193148"}