{"id":"crid:~~2F~~2Fport.hu~~2F72661605-imi:00100000005D2192","countryCode":"HU","languageCode":"hun","deviceCode":"web","startTime":1525428300000,"endTime":1525432500000,"stationId":"826989607133","imi":"imi:00100000005D2192","mediaGroupId":"crid:~~2F~~2Fport.hu~~2F49046066","program":{"id":"crid:~~2F~~2Fport.hu~~2F72661605","title":"Az univerzum kezdete \u00e9s v\u00e9ge","description":"Honnan j\u00f6tt\u00fcnk \u00e9s merre tartunk? Jim Al-Khalili professzor erre a k\u00e9rd\u00e9sre keresi a v\u00e1laszt \u00e9s kutatja, vizsg\u00e1lja az univerzumot.","longDescription":"Honnan j\u00f6tt\u00fcnk \u00e9s merre tartunk? Jim Al-Khalili professzor erre a k\u00e9rd\u00e9sre keresi a v\u00e1laszt \u00e9s kutatja, vizsg\u00e1lja az univerzumot.","languageCode":"hun","countryCode":"HU","deviceCode":"web","medium":"TV","categories":[{"id":"271090244398","title":"T\u00e1rsadalmi\/Politikai","scheme":"urn:tva:metadata:cs:UPCEventGenreCS:2009"}],"isAdult":false,"parentalRating":"12","cast":[],"directors":[],"images":[{"assetType":"boxart-small","assetTypes":["boxart-small"],"width":75,"height":108,"url":"https:\/\/wp14-images-hu-dynamic.horizon.tv\/HU\/Images\/upcgenre_80.jpg?w=75&h=108&mode=box"},{"assetType":"boxart-xlarge","assetTypes":["boxart-xlarge"],"width":210,"height":303,"url":"https:\/\/wp14-images-hu-dynamic.horizon.tv\/HU\/Images\/upcgenre_80.jpg?w=210&h=303&mode=box"},{"assetType":"tva-boxcover","assetTypes":["tva-boxcover"],"width":180,"height":260,"url":"https:\/\/wp14-images-hu-dynamic.horizon.tv\/HU\/Images\/upcgenre_80.jpg"},{"assetType":"boxart-medium","assetTypes":["boxart-medium"],"width":110,"height":159,"url":"https:\/\/wp14-images-hu-dynamic.horizon.tv\/HU\/Images\/upcgenre_80.jpg?w=110&h=159&mode=box"},{"assetType":"boxart-large","assetTypes":["boxart-large"],"width":180,"height":260,"url":"https:\/\/wp14-images-hu-dynamic.horizon.tv\/HU\/Images\/upcgenre_80.jpg?w=180&h=260&mode=box"}],"mediaGroupId":"crid:~~2F~~2Fport.hu~~2F49046066","shortDescription":"Honnan j\u00f6tt\u00fcnk \u00e9s merre tartunk? Jim Al-Khalili professzor erre a k\u00e9rd\u00e9sre keresi a v\u00e1laszt \u00e9s kutatja, vizsg\u00e1lja az univerzumot.","mediaType":"Episode","year":"2015","isReplayTv":false,"seriesEpisodeNumber":"1805032000","seriesNumber":"1805032000","videoStreams":[],"airDate":1420070400000,"entitlements":["VIP","_OPEN_"],"currentProductIds":[],"currentTvodProductIds":[]},"parentId":"crid:~~2F~~2Fport.hu~~2F49046066","rootId":"crid:~~2F~~2Fport.hu~~2F49046066"}