{"id":"crid:~~2F~~2Fport.hu~~2F74349045-imi:00100000005D3501","countryCode":"HU","languageCode":"hun","deviceCode":"web","startTime":1525589100000,"endTime":1525591800000,"stationId":"826989607227","imi":"imi:00100000005D3501","mediaGroupId":"crid:~~2F~~2Fport.hu~~2F74349045","program":{"id":"crid:~~2F~~2Fport.hu~~2F74349045","title":"Barbie Dreamtopia: Sziv\u00e1rv\u00e1nyparti","description":"\u00c1lomkir\u00e1lys\u00e1g egy \u00faj, var\u00e1zslatos vil\u00e1g, amely Chelsea-nek, Barbie legkisebb h\u00fag\u00e1nak k\u00e9pzelet\u00e9ben \u00e9l. Csatlakozz Barbie-hoz, hogy egy\u00fctt \u00faszhass te is a gy\u00f6ny\u00f6r\u0171 sell\u0151kkel a sziv\u00e1rv\u00e1ny foly\u00f3kban, vagy t\u00fcnd\u00e9rk\u00e9kkel rep\u00fclhess a vattacukorfelh\u0151k\u00f6n kereszt\u00fcl.","longDescription":"\u00c1lomkir\u00e1lys\u00e1g egy \u00faj, var\u00e1zslatos vil\u00e1g, amely Chelsea-nek, Barbie legkisebb h\u00fag\u00e1nak k\u00e9pzelet\u00e9ben \u00e9l. Csatlakozz Barbie-hoz, hogy egy\u00fctt \u00faszhass te is a gy\u00f6ny\u00f6r\u0171 sell\u0151kkel a sziv\u00e1rv\u00e1ny foly\u00f3kban, vagy t\u00fcnd\u00e9rk\u00e9kkel rep\u00fclhess a vattacukorfelh\u0151k\u00f6n kereszt\u00fcl.","languageCode":"hun","countryCode":"HU","deviceCode":"web","medium":"Movie","categories":[{"id":"271090244339","title":"csal\u00e1d","scheme":"urn:tva:metadata:cs:UPCEventGenreCS:2009"}],"isAdult":false,"parentalRating":"6","cast":[],"directors":[],"images":[{"assetType":"tva-boxcover","assetTypes":["tva-boxcover"],"width":180,"height":260,"url":"https:\/\/wp5-images-hu-dynamic.horizon.tv\/HU\/Images\/bc_241a971501cd0ab79de9142e4e0277285d4322cf.jpg"},{"assetType":"boxart-medium","assetTypes":["boxart-medium"],"width":110,"height":159,"url":"https:\/\/wp5-images-hu-dynamic.horizon.tv\/HU\/Images\/bc_241a971501cd0ab79de9142e4e0277285d4322cf.jpg?w=110&h=159&mode=box"},{"assetType":"boxart-large","assetTypes":["boxart-large"],"width":180,"height":260,"url":"https:\/\/wp5-images-hu-dynamic.horizon.tv\/HU\/Images\/bc_241a971501cd0ab79de9142e4e0277285d4322cf.jpg?w=180&h=260&mode=box"},{"assetType":"boxart-xlarge","assetTypes":["boxart-xlarge"],"width":210,"height":303,"url":"https:\/\/wp5-images-hu-dynamic.horizon.tv\/HU\/Images\/bc_241a971501cd0ab79de9142e4e0277285d4322cf.jpg?w=210&h=303&mode=box"},{"assetType":"boxart-small","assetTypes":["boxart-small"],"width":75,"height":108,"url":"https:\/\/wp5-images-hu-dynamic.horizon.tv\/HU\/Images\/bc_241a971501cd0ab79de9142e4e0277285d4322cf.jpg?w=75&h=108&mode=box"},{"assetType":"HighResPortrait","assetTypes":["HighResPortrait"],"url":"https:\/\/wp15-images-hu-dynamic.horizon.tv\/HU\/Images\/hrp_241a971501cd0ab79de9142e4e0277285d4322cf.jpg"}],"mediaGroupId":"crid:~~2F~~2Fport.hu~~2F74349045","shortDescription":"\u00c1lomkir\u00e1lys\u00e1g egy \u00faj, var\u00e1zslatos vil\u00e1g, amely Chelsea-nek, Barbie legkisebb h\u00fag\u00e1nak k\u00e9pzelet\u00e9ben \u00e9l. Csatlakozz Barbie-hoz, hogy egy\u00fctt \u00faszhass te is a gy\u00f6ny\u00f6r\u0171 sell\u0151kkel a sziv\u00e1rv\u00e1ny foly\u00f3kban,...","mediaType":"FeatureFilm","year":"2017","isReplayTv":false,"videoStreams":[],"airDate":1483228800000,"entitlements":["VIP","_OPEN_"],"currentProductIds":[],"currentTvodProductIds":[]},"parentId":"crid:~~2F~~2Fport.hu~~2F74349045","rootId":"crid:~~2F~~2Fport.hu~~2F74349045"}