{"id":"crid:~~2F~~2Fport.hu~~2F90971469-imi:00100000005D48CB","countryCode":"HU","languageCode":"hun","deviceCode":"web","startTime":1525536000000,"endTime":1525539600000,"stationId":"826989607268","imi":"imi:00100000005D48CB","mediaGroupId":"crid:~~2F~~2Fport.hu~~2F90971469","program":{"id":"crid:~~2F~~2Fport.hu~~2F90971469","title":"T\u00f6k\u00e9letes hang 3","description":"A l\u00e1nyok lediplom\u00e1ztak \u00e9s kil\u00e9ptek a nagybet\u0171s \u00e9letbe, ahol m\u00e1r nem el\u00e9g a sikerhez, ha valaki egy acapella-egy\u00fcttes tagja. A Bell\u00e1k nagy lend\u00fclettel visszat\u00e9rnek a T\u00f6k\u00e9letes hang 3-ban.","longDescription":"A l\u00e1nyok lediplom\u00e1ztak \u00e9s kil\u00e9ptek a nagybet\u0171s \u00e9letbe, ahol m\u00e1r nem el\u00e9g a sikerhez, ha valaki egy acapella-egy\u00fcttes tagja. A Bell\u00e1k nagy lend\u00fclettel visszat\u00e9rnek a T\u00f6k\u00e9letes hang 3-ban.","languageCode":"hun","countryCode":"HU","deviceCode":"web","medium":"TV","categories":[{"id":"271090244398","title":"T\u00e1rsadalmi\/Politikai","scheme":"urn:tva:metadata:cs:UPCEventGenreCS:2009"}],"isAdult":false,"parentalRating":"3","cast":[],"directors":[],"images":[{"assetType":"boxart-medium","assetTypes":["boxart-medium"],"width":110,"height":159,"url":"https:\/\/wp12-images-hu-dynamic.horizon.tv\/HU\/Images\/upcgenre_80.jpg?w=110&h=159&mode=box"},{"assetType":"boxart-small","assetTypes":["boxart-small"],"width":75,"height":108,"url":"https:\/\/wp12-images-hu-dynamic.horizon.tv\/HU\/Images\/upcgenre_80.jpg?w=75&h=108&mode=box"},{"assetType":"tva-boxcover","assetTypes":["tva-boxcover"],"width":180,"height":260,"url":"https:\/\/wp12-images-hu-dynamic.horizon.tv\/HU\/Images\/upcgenre_80.jpg"},{"assetType":"boxart-large","assetTypes":["boxart-large"],"width":180,"height":260,"url":"https:\/\/wp12-images-hu-dynamic.horizon.tv\/HU\/Images\/upcgenre_80.jpg?w=180&h=260&mode=box"},{"assetType":"boxart-xlarge","assetTypes":["boxart-xlarge"],"width":210,"height":303,"url":"https:\/\/wp12-images-hu-dynamic.horizon.tv\/HU\/Images\/upcgenre_80.jpg?w=210&h=303&mode=box"}],"mediaGroupId":"crid:~~2F~~2Fport.hu~~2F90971469","shortDescription":"A l\u00e1nyok lediplom\u00e1ztak \u00e9s kil\u00e9ptek a nagybet\u0171s \u00e9letbe, ahol m\u00e1r nem el\u00e9g a sikerhez, ha valaki egy acapella-egy\u00fcttes tagja. A Bell\u00e1k nagy lend\u00fclettel visszat\u00e9rnek a T\u00f6k\u00e9letes hang 3-ban.","mediaType":"Episode","isReplayTv":false,"videoStreams":[],"entitlements":["VIP","_OPEN_"],"currentProductIds":[],"currentTvodProductIds":[]},"parentId":"crid:~~2F~~2Fport.hu~~2F90971469","rootId":"crid:~~2F~~2Fport.hu~~2F90971469"}