{"id":"crid:~~2F~~2Fport.hu~~2F72609110-imi:00100000005D3F93","countryCode":"HU","languageCode":"hun","deviceCode":"web","startTime":1525585200000,"endTime":1525586400000,"stationId":"826989607211","imi":"imi:00100000005D3F93","mediaGroupId":"crid:~~2F~~2Fport.hu~~2F3169731","program":{"id":"crid:~~2F~~2Fport.hu~~2F72609110","title":"Z\u00e1logcsillagok","description":"(XVIII.\/26) Ragadjanak fegyvert a Z\u00e1logcsillagokkal, n\u00e9zz\u00e9k meg \u00fajra a legjobb pusk\u00e1kat, git\u00e1rokat \u00e9s gengsztert\u00e1rgyakat; a limit\u00e1lt kiad\u00e1s\u00fa, k\u00e9zzel festett git\u00e1rt, amin a Def Leppardos Phil Collen j\u00e1tszott, \u00e9s a pecs\u00e9tgy\u0171r\u0171t, ami \u00e1ll\u00edt\u00f3lag Lucky Lucian\u00f3\u00e9 volt.","longDescription":"(XVIII.\/26) Ragadjanak fegyvert a Z\u00e1logcsillagokkal, n\u00e9zz\u00e9k meg \u00fajra a legjobb pusk\u00e1kat, git\u00e1rokat \u00e9s gengsztert\u00e1rgyakat; a limit\u00e1lt kiad\u00e1s\u00fa, k\u00e9zzel festett git\u00e1rt, amin a Def Leppardos Phil Collen j\u00e1tszott, \u00e9s a pecs\u00e9tgy\u0171r\u0171t, ami \u00e1ll\u00edt\u00f3lag Lucky Lucian\u00f3\u00e9 volt.","languageCode":"hun","countryCode":"HU","deviceCode":"web","medium":"TV","categories":[{"id":"271090244349","title":"Show","scheme":"urn:tva:metadata:cs:UPCEventGenreCS:2009"}],"isAdult":false,"parentalRating":"12","cast":["Rick Harrison","Richard Harrison","Corey Harrison","Austin 'Chumlee' Russell","Rick Dale"],"directors":["Emerson St. John","Jairus Cobb"],"images":[{"assetType":"tva-boxcover","assetTypes":["tva-boxcover"],"width":180,"height":260,"url":"https:\/\/wp26-images-hu-dynamic.horizon.tv\/HU\/Images\/bc_5158a0f306c8675904c45e938bf703d1f9e8547e.jpg"},{"assetType":"boxart-xlarge","assetTypes":["boxart-xlarge"],"width":210,"height":303,"url":"https:\/\/wp26-images-hu-dynamic.horizon.tv\/HU\/Images\/bc_5158a0f306c8675904c45e938bf703d1f9e8547e.jpg?w=210&h=303&mode=box"},{"assetType":"boxart-small","assetTypes":["boxart-small"],"width":75,"height":108,"url":"https:\/\/wp26-images-hu-dynamic.horizon.tv\/HU\/Images\/bc_5158a0f306c8675904c45e938bf703d1f9e8547e.jpg?w=75&h=108&mode=box"},{"assetType":"boxart-large","assetTypes":["boxart-large"],"width":180,"height":260,"url":"https:\/\/wp26-images-hu-dynamic.horizon.tv\/HU\/Images\/bc_5158a0f306c8675904c45e938bf703d1f9e8547e.jpg?w=180&h=260&mode=box"},{"assetType":"boxart-medium","assetTypes":["boxart-medium"],"width":110,"height":159,"url":"https:\/\/wp26-images-hu-dynamic.horizon.tv\/HU\/Images\/bc_5158a0f306c8675904c45e938bf703d1f9e8547e.jpg?w=110&h=159&mode=box"},{"assetType":"HighResLandscape","assetTypes":["HighResLandscape"],"url":"https:\/\/wp21-images-hu-dynamic.horizon.tv\/HU\/Images\/hrl_488ceb144c03d430c72aa18b58b46d80c8e768a8.jpg"},{"assetType":"HighResPortrait","assetTypes":["HighResPortrait"],"url":"https:\/\/wp21-images-hu-dynamic.horizon.tv\/HU\/Images\/hrp_988d9e8663b45df56d0fe30daa7db4e2b5880b5d.jpg"}],"mediaGroupId":"crid:~~2F~~2Fport.hu~~2F3169731","secondaryTitle":"Haz\u00e1m a z\u00e1logh\u00e1z (XVIII.\/26)","shortDescription":"A sorozat bemutatja a Las Vegasban l\u00e9v\u0151 Arany&Ez\u00fcst Z\u00e1logh\u00e1zban dolgoz\u00f3k mindennapjait; hogy hogyan adnak el, \u00e9s vesznek be olyan dolgokat, amikkel el tudj\u00e1k mes\u00e9lni Amerika t\u00f6rt\u00e9net\u00e9t.","mediaType":"Episode","year":"2015","isReplayTv":false,"seriesEpisodeNumber":"26","seriesNumber":"18","videoStreams":[],"airDate":1420070400000,"entitlements":["VIP","_OPEN_"],"currentProductIds":[],"currentTvodProductIds":[]},"parentId":"crid:~~2F~~2Fport.hu~~2F3169731","rootId":"crid:~~2F~~2Fport.hu~~2F3169731"}