{"id":"crid:~~2F~~2Fport.hu~~2F67736883-imi:00100000005D430F","countryCode":"HU","languageCode":"hun","deviceCode":"web","startTime":1525582800000,"endTime":1525586400000,"stationId":"826989607209","imi":"imi:00100000005D430F","mediaGroupId":"crid:~~2F~~2Fport.hu~~2F67042131","program":{"id":"crid:~~2F~~2Fport.hu~~2F67736883","title":"K\u00e9sz \u00c1tver\u00e9s!","description":"Szt\u00e1r\u00e1tver\u00e9sek, kandikamer\u00e1s felv\u00e9telek, utcai po\u00e9nok. Figyelem! Senki sincs biztons\u00e1gban.","longDescription":"Szt\u00e1r\u00e1tver\u00e9sek, kandikamer\u00e1s felv\u00e9telek, utcai po\u00e9nok. Figyelem! Senki sincs biztons\u00e1gban.","languageCode":"hun","countryCode":"HU","deviceCode":"web","medium":"TV","categories":[{"id":"271090244349","title":"Show","scheme":"urn:tva:metadata:cs:UPCEventGenreCS:2009"}],"isAdult":false,"parentalRating":"12","cast":[],"directors":[],"images":[{"assetType":"boxart-large","assetTypes":["boxart-large"],"width":180,"height":260,"url":"https:\/\/wp21-images-hu-dynamic.horizon.tv\/HU\/Images\/upcgenre_30.jpg?w=180&h=260&mode=box"},{"assetType":"tva-boxcover","assetTypes":["tva-boxcover"],"width":180,"height":260,"url":"https:\/\/wp21-images-hu-dynamic.horizon.tv\/HU\/Images\/upcgenre_30.jpg"},{"assetType":"boxart-small","assetTypes":["boxart-small"],"width":75,"height":108,"url":"https:\/\/wp21-images-hu-dynamic.horizon.tv\/HU\/Images\/upcgenre_30.jpg?w=75&h=108&mode=box"},{"assetType":"boxart-xlarge","assetTypes":["boxart-xlarge"],"width":210,"height":303,"url":"https:\/\/wp21-images-hu-dynamic.horizon.tv\/HU\/Images\/upcgenre_30.jpg?w=210&h=303&mode=box"},{"assetType":"boxart-medium","assetTypes":["boxart-medium"],"width":110,"height":159,"url":"https:\/\/wp21-images-hu-dynamic.horizon.tv\/HU\/Images\/upcgenre_30.jpg?w=110&h=159&mode=box"}],"mediaGroupId":"crid:~~2F~~2Fport.hu~~2F67042131","secondaryTitle":"(6)","shortDescription":"Szt\u00e1r\u00e1tver\u00e9sek, kandikamer\u00e1s felv\u00e9telek, utcai po\u00e9nok. Figyelem! Senki sincs biztons\u00e1gban.","mediaType":"Episode","duration":3600,"latestBroadcastStartTime":1524878100000,"latestBroadcastEndTime":1524881700000,"isReplayTv":true,"listingId":"crid:~~2F~~2Fport.hu~~2F67736883-imi:00100000005C8E30","seriesEpisodeNumber":"6","seriesNumber":"1805031655","videoStreams":[],"entitlements":["crid:~~2F~~2Fupc.com~~2FReplayTV~~2Frtl_plus_ReplayTV","VIP","_OPEN_"],"currentProductIds":["crid:~~2F~~2Fupc.com~~2FReplayTV~~2Frtl_plus_ReplayTV"],"currentTvodProductIds":[]},"parentId":"crid:~~2F~~2Fport.hu~~2F67042131","rootId":"crid:~~2F~~2Fport.hu~~2F67042131"}