{"id":"crid:~~2F~~2Fport.hu~~2F90935293-imi:00100000005D3BEA","countryCode":"HU","languageCode":"hun","deviceCode":"web","startTime":1525590000000,"endTime":1525591800000,"stationId":"826989607204","imi":"imi:00100000005D3BEA","mediaGroupId":"crid:~~2F~~2Fport.hu~~2F66413884","program":{"id":"crid:~~2F~~2Fport.hu~~2F90935293","title":"80 liter alatt a F\u00f6ld k\u00f6r\u00fcl","description":"\"Ismeretterjeszt\u0151 filmsorozat-K\u00e9t magyar vitorl\u00e1z\u00f3, egy vitorl\u00e1s haj\u00f3n szeml\u00e9ltetik azt az \u00e9letm\u00f3dot, amellyel hat\u00e9konyabban gazd\u00e1lkodhatunk a rendelkez\u00e9sre \u00e1ll\u00f3 energiaforr\u00e1sokb\u00f3l.\"","longDescription":"\"Ismeretterjeszt\u0151 filmsorozat-K\u00e9t magyar vitorl\u00e1z\u00f3, egy vitorl\u00e1s haj\u00f3n szeml\u00e9ltetik azt az \u00e9letm\u00f3dot, amellyel hat\u00e9konyabban gazd\u00e1lkodhatunk a rendelkez\u00e9sre \u00e1ll\u00f3 energiaforr\u00e1sokb\u00f3l.\"","languageCode":"hun","countryCode":"HU","deviceCode":"web","medium":"TV","categories":[{"id":"271090244411","title":"Szabadid\u0151","scheme":"urn:tva:metadata:cs:UPCEventGenreCS:2009"}],"isAdult":false,"parentalRating":"12","cast":[],"directors":[],"images":[{"assetType":"boxart-medium","assetTypes":["boxart-medium"],"width":110,"height":159,"url":"https:\/\/wp9-images-hu-dynamic.horizon.tv\/HU\/Images\/upcgenre_A0.jpg?w=110&h=159&mode=box"},{"assetType":"boxart-xlarge","assetTypes":["boxart-xlarge"],"width":210,"height":303,"url":"https:\/\/wp9-images-hu-dynamic.horizon.tv\/HU\/Images\/upcgenre_A0.jpg?w=210&h=303&mode=box"},{"assetType":"tva-boxcover","assetTypes":["tva-boxcover"],"width":180,"height":260,"url":"https:\/\/wp9-images-hu-dynamic.horizon.tv\/HU\/Images\/upcgenre_A0.jpg"},{"assetType":"boxart-small","assetTypes":["boxart-small"],"width":75,"height":108,"url":"https:\/\/wp9-images-hu-dynamic.horizon.tv\/HU\/Images\/upcgenre_A0.jpg?w=75&h=108&mode=box"},{"assetType":"boxart-large","assetTypes":["boxart-large"],"width":180,"height":260,"url":"https:\/\/wp9-images-hu-dynamic.horizon.tv\/HU\/Images\/upcgenre_A0.jpg?w=180&h=260&mode=box"}],"mediaGroupId":"crid:~~2F~~2Fport.hu~~2F66413884","shortDescription":"\"Ismeretterjeszt\u0151 filmsorozat-K\u00e9t magyar vitorl\u00e1z\u00f3, egy vitorl\u00e1s haj\u00f3n szeml\u00e9ltetik azt az \u00e9letm\u00f3dot, amellyel hat\u00e9konyabban gazd\u00e1lkodhatunk a rendelkez\u00e9sre \u00e1ll\u00f3 energiaforr\u00e1sokb\u00f3l.\"","mediaType":"Episode","isReplayTv":false,"seriesEpisodeNumber":"1805060900","seriesNumber":"1805060900","videoStreams":[],"entitlements":["VIP","_OPEN_"],"currentProductIds":[],"currentTvodProductIds":[]},"parentId":"crid:~~2F~~2Fport.hu~~2F66413884","rootId":"crid:~~2F~~2Fport.hu~~2F66413884"}