{"id":"crid:~~2F~~2Fport.hu~~2F68995491-imi:00100000005D20C8","countryCode":"HU","languageCode":"hun","deviceCode":"web","startTime":1525484160000,"endTime":1525485600000,"stationId":"826989607178","imi":"imi:00100000005D20C8","mediaGroupId":"crid:~~2F~~2Fport.hu~~2F34435994","program":{"id":"crid:~~2F~~2Fport.hu~~2F68995491","title":"H\u0171tlens\u00e9gem t\u00f6rt\u00e9nete","description":"Hogyan reag\u00e1l egy becsapott szerelmes, mikor megtudja, hogy p\u00e1rja el\u00e1rulta? A sorozat \u00e1rul\u00e1sokat, titkokat \u00e9s hazugs\u00e1gokat mutat be, melyek miatt egy kapcsolat eljut a szak\u00edt\u00e1sig.","longDescription":"Hogyan reag\u00e1l egy becsapott szerelmes, mikor megtudja, hogy p\u00e1rja el\u00e1rulta? A sorozat \u00e1rul\u00e1sokat, titkokat \u00e9s hazugs\u00e1gokat mutat be, melyek miatt egy kapcsolat eljut a szak\u00edt\u00e1sig.","languageCode":"hun","countryCode":"HU","deviceCode":"web","medium":"TV","categories":[{"id":"271090244398","title":"T\u00e1rsadalmi\/Politikai","scheme":"urn:tva:metadata:cs:UPCEventGenreCS:2009"},{"id":"271090244399","title":"Dokumentumfilm","scheme":"urn:tva:metadata:cs:UPCEventGenreCS:2009"}],"isAdult":false,"parentalRating":"3","cast":[],"directors":["Bernardo Nuti"],"images":[{"assetType":"boxart-medium","assetTypes":["boxart-medium"],"width":110,"height":159,"url":"https:\/\/wp20-images-hu-dynamic.horizon.tv\/HU\/Images\/upcgenre_81.jpg?w=110&h=159&mode=box"},{"assetType":"tva-boxcover","assetTypes":["tva-boxcover"],"width":180,"height":260,"url":"https:\/\/wp20-images-hu-dynamic.horizon.tv\/HU\/Images\/upcgenre_81.jpg"},{"assetType":"boxart-large","assetTypes":["boxart-large"],"width":180,"height":260,"url":"https:\/\/wp20-images-hu-dynamic.horizon.tv\/HU\/Images\/upcgenre_81.jpg?w=180&h=260&mode=box"},{"assetType":"boxart-small","assetTypes":["boxart-small"],"width":75,"height":108,"url":"https:\/\/wp20-images-hu-dynamic.horizon.tv\/HU\/Images\/upcgenre_81.jpg?w=75&h=108&mode=box"},{"assetType":"boxart-xlarge","assetTypes":["boxart-xlarge"],"width":210,"height":303,"url":"https:\/\/wp20-images-hu-dynamic.horizon.tv\/HU\/Images\/upcgenre_81.jpg?w=210&h=303&mode=box"},{"assetType":"HighResLandscape","assetTypes":["HighResLandscape"],"url":"https:\/\/wp14-images-hu-dynamic.horizon.tv\/HU\/Images\/hrl_66658510cfa95bcd6e910e1efa0e86918d4cad1c.jpg"}],"mediaGroupId":"crid:~~2F~~2Fport.hu~~2F34435994","shortDescription":"Hogyan reag\u00e1l egy becsapott szerelmes, mikor megtudja, hogy p\u00e1rja el\u00e1rulta? A sorozat \u00e1rul\u00e1sokat, titkokat \u00e9s hazugs\u00e1gokat mutat be, melyek miatt egy kapcsolat eljut a t\u00f6r\u00e9spontig.","mediaType":"Episode","isReplayTv":false,"seriesEpisodeNumber":"1805041900","seriesNumber":"1805031000","videoStreams":[],"entitlements":["VIP","_OPEN_"],"currentProductIds":[],"currentTvodProductIds":[]},"parentId":"crid:~~2F~~2Fport.hu~~2F34435994","rootId":"crid:~~2F~~2Fport.hu~~2F34435994"}