{"id":"crid:~~2F~~2Fport.hu~~2F91427029-imi:00100000005D8E1B","countryCode":"HU","languageCode":"hun","deviceCode":"web","startTime":1525449600000,"endTime":1525451400000,"stationId":"826989607275","imi":"imi:00100000005D8E1B","mediaGroupId":"crid:~~2F~~2Fport.hu~~2F65777652","program":{"id":"crid:~~2F~~2Fport.hu~~2F91427029","title":"Eg\u00e9szs\u00e9g t\u00e9r","description":"Eg\u00e9szs\u00e9g","longDescription":"Eg\u00e9szs\u00e9g","languageCode":"hun","countryCode":"HU","deviceCode":"web","medium":"TV","categories":[{"id":"271090244411","title":"Szabadid\u0151","scheme":"urn:tva:metadata:cs:UPCEventGenreCS:2009"},{"id":"271090244416","title":"Eg\u00e9szs\u00e9g","scheme":"urn:tva:metadata:cs:UPCEventGenreCS:2009"}],"isAdult":false,"parentalRating":"3","cast":[],"directors":[],"images":[{"assetType":"boxart-xlarge","assetTypes":["boxart-xlarge"],"width":210,"height":303,"url":"https:\/\/wp27-images-hu-dynamic.horizon.tv\/HU\/Images\/upcgenre_A4.jpg?w=210&h=303&mode=box"},{"assetType":"boxart-large","assetTypes":["boxart-large"],"width":180,"height":260,"url":"https:\/\/wp27-images-hu-dynamic.horizon.tv\/HU\/Images\/upcgenre_A4.jpg?w=180&h=260&mode=box"},{"assetType":"boxart-medium","assetTypes":["boxart-medium"],"width":110,"height":159,"url":"https:\/\/wp27-images-hu-dynamic.horizon.tv\/HU\/Images\/upcgenre_A4.jpg?w=110&h=159&mode=box"},{"assetType":"tva-boxcover","assetTypes":["tva-boxcover"],"width":180,"height":260,"url":"https:\/\/wp27-images-hu-dynamic.horizon.tv\/HU\/Images\/upcgenre_A4.jpg"},{"assetType":"boxart-small","assetTypes":["boxart-small"],"width":75,"height":108,"url":"https:\/\/wp27-images-hu-dynamic.horizon.tv\/HU\/Images\/upcgenre_A4.jpg?w=75&h=108&mode=box"}],"mediaGroupId":"crid:~~2F~~2Fport.hu~~2F65777652","shortDescription":"Eg\u00e9szs\u00e9g","mediaType":"Episode","isReplayTv":false,"seriesEpisodeNumber":"1805041800","seriesNumber":"1805032100","videoStreams":[],"entitlements":["VIP","_OPEN_"],"currentProductIds":[],"currentTvodProductIds":[]},"parentId":"crid:~~2F~~2Fport.hu~~2F65777652","rootId":"crid:~~2F~~2Fport.hu~~2F65777652"}