{"id":"crid:~~2F~~2Fport.hu~~2F72586148-imi:00100000005D5403","countryCode":"HU","languageCode":"hun","deviceCode":"web","startTime":1525710600000,"endTime":1525713600000,"stationId":"826989607189","imi":"imi:00100000005D5403","mediaGroupId":"crid:~~2F~~2Fport.hu~~2F35667188","program":{"id":"crid:~~2F~~2Fport.hu~~2F72586148","title":"R\u00e9mes szomsz\u00e9dok","description":"(IV.\/4) \u00c9vente hatmilli\u00f3szor tesznek bejelent\u00e9st r\u00e9mes szomsz\u00e9dokra csak az Egyes\u00fclt Kir\u00e1lys\u00e1g ter\u00fclet\u00e9n. A R\u00e9mes szomsz\u00e9dok felt\u00e9rk\u00e9pezi a legsz\u00e9ls\u0151s\u00e9gesebb, legszokatlanabb szomsz\u00e9dvit\u00e1kat felkutatja a legprobl\u00e9m\u00e1sabb szomsz\u00e9dokat a modern Nagy-Britannia e leny\u0171g\u0151z\u0151 portr\u00e9j\u00e1ban.","longDescription":"(IV.\/4) \u00c9vente hatmilli\u00f3szor tesznek bejelent\u00e9st r\u00e9mes szomsz\u00e9dokra csak az Egyes\u00fclt Kir\u00e1lys\u00e1g ter\u00fclet\u00e9n. A R\u00e9mes szomsz\u00e9dok felt\u00e9rk\u00e9pezi a legsz\u00e9ls\u0151s\u00e9gesebb, legszokatlanabb szomsz\u00e9dvit\u00e1kat felkutatja a legprobl\u00e9m\u00e1sabb szomsz\u00e9dokat a modern Nagy-Britannia e leny\u0171g\u0151z\u0151 portr\u00e9j\u00e1ban.","languageCode":"hun","countryCode":"HU","deviceCode":"web","medium":"TV","categories":[{"id":"271090244349","title":"Show","scheme":"urn:tva:metadata:cs:UPCEventGenreCS:2009"}],"isAdult":false,"parentalRating":"3","cast":[],"directors":[],"images":[{"assetType":"boxart-small","assetTypes":["boxart-small"],"width":75,"height":108,"url":"https:\/\/wp12-images-hu-dynamic.horizon.tv\/HU\/Images\/upcgenre_30.jpg?w=75&h=108&mode=box"},{"assetType":"boxart-medium","assetTypes":["boxart-medium"],"width":110,"height":159,"url":"https:\/\/wp12-images-hu-dynamic.horizon.tv\/HU\/Images\/upcgenre_30.jpg?w=110&h=159&mode=box"},{"assetType":"boxart-large","assetTypes":["boxart-large"],"width":180,"height":260,"url":"https:\/\/wp12-images-hu-dynamic.horizon.tv\/HU\/Images\/upcgenre_30.jpg?w=180&h=260&mode=box"},{"assetType":"boxart-xlarge","assetTypes":["boxart-xlarge"],"width":210,"height":303,"url":"https:\/\/wp12-images-hu-dynamic.horizon.tv\/HU\/Images\/upcgenre_30.jpg?w=210&h=303&mode=box"},{"assetType":"tva-boxcover","assetTypes":["tva-boxcover"],"width":180,"height":260,"url":"https:\/\/wp12-images-hu-dynamic.horizon.tv\/HU\/Images\/upcgenre_30.jpg"},{"assetType":"HighResLandscape","assetTypes":["HighResLandscape"],"url":"https:\/\/wp28-images-hu-dynamic.horizon.tv\/HU\/Images\/hrl_5ea7cf494e4aaa8e462451f3b477e5fc4b573a07.jpg"}],"mediaGroupId":"crid:~~2F~~2Fport.hu~~2F35667188","secondaryTitle":"(IV.\/4)","shortDescription":"A sorozat felt\u00e9rk\u00e9pezi a legsz\u00e9ls\u0151s\u00e9gesebb, legszokatlanabb szomsz\u00e9dvit\u00e1kat felkutatja a legprobl\u00e9m\u00e1sabb szomsz\u00e9dokat a modern Nagy-Britannia e leny\u0171g\u0151z\u0151 portr\u00e9j\u00e1ban.","mediaType":"Episode","year":"2014","isReplayTv":false,"seriesEpisodeNumber":"4","seriesNumber":"4","videoStreams":[],"airDate":1388534400000,"entitlements":["VIP","_OPEN_"],"currentProductIds":[],"currentTvodProductIds":[]},"parentId":"crid:~~2F~~2Fport.hu~~2F35667188","rootId":"crid:~~2F~~2Fport.hu~~2F35667188"}