{"id":"crid:~~2F~~2Fport.hu~~2F90211831-imi:00100000005D3E61","countryCode":"HU","languageCode":"hun","deviceCode":"web","startTime":1525507200000,"endTime":1525509000000,"stationId":"826989607166","imi":"imi:00100000005D3E61","mediaGroupId":"crid:~~2F~~2Fport.hu~~2F65819494","program":{"id":"crid:~~2F~~2Fport.hu~~2F90211831","title":"Utaz\u00e1s a lelked k\u00f6r\u00fcl Peller Mariannal","description":"Mi\u00e9rt sz\u00fclett\u00fcnk erre a F\u00f6ldre? Mi dolgunk itt? Mi a sorsfeladatunk? Mihez vagy kihez fordulunk, amikor m\u00e9lypontra ker\u00fcl az \u00e9let\u00fcnk? Miben hisz\u00fcnk \u00e9s miben nem? \u2013 ilyen \u00e9s ehhez hasonl\u00f3 k\u00e9rd\u00e9sek mindenkiben felmer\u00fclnek id\u0151r\u0151l id\u0151re. \u00c9s ezekre a k\u00e9rd\u00e9sekre keress\u00fck k\u00f6z\u00f6sen a v\u00e1laszt ismert \u00e9s elismert vend\u00e9geimmel, \u00faj m\u0171soromban, melynek c\u00edme: Utaz\u00e1s a Lelked k\u00f6r\u00fcl \u2013 Peller Mariannal. Minden m\u0171sornak egy-egy ismert \u00e9s elismert m\u0171v\u00e9sz, sportol\u00f3, el\u0151ad\u00f3 szem\u00e9lyis\u00e9g a f\u0151szerepl\u0151je. Vele besz\u00e9lget\u00fcnk hitr\u0151l, l\u00e9lekr\u0151l, sorsr\u00f3l, megmagyar\u00e1zhatatlannak t\u0171n\u0151 tapasztal\u00e1sokr\u00f3l, olyan dolgokr\u00f3l, melyek sokunkkal megesnek, csak \u00e9ppen valami\u00e9rt f\u00e9l\u00fcnk elmes\u00e9lni ezeket, nehogy bolondnak tartsanak benn\u00fcnket. Majd a besz\u00e9lget\u00e9s\u00fcnk egy pontj\u00e1n csatlakozik hozz\u00e1nk egy- egy asztrol\u00f3gus, vagy sorselemz\u0151. A kis spiritu\u00e1lis csapatom sokat tapasztalt, hiteles, b\u00f6lcs emberekb\u0151l \u00e1ll, akik eddig m\u00e9g nem v\u00e1llalt\u00e1k a nyilv\u00e1noss\u00e1got, kiz\u00e1r\u00f3lag a kedvem\u00e9rt adt\u00e1k a fej\u00fcket ilyenfajta szerepl\u00e9sre. A f\u00e9l\u00f3r\u00e1s m\u0171sor c\u00e9lja, hogy az erre nyitott embereket, n\u00e9z\u0151ket elgondolkodtassa, sz\u00f3rakoztatva. Senkit nem szeretn\u00e9nk meggy\u0151zni semmir\u0151l, f\u0151leg, mert \u00fagy gondolom, a hit az egyik legintimebb dolog, ah\u00e1ny ember, annyif\u00e9le elk\u00e9pzel\u00e9s \u2013 \u00e9s mind \u00fagy j\u00f3, ahogy van. Rem\u00e9nyeim szerint, a vend\u00e9gem t\u00f6bbnyire \u00fagy t\u00e1vozik a felv\u00e9telr\u0151l, hogy kapott valamit. Hogy mit, majd \u0151 elmondja.","longDescription":"Mi\u00e9rt sz\u00fclett\u00fcnk erre a F\u00f6ldre? Mi dolgunk itt? Mi a sorsfeladatunk? Mihez vagy kihez fordulunk, amikor m\u00e9lypontra ker\u00fcl az \u00e9let\u00fcnk? Miben hisz\u00fcnk \u00e9s miben nem? \u2013 ilyen \u00e9s ehhez hasonl\u00f3 k\u00e9rd\u00e9sek mindenkiben felmer\u00fclnek id\u0151r\u0151l id\u0151re. \u00c9s ezekre a k\u00e9rd\u00e9sekre keress\u00fck k\u00f6z\u00f6sen a v\u00e1laszt ismert \u00e9s elismert vend\u00e9geimmel, \u00faj m\u0171soromban, melynek c\u00edme: Utaz\u00e1s a Lelked k\u00f6r\u00fcl \u2013 Peller Mariannal. Minden m\u0171sornak egy-egy ismert \u00e9s elismert m\u0171v\u00e9sz, sportol\u00f3, el\u0151ad\u00f3 szem\u00e9lyis\u00e9g a f\u0151szerepl\u0151je. Vele besz\u00e9lget\u00fcnk hitr\u0151l, l\u00e9lekr\u0151l, sorsr\u00f3l, megmagyar\u00e1zhatatlannak t\u0171n\u0151 tapasztal\u00e1sokr\u00f3l, olyan dolgokr\u00f3l, melyek sokunkkal megesnek, csak \u00e9ppen valami\u00e9rt f\u00e9l\u00fcnk elmes\u00e9lni ezeket, nehogy bolondnak tartsanak benn\u00fcnket. Majd a besz\u00e9lget\u00e9s\u00fcnk egy pontj\u00e1n csatlakozik hozz\u00e1nk egy- egy asztrol\u00f3gus, vagy sorselemz\u0151. A kis spiritu\u00e1lis csapatom sokat tapasztalt, hiteles, b\u00f6lcs emberekb\u0151l \u00e1ll, akik eddig m\u00e9g nem v\u00e1llalt\u00e1k a nyilv\u00e1noss\u00e1got, kiz\u00e1r\u00f3lag a kedvem\u00e9rt adt\u00e1k a fej\u00fcket ilyenfajta szerepl\u00e9sre. A f\u00e9l\u00f3r\u00e1s m\u0171sor c\u00e9lja, hogy az erre nyitott embereket, n\u00e9z\u0151ket elgondolkodtassa, sz\u00f3rakoztatva. Senkit nem szeretn\u00e9nk meggy\u0151zni semmir\u0151l, f\u0151leg, mert \u00fagy gondolom, a hit az egyik legintimebb dolog, ah\u00e1ny ember, annyif\u00e9le elk\u00e9pzel\u00e9s \u2013 \u00e9s mind \u00fagy j\u00f3, ahogy van. Rem\u00e9nyeim szerint, a vend\u00e9gem t\u00f6bbnyire \u00fagy t\u00e1vozik a felv\u00e9telr\u0151l, hogy kapott valamit. Hogy mit, majd \u0151 elmondja.","languageCode":"hun","countryCode":"HU","deviceCode":"web","medium":"TV","categories":[{"id":"271090244398","title":"T\u00e1rsadalmi\/Politikai","scheme":"urn:tva:metadata:cs:UPCEventGenreCS:2009"},{"id":"271090244399","title":"Dokumentumfilm","scheme":"urn:tva:metadata:cs:UPCEventGenreCS:2009"}],"isAdult":false,"parentalRating":"12","cast":[],"directors":[],"images":[{"assetType":"boxart-small","assetTypes":["boxart-small"],"width":75,"height":108,"url":"https:\/\/wp1-images-hu-dynamic.horizon.tv\/HU\/Images\/upcgenre_81.jpg?w=75&h=108&mode=box"},{"assetType":"boxart-medium","assetTypes":["boxart-medium"],"width":110,"height":159,"url":"https:\/\/wp1-images-hu-dynamic.horizon.tv\/HU\/Images\/upcgenre_81.jpg?w=110&h=159&mode=box"},{"assetType":"boxart-large","assetTypes":["boxart-large"],"width":180,"height":260,"url":"https:\/\/wp1-images-hu-dynamic.horizon.tv\/HU\/Images\/upcgenre_81.jpg?w=180&h=260&mode=box"},{"assetType":"tva-boxcover","assetTypes":["tva-boxcover"],"width":180,"height":260,"url":"https:\/\/wp1-images-hu-dynamic.horizon.tv\/HU\/Images\/upcgenre_81.jpg"},{"assetType":"boxart-xlarge","assetTypes":["boxart-xlarge"],"width":210,"height":303,"url":"https:\/\/wp1-images-hu-dynamic.horizon.tv\/HU\/Images\/upcgenre_81.jpg?w=210&h=303&mode=box"}],"mediaGroupId":"crid:~~2F~~2Fport.hu~~2F65819494","shortDescription":"Mi\u00e9rt sz\u00fclett\u00fcnk erre a F\u00f6ldre? Mi dolgunk itt? Mi a sorsfeladatunk? Mihez vagy kihez fordulunk, amikor m\u00e9lypontra ker\u00fcl az \u00e9let\u00fcnk? Miben hisz\u00fcnk \u00e9s miben nem? \u2013 ilyen \u00e9s ehhez hasonl\u00f3 k\u00e9rd\u00e9sek...","mediaType":"Episode","year":"2018","duration":1800,"latestBroadcastStartTime":1525075800000,"latestBroadcastEndTime":1525077300000,"isReplayTv":true,"listingId":"crid:~~2F~~2Fport.hu~~2F90211831-imi:00100000005CC46E","seriesEpisodeNumber":"1805041730","seriesNumber":"1805041730","videoStreams":[],"airDate":1514764800000,"entitlements":["VIP","_OPEN_","crid:~~2F~~2Fupc.com~~2FReplayTV~~2FLife_Network_ReplayTV"],"currentProductIds":["crid:~~2F~~2Fupc.com~~2FReplayTV~~2FLife_Network_ReplayTV"],"currentTvodProductIds":[]},"parentId":"crid:~~2F~~2Fport.hu~~2F65819494","rootId":"crid:~~2F~~2Fport.hu~~2F65819494"}