{"id":"crid:~~2F~~2Fport.hu~~2F91130090-imi:00100000005D5DD7","countryCode":"HU","languageCode":"hun","deviceCode":"web","startTime":1525684200000,"endTime":1525684500000,"stationId":"826989607228","imi":"imi:00100000005D5DD7","mediaGroupId":"crid:~~2F~~2Fport.hu~~2F66116817","program":{"id":"crid:~~2F~~2Fport.hu~~2F91130090","title":"Id\u0151j\u00e1r\u00e1s-jelent\u00e9s","description":"R\u00e9szletes id\u0151j\u00e1r\u00e1s-jelent\u00e9s.","longDescription":"R\u00e9szletes id\u0151j\u00e1r\u00e1s-jelent\u00e9s.","languageCode":"hun","countryCode":"HU","deviceCode":"web","medium":"TV","categories":[{"id":"271090244344","title":"H\u00edrek","scheme":"urn:tva:metadata:cs:UPCEventGenreCS:2009"},{"id":"271090244345","title":"H\u00edrek\/Id\u0151j\u00e1r\u00e1s-jelent\u00e9s","scheme":"urn:tva:metadata:cs:UPCEventGenreCS:2009"}],"isAdult":false,"parentalRating":"3","cast":[],"directors":[],"images":[{"assetType":"boxart-large","assetTypes":["boxart-large"],"width":180,"height":260,"url":"https:\/\/wp22-images-hu-dynamic.horizon.tv\/HU\/Images\/upcgenre_21.jpg?w=180&h=260&mode=box"},{"assetType":"tva-boxcover","assetTypes":["tva-boxcover"],"width":180,"height":260,"url":"https:\/\/wp22-images-hu-dynamic.horizon.tv\/HU\/Images\/upcgenre_21.jpg"},{"assetType":"boxart-small","assetTypes":["boxart-small"],"width":75,"height":108,"url":"https:\/\/wp22-images-hu-dynamic.horizon.tv\/HU\/Images\/upcgenre_21.jpg?w=75&h=108&mode=box"},{"assetType":"boxart-medium","assetTypes":["boxart-medium"],"width":110,"height":159,"url":"https:\/\/wp22-images-hu-dynamic.horizon.tv\/HU\/Images\/upcgenre_21.jpg?w=110&h=159&mode=box"},{"assetType":"boxart-xlarge","assetTypes":["boxart-xlarge"],"width":210,"height":303,"url":"https:\/\/wp22-images-hu-dynamic.horizon.tv\/HU\/Images\/upcgenre_21.jpg?w=210&h=303&mode=box"},{"assetType":"HighResLandscape","assetTypes":["HighResLandscape"],"url":"https:\/\/wp14-images-hu-dynamic.horizon.tv\/HU\/Images\/hrl_55ef7b26c9452fdc98e427ab469b86bdc61071aa.jpg"}],"mediaGroupId":"crid:~~2F~~2Fport.hu~~2F66116817","shortDescription":"R\u00e9szletes id\u0151j\u00e1r\u00e1s-jelent\u00e9s.","mediaType":"Episode","isReplayTv":false,"seriesEpisodeNumber":"1805071110","seriesNumber":"1805121855","videoStreams":[],"entitlements":["VIP","_OPEN_"],"currentProductIds":[],"currentTvodProductIds":[]},"parentId":"crid:~~2F~~2Fport.hu~~2F66116817","rootId":"crid:~~2F~~2Fport.hu~~2F66116817"}