{"id":"crid:~~2F~~2Fport.hu~~2F90935302-imi:00100000005D3C02","countryCode":"HU","languageCode":"hun","deviceCode":"web","startTime":1525614300000,"endTime":1525619700000,"stationId":"826989607204","imi":"imi:00100000005D3C02","mediaGroupId":"crid:~~2F~~2Fport.hu~~2F65789485","program":{"id":"crid:~~2F~~2Fport.hu~~2F90935302","title":"Szombat esti koncertfilm","description":"The Colors 1-2. r\u00e9sz","longDescription":"The Colors 1-2. r\u00e9sz","languageCode":"hun","countryCode":"HU","deviceCode":"web","medium":"TV","categories":[{"id":"271090244377","title":"Zene","scheme":"urn:tva:metadata:cs:UPCEventGenreCS:2009"}],"isAdult":false,"parentalRating":"3","cast":[],"directors":[],"images":[{"assetType":"boxart-medium","assetTypes":["boxart-medium"],"width":110,"height":159,"url":"https:\/\/wp21-images-hu-dynamic.horizon.tv\/HU\/Images\/upcgenre_60.jpg?w=110&h=159&mode=box"},{"assetType":"boxart-large","assetTypes":["boxart-large"],"width":180,"height":260,"url":"https:\/\/wp21-images-hu-dynamic.horizon.tv\/HU\/Images\/upcgenre_60.jpg?w=180&h=260&mode=box"},{"assetType":"tva-boxcover","assetTypes":["tva-boxcover"],"width":180,"height":260,"url":"https:\/\/wp21-images-hu-dynamic.horizon.tv\/HU\/Images\/upcgenre_60.jpg"},{"assetType":"boxart-xlarge","assetTypes":["boxart-xlarge"],"width":210,"height":303,"url":"https:\/\/wp21-images-hu-dynamic.horizon.tv\/HU\/Images\/upcgenre_60.jpg?w=210&h=303&mode=box"},{"assetType":"boxart-small","assetTypes":["boxart-small"],"width":75,"height":108,"url":"https:\/\/wp21-images-hu-dynamic.horizon.tv\/HU\/Images\/upcgenre_60.jpg?w=75&h=108&mode=box"}],"mediaGroupId":"crid:~~2F~~2Fport.hu~~2F65789485","shortDescription":"The Colors 1-2. r\u00e9sz","mediaType":"Episode","isReplayTv":false,"seriesEpisodeNumber":"1805061545","seriesNumber":"1805040930","videoStreams":[],"entitlements":["VIP","_OPEN_"],"currentProductIds":[],"currentTvodProductIds":[]},"parentId":"crid:~~2F~~2Fport.hu~~2F65789485","rootId":"crid:~~2F~~2Fport.hu~~2F65789485"}