{"id":"crid:~~2F~~2Fport.hu~~2F91338283-imi:00100000005D72B0","countryCode":"HU","languageCode":"hun","deviceCode":"web","startTime":1525441380000,"endTime":1525442040000,"stationId":"826989607179","imi":"imi:00100000005D72B0","mediaGroupId":"crid:~~2F~~2Fport.hu~~2F4546123","program":{"id":"crid:~~2F~~2Fport.hu~~2F91338283","title":"Ir\u00e1ny D\u00edn\u00f3f\u00f6ld!","description":"Harry tudja, hogy \u0151 a legszerencs\u00e9sebb fi\u00fa a vil\u00e1gon. Nana adott neki egy igaz\u00e1n k\u00fcl\u00f6nleges dolgot, ami senkinek sincs, a vil\u00e1g legjobb aj\u00e1nd\u00e9k\u00e1t. Ez egy v\u00f6d\u00f6r, benne 6 j\u00e1t\u00e9kd\u00edn\u00f3, akik \u00e9letre kelnek \u00e9s Harry legjobb bar\u00e1tai lesznek.","longDescription":"Harry tudja, hogy \u0151 a legszerencs\u00e9sebb fi\u00fa a vil\u00e1gon. Nana adott neki egy igaz\u00e1n k\u00fcl\u00f6nleges dolgot, ami senkinek sincs, a vil\u00e1g legjobb aj\u00e1nd\u00e9k\u00e1t. Ez egy v\u00f6d\u00f6r, benne 6 j\u00e1t\u00e9kd\u00edn\u00f3, akik \u00e9letre kelnek \u00e9s Harry legjobb bar\u00e1tai lesznek.","languageCode":"hun","countryCode":"HU","deviceCode":"web","medium":"TV","categories":[{"id":"271090244371","title":"Gyermek\/Ifj\u00fas\u00e1gi","scheme":"urn:tva:metadata:cs:UPCEventGenreCS:2009"},{"id":"271090244376","title":"Rajzfilm","scheme":"urn:tva:metadata:cs:UPCEventGenreCS:2009"}],"isAdult":false,"parentalRating":"3","cast":["Andrew Chalmers","Jamie Watson","Ron Rubin","Andrew Sabiston","Juan Chioran","Stacey DePass","Hadley Kay"],"directors":["Graham Ralph"],"images":[{"assetType":"boxart-small","assetTypes":["boxart-small"],"width":75,"height":108,"url":"https:\/\/wp11-images-hu-dynamic.horizon.tv\/HU\/Images\/bc_cb0723745a3862bc772f28b46b7b12b14149bde0.jpg?w=75&h=108&mode=box"},{"assetType":"tva-boxcover","assetTypes":["tva-boxcover"],"width":180,"height":260,"url":"https:\/\/wp11-images-hu-dynamic.horizon.tv\/HU\/Images\/bc_cb0723745a3862bc772f28b46b7b12b14149bde0.jpg"},{"assetType":"boxart-large","assetTypes":["boxart-large"],"width":180,"height":260,"url":"https:\/\/wp11-images-hu-dynamic.horizon.tv\/HU\/Images\/bc_cb0723745a3862bc772f28b46b7b12b14149bde0.jpg?w=180&h=260&mode=box"},{"assetType":"boxart-xlarge","assetTypes":["boxart-xlarge"],"width":210,"height":303,"url":"https:\/\/wp11-images-hu-dynamic.horizon.tv\/HU\/Images\/bc_cb0723745a3862bc772f28b46b7b12b14149bde0.jpg?w=210&h=303&mode=box"},{"assetType":"boxart-medium","assetTypes":["boxart-medium"],"width":110,"height":159,"url":"https:\/\/wp11-images-hu-dynamic.horizon.tv\/HU\/Images\/bc_cb0723745a3862bc772f28b46b7b12b14149bde0.jpg?w=110&h=159&mode=box"},{"assetType":"HighResPortrait","assetTypes":["HighResPortrait"],"url":"https:\/\/wp6-images-hu-dynamic.horizon.tv\/HU\/Images\/hrp_cb0723745a3862bc772f28b46b7b12b14149bde0.jpg"},{"assetType":"HighResLandscape","assetTypes":["HighResLandscape"],"url":"https:\/\/wp6-images-hu-dynamic.horizon.tv\/HU\/Images\/hrl_62d1f36b8d57e1330b0d166cec766883c116a956.jpg"}],"mediaGroupId":"crid:~~2F~~2Fport.hu~~2F4546123","shortDescription":"Harry tudja, hogy \u0151 a legszerencs\u00e9sebb fi\u00fa a vil\u00e1gon. Nana adott neki egy igaz\u00e1n k\u00fcl\u00f6nleges dolgot, ami senkinek sincs, a vil\u00e1g legjobb aj\u00e1nd\u00e9k\u00e1t. Ez egy v\u00f6d\u00f6r, benne 6 j\u00e1t\u00e9kd\u00edn\u00f3, akik \u00e9letre kelnek.","mediaType":"Episode","isReplayTv":false,"seriesEpisodeNumber":"1805041543","seriesNumber":"1805021233","videoStreams":[],"entitlements":["VIP","_OPEN_"],"currentProductIds":[],"currentTvodProductIds":[]},"parentId":"crid:~~2F~~2Fport.hu~~2F4546123","rootId":"crid:~~2F~~2Fport.hu~~2F4546123"}