{"id":"crid:~~2F~~2Fport.hu~~2F90565384-imi:00100000005D04BA","countryCode":"HU","languageCode":"hun","deviceCode":"web","startTime":1525405500000,"endTime":1525407000000,"stationId":"826989607159","imi":"imi:00100000005D04BA","mediaGroupId":"crid:~~2F~~2Fport.hu~~2F66671562","program":{"id":"crid:~~2F~~2Fport.hu~~2F90565384","title":"Lakoszt\u00e1ly","description":"Lakoszt\u00e1ly. A legjobb t\u00e1rs a lakberendez\u00e9sben! St\u00edlusos \u00e9s trendi. Amire mindig v\u00e1gyott! \u00d6tletes \u00e9s kreat\u00edv. Amit mindig szeretett volna! A Lakoszt\u00e1ly beavatja \u00d6nt, hogyan lesz az egyszer\u0171b\u0151l luxus, a megszokottb\u00f3l mer\u00e9sz!","longDescription":"Lakoszt\u00e1ly. A legjobb t\u00e1rs a lakberendez\u00e9sben! St\u00edlusos \u00e9s trendi. Amire mindig v\u00e1gyott! \u00d6tletes \u00e9s kreat\u00edv. Amit mindig szeretett volna! A Lakoszt\u00e1ly beavatja \u00d6nt, hogyan lesz az egyszer\u0171b\u0151l luxus, a megszokottb\u00f3l mer\u00e9sz!","languageCode":"hun","countryCode":"HU","deviceCode":"web","medium":"TV","categories":[{"id":"271090244398","title":"T\u00e1rsadalmi\/Politikai","scheme":"urn:tva:metadata:cs:UPCEventGenreCS:2009"}],"isAdult":false,"parentalRating":"12","cast":[],"directors":[],"images":[{"assetType":"boxart-medium","assetTypes":["boxart-medium"],"width":110,"height":159,"url":"https:\/\/wp16-images-hu-dynamic.horizon.tv\/HU\/Images\/bc_9e5d321d5caef65b21f791112943d45e6961f562.jpg?w=110&h=159&mode=box"},{"assetType":"tva-boxcover","assetTypes":["tva-boxcover"],"width":180,"height":260,"url":"https:\/\/wp16-images-hu-dynamic.horizon.tv\/HU\/Images\/bc_9e5d321d5caef65b21f791112943d45e6961f562.jpg"},{"assetType":"boxart-small","assetTypes":["boxart-small"],"width":75,"height":108,"url":"https:\/\/wp16-images-hu-dynamic.horizon.tv\/HU\/Images\/bc_9e5d321d5caef65b21f791112943d45e6961f562.jpg?w=75&h=108&mode=box"},{"assetType":"boxart-xlarge","assetTypes":["boxart-xlarge"],"width":210,"height":303,"url":"https:\/\/wp16-images-hu-dynamic.horizon.tv\/HU\/Images\/bc_9e5d321d5caef65b21f791112943d45e6961f562.jpg?w=210&h=303&mode=box"},{"assetType":"boxart-large","assetTypes":["boxart-large"],"width":180,"height":260,"url":"https:\/\/wp16-images-hu-dynamic.horizon.tv\/HU\/Images\/bc_9e5d321d5caef65b21f791112943d45e6961f562.jpg?w=180&h=260&mode=box"},{"assetType":"HighResLandscape","assetTypes":["HighResLandscape"],"url":"https:\/\/wp15-images-hu-dynamic.horizon.tv\/HU\/Images\/hrl_174a547e61434dd95663af1f64f6a0b047bb02f5.jpg"}],"mediaGroupId":"crid:~~2F~~2Fport.hu~~2F66671562","shortDescription":"Lakoszt\u00e1ly. A legjobb t\u00e1rs a lakberendez\u00e9sben! St\u00edlusos \u00e9s trendi. Amire mindig v\u00e1gyott! \u00d6tletes \u00e9s kreat\u00edv.","mediaType":"Episode","isReplayTv":false,"seriesEpisodeNumber":"1805040545","seriesNumber":"1805030545","videoStreams":[],"entitlements":["VIP","_OPEN_"],"currentProductIds":[],"currentTvodProductIds":[]},"parentId":"crid:~~2F~~2Fport.hu~~2F66671562","rootId":"crid:~~2F~~2Fport.hu~~2F66671562"}