{"id":"crid:~~2F~~2Fport.hu~~2F87830577-imi:00100000005D5E7A","countryCode":"HU","languageCode":"hun","deviceCode":"web","startTime":1525668900000,"endTime":1525670400000,"stationId":"826989607229","imi":"imi:00100000005D5E7A","mediaGroupId":"crid:~~2F~~2Fport.hu~~2F4496725","program":{"id":"crid:~~2F~~2Fport.hu~~2F87830577","title":"Dr. Pl\u00fcssi","description":"A sorozat f\u0151h\u0151se Doc McStuffins, aki k\u00f3rh\u00e1zat m\u0171k\u00f6dtet j\u00e1tsz\u00f3h\u00e1za j\u00e1t\u00e9kai r\u00e9sz\u00e9re. Amikor felteszi sztetoszk\u00f3pj\u00e1t, a j\u00e1t\u00e9kok megelevenednek, a kis doktor pedig fel\u00e1ll\u00edtja a diagn\u00f3zist \u00e9s ell\u00e1tja nem csak saj\u00e1t, de bar\u00e1tai \u00e9s szomsz\u00e9djai \"beteg\" j\u00e1t\u00e9kait is.","longDescription":"A sorozat f\u0151h\u0151se Doc McStuffins, aki k\u00f3rh\u00e1zat m\u0171k\u00f6dtet j\u00e1tsz\u00f3h\u00e1za j\u00e1t\u00e9kai r\u00e9sz\u00e9re. Amikor felteszi sztetoszk\u00f3pj\u00e1t, a j\u00e1t\u00e9kok megelevenednek, a kis doktor pedig fel\u00e1ll\u00edtja a diagn\u00f3zist \u00e9s ell\u00e1tja nem csak saj\u00e1t, de bar\u00e1tai \u00e9s szomsz\u00e9djai \"beteg\" j\u00e1t\u00e9kait is.","languageCode":"hun","countryCode":"HU","deviceCode":"web","medium":"TV","categories":[{"id":"271090244371","title":"Gyermek\/Ifj\u00fas\u00e1gi","scheme":"urn:tva:metadata:cs:UPCEventGenreCS:2009"},{"id":"271090244376","title":"Rajzfilm","scheme":"urn:tva:metadata:cs:UPCEventGenreCS:2009"}],"isAdult":false,"parentalRating":"6","cast":["Lara Jill Miller","Kimberly Brooks"],"directors":["Maria Estrada","Norton Virgien"],"images":[{"assetType":"boxart-medium","assetTypes":["boxart-medium"],"width":110,"height":159,"url":"https:\/\/wp28-images-hu-dynamic.horizon.tv\/HU\/Images\/bc_f196f4f2291e41fe6ee453995031297974339911.jpg?w=110&h=159&mode=box"},{"assetType":"boxart-small","assetTypes":["boxart-small"],"width":75,"height":108,"url":"https:\/\/wp28-images-hu-dynamic.horizon.tv\/HU\/Images\/bc_f196f4f2291e41fe6ee453995031297974339911.jpg?w=75&h=108&mode=box"},{"assetType":"tva-boxcover","assetTypes":["tva-boxcover"],"width":180,"height":260,"url":"https:\/\/wp28-images-hu-dynamic.horizon.tv\/HU\/Images\/bc_f196f4f2291e41fe6ee453995031297974339911.jpg"},{"assetType":"boxart-large","assetTypes":["boxart-large"],"width":180,"height":260,"url":"https:\/\/wp28-images-hu-dynamic.horizon.tv\/HU\/Images\/bc_f196f4f2291e41fe6ee453995031297974339911.jpg?w=180&h=260&mode=box"},{"assetType":"boxart-xlarge","assetTypes":["boxart-xlarge"],"width":210,"height":303,"url":"https:\/\/wp28-images-hu-dynamic.horizon.tv\/HU\/Images\/bc_f196f4f2291e41fe6ee453995031297974339911.jpg?w=210&h=303&mode=box"},{"assetType":"HighResPortrait","assetTypes":["HighResPortrait"],"url":"https:\/\/wp4-images-hu-dynamic.horizon.tv\/HU\/Images\/hrp_f196f4f2291e41fe6ee453995031297974339911.jpg"},{"assetType":"HighResLandscape","assetTypes":["HighResLandscape"],"url":"https:\/\/wp4-images-hu-dynamic.horizon.tv\/HU\/Images\/hrl_2a15e48aa6308267b3d4cccab92fd7cb1cd1c833.jpg"}],"mediaGroupId":"crid:~~2F~~2Fport.hu~~2F4496725","secondaryTitle":"Az \u00faj n\u0151v\u00e9r \/ Cidri leszakadt gombja","shortDescription":"A sorozat f\u0151h\u0151se egy hat\u00e9ves kisl\u00e1ny, aki k\u00f3rh\u00e1zat m\u0171k\u00f6dtet j\u00e1tsz\u00f3h\u00e1za j\u00e1t\u00e9kai r\u00e9sz\u00e9re. Amikor felteszi sztetoszk\u00f3pj\u00e1t, a j\u00e1t\u00e9kok megelevenednek, a kis doktor pedig ell\u00e1tja a \"beteg\" j\u00e1t\u00e9kokat.","mediaType":"Episode","year":"2015","isReplayTv":false,"seriesEpisodeNumber":"1805041730","seriesNumber":"1805111735","videoStreams":[],"airDate":1420070400000,"entitlements":["VIP","_OPEN_"],"currentProductIds":[],"currentTvodProductIds":[]},"parentId":"crid:~~2F~~2Fport.hu~~2F4496725","rootId":"crid:~~2F~~2Fport.hu~~2F4496725"}