{"id":"crid:~~2F~~2Fport.hu~~2F60442790-imi:00100000005D3768","countryCode":"HU","languageCode":"hun","deviceCode":"web","startTime":1525492800000,"endTime":1525499100000,"stationId":"826989607136","imi":"imi:00100000005D3768","mediaGroupId":"crid:~~2F~~2Fport.hu~~2F60442790","program":{"id":"crid:~~2F~~2Fport.hu~~2F60442790","title":"Forr\u00f3 ny\u00e1r","description":"Marco \u00e9s Maria, a k\u00e9t olasz tini a k\u00f6z\u00e9piskola befejez\u00e9se ut\u00e1n az Egyes\u00fclt \u00c1llamokba utazik. Frisc\u00f3ban tal\u00e1lkoznak Matt-tel \u00e9s Paullal, a nem sokkal id\u0151sebb, homoszexu\u00e1lis p\u00e1rral. K\u00f6z\u00f6sen fedezik fel a szerelmet, az \u00e9letet, \u00f6nmagukat.","longDescription":"Marco \u00e9s Maria, a k\u00e9t olasz tini a k\u00f6z\u00e9piskola befejez\u00e9se ut\u00e1n az Egyes\u00fclt \u00c1llamokba utazik. Frisc\u00f3ban tal\u00e1lkoznak Matt-tel \u00e9s Paullal, a nem sokkal id\u0151sebb, homoszexu\u00e1lis p\u00e1rral. K\u00f6z\u00f6sen fedezik fel a szerelmet, az \u00e9letet, \u00f6nmagukat.","languageCode":"hun","countryCode":"HU","deviceCode":"web","medium":"Movie","categories":[{"id":"271090244337","title":"Filmdr\u00e1ma","scheme":"urn:tva:metadata:cs:UPCEventGenreCS:2009"}],"isAdult":false,"parentalRating":"15","cast":["Jessica Rothe","Scott Bakula","Matilda Anna Ingrid Lutz","Laura Cayouette","Vanessa Ross","Taylor Frey","Joseph Haro","Natalie Stephany Aguilar","Molly Shaiken","Tiffany Forest","Rick Lasquete","Tatiana Luter","Apeksha Pradhan","Brook Edward Penca","Etienne Vick","Sheila Ellis","Timothy Martin","Brando Pacitto","Ash Kadian","Chad Sibilia","Tom Hart","Carlos R. Hailey","Alex Mariotti","Mary Lu Marr","Cabran E. Chamberlain","Rajiv Khilnani","Stephanie Johnston","Dyendis Davis-Jones","Daniela Zanchini","Adam Burch"],"directors":["Gabriele Muccino"],"images":[{"assetType":"boxart-large","assetTypes":["boxart-large"],"width":180,"height":260,"url":"https:\/\/wp10-images-hu-dynamic.horizon.tv\/HU\/Images\/upcgenre_17.jpg?w=180&h=260&mode=box"},{"assetType":"boxart-medium","assetTypes":["boxart-medium"],"width":110,"height":159,"url":"https:\/\/wp10-images-hu-dynamic.horizon.tv\/HU\/Images\/upcgenre_17.jpg?w=110&h=159&mode=box"},{"assetType":"boxart-xlarge","assetTypes":["boxart-xlarge"],"width":210,"height":303,"url":"https:\/\/wp10-images-hu-dynamic.horizon.tv\/HU\/Images\/upcgenre_17.jpg?w=210&h=303&mode=box"},{"assetType":"boxart-small","assetTypes":["boxart-small"],"width":75,"height":108,"url":"https:\/\/wp10-images-hu-dynamic.horizon.tv\/HU\/Images\/upcgenre_17.jpg?w=75&h=108&mode=box"},{"assetType":"tva-boxcover","assetTypes":["tva-boxcover"],"width":180,"height":260,"url":"https:\/\/wp10-images-hu-dynamic.horizon.tv\/HU\/Images\/upcgenre_17.jpg"},{"assetType":"HighResLandscape","assetTypes":["HighResLandscape"],"url":"https:\/\/wp25-images-hu-dynamic.horizon.tv\/HU\/Images\/hrl_3ee00751ede03b317af94e65a03d9b88adb1d254.jpg"}],"mediaGroupId":"crid:~~2F~~2Fport.hu~~2F60442790","shortDescription":"Marco \u00e9s Maria, a k\u00e9t olasz tini a k\u00f6z\u00e9piskola befejez\u00e9se ut\u00e1n az Egyes\u00fclt \u00c1llamokba utazik. Frisc\u00f3ban tal\u00e1lkoznak Matt-tel \u00e9s Paullal, a nem sokkal id\u0151sebb, homoszexu\u00e1lis p\u00e1rral. K\u00f6z\u00f6sen fedezik...","mediaType":"FeatureFilm","year":"2016","isReplayTv":false,"videoStreams":[],"airDate":1451606400000,"entitlements":["VIP","_OPEN_"],"currentProductIds":[],"currentTvodProductIds":[]},"parentId":"crid:~~2F~~2Fport.hu~~2F60442790","rootId":"crid:~~2F~~2Fport.hu~~2F60442790"}