{"id":"crid:~~2F~~2Fport.hu~~2F82929589-imi:00100000005E2004","countryCode":"HU","languageCode":"hun","deviceCode":"web","startTime":1525689000000,"endTime":1525690800000,"stationId":"826989607265","imi":"imi:00100000005E2004","mediaGroupId":"crid:~~2F~~2Fport.hu~~2F82929587","program":{"id":"crid:~~2F~~2Fport.hu~~2F82929589","title":"MTV Throwback","description":"Leporoltuk a r\u00e9gi lemezeket, hogy \u00fajra \u00e1t\u00e9lhesd vel\u00fcnk az elm\u00falt \u00e9vek legnagyobb sl\u00e1gereit!","longDescription":"Leporoltuk a r\u00e9gi lemezeket, hogy \u00fajra \u00e1t\u00e9lhesd vel\u00fcnk az elm\u00falt \u00e9vek legnagyobb sl\u00e1gereit!","languageCode":"hun","countryCode":"HU","deviceCode":"web","medium":"TV","categories":[{"id":"271090244377","title":"Zene","scheme":"urn:tva:metadata:cs:UPCEventGenreCS:2009"}],"isAdult":false,"parentalRating":"3","cast":[],"directors":[],"images":[{"assetType":"boxart-medium","assetTypes":["boxart-medium"],"width":110,"height":159,"url":"https:\/\/wp22-images-hu-dynamic.horizon.tv\/HU\/Images\/upcgenre_60.jpg?w=110&h=159&mode=box"},{"assetType":"tva-boxcover","assetTypes":["tva-boxcover"],"width":180,"height":260,"url":"https:\/\/wp22-images-hu-dynamic.horizon.tv\/HU\/Images\/upcgenre_60.jpg"},{"assetType":"boxart-small","assetTypes":["boxart-small"],"width":75,"height":108,"url":"https:\/\/wp22-images-hu-dynamic.horizon.tv\/HU\/Images\/upcgenre_60.jpg?w=75&h=108&mode=box"},{"assetType":"boxart-large","assetTypes":["boxart-large"],"width":180,"height":260,"url":"https:\/\/wp22-images-hu-dynamic.horizon.tv\/HU\/Images\/upcgenre_60.jpg?w=180&h=260&mode=box"},{"assetType":"boxart-xlarge","assetTypes":["boxart-xlarge"],"width":210,"height":303,"url":"https:\/\/wp22-images-hu-dynamic.horizon.tv\/HU\/Images\/upcgenre_60.jpg?w=210&h=303&mode=box"}],"mediaGroupId":"crid:~~2F~~2Fport.hu~~2F82929587","shortDescription":"Leporoltuk a r\u00e9gi lemezeket, hogy \u00fajra \u00e1t\u00e9lhesd vel\u00fcnk az elm\u00falt \u00e9vek legnagyobb sl\u00e1gereit!","mediaType":"Episode","duration":1800,"latestBroadcastStartTime":1525429800000,"latestBroadcastEndTime":1525431600000,"isReplayTv":true,"listingId":"crid:~~2F~~2Fport.hu~~2F82929589-imi:00100000005D881A","seriesEpisodeNumber":"1805111230","seriesNumber":"1805111230","videoStreams":[],"entitlements":["crid:~~2F~~2Fupc.com~~2FReplayTV~~2FMTV_ReplayTV","VIP","_OPEN_"],"currentProductIds":["crid:~~2F~~2Fupc.com~~2FReplayTV~~2FMTV_ReplayTV"],"currentTvodProductIds":[]},"parentId":"crid:~~2F~~2Fport.hu~~2F82929587","rootId":"crid:~~2F~~2Fport.hu~~2F82929587"}