{"id":"crid:~~2F~~2Fport.hu~~2F80011904-imi:00100000005D2C23","countryCode":"HU","languageCode":"hun","deviceCode":"web","startTime":1525455600000,"endTime":1525456800000,"stationId":"826989607122","imi":"imi:00100000005D2C23","mediaGroupId":"crid:~~2F~~2Fport.hu~~2F80011904","program":{"id":"crid:~~2F~~2Fport.hu~~2F80011904","title":"F\u00e1k \u00fatjain","description":"Dokumentumfilm Egy sz\u00e9k elk\u00e9sz\u00fclt\u00e9nek, \u00e9s a vele kapcsolatba ker\u00fcl\u0151knek a t\u00f6rt\u00e9nete. Egy fa \u00fatja az er\u0151dt\u0151l a b\u00fatorgy\u00e1rig, \u00e9s emberek, akik sorsa a f\u00e1t\u00f3l f\u00fcgg.","longDescription":"Dokumentumfilm Egy sz\u00e9k elk\u00e9sz\u00fclt\u00e9nek, \u00e9s a vele kapcsolatba ker\u00fcl\u0151knek a t\u00f6rt\u00e9nete. Egy fa \u00fatja az er\u0151dt\u0151l a b\u00fatorgy\u00e1rig, \u00e9s emberek, akik sorsa a f\u00e1t\u00f3l f\u00fcgg.","languageCode":"hun","countryCode":"HU","deviceCode":"web","medium":"TV","categories":[{"id":"271090244402","title":"Ismeretterjeszt\u0151 m\u0171sorok","scheme":"urn:tva:metadata:cs:UPCEventGenreCS:2009"},{"id":"271090244407","title":"T\u00e1rsadalomtudom\u00e1ny","scheme":"urn:tva:metadata:cs:UPCEventGenreCS:2009"}],"isAdult":false,"parentalRating":"12","cast":[],"directors":[],"images":[{"assetType":"boxart-small","assetTypes":["boxart-small"],"width":75,"height":108,"url":"https:\/\/wp19-images-hu-dynamic.horizon.tv\/HU\/Images\/upcgenre_95.jpg?w=75&h=108&mode=box"},{"assetType":"boxart-xlarge","assetTypes":["boxart-xlarge"],"width":210,"height":303,"url":"https:\/\/wp19-images-hu-dynamic.horizon.tv\/HU\/Images\/upcgenre_95.jpg?w=210&h=303&mode=box"},{"assetType":"tva-boxcover","assetTypes":["tva-boxcover"],"width":180,"height":260,"url":"https:\/\/wp19-images-hu-dynamic.horizon.tv\/HU\/Images\/upcgenre_95.jpg"},{"assetType":"boxart-large","assetTypes":["boxart-large"],"width":180,"height":260,"url":"https:\/\/wp19-images-hu-dynamic.horizon.tv\/HU\/Images\/upcgenre_95.jpg?w=180&h=260&mode=box"},{"assetType":"boxart-medium","assetTypes":["boxart-medium"],"width":110,"height":159,"url":"https:\/\/wp19-images-hu-dynamic.horizon.tv\/HU\/Images\/upcgenre_95.jpg?w=110&h=159&mode=box"}],"mediaGroupId":"crid:~~2F~~2Fport.hu~~2F80011904","shortDescription":"Egy sz\u00e9k elk\u00e9sz\u00fclt\u00e9nek, \u00e9s a vele kapcsolatba ker\u00fcl\u0151k t\u00f6rt\u00e9nete. Egy fa \u00fatja az er\u0151dt\u0151l a b\u00fatorgy\u00e1rig, \u00e9s emberek, akik sorsa a f\u00e1t\u00f3l f\u00fcgg.","mediaType":"Episode","isReplayTv":false,"videoStreams":[],"entitlements":["VIP","_OPEN_"],"currentProductIds":[],"currentTvodProductIds":[]},"parentId":"crid:~~2F~~2Fport.hu~~2F80011904","rootId":"crid:~~2F~~2Fport.hu~~2F80011904"}