{"id":"crid:~~2F~~2Fport.hu~~2F56047774-imi:00100000005D4082","countryCode":"HU","languageCode":"hun","deviceCode":"web","startTime":1525629000000,"endTime":1525633200000,"stationId":"826989607131","imi":"imi:00100000005D4082","mediaGroupId":"crid:~~2F~~2Fport.hu~~2F56046131","program":{"id":"crid:~~2F~~2Fport.hu~~2F56047774","title":"Westworld","description":"(I.\/1) A futurisztikus kalandparkban a vend\u00e9gek vadnyugati kalandokat \u00e9lhetnek \u00e1t androidokkal. A programoz\u00f3 Bernard Lowe figyelmezteti Dr. Ford igazgat\u00f3t, hogy n\u00e9h\u00e1ny android k\u00fcl\u00f6n\u00f6sen viselkedett. Ek\u00f6zben egy farmerl\u00e1ny tal\u00e1lkozik Teddyvel.","longDescription":"(I.\/1) A futurisztikus kalandparkban a vend\u00e9gek vadnyugati kalandokat \u00e9lhetnek \u00e1t androidokkal. A programoz\u00f3 Bernard Lowe figyelmezteti Dr. Ford igazgat\u00f3t, hogy n\u00e9h\u00e1ny android k\u00fcl\u00f6n\u00f6sen viselkedett. Ek\u00f6zben egy farmerl\u00e1ny tal\u00e1lkozik Teddyvel.","languageCode":"hun","countryCode":"HU","deviceCode":"web","medium":"TV","categories":[{"id":"271090244428","title":"Dr\u00e1ma","scheme":"urn:tva:metadata:cs:UPCEventGenreCS:2009"},{"id":"271090244430","title":"Akci\u00f3film","scheme":"urn:tva:metadata:cs:UPCEventGenreCS:2009"}],"isAdult":false,"parentalRating":"18","cast":["Ben Barnes","Ingrid Bolso Berdal","Thandie Newton","Clifton Collins Jr.","Ed Harris","Sidse Knudsen","James Marsden","Jeffrey Wright","Evan Rachel Wood","Luke Hemsworth"],"directors":["Stephen Williams","Fred Toye","Richard J. Lewis","Jonny Campbell","Jonathan Nolan","Michelle MacLaren"],"images":[{"assetType":"boxart-xlarge","assetTypes":["boxart-xlarge"],"width":210,"height":303,"url":"https:\/\/wp5-images-hu-dynamic.horizon.tv\/HU\/Images\/bc_2906275cea07fd503589bfeaef72c492b0393c01.jpg?w=210&h=303&mode=box"},{"assetType":"boxart-large","assetTypes":["boxart-large"],"width":180,"height":260,"url":"https:\/\/wp5-images-hu-dynamic.horizon.tv\/HU\/Images\/bc_2906275cea07fd503589bfeaef72c492b0393c01.jpg?w=180&h=260&mode=box"},{"assetType":"boxart-small","assetTypes":["boxart-small"],"width":75,"height":108,"url":"https:\/\/wp5-images-hu-dynamic.horizon.tv\/HU\/Images\/bc_2906275cea07fd503589bfeaef72c492b0393c01.jpg?w=75&h=108&mode=box"},{"assetType":"boxart-medium","assetTypes":["boxart-medium"],"width":110,"height":159,"url":"https:\/\/wp5-images-hu-dynamic.horizon.tv\/HU\/Images\/bc_2906275cea07fd503589bfeaef72c492b0393c01.jpg?w=110&h=159&mode=box"},{"assetType":"tva-boxcover","assetTypes":["tva-boxcover"],"width":180,"height":260,"url":"https:\/\/wp5-images-hu-dynamic.horizon.tv\/HU\/Images\/bc_2906275cea07fd503589bfeaef72c492b0393c01.jpg"},{"assetType":"HighResLandscape","assetTypes":["HighResLandscape"],"url":"https:\/\/wp23-images-hu-dynamic.horizon.tv\/HU\/Images\/hrl_867658938caf7e9eb7ed66de766ff2549fbb77fc.jpg"}],"mediaGroupId":"crid:~~2F~~2Fport.hu~~2F56046131","secondaryTitle":"(I.\/1)","shortDescription":"A Felt\u00e1mad a vadnyugatnak az \u00fajragondol\u00e1sa. Egy kalandparkban j\u00e1tsz\u00f3dik, ahol a l\u00e1togat\u00f3k a legs\u00f6t\u00e9tebb v\u00e1gyaikat is ki\u00e9lhetik android ellenfeleiken. \u00c1m hamarosan elszabadul a pokol.","mediaType":"Episode","year":"2016","duration":4200,"latestBroadcastStartTime":1524951600000,"latestBroadcastEndTime":1524955800000,"isReplayTv":true,"listingId":"crid:~~2F~~2Fport.hu~~2F56047774-imi:00100000005CAAC7","seriesEpisodeNumber":"1","seriesNumber":"1","videoStreams":[],"airDate":1451606400000,"entitlements":["crid:~~2F~~2Fupc.com~~2FReplayTV~~2FHBO2_ReplayTV","VIP","_OPEN_"],"currentProductIds":["crid:~~2F~~2Fupc.com~~2FReplayTV~~2FHBO2_ReplayTV"],"currentTvodProductIds":[]},"parentId":"crid:~~2F~~2Fport.hu~~2F56046131","rootId":"crid:~~2F~~2Fport.hu~~2F56046131"}