{"id":"crid:~~2F~~2Fport.hu~~2F67993507-imi:00100000005D8592","countryCode":"HU","languageCode":"hun","deviceCode":"web","startTime":1525467600000,"endTime":1525471200000,"stationId":"826989607271","imi":"imi:00100000005D8592","mediaGroupId":"crid:~~2F~~2Fport.hu~~2F67993403","program":{"id":"crid:~~2F~~2Fport.hu~~2F67993507","title":"Amerika s\u00f6t\u00e9t titkai leleplezve","description":"(I.\/4) Pillantson be \u00d6n is Amerika legs\u00f6t\u00e9tebb zugaiba olyan rettenthetetlen felder\u00edt\u0151kkel, mint Mike Barker, Ben McGee \u00e9s Dave Phillips, akik nagy vit\u00e1kat kiv\u00e1lthat\u00f3 t\u00e9nyekre, m\u00e9rgez\u0151 katasztr\u00f3f\u00e1kra \u00e9s a korm\u00e1ny titkos m\u0171veleteire bukkannak.","longDescription":"(I.\/4) Pillantson be \u00d6n is Amerika legs\u00f6t\u00e9tebb zugaiba olyan rettenthetetlen felder\u00edt\u0151kkel, mint Mike Barker, Ben McGee \u00e9s Dave Phillips, akik nagy vit\u00e1kat kiv\u00e1lthat\u00f3 t\u00e9nyekre, m\u00e9rgez\u0151 katasztr\u00f3f\u00e1kra \u00e9s a korm\u00e1ny titkos m\u0171veleteire bukkannak.","languageCode":"hun","countryCode":"HU","deviceCode":"web","medium":"TV","categories":[{"id":"271090244398","title":"T\u00e1rsadalmi\/Politikai","scheme":"urn:tva:metadata:cs:UPCEventGenreCS:2009"},{"id":"271090244399","title":"Dokumentumfilm","scheme":"urn:tva:metadata:cs:UPCEventGenreCS:2009"}],"isAdult":false,"parentalRating":"3","cast":[],"directors":[],"images":[{"assetType":"boxart-xlarge","assetTypes":["boxart-xlarge"],"width":210,"height":303,"url":"https:\/\/wp4-images-hu-dynamic.horizon.tv\/HU\/Images\/upcgenre_81.jpg?w=210&h=303&mode=box"},{"assetType":"boxart-small","assetTypes":["boxart-small"],"width":75,"height":108,"url":"https:\/\/wp4-images-hu-dynamic.horizon.tv\/HU\/Images\/upcgenre_81.jpg?w=75&h=108&mode=box"},{"assetType":"boxart-medium","assetTypes":["boxart-medium"],"width":110,"height":159,"url":"https:\/\/wp4-images-hu-dynamic.horizon.tv\/HU\/Images\/upcgenre_81.jpg?w=110&h=159&mode=box"},{"assetType":"boxart-large","assetTypes":["boxart-large"],"width":180,"height":260,"url":"https:\/\/wp4-images-hu-dynamic.horizon.tv\/HU\/Images\/upcgenre_81.jpg?w=180&h=260&mode=box"},{"assetType":"tva-boxcover","assetTypes":["tva-boxcover"],"width":180,"height":260,"url":"https:\/\/wp4-images-hu-dynamic.horizon.tv\/HU\/Images\/upcgenre_81.jpg"}],"mediaGroupId":"crid:~~2F~~2Fport.hu~~2F67993403","secondaryTitle":"D. B. Cooper, Elt\u0171nt muszt\u00e1ngok, V\u00edznyel\u0151 a mocs\u00e1rvil\u00e1gban (I.\/4)","shortDescription":"(I.\/4) Pillantson be \u00d6n is Amerika legs\u00f6t\u00e9tebb zugaiba olyan rettenthetetlen felder\u00edt\u0151kkel, mint Mike Barker, Ben McGee \u00e9s Dave Phillips, akik nagy vit\u00e1kat kiv\u00e1lthat\u00f3 t\u00e9nyekre, m\u00e9rgez\u0151...","mediaType":"Episode","year":"2013","isReplayTv":false,"seriesEpisodeNumber":"4","seriesNumber":"1","videoStreams":[],"airDate":1356998400000,"entitlements":["VIP","_OPEN_"],"currentProductIds":[],"currentTvodProductIds":[]},"parentId":"crid:~~2F~~2Fport.hu~~2F67993403","rootId":"crid:~~2F~~2Fport.hu~~2F67993403"}