{"id":"crid:~~2F~~2Fbds.tv~~2F272446856-imi:001000000078CEC2","countryCode":"IE","languageCode":"eng","deviceCode":"web","startTime":1525705200000,"endTime":1525712400000,"stationId":"753737255311","imi":"imi:001000000078CEC2","mediaGroupId":"crid:~~2F~~2Fbds.tv~~2F272446856","program":{"id":"crid:~~2F~~2Fbds.tv~~2F272446856","title":"Take Me Back to Ibiza 2017! Top 20","description":"Looking back at some of the best Ibiza bangers of 2017.","longDescription":"Looking back at some of the best Ibiza bangers of 2017.","languageCode":"eng","countryCode":"IE","deviceCode":"web","medium":"TV","categories":[{"id":"15599172260","title":"MUSIC","scheme":"urn:tva:metadata:cs:UPCEventGenreCS:2009"}],"isAdult":false,"cast":[],"directors":[],"images":[{"assetType":"boxart-large","assetTypes":["boxart-large"],"width":180,"height":260,"url":"https:\/\/wp11-images-ie-dynamic.horizon.tv\/images\/20731373160.p.jpg?w=180&h=260&mode=box"},{"assetType":"boxart-small","assetTypes":["boxart-small"],"width":75,"height":108,"url":"https:\/\/wp11-images-ie-dynamic.horizon.tv\/images\/20731373160.p.jpg?w=75&h=108&mode=box"},{"assetType":"tva-boxcover","assetTypes":["tva-boxcover"],"width":180,"height":260,"url":"https:\/\/wp11-images-ie-dynamic.horizon.tv\/images\/20731373160.p.jpg"},{"assetType":"boxart-xlarge","assetTypes":["boxart-xlarge"],"width":210,"height":303,"url":"https:\/\/wp11-images-ie-dynamic.horizon.tv\/images\/20731373160.p.jpg?w=210&h=303&mode=box"},{"assetType":"boxart-medium","assetTypes":["boxart-medium"],"width":110,"height":159,"url":"https:\/\/wp11-images-ie-dynamic.horizon.tv\/images\/20731373160.p.jpg?w=110&h=159&mode=box"}],"mediaGroupId":"crid:~~2F~~2Fbds.tv~~2F272446856","shortDescription":"Looking back at some of the best Ibiza bangers of 2017.","mediaType":"Episode","isReplayTv":false,"videoStreams":[],"entitlements":["VIP","_OPEN_"],"currentProductIds":[],"currentTvodProductIds":[]},"parentId":"crid:~~2F~~2Fbds.tv~~2F272446856","rootId":"crid:~~2F~~2Fbds.tv~~2F272446856"}