{"id":"crid:~~2F~~2Fport.hu~~2F89199762-imi:00100000005D3693","countryCode":"HU","languageCode":"hun","deviceCode":"web","startTime":1525533000000,"endTime":1525536300000,"stationId":"826989607218","imi":"imi:00100000005D3693","mediaGroupId":"crid:~~2F~~2Fport.hu~~2F88936115","program":{"id":"crid:~~2F~~2Fport.hu~~2F89199762","title":"Carter","description":"Harley els\u0151 hivatalos munkanapj\u00e1t t\u00f6lti seg\u00e9d-nyomoz\u00f3k\u00e9nt, de egy h\u00e9tk\u00f6znapi baleset v\u00e9g\u00fcl oda vezet, hogy gyilkoss\u00e1gi \u00fcgyben kell nyomoz\u00e1st ind\u00edtani. Amikor motorosok \u00e9s egy felrobbant droglabor is k\u00e9pbe ker\u00fcl, Harley megtanulja, hogy igazi zsarunak lenni sokkal nehezebb, mint elj\u00e1tszani azt a t\u00e9v\u00e9ben.","longDescription":"Harley els\u0151 hivatalos munkanapj\u00e1t t\u00f6lti seg\u00e9d-nyomoz\u00f3k\u00e9nt, de egy h\u00e9tk\u00f6znapi baleset v\u00e9g\u00fcl oda vezet, hogy gyilkoss\u00e1gi \u00fcgyben kell nyomoz\u00e1st ind\u00edtani. Amikor motorosok \u00e9s egy felrobbant droglabor is k\u00e9pbe ker\u00fcl, Harley megtanulja, hogy igazi zsarunak lenni sokkal nehezebb, mint elj\u00e1tszani azt a t\u00e9v\u00e9ben.","languageCode":"hun","countryCode":"HU","deviceCode":"web","medium":"TV","categories":[{"id":"271090244428","title":"Dr\u00e1ma","scheme":"urn:tva:metadata:cs:UPCEventGenreCS:2009"}],"isAdult":false,"parentalRating":"15","cast":[],"directors":[],"images":[{"assetType":"tva-boxcover","assetTypes":["tva-boxcover"],"width":180,"height":260,"url":"https:\/\/wp8-images-hu-dynamic.horizon.tv\/HU\/Images\/upcgenre_E0.jpg"},{"assetType":"boxart-medium","assetTypes":["boxart-medium"],"width":110,"height":159,"url":"https:\/\/wp8-images-hu-dynamic.horizon.tv\/HU\/Images\/upcgenre_E0.jpg?w=110&h=159&mode=box"},{"assetType":"boxart-large","assetTypes":["boxart-large"],"width":180,"height":260,"url":"https:\/\/wp8-images-hu-dynamic.horizon.tv\/HU\/Images\/upcgenre_E0.jpg?w=180&h=260&mode=box"},{"assetType":"boxart-xlarge","assetTypes":["boxart-xlarge"],"width":210,"height":303,"url":"https:\/\/wp8-images-hu-dynamic.horizon.tv\/HU\/Images\/upcgenre_E0.jpg?w=210&h=303&mode=box"},{"assetType":"boxart-small","assetTypes":["boxart-small"],"width":75,"height":108,"url":"https:\/\/wp8-images-hu-dynamic.horizon.tv\/HU\/Images\/upcgenre_E0.jpg?w=75&h=108&mode=box"}],"mediaGroupId":"crid:~~2F~~2Fport.hu~~2F88936115","shortDescription":"Harley els\u0151 hivatalos munkanapj\u00e1t t\u00f6lti seg\u00e9d-nyomoz\u00f3k\u00e9nt, de egy h\u00e9tk\u00f6znapi baleset v\u00e9g\u00fcl oda vezet, hogy gyilkoss\u00e1gi \u00fcgyben kell nyomoz\u00e1st ind\u00edtani. Amikor motorosok \u00e9s egy felrobbant droglabor...","mediaType":"Episode","year":"2018","duration":3600,"latestBroadcastStartTime":1525035300000,"latestBroadcastEndTime":1525038900000,"isReplayTv":true,"listingId":"crid:~~2F~~2Fport.hu~~2F89199762-imi:00100000005CA2BC","seriesEpisodeNumber":"1805042300","seriesNumber":"1805042300","videoStreams":[],"airDate":1514764800000,"entitlements":["crid:~~2F~~2Fupc.com~~2FReplayTV~~2FAXN_ReplayTV_Template","VIP","_OPEN_"],"currentProductIds":["crid:~~2F~~2Fupc.com~~2FReplayTV~~2FAXN_ReplayTV_Template"],"currentTvodProductIds":[]},"parentId":"crid:~~2F~~2Fport.hu~~2F88936115","rootId":"crid:~~2F~~2Fport.hu~~2F88936115"}