{"id":"crid:~~2F~~2Fport.hu~~2F24741784-imi:00100000005D41A2","countryCode":"HU","languageCode":"hun","deviceCode":"web","startTime":1525559700000,"endTime":1525566300000,"stationId":"826989607169","imi":"imi:00100000005D41A2","mediaGroupId":"crid:~~2F~~2Fport.hu~~2F24741784","program":{"id":"crid:~~2F~~2Fport.hu~~2F24741784","title":"S\u00e9ta a napf\u00e9nyben","description":"A forr\u00f3v\u00e9r\u0171 Maddie (Annabel Scholey) \u00f6t hetes ismerets\u00e9g ut\u00e1n egy kis olasz faluban k\u00e9sz\u00fcl kimondani a boldog\u00edt\u00f3 igent Rafnak (Giulio Berruti), minden n\u0151 f\u00e9rfiide\u00e1lj\u00e1nak. A viharosan gyors esem\u00e9nyre megh\u00edvj\u00e1k Maddie n\u0151v\u00e9r\u00e9t, Taylort (Hanna Arterton) is, aki \u00f6sszeomlik, amikor r\u00e1j\u00f6n, hogy a v\u0151leg\u00e9ny nem m\u00e1s, mint \u00e9lete egyetlen szerelme. Raf \u00e9s Taylor h\u00e1rom \u00e9vvel kor\u00e1bban egy r\u00f6vid ny\u00e1ri rom\u00e1nc erej\u00e9ig m\u00e1r egym\u00e1sra tal\u00e1ltak, \u00e1m Taylor annak idej\u00e9n ink\u00e1bb a karrierj\u00e9t v\u00e1lasztotta.","longDescription":"A forr\u00f3v\u00e9r\u0171 Maddie (Annabel Scholey) \u00f6t hetes ismerets\u00e9g ut\u00e1n egy kis olasz faluban k\u00e9sz\u00fcl kimondani a boldog\u00edt\u00f3 igent Rafnak (Giulio Berruti), minden n\u0151 f\u00e9rfiide\u00e1lj\u00e1nak. A viharosan gyors esem\u00e9nyre megh\u00edvj\u00e1k Maddie n\u0151v\u00e9r\u00e9t, Taylort (Hanna Arterton) is, aki \u00f6sszeomlik, amikor r\u00e1j\u00f6n, hogy a v\u0151leg\u00e9ny nem m\u00e1s, mint \u00e9lete egyetlen szerelme. Raf \u00e9s Taylor h\u00e1rom \u00e9vvel kor\u00e1bban egy r\u00f6vid ny\u00e1ri rom\u00e1nc erej\u00e9ig m\u00e1r egym\u00e1sra tal\u00e1ltak, \u00e1m Taylor annak idej\u00e9n ink\u00e1bb a karrierj\u00e9t v\u00e1lasztotta.","languageCode":"hun","countryCode":"HU","deviceCode":"web","medium":"Movie","categories":[{"id":"271090244343","title":"Musical","scheme":"urn:tva:metadata:cs:UPCEventGenreCS:2009"}],"isAdult":false,"parentalRating":"12","cast":["Annabel Scholey","Greg Wise","Hannah Arterton","Giulio Berruti","Leona Lewis","Katy Brand","Lobna Futers","Susan Fordham","Danny Kirrane","Alicia Woodhouse","Anabel Kutay","Adrian Quinton","Jill Buchanan","Michael Chapman","Laura Hydari","Amy Clare Beales","Rai Quartley","Kumud Pant","Terry Noble","Gino Picciano","Samantha Alleyne","Cedric Tylleman","Val Monk","Gabriel Constantin","Luke Hope","Richard Banks","Mariola Jaworska","Andrea Coppola","Phelim Kelly","Mandy Montanez"],"directors":["Max Giwa","Dania Pasquini"],"images":[{"assetType":"boxart-small","assetTypes":["boxart-small"],"width":75,"height":108,"url":"https:\/\/wp23-images-hu-dynamic.horizon.tv\/HU\/Images\/bc_990a857238e0aeb7418035f0cb3ed49c5ba45d33.jpg?w=75&h=108&mode=box"},{"assetType":"tva-boxcover","assetTypes":["tva-boxcover"],"width":180,"height":260,"url":"https:\/\/wp23-images-hu-dynamic.horizon.tv\/HU\/Images\/bc_990a857238e0aeb7418035f0cb3ed49c5ba45d33.jpg"},{"assetType":"boxart-xlarge","assetTypes":["boxart-xlarge"],"width":210,"height":303,"url":"https:\/\/wp23-images-hu-dynamic.horizon.tv\/HU\/Images\/bc_990a857238e0aeb7418035f0cb3ed49c5ba45d33.jpg?w=210&h=303&mode=box"},{"assetType":"boxart-medium","assetTypes":["boxart-medium"],"width":110,"height":159,"url":"https:\/\/wp23-images-hu-dynamic.horizon.tv\/HU\/Images\/bc_990a857238e0aeb7418035f0cb3ed49c5ba45d33.jpg?w=110&h=159&mode=box"},{"assetType":"boxart-large","assetTypes":["boxart-large"],"width":180,"height":260,"url":"https:\/\/wp23-images-hu-dynamic.horizon.tv\/HU\/Images\/bc_990a857238e0aeb7418035f0cb3ed49c5ba45d33.jpg?w=180&h=260&mode=box"}],"mediaGroupId":"crid:~~2F~~2Fport.hu~~2F24741784","shortDescription":"Maddie \u00f6t hetes ismerets\u00e9g ut\u00e1n k\u00e9sz\u00fcl kimondani a boldog\u00edt\u00f3 igent Rafnak. Az esem\u00e9nyre megh\u00edvj\u00e1k Maddie n\u0151v\u00e9r\u00e9t, Taylort is, ott j\u00f6n r\u00e1, hogy a v\u0151leg\u00e9ny nem m\u00e1s, mint \u00e9lete szerelme.","mediaType":"FeatureFilm","year":"2014","isReplayTv":false,"videoStreams":[],"airDate":1388534400000,"entitlements":["VIP","_OPEN_"],"currentProductIds":[],"currentTvodProductIds":[]},"parentId":"crid:~~2F~~2Fport.hu~~2F24741784","rootId":"crid:~~2F~~2Fport.hu~~2F24741784"}