{"id":"crid:~~2F~~2Fport.hu~~2F90620678-imi:00100000005D41B6","countryCode":"HU","languageCode":"hun","deviceCode":"web","startTime":1525500000000,"endTime":1525510800000,"stationId":"826989607278","imi":"imi:00100000005D41B6","mediaGroupId":"crid:~~2F~~2Fport.hu~~2F66413860","program":{"id":"crid:~~2F~~2Fport.hu~~2F90620678","title":"Telev\u00edzi\u00f3s v\u00e1s\u00e1rl\u00e1s","description":"T\u00e1rsadalmi\/Politikai","longDescription":"T\u00e1rsadalmi\/Politikai","languageCode":"hun","countryCode":"HU","deviceCode":"web","medium":"TV","categories":[{"id":"271090244398","title":"T\u00e1rsadalmi\/Politikai","scheme":"urn:tva:metadata:cs:UPCEventGenreCS:2009"}],"isAdult":false,"parentalRating":"3","cast":[],"directors":[],"images":[{"assetType":"boxart-medium","assetTypes":["boxart-medium"],"width":110,"height":159,"url":"https:\/\/wp4-images-hu-dynamic.horizon.tv\/HU\/Images\/upcgenre_80.jpg?w=110&h=159&mode=box"},{"assetType":"boxart-xlarge","assetTypes":["boxart-xlarge"],"width":210,"height":303,"url":"https:\/\/wp4-images-hu-dynamic.horizon.tv\/HU\/Images\/upcgenre_80.jpg?w=210&h=303&mode=box"},{"assetType":"boxart-large","assetTypes":["boxart-large"],"width":180,"height":260,"url":"https:\/\/wp4-images-hu-dynamic.horizon.tv\/HU\/Images\/upcgenre_80.jpg?w=180&h=260&mode=box"},{"assetType":"boxart-small","assetTypes":["boxart-small"],"width":75,"height":108,"url":"https:\/\/wp4-images-hu-dynamic.horizon.tv\/HU\/Images\/upcgenre_80.jpg?w=75&h=108&mode=box"},{"assetType":"tva-boxcover","assetTypes":["tva-boxcover"],"width":180,"height":260,"url":"https:\/\/wp4-images-hu-dynamic.horizon.tv\/HU\/Images\/upcgenre_80.jpg"}],"mediaGroupId":"crid:~~2F~~2Fport.hu~~2F66413860","shortDescription":"T\u00e1rsadalmi\/Politikai","mediaType":"Episode","year":"2018","isReplayTv":false,"seriesEpisodeNumber":"1805050800","seriesNumber":"1805030800","videoStreams":[],"airDate":1514764800000,"entitlements":["VIP","_OPEN_"],"currentProductIds":[],"currentTvodProductIds":[]},"parentId":"crid:~~2F~~2Fport.hu~~2F66413860","rootId":"crid:~~2F~~2Fport.hu~~2F66413860"}