{"id":"crid:~~2F~~2Fport.en~~2F88659152-imi:00100000005D1C94","countryCode":"HU","languageCode":"hun","deviceCode":"web","startTime":1525467600000,"endTime":1525500000000,"stationId":"826989607257","imi":"imi:00100000005D1C94","mediaGroupId":"crid:~~2F~~2Fport.en~~2F2581278","program":{"id":"crid:~~2F~~2Fport.en~~2F88659152","title":"Non-Stop Hits","description":"Whether you're looking for a 00s chart smash or the freshest pop sensation, you'll find more hits, more often on MTV Hits!","longDescription":"Whether you're looking for a 00s chart smash or the freshest pop sensation, you'll find more hits, more often on MTV Hits!","languageCode":"hun","countryCode":"HU","deviceCode":"web","medium":"TV","categories":[{"id":"271090244377","title":"Zene","scheme":"urn:tva:metadata:cs:UPCEventGenreCS:2009"},{"id":"271090244378","title":"Rock\/pop","scheme":"urn:tva:metadata:cs:UPCEventGenreCS:2009"}],"isAdult":false,"parentalRating":"3","cast":[],"directors":[],"images":[{"assetType":"boxart-xlarge","assetTypes":["boxart-xlarge"],"width":210,"height":303,"url":"https:\/\/wp2-images-hu-dynamic.horizon.tv\/HU\/Images\/upcgenre_61.jpg?w=210&h=303&mode=box"},{"assetType":"tva-boxcover","assetTypes":["tva-boxcover"],"width":180,"height":260,"url":"https:\/\/wp2-images-hu-dynamic.horizon.tv\/HU\/Images\/upcgenre_61.jpg"},{"assetType":"boxart-small","assetTypes":["boxart-small"],"width":75,"height":108,"url":"https:\/\/wp2-images-hu-dynamic.horizon.tv\/HU\/Images\/upcgenre_61.jpg?w=75&h=108&mode=box"},{"assetType":"boxart-large","assetTypes":["boxart-large"],"width":180,"height":260,"url":"https:\/\/wp2-images-hu-dynamic.horizon.tv\/HU\/Images\/upcgenre_61.jpg?w=180&h=260&mode=box"},{"assetType":"boxart-medium","assetTypes":["boxart-medium"],"width":110,"height":159,"url":"https:\/\/wp2-images-hu-dynamic.horizon.tv\/HU\/Images\/upcgenre_61.jpg?w=110&h=159&mode=box"}],"mediaGroupId":"crid:~~2F~~2Fport.en~~2F2581278","shortDescription":"Whether you're looking for a 00s chart smash or the freshest pop sensation, you'll find more hits, more often on MTV Hits!","mediaType":"Episode","isReplayTv":false,"seriesEpisodeNumber":"1805042300","seriesNumber":"1805022340","videoStreams":[],"entitlements":["VIP","_OPEN_"],"currentProductIds":[],"currentTvodProductIds":[]},"parentId":"crid:~~2F~~2Fport.en~~2F2581278","rootId":"crid:~~2F~~2Fport.en~~2F2581278"}