{"id":"crid:~~2F~~2Fport.hu~~2F1251936-imi:00100000005D3254","countryCode":"HU","languageCode":"hun","deviceCode":"web","startTime":1525473000000,"endTime":1525474800000,"stationId":"826989607249","imi":"imi:00100000005D3254","mediaGroupId":"crid:~~2F~~2Fport.hu~~2F1587194","program":{"id":"crid:~~2F~~2Fport.hu~~2F1251936","title":"Futurama","description":"(II.\/1) A Futurama egy amerikai rajzfilmsorozat, alkot\u00f3i Matt Groening \u00e9s David X. Cohen. A sorozat Philip J. Fry \u00e9let\u00e9t mes\u00e9li el, \u0151 egy 25 \u00e9ves pizzafut\u00e1r. Fry 1999. december 31-\u00e9n v\u00e9letlen\u00fcl hibern\u00e1lja mag\u00e1t 1000 \u00e9vre, \u00e9s amikor fel\u00e9bred a 2999. f\u00f6ldi esztend\u0151 a val\u00f3s\u00e1g.","longDescription":"(II.\/1) A Futurama egy amerikai rajzfilmsorozat, alkot\u00f3i Matt Groening \u00e9s David X. Cohen. A sorozat Philip J. Fry \u00e9let\u00e9t mes\u00e9li el, \u0151 egy 25 \u00e9ves pizzafut\u00e1r. Fry 1999. december 31-\u00e9n v\u00e9letlen\u00fcl hibern\u00e1lja mag\u00e1t 1000 \u00e9vre, \u00e9s amikor fel\u00e9bred a 2999. f\u00f6ldi esztend\u0151 a val\u00f3s\u00e1g.","languageCode":"hun","countryCode":"HU","deviceCode":"web","medium":"TV","categories":[{"id":"271090244428","title":"Dr\u00e1ma","scheme":"urn:tva:metadata:cs:UPCEventGenreCS:2009"},{"id":"271090244431","title":"Sci-fi\/Horrorfilm","scheme":"urn:tva:metadata:cs:UPCEventGenreCS:2009"}],"isAdult":false,"parentalRating":"12","cast":[],"directors":["Matt Groening"],"images":[{"assetType":"boxart-medium","assetTypes":["boxart-medium"],"width":110,"height":159,"url":"https:\/\/wp15-images-hu-dynamic.horizon.tv\/HU\/Images\/bc_ea66765c853ec46f312a44f18a55d425fe5fdd3c.jpg?w=110&h=159&mode=box"},{"assetType":"boxart-xlarge","assetTypes":["boxart-xlarge"],"width":210,"height":303,"url":"https:\/\/wp15-images-hu-dynamic.horizon.tv\/HU\/Images\/bc_ea66765c853ec46f312a44f18a55d425fe5fdd3c.jpg?w=210&h=303&mode=box"},{"assetType":"tva-boxcover","assetTypes":["tva-boxcover"],"width":180,"height":260,"url":"https:\/\/wp15-images-hu-dynamic.horizon.tv\/HU\/Images\/bc_ea66765c853ec46f312a44f18a55d425fe5fdd3c.jpg"},{"assetType":"boxart-large","assetTypes":["boxart-large"],"width":180,"height":260,"url":"https:\/\/wp15-images-hu-dynamic.horizon.tv\/HU\/Images\/bc_ea66765c853ec46f312a44f18a55d425fe5fdd3c.jpg?w=180&h=260&mode=box"},{"assetType":"boxart-small","assetTypes":["boxart-small"],"width":75,"height":108,"url":"https:\/\/wp15-images-hu-dynamic.horizon.tv\/HU\/Images\/bc_ea66765c853ec46f312a44f18a55d425fe5fdd3c.jpg?w=75&h=108&mode=box"},{"assetType":"HighResPortrait","assetTypes":["HighResPortrait"],"url":"https:\/\/wp9-images-hu-dynamic.horizon.tv\/HU\/Images\/hrp_d0734bc1b6013bb4e0731c111cf6f2678cd397fa.jpg"},{"assetType":"HighResLandscape","assetTypes":["HighResLandscape"],"url":"https:\/\/wp9-images-hu-dynamic.horizon.tv\/HU\/Images\/hrl_50e506f066ac48b2d23d7922c1fbe82f436c6024.jpg"}],"mediaGroupId":"crid:~~2F~~2Fport.hu~~2F1587194","secondaryTitle":"(II.\/1)","shortDescription":"A sorozat Philip J. Fry \u00e9let\u00e9t mes\u00e9li el, \u0151 egy 25 \u00e9ves pizzafut\u00e1r. Fry 1999. december 31-\u00e9n v\u00e9letlen\u00fcl hibern\u00e1lja mag\u00e1t 1000 \u00e9vre, \u00e9s amikor fel\u00e9bred a 2999. f\u00f6ldi esztend\u0151 a val\u00f3s\u00e1g.","mediaType":"Episode","year":"1999","isReplayTv":false,"seriesEpisodeNumber":"1","seriesNumber":"2","videoStreams":[],"airDate":915148800000,"entitlements":["VIP","_OPEN_"],"currentProductIds":[],"currentTvodProductIds":[]},"parentId":"crid:~~2F~~2Fport.hu~~2F1587194","rootId":"crid:~~2F~~2Fport.hu~~2F1587194"}