{"id":"crid:~~2F~~2Fport.hu~~2F5742382-imi:00100000005D42E0","countryCode":"HU","languageCode":"hun","deviceCode":"web","startTime":1525541400000,"endTime":1525542000000,"stationId":"826989607229","imi":"imi:00100000005D42E0","mediaGroupId":"crid:~~2F~~2Fport.hu~~2F2680472","program":{"id":"crid:~~2F~~2Fport.hu~~2F5742382","title":"Sam, a t\u0171zolt\u00f3","description":"T\u0171zolt\u00f3 Sam minde napja azzal telik, hogy megmenti a bar\u00e1tait \u00e9s a koll\u00e9g\u00e1it mindenfajta vesz\u00e9lyes helyzett\u0151l. Egy kellemes Walesi faluban \u00e9l, ahol Sam a k\u00f6z\u00f6ss\u00e9g alappill\u00e9re \u00e9s a ment\u00e9s h\u0151se. Legyen sz\u00f3 arr\u00f3l hogy valaki fennakad egy magas szikl\u00e1n, vagy bennragad egy f\u00f6ldalatti barlangban, a gyerekek \u00e9s Pontypandy lakosai tudj\u00e1k, hogy a seg\u00edts\u00e9g mindig k\u00e9zn\u00e9l van, k\u00f6sz\u00f6nhet\u0151en a b\u00e1tor, higgadt \u00e9s lelem\u00e9nyes T\u0171zolt\u00f3 Samnek.","longDescription":"T\u0171zolt\u00f3 Sam minde napja azzal telik, hogy megmenti a bar\u00e1tait \u00e9s a koll\u00e9g\u00e1it mindenfajta vesz\u00e9lyes helyzett\u0151l. Egy kellemes Walesi faluban \u00e9l, ahol Sam a k\u00f6z\u00f6ss\u00e9g alappill\u00e9re \u00e9s a ment\u00e9s h\u0151se. Legyen sz\u00f3 arr\u00f3l hogy valaki fennakad egy magas szikl\u00e1n, vagy bennragad egy f\u00f6ldalatti barlangban, a gyerekek \u00e9s Pontypandy lakosai tudj\u00e1k, hogy a seg\u00edts\u00e9g mindig k\u00e9zn\u00e9l van, k\u00f6sz\u00f6nhet\u0151en a b\u00e1tor, higgadt \u00e9s lelem\u00e9nyes T\u0171zolt\u00f3 Samnek.","languageCode":"hun","countryCode":"HU","deviceCode":"web","medium":"TV","categories":[{"id":"271090244371","title":"Gyermek\/Ifj\u00fas\u00e1gi","scheme":"urn:tva:metadata:cs:UPCEventGenreCS:2009"},{"id":"271090244376","title":"Rajzfilm","scheme":"urn:tva:metadata:cs:UPCEventGenreCS:2009"}],"isAdult":false,"parentalRating":"3","cast":[],"directors":["John Walker"],"images":[{"assetType":"boxart-small","assetTypes":["boxart-small"],"width":75,"height":108,"url":"https:\/\/wp14-images-hu-dynamic.horizon.tv\/HU\/Images\/bc_866d39431f80c92243d2e51d516407e0e37cfb48.jpg?w=75&h=108&mode=box"},{"assetType":"boxart-medium","assetTypes":["boxart-medium"],"width":110,"height":159,"url":"https:\/\/wp14-images-hu-dynamic.horizon.tv\/HU\/Images\/bc_866d39431f80c92243d2e51d516407e0e37cfb48.jpg?w=110&h=159&mode=box"},{"assetType":"tva-boxcover","assetTypes":["tva-boxcover"],"width":180,"height":260,"url":"https:\/\/wp14-images-hu-dynamic.horizon.tv\/HU\/Images\/bc_866d39431f80c92243d2e51d516407e0e37cfb48.jpg"},{"assetType":"boxart-xlarge","assetTypes":["boxart-xlarge"],"width":210,"height":303,"url":"https:\/\/wp14-images-hu-dynamic.horizon.tv\/HU\/Images\/bc_866d39431f80c92243d2e51d516407e0e37cfb48.jpg?w=210&h=303&mode=box"},{"assetType":"boxart-large","assetTypes":["boxart-large"],"width":180,"height":260,"url":"https:\/\/wp14-images-hu-dynamic.horizon.tv\/HU\/Images\/bc_866d39431f80c92243d2e51d516407e0e37cfb48.jpg?w=180&h=260&mode=box"},{"assetType":"HighResPortrait","assetTypes":["HighResPortrait"],"url":"https:\/\/wp5-images-hu-dynamic.horizon.tv\/HU\/Images\/hrp_866d39431f80c92243d2e51d516407e0e37cfb48.jpg"},{"assetType":"HighResLandscape","assetTypes":["HighResLandscape"],"url":"https:\/\/wp5-images-hu-dynamic.horizon.tv\/HU\/Images\/hrl_361f1950d60d9a44b894fcd16b15feb067cc052f.jpg"}],"mediaGroupId":"crid:~~2F~~2Fport.hu~~2F2680472","secondaryTitle":"A mama seg\u00edts\u00e9ge","shortDescription":"T\u0171zolt\u00f3 Sam minde napja azzal telik, hogy megmenti a bar\u00e1tait \u00e9s a koll\u00e9g\u00e1it mindenfajta vesz\u00e9lyes helyzett\u0151l. Egy kellemes Walesi faluban \u00e9l, ahol Sam a k\u00f6z\u00f6ss\u00e9g alappill\u00e9re \u00e9s a ment\u00e9s h\u0151se.","mediaType":"Episode","year":"2006","isReplayTv":false,"seriesEpisodeNumber":"1805051930","seriesNumber":"1805051930","videoStreams":[],"airDate":1136073600000,"entitlements":["VIP","_OPEN_"],"currentProductIds":[],"currentTvodProductIds":[]},"parentId":"crid:~~2F~~2Fport.hu~~2F2680472","rootId":"crid:~~2F~~2Fport.hu~~2F2680472"}