{"id":"crid:~~2F~~2Fbds.tv~~2F286548463-imi:0010000000784BC1","countryCode":"IE","languageCode":"eng","deviceCode":"web","startTime":1525604400000,"endTime":1525618800000,"stationId":"753737255311","imi":"imi:0010000000784BC1","mediaGroupId":"crid:~~2F~~2Fbds.tv~~2F286548463","program":{"id":"crid:~~2F~~2Fbds.tv~~2F286548463","title":"Kaboom! Bangers Explosion: Top 50","description":"A playlist of the 50 most explosive bangers to set the party mood right.","longDescription":"A playlist of the 50 most explosive bangers to set the party mood right.","languageCode":"eng","countryCode":"IE","deviceCode":"web","medium":"TV","categories":[{"id":"15599172260","title":"MUSIC","scheme":"urn:tva:metadata:cs:UPCEventGenreCS:2009"}],"isAdult":false,"cast":[],"directors":[],"images":[{"assetType":"boxart-medium","assetTypes":["boxart-medium"],"width":110,"height":159,"url":"https:\/\/wp20-images-ie-dynamic.horizon.tv\/images\/20731373160.p.jpg?w=110&h=159&mode=box"},{"assetType":"boxart-large","assetTypes":["boxart-large"],"width":180,"height":260,"url":"https:\/\/wp20-images-ie-dynamic.horizon.tv\/images\/20731373160.p.jpg?w=180&h=260&mode=box"},{"assetType":"tva-boxcover","assetTypes":["tva-boxcover"],"width":180,"height":260,"url":"https:\/\/wp20-images-ie-dynamic.horizon.tv\/images\/20731373160.p.jpg"},{"assetType":"boxart-xlarge","assetTypes":["boxart-xlarge"],"width":210,"height":303,"url":"https:\/\/wp20-images-ie-dynamic.horizon.tv\/images\/20731373160.p.jpg?w=210&h=303&mode=box"},{"assetType":"boxart-small","assetTypes":["boxart-small"],"width":75,"height":108,"url":"https:\/\/wp20-images-ie-dynamic.horizon.tv\/images\/20731373160.p.jpg?w=75&h=108&mode=box"}],"mediaGroupId":"crid:~~2F~~2Fbds.tv~~2F286548463","shortDescription":"A playlist of the 50 most explosive bangers to set the party mood right.","mediaType":"Episode","isReplayTv":false,"videoStreams":[],"entitlements":["VIP","_OPEN_"],"currentProductIds":[],"currentTvodProductIds":[]},"parentId":"crid:~~2F~~2Fbds.tv~~2F286548463","rootId":"crid:~~2F~~2Fbds.tv~~2F286548463"}