{"id":"crid:~~2F~~2Fport.hu~~2F91338268-imi:00100000005D7282","countryCode":"HU","languageCode":"hun","deviceCode":"web","startTime":1525429380000,"endTime":1525429980000,"stationId":"826989607179","imi":"imi:00100000005D7282","mediaGroupId":"crid:~~2F~~2Fport.hu~~2F5525078","program":{"id":"crid:~~2F~~2Fport.hu~~2F91338268","title":"Kipper","description":"Kipper finds the end of the rainbow, and meets a magic frog who offers him three wishes. But what will he wish for?","longDescription":"Kipper finds the end of the rainbow, and meets a magic frog who offers him three wishes. But what will he wish for?","languageCode":"hun","countryCode":"HU","deviceCode":"web","medium":"TV","categories":[{"id":"271090244371","title":"Gyermek\/Ifj\u00fas\u00e1gi","scheme":"urn:tva:metadata:cs:UPCEventGenreCS:2009"},{"id":"271090244376","title":"Rajzfilm","scheme":"urn:tva:metadata:cs:UPCEventGenreCS:2009"}],"isAdult":false,"parentalRating":"3","cast":[],"directors":[],"images":[{"assetType":"boxart-small","assetTypes":["boxart-small"],"width":75,"height":108,"url":"https:\/\/wp10-images-hu-dynamic.horizon.tv\/HU\/Images\/bc_c66e1d847cbb99f16d806f471b0ab24d56b48aae.jpg?w=75&h=108&mode=box"},{"assetType":"tva-boxcover","assetTypes":["tva-boxcover"],"width":180,"height":260,"url":"https:\/\/wp10-images-hu-dynamic.horizon.tv\/HU\/Images\/bc_c66e1d847cbb99f16d806f471b0ab24d56b48aae.jpg"},{"assetType":"boxart-medium","assetTypes":["boxart-medium"],"width":110,"height":159,"url":"https:\/\/wp10-images-hu-dynamic.horizon.tv\/HU\/Images\/bc_c66e1d847cbb99f16d806f471b0ab24d56b48aae.jpg?w=110&h=159&mode=box"},{"assetType":"boxart-xlarge","assetTypes":["boxart-xlarge"],"width":210,"height":303,"url":"https:\/\/wp10-images-hu-dynamic.horizon.tv\/HU\/Images\/bc_c66e1d847cbb99f16d806f471b0ab24d56b48aae.jpg?w=210&h=303&mode=box"},{"assetType":"boxart-large","assetTypes":["boxart-large"],"width":180,"height":260,"url":"https:\/\/wp10-images-hu-dynamic.horizon.tv\/HU\/Images\/bc_c66e1d847cbb99f16d806f471b0ab24d56b48aae.jpg?w=180&h=260&mode=box"},{"assetType":"HighResLandscape","assetTypes":["HighResLandscape"],"url":"https:\/\/wp13-images-hu-dynamic.horizon.tv\/HU\/Images\/hrl_3345803886a264628e4b42c5ace948394d14d814.jpg"}],"mediaGroupId":"crid:~~2F~~2Fport.hu~~2F5525078","shortDescription":"Kipper finds the end of the rainbow, and meets a magic frog who offers him three wishes. But what will he wish for?","mediaType":"Episode","isReplayTv":false,"seriesEpisodeNumber":"1805041223","seriesNumber":"1805021213","videoStreams":[],"entitlements":["VIP","_OPEN_"],"currentProductIds":[],"currentTvodProductIds":[]},"parentId":"crid:~~2F~~2Fport.hu~~2F5525078","rootId":"crid:~~2F~~2Fport.hu~~2F5525078"}