{"id":"crid:~~2F~~2Fport.hu~~2F76305396-imi:00100000005D598F","countryCode":"HU","languageCode":"hun","deviceCode":"web","startTime":1525716000000,"endTime":1525719600000,"stationId":"826989607160","imi":"imi:00100000005D598F","mediaGroupId":"crid:~~2F~~2Fport.hu~~2F46624080","program":{"id":"crid:~~2F~~2Fport.hu~~2F76305396","title":"Bear Grylls: A sziget","description":"(IV.\/3) Az id\u0151sek \u00e9s a fiatalok most egym\u00e1s mellett \u00e9lnek. N\u00e9h\u00e1ny hete vannak a szigeten. Az \u00e9lelem hi\u00e1nya folyamatos gond, \u00e9s mindenki egyre inger\u00fcltebb.","longDescription":"(IV.\/3) Az id\u0151sek \u00e9s a fiatalok most egym\u00e1s mellett \u00e9lnek. N\u00e9h\u00e1ny hete vannak a szigeten. Az \u00e9lelem hi\u00e1nya folyamatos gond, \u00e9s mindenki egyre inger\u00fcltebb.","languageCode":"hun","countryCode":"HU","deviceCode":"web","medium":"TV","categories":[{"id":"271090244398","title":"T\u00e1rsadalmi\/Politikai","scheme":"urn:tva:metadata:cs:UPCEventGenreCS:2009"}],"isAdult":false,"parentalRating":"3","cast":[],"directors":[],"images":[{"assetType":"boxart-xlarge","assetTypes":["boxart-xlarge"],"width":210,"height":303,"url":"https:\/\/wp3-images-hu-dynamic.horizon.tv\/HU\/Images\/bc_d8f66a4fec0e45935ce3cf12ee2f05c1d953c326.jpg?w=210&h=303&mode=box"},{"assetType":"tva-boxcover","assetTypes":["tva-boxcover"],"width":180,"height":260,"url":"https:\/\/wp3-images-hu-dynamic.horizon.tv\/HU\/Images\/bc_d8f66a4fec0e45935ce3cf12ee2f05c1d953c326.jpg"},{"assetType":"boxart-large","assetTypes":["boxart-large"],"width":180,"height":260,"url":"https:\/\/wp3-images-hu-dynamic.horizon.tv\/HU\/Images\/bc_d8f66a4fec0e45935ce3cf12ee2f05c1d953c326.jpg?w=180&h=260&mode=box"},{"assetType":"boxart-small","assetTypes":["boxart-small"],"width":75,"height":108,"url":"https:\/\/wp3-images-hu-dynamic.horizon.tv\/HU\/Images\/bc_d8f66a4fec0e45935ce3cf12ee2f05c1d953c326.jpg?w=75&h=108&mode=box"},{"assetType":"boxart-medium","assetTypes":["boxart-medium"],"width":110,"height":159,"url":"https:\/\/wp3-images-hu-dynamic.horizon.tv\/HU\/Images\/bc_d8f66a4fec0e45935ce3cf12ee2f05c1d953c326.jpg?w=110&h=159&mode=box"},{"assetType":"HighResLandscape","assetTypes":["HighResLandscape"],"url":"https:\/\/wp16-images-hu-dynamic.horizon.tv\/HU\/Images\/hrl_feec3ec127baba8aa1875ed7beac6d01ff57810a.jpg"},{"assetType":"HighResPortrait","assetTypes":["HighResPortrait"],"url":"https:\/\/wp16-images-hu-dynamic.horizon.tv\/HU\/Images\/hrp_d8f66a4fec0e45935ce3cf12ee2f05c1d953c326.jpg"}],"mediaGroupId":"crid:~~2F~~2Fport.hu~~2F46624080","secondaryTitle":"(IV.\/3)","shortDescription":"Bear egy lakatlan csendes-\u00f3ce\u00e1ni szigeten mag\u00e1ra hagy 13 brit f\u00e9rfit egy h\u00f3napra. Hogyan boldogulnak vajon a t\u00fal\u00e9l\u00e9ssel a modern \u00e9let minden k\u00e9nyelm\u00e9t\u0151l megfosztott emberek?","mediaType":"Episode","isReplayTv":false,"seriesEpisodeNumber":"3","seriesNumber":"4","videoStreams":[],"entitlements":["VIP","_OPEN_"],"currentProductIds":[],"currentTvodProductIds":[]},"parentId":"crid:~~2F~~2Fport.hu~~2F46624080","rootId":"crid:~~2F~~2Fport.hu~~2F46624080"}