{"id":"crid:~~2F~~2Fport.hu~~2F69597236-imi:00100000005D38E3","countryCode":"HU","languageCode":"hun","deviceCode":"web","startTime":1525531980000,"endTime":1525533600000,"stationId":"826989607183","imi":"imi:00100000005D38E3","mediaGroupId":"crid:~~2F~~2Fport.hu~~2F67971937","program":{"id":"crid:~~2F~~2Fport.hu~~2F69597236","title":"Shamwari \u2013 \u00c9let a vadonban","description":"A csapat elb\u00facs\u00fazik egy hosszan kezelt oryx-antilopt\u00f3l. Vajon visszafogadja az \u00e1llatot a vadon? Ezalatt elef\u00e1ntb\u00e9bik s\u00e1rf\u00fcrd\u0151t vesznek.","longDescription":"A csapat elb\u00facs\u00fazik egy hosszan kezelt oryx-antilopt\u00f3l. Vajon visszafogadja az \u00e1llatot a vadon? Ezalatt elef\u00e1ntb\u00e9bik s\u00e1rf\u00fcrd\u0151t vesznek.","languageCode":"hun","countryCode":"HU","deviceCode":"web","medium":"TV","categories":[{"id":"271090244411","title":"Szabadid\u0151","scheme":"urn:tva:metadata:cs:UPCEventGenreCS:2009"}],"isAdult":false,"parentalRating":"3","cast":["Lyndal Davies"],"directors":["Lyndal Davies"],"images":[{"assetType":"boxart-small","assetTypes":["boxart-small"],"width":75,"height":108,"url":"https:\/\/wp15-images-hu-dynamic.horizon.tv\/HU\/Images\/upcgenre_A0.jpg?w=75&h=108&mode=box"},{"assetType":"boxart-xlarge","assetTypes":["boxart-xlarge"],"width":210,"height":303,"url":"https:\/\/wp15-images-hu-dynamic.horizon.tv\/HU\/Images\/upcgenre_A0.jpg?w=210&h=303&mode=box"},{"assetType":"tva-boxcover","assetTypes":["tva-boxcover"],"width":180,"height":260,"url":"https:\/\/wp15-images-hu-dynamic.horizon.tv\/HU\/Images\/upcgenre_A0.jpg"},{"assetType":"boxart-medium","assetTypes":["boxart-medium"],"width":110,"height":159,"url":"https:\/\/wp15-images-hu-dynamic.horizon.tv\/HU\/Images\/upcgenre_A0.jpg?w=110&h=159&mode=box"},{"assetType":"boxart-large","assetTypes":["boxart-large"],"width":180,"height":260,"url":"https:\/\/wp15-images-hu-dynamic.horizon.tv\/HU\/Images\/upcgenre_A0.jpg?w=180&h=260&mode=box"},{"assetType":"HighResLandscape","assetTypes":["HighResLandscape"],"url":"https:\/\/wp22-images-hu-dynamic.horizon.tv\/HU\/Images\/hrl_8dabc33187277b0683a36c792d819fe5ea7eebb7.jpg"}],"mediaGroupId":"crid:~~2F~~2Fport.hu~~2F67971937","shortDescription":"Az afrikai Shamwari Rezerv\u00e1tum doktorainak \u00e9s \u00e1pol\u00f3inak munk\u00e1ja kicsit sem vesz\u00e9lytelen. Huszon\u00f6tezer hekt\u00e1rnyi h\u00e1bor\u00edtatlan ter\u00fcleten kell gondoskodniuk az ott \u00e9l\u0151, v\u00e9dett \u00e1llatok j\u00f3ll\u00e9tr\u0151l.","mediaType":"Episode","year":"2008","isReplayTv":false,"seriesEpisodeNumber":"1805030650","seriesNumber":"1805030625","videoStreams":[],"airDate":1199145600000,"entitlements":["VIP","_OPEN_"],"currentProductIds":[],"currentTvodProductIds":[]},"parentId":"crid:~~2F~~2Fport.hu~~2F67971937","rootId":"crid:~~2F~~2Fport.hu~~2F67971937"}