{"id":"crid:~~2F~~2Fport.hu~~2F91427042-imi:00100000005D8E5B","countryCode":"HU","languageCode":"hun","deviceCode":"web","startTime":1525487400000,"endTime":1525491000000,"stationId":"826989607275","imi":"imi:00100000005D8E5B","mediaGroupId":"crid:~~2F~~2Fport.hu~~2F65575268","program":{"id":"crid:~~2F~~2Fport.hu~~2F91427042","title":"Hihetetlen!","description":"Talk-show","longDescription":"Talk-show","languageCode":"hun","countryCode":"HU","deviceCode":"web","medium":"TV","categories":[{"id":"271090244349","title":"Show","scheme":"urn:tva:metadata:cs:UPCEventGenreCS:2009"},{"id":"271090244352","title":"Talk-show","scheme":"urn:tva:metadata:cs:UPCEventGenreCS:2009"}],"isAdult":false,"parentalRating":"3","cast":[],"directors":[],"images":[{"assetType":"boxart-large","assetTypes":["boxart-large"],"width":180,"height":260,"url":"https:\/\/wp13-images-hu-dynamic.horizon.tv\/HU\/Images\/upcgenre_33.jpg?w=180&h=260&mode=box"},{"assetType":"boxart-medium","assetTypes":["boxart-medium"],"width":110,"height":159,"url":"https:\/\/wp13-images-hu-dynamic.horizon.tv\/HU\/Images\/upcgenre_33.jpg?w=110&h=159&mode=box"},{"assetType":"boxart-small","assetTypes":["boxart-small"],"width":75,"height":108,"url":"https:\/\/wp13-images-hu-dynamic.horizon.tv\/HU\/Images\/upcgenre_33.jpg?w=75&h=108&mode=box"},{"assetType":"tva-boxcover","assetTypes":["tva-boxcover"],"width":180,"height":260,"url":"https:\/\/wp13-images-hu-dynamic.horizon.tv\/HU\/Images\/upcgenre_33.jpg"},{"assetType":"boxart-xlarge","assetTypes":["boxart-xlarge"],"width":210,"height":303,"url":"https:\/\/wp13-images-hu-dynamic.horizon.tv\/HU\/Images\/upcgenre_33.jpg?w=210&h=303&mode=box"}],"mediaGroupId":"crid:~~2F~~2Fport.hu~~2F65575268","shortDescription":"Talk-show","mediaType":"Episode","isReplayTv":false,"seriesEpisodeNumber":"1805050430","seriesNumber":"1805042100","videoStreams":[],"entitlements":["VIP","_OPEN_"],"currentProductIds":[],"currentTvodProductIds":[]},"parentId":"crid:~~2F~~2Fport.hu~~2F65575268","rootId":"crid:~~2F~~2Fport.hu~~2F65575268"}