{"id":"crid:~~2F~~2Fport.hu~~2F18907061-imi:00100000005D62DF","countryCode":"HU","languageCode":"hun","deviceCode":"web","startTime":1525430700000,"endTime":1525432200000,"stationId":"826989607190","imi":"imi:00100000005D62DF","mediaGroupId":"crid:~~2F~~2Fport.hu~~2F2428513","program":{"id":"crid:~~2F~~2Fport.hu~~2F18907061","title":"Bubbi Guppik","description":"Rajzfilm","longDescription":"Rajzfilm","languageCode":"hun","countryCode":"HU","deviceCode":"web","medium":"TV","categories":[{"id":"271090244371","title":"Gyermek\/Ifj\u00fas\u00e1gi","scheme":"urn:tva:metadata:cs:UPCEventGenreCS:2009"},{"id":"271090244376","title":"Rajzfilm","scheme":"urn:tva:metadata:cs:UPCEventGenreCS:2009"}],"isAdult":false,"parentalRating":"3","cast":[],"directors":[],"images":[{"assetType":"boxart-small","assetTypes":["boxart-small"],"width":75,"height":108,"url":"https:\/\/wp19-images-hu-dynamic.horizon.tv\/HU\/Images\/bc_c67b0f6f6b8fd0d7bf3f2142f2f897c28954f851.jpg?w=75&h=108&mode=box"},{"assetType":"boxart-xlarge","assetTypes":["boxart-xlarge"],"width":210,"height":303,"url":"https:\/\/wp19-images-hu-dynamic.horizon.tv\/HU\/Images\/bc_c67b0f6f6b8fd0d7bf3f2142f2f897c28954f851.jpg?w=210&h=303&mode=box"},{"assetType":"boxart-large","assetTypes":["boxart-large"],"width":180,"height":260,"url":"https:\/\/wp19-images-hu-dynamic.horizon.tv\/HU\/Images\/bc_c67b0f6f6b8fd0d7bf3f2142f2f897c28954f851.jpg?w=180&h=260&mode=box"},{"assetType":"tva-boxcover","assetTypes":["tva-boxcover"],"width":180,"height":260,"url":"https:\/\/wp19-images-hu-dynamic.horizon.tv\/HU\/Images\/bc_c67b0f6f6b8fd0d7bf3f2142f2f897c28954f851.jpg"},{"assetType":"boxart-medium","assetTypes":["boxart-medium"],"width":110,"height":159,"url":"https:\/\/wp19-images-hu-dynamic.horizon.tv\/HU\/Images\/bc_c67b0f6f6b8fd0d7bf3f2142f2f897c28954f851.jpg?w=110&h=159&mode=box"},{"assetType":"HighResPortrait","assetTypes":["HighResPortrait"],"url":"https:\/\/wp11-images-hu-dynamic.horizon.tv\/HU\/Images\/hrp_cac4c84ff636523f8dbac4ccd3e533a346fb8fd4.jpg"}],"mediaGroupId":"crid:~~2F~~2Fport.hu~~2F2428513","secondaryTitle":"K\u00e9sz\u00fclj\u00fcnk az iskol\u00e1ba! (III.\/1)","shortDescription":"Rajzfilm","mediaType":"Episode","year":"2013","isReplayTv":false,"seriesEpisodeNumber":"1","seriesNumber":"3","videoStreams":[],"airDate":1356998400000,"entitlements":["VIP","_OPEN_"],"currentProductIds":[],"currentTvodProductIds":[]},"parentId":"crid:~~2F~~2Fport.hu~~2F2428513","rootId":"crid:~~2F~~2Fport.hu~~2F2428513"}