{"id":"crid:~~2F~~2Fport.hu~~2F72912260-imi:00100000005D07B0","countryCode":"HU","languageCode":"hun","deviceCode":"web","startTime":1525386900000,"endTime":1525387500000,"stationId":"826989607196","imi":"imi:00100000005D07B0","mediaGroupId":"crid:~~2F~~2Fport.hu~~2F2574416","program":{"id":"crid:~~2F~~2Fport.hu~~2F72912260","title":"Gumball csod\u00e1latos vil\u00e1ga","description":"(III.\/20) Gumball sz\u00fcl\u0151v\u00e1rosa, Elmore teljesen nyugodt kisv\u00e1ros. B\u00e9k\u00e9s n\u00e9pek laknak itt, \u00e9s persze itt \u00e9lnek a t\u00f6rt\u00e9net f\u0151szerepl\u0151i, Watterson\u00e9k is Anais-szal, a n\u00e9gy\u00e9ves zsenigyerekkel. A sorozat c\u00edmad\u00f3 szerepl\u0151je Gumball, a kis k\u00e9k macska pedig a virgonc tizenk\u00e9t \u00e9ves gyerekek mindennapjait \u00e9li. L\u00f6k\u00f6tts\u00e9ge hat\u00e1rtalan optimizmussal p\u00e1rosul.","longDescription":"(III.\/20) Gumball sz\u00fcl\u0151v\u00e1rosa, Elmore teljesen nyugodt kisv\u00e1ros. B\u00e9k\u00e9s n\u00e9pek laknak itt, \u00e9s persze itt \u00e9lnek a t\u00f6rt\u00e9net f\u0151szerepl\u0151i, Watterson\u00e9k is Anais-szal, a n\u00e9gy\u00e9ves zsenigyerekkel. A sorozat c\u00edmad\u00f3 szerepl\u0151je Gumball, a kis k\u00e9k macska pedig a virgonc tizenk\u00e9t \u00e9ves gyerekek mindennapjait \u00e9li. L\u00f6k\u00f6tts\u00e9ge hat\u00e1rtalan optimizmussal p\u00e1rosul.","languageCode":"hun","countryCode":"HU","deviceCode":"web","medium":"TV","categories":[{"id":"271090244428","title":"Dr\u00e1ma","scheme":"urn:tva:metadata:cs:UPCEventGenreCS:2009"}],"isAdult":false,"parentalRating":"3","cast":["Logan Grove","Kwesi Boakye","Dan Russell","Kyla Rae Kowalewski","Teresa Gallagher"],"directors":["Mic Graves"],"images":[{"assetType":"boxart-xlarge","assetTypes":["boxart-xlarge"],"width":210,"height":303,"url":"https:\/\/wp14-images-hu-dynamic.horizon.tv\/HU\/Images\/bc_94fa6e720744cb0076b8c6a97a41a3a2fbfa340c.jpg?w=210&h=303&mode=box"},{"assetType":"boxart-small","assetTypes":["boxart-small"],"width":75,"height":108,"url":"https:\/\/wp14-images-hu-dynamic.horizon.tv\/HU\/Images\/bc_94fa6e720744cb0076b8c6a97a41a3a2fbfa340c.jpg?w=75&h=108&mode=box"},{"assetType":"boxart-medium","assetTypes":["boxart-medium"],"width":110,"height":159,"url":"https:\/\/wp14-images-hu-dynamic.horizon.tv\/HU\/Images\/bc_94fa6e720744cb0076b8c6a97a41a3a2fbfa340c.jpg?w=110&h=159&mode=box"},{"assetType":"boxart-large","assetTypes":["boxart-large"],"width":180,"height":260,"url":"https:\/\/wp14-images-hu-dynamic.horizon.tv\/HU\/Images\/bc_94fa6e720744cb0076b8c6a97a41a3a2fbfa340c.jpg?w=180&h=260&mode=box"},{"assetType":"tva-boxcover","assetTypes":["tva-boxcover"],"width":180,"height":260,"url":"https:\/\/wp14-images-hu-dynamic.horizon.tv\/HU\/Images\/bc_94fa6e720744cb0076b8c6a97a41a3a2fbfa340c.jpg"},{"assetType":"HighResLandscape","assetTypes":["HighResLandscape"],"url":"https:\/\/wp8-images-hu-dynamic.horizon.tv\/HU\/Images\/hrl_03e6004123604f86e1c4da07f1b59d01deacff8d.jpg"},{"assetType":"HighResPortrait","assetTypes":["HighResPortrait"],"url":"https:\/\/wp8-images-hu-dynamic.horizon.tv\/HU\/Images\/hrp_94fa6e720744cb0076b8c6a97a41a3a2fbfa340c.jpg"}],"mediaGroupId":"crid:~~2F~~2Fport.hu~~2F2574416","secondaryTitle":"A burok (III.\/20)","shortDescription":"Gumball sz\u00fcl\u0151v\u00e1rosa, Elmore teljesen nyugodt kisv\u00e1ros. B\u00e9k\u00e9s n\u00e9pek laknak itt, \u00e9s persze itt \u00e9lnek a t\u00f6rt\u00e9net f\u0151szerepl\u0151i, Watterson\u00e9k is Anais-szal, a n\u00e9gy\u00e9ves zsenigyerekkel.","mediaType":"Episode","year":"2014","isReplayTv":false,"seriesEpisodeNumber":"20","seriesNumber":"3","videoStreams":[],"airDate":1388534400000,"entitlements":["VIP","_OPEN_"],"currentProductIds":[],"currentTvodProductIds":[]},"parentId":"crid:~~2F~~2Fport.hu~~2F2574416","rootId":"crid:~~2F~~2Fport.hu~~2F2574416"}