{"id":"crid:~~2F~~2Fport.hu~~2F90575562-imi:00100000005D2FCE","countryCode":"HU","languageCode":"hun","deviceCode":"web","startTime":1525489200000,"endTime":1525496400000,"stationId":"826989607242","imi":"imi:00100000005D2FCE","mediaGroupId":"crid:~~2F~~2Fport.hu~~2F77649635","program":{"id":"crid:~~2F~~2Fport.hu~~2F90575562","title":"R\u00f6plabda k\u00f6zvet\u00edt\u00e9s","description":"N\u0151i r\u00f6plabda NB I D\u00f6nt\u0151: Fatum Ny\u00edregyh\u00e1za \u2013 Linamar B\u00e9k\u00e9scsaba m\u00e9rk\u0151z\u00e9s","longDescription":"N\u0151i r\u00f6plabda NB I D\u00f6nt\u0151: Fatum Ny\u00edregyh\u00e1za \u2013 Linamar B\u00e9k\u00e9scsaba m\u00e9rk\u0151z\u00e9s","languageCode":"hun","countryCode":"HU","deviceCode":"web","medium":"TV","categories":[{"id":"271090244353","title":"Sport","scheme":"urn:tva:metadata:cs:UPCEventGenreCS:2009"},{"id":"271090244363","title":"Csapatsportok","scheme":"urn:tva:metadata:cs:UPCEventGenreCS:2009"}],"isAdult":false,"parentalRating":"3","cast":[],"directors":[],"images":[{"assetType":"tva-boxcover","assetTypes":["tva-boxcover"],"width":180,"height":260,"url":"https:\/\/wp19-images-hu-dynamic.horizon.tv\/HU\/Images\/upcgenre_45.jpg"},{"assetType":"boxart-small","assetTypes":["boxart-small"],"width":75,"height":108,"url":"https:\/\/wp19-images-hu-dynamic.horizon.tv\/HU\/Images\/upcgenre_45.jpg?w=75&h=108&mode=box"},{"assetType":"boxart-medium","assetTypes":["boxart-medium"],"width":110,"height":159,"url":"https:\/\/wp19-images-hu-dynamic.horizon.tv\/HU\/Images\/upcgenre_45.jpg?w=110&h=159&mode=box"},{"assetType":"boxart-xlarge","assetTypes":["boxart-xlarge"],"width":210,"height":303,"url":"https:\/\/wp19-images-hu-dynamic.horizon.tv\/HU\/Images\/upcgenre_45.jpg?w=210&h=303&mode=box"},{"assetType":"boxart-large","assetTypes":["boxart-large"],"width":180,"height":260,"url":"https:\/\/wp19-images-hu-dynamic.horizon.tv\/HU\/Images\/upcgenre_45.jpg?w=180&h=260&mode=box"}],"mediaGroupId":"crid:~~2F~~2Fport.hu~~2F77649635","secondaryTitle":"N\u0151i r\u00f6plabda NB I D\u00f6nt\u0151: Fatum Ny\u00edregyh\u00e1za \u2013 Linamar B\u00e9k\u00e9scsaba m\u00e9rk\u0151z\u00e9s","shortDescription":"N\u0151i r\u00f6plabda NB I D\u00f6nt\u0151: Fatum Ny\u00edregyh\u00e1za \u2013 Linamar B\u00e9k\u00e9scsaba m\u00e9rk\u0151z\u00e9s","mediaType":"Episode","isReplayTv":false,"seriesEpisodeNumber":"1805050500","seriesNumber":"1805042000","videoStreams":[],"entitlements":["VIP","_OPEN_"],"currentProductIds":[],"currentTvodProductIds":[]},"parentId":"crid:~~2F~~2Fport.hu~~2F77649635","rootId":"crid:~~2F~~2Fport.hu~~2F77649635"}