{"id":"crid:~~2F~~2Fport.hu~~2F22122567-imi:00100000005D4C98","countryCode":"HU","languageCode":"hun","deviceCode":"web","startTime":1525570500000,"endTime":1525572000000,"stationId":"826989607249","imi":"imi:00100000005D4C98","mediaGroupId":"crid:~~2F~~2Fport.hu~~2F14284433","program":{"id":"crid:~~2F~~2Fport.hu~~2F22122567","title":"Felh\u0151tlen Philadelphia","description":"(V.\/6) Mac, Charlie Kelly \u00e9s Dennis a kocsma tulajdonosai \u00e9s \u00e9vek \u00f3ta nagyon j\u00f3 bar\u00e1tok. A negyedik f\u0151h\u0151s a Paddy's pultosa, Dennis testv\u00e9re, Dee. Mind a n\u00e9gyen azon dolgoznak, hogy az \u00edr kocsma j\u00f3l m\u0171k\u00f6dj\u00f6n, b\u00e1r ebben n\u00e9mileg h\u00e1tr\u00e1ltatja \u0151ket, hogy egoist\u00e1k, rasszist\u00e1k \u00e9s gyerekesek.","longDescription":"(V.\/6) Mac, Charlie Kelly \u00e9s Dennis a kocsma tulajdonosai \u00e9s \u00e9vek \u00f3ta nagyon j\u00f3 bar\u00e1tok. A negyedik f\u0151h\u0151s a Paddy's pultosa, Dennis testv\u00e9re, Dee. Mind a n\u00e9gyen azon dolgoznak, hogy az \u00edr kocsma j\u00f3l m\u0171k\u00f6dj\u00f6n, b\u00e1r ebben n\u00e9mileg h\u00e1tr\u00e1ltatja \u0151ket, hogy egoist\u00e1k, rasszist\u00e1k \u00e9s gyerekesek.","languageCode":"hun","countryCode":"HU","deviceCode":"web","medium":"TV","categories":[{"id":"271090244428","title":"Dr\u00e1ma","scheme":"urn:tva:metadata:cs:UPCEventGenreCS:2009"},{"id":"271090244432","title":"Kom\u00e9dia\/Filmv\u00edgj\u00e1t\u00e9k","scheme":"urn:tva:metadata:cs:UPCEventGenreCS:2009"}],"isAdult":false,"parentalRating":"15","cast":["Rob McElhenney","Charlie Day","Glenn Howerton","Kaitlin Olson","Danny DeVito","Anne Archer"],"directors":["Matt Shakman","Fred Savage","Jerry Levine","Daniel Attias"],"images":[{"assetType":"boxart-medium","assetTypes":["boxart-medium"],"width":110,"height":159,"url":"https:\/\/wp14-images-hu-dynamic.horizon.tv\/HU\/Images\/bc_dccd1e00a600a873f4e1bcfda114f9ffe787485f.jpg?w=110&h=159&mode=box"},{"assetType":"tva-boxcover","assetTypes":["tva-boxcover"],"width":180,"height":260,"url":"https:\/\/wp14-images-hu-dynamic.horizon.tv\/HU\/Images\/bc_dccd1e00a600a873f4e1bcfda114f9ffe787485f.jpg"},{"assetType":"boxart-small","assetTypes":["boxart-small"],"width":75,"height":108,"url":"https:\/\/wp14-images-hu-dynamic.horizon.tv\/HU\/Images\/bc_dccd1e00a600a873f4e1bcfda114f9ffe787485f.jpg?w=75&h=108&mode=box"},{"assetType":"boxart-large","assetTypes":["boxart-large"],"width":180,"height":260,"url":"https:\/\/wp14-images-hu-dynamic.horizon.tv\/HU\/Images\/bc_dccd1e00a600a873f4e1bcfda114f9ffe787485f.jpg?w=180&h=260&mode=box"},{"assetType":"boxart-xlarge","assetTypes":["boxart-xlarge"],"width":210,"height":303,"url":"https:\/\/wp14-images-hu-dynamic.horizon.tv\/HU\/Images\/bc_dccd1e00a600a873f4e1bcfda114f9ffe787485f.jpg?w=210&h=303&mode=box"}],"mediaGroupId":"crid:~~2F~~2Fport.hu~~2F14284433","secondaryTitle":"(V.\/6)","shortDescription":"N\u00e9gy, egocentrikus bar\u00e1t t\u00f6rt\u00e9net\u00e9t mes\u00e9li el a fordulatos, meglepet\u00e9seket tartogat\u00f3 sztori, melynek k\u00f6zponti helysz\u00edne egy philadelphiai \u00edr kocsma, a Paddy's.","mediaType":"Episode","year":"2009","duration":1800,"latestBroadcastStartTime":1525217400000,"latestBroadcastEndTime":1525219200000,"isReplayTv":true,"listingId":"crid:~~2F~~2Fport.hu~~2F22122567-imi:00100000005CE182","seriesEpisodeNumber":"6","seriesNumber":"5","videoStreams":[],"airDate":1230768000000,"entitlements":["VIP","crid:~~2F~~2Fupc.com~~2FReplayTV~~2FHumor_Plus_ReplayTV","_OPEN_"],"currentProductIds":["crid:~~2F~~2Fupc.com~~2FReplayTV~~2FHumor_Plus_ReplayTV"],"currentTvodProductIds":[]},"parentId":"crid:~~2F~~2Fport.hu~~2F14284433","rootId":"crid:~~2F~~2Fport.hu~~2F14284433"}