{"id":"crid:~~2F~~2Fport.hu~~2F72620598-imi:00100000005D073E","countryCode":"HU","languageCode":"hun","deviceCode":"web","startTime":1525398000000,"endTime":1525399500000,"stationId":"826989607189","imi":"imi:00100000005D073E","mediaGroupId":"crid:~~2F~~2Fport.hu~~2F4256734","program":{"id":"crid:~~2F~~2Fport.hu~~2F72620598","title":"Judy b\u00edr\u00f3n\u0151","description":"(XIII.\/31) Judy b\u00edr\u00f3n\u0151 sz\u00f3kimond\u00f3, megalkuv\u00e1st \u00e9s mell\u00e9besz\u00e9l\u00e9st nem t\u0171r\u0151 t\u00e1rgyal\u00f3termi modor\u00e1r\u00f3l h\u00edres.A sz\u00f3rakoztat\u00f3, gyors visszav\u00e1g\u00e1sok \u00e9s szellemes megnyilv\u00e1nul\u00e1sok m\u00f6g\u00f6tt Judy b\u00edr\u00f3n\u0151nek megvan az a k\u00e9pess\u00e9ge, hogy a vit\u00e1kkal megbirk\u00f3zva az aktu\u00e1lis k\u00e9rd\u00e9s \u00e9rzelmi gy\u00f6ker\u00e9ig hatoljon.","longDescription":"(XIII.\/31) Judy b\u00edr\u00f3n\u0151 sz\u00f3kimond\u00f3, megalkuv\u00e1st \u00e9s mell\u00e9besz\u00e9l\u00e9st nem t\u0171r\u0151 t\u00e1rgyal\u00f3termi modor\u00e1r\u00f3l h\u00edres.A sz\u00f3rakoztat\u00f3, gyors visszav\u00e1g\u00e1sok \u00e9s szellemes megnyilv\u00e1nul\u00e1sok m\u00f6g\u00f6tt Judy b\u00edr\u00f3n\u0151nek megvan az a k\u00e9pess\u00e9ge, hogy a vit\u00e1kkal megbirk\u00f3zva az aktu\u00e1lis k\u00e9rd\u00e9s \u00e9rzelmi gy\u00f6ker\u00e9ig hatoljon.","languageCode":"hun","countryCode":"HU","deviceCode":"web","medium":"TV","categories":[{"id":"271090244398","title":"T\u00e1rsadalmi\/Politikai","scheme":"urn:tva:metadata:cs:UPCEventGenreCS:2009"},{"id":"271090244399","title":"Dokumentumfilm","scheme":"urn:tva:metadata:cs:UPCEventGenreCS:2009"}],"isAdult":false,"parentalRating":"3","cast":[],"directors":[],"images":[{"assetType":"boxart-small","assetTypes":["boxart-small"],"width":75,"height":108,"url":"https:\/\/wp1-images-hu-dynamic.horizon.tv\/HU\/Images\/bc_70a9c8d21a8477e6716f30d34235581c8ae0c4cc.jpg?w=75&h=108&mode=box"},{"assetType":"tva-boxcover","assetTypes":["tva-boxcover"],"width":180,"height":260,"url":"https:\/\/wp1-images-hu-dynamic.horizon.tv\/HU\/Images\/bc_70a9c8d21a8477e6716f30d34235581c8ae0c4cc.jpg"},{"assetType":"boxart-medium","assetTypes":["boxart-medium"],"width":110,"height":159,"url":"https:\/\/wp1-images-hu-dynamic.horizon.tv\/HU\/Images\/bc_70a9c8d21a8477e6716f30d34235581c8ae0c4cc.jpg?w=110&h=159&mode=box"},{"assetType":"boxart-large","assetTypes":["boxart-large"],"width":180,"height":260,"url":"https:\/\/wp1-images-hu-dynamic.horizon.tv\/HU\/Images\/bc_70a9c8d21a8477e6716f30d34235581c8ae0c4cc.jpg?w=180&h=260&mode=box"},{"assetType":"boxart-xlarge","assetTypes":["boxart-xlarge"],"width":210,"height":303,"url":"https:\/\/wp1-images-hu-dynamic.horizon.tv\/HU\/Images\/bc_70a9c8d21a8477e6716f30d34235581c8ae0c4cc.jpg?w=210&h=303&mode=box"},{"assetType":"HighResLandscape","assetTypes":["HighResLandscape"],"url":"https:\/\/wp18-images-hu-dynamic.horizon.tv\/HU\/Images\/hrl_ce4a28603528318e8e64251d347788ff2d24640b.jpg"},{"assetType":"HighResPortrait","assetTypes":["HighResPortrait"],"url":"https:\/\/wp18-images-hu-dynamic.horizon.tv\/HU\/Images\/hrp_454279c7eec50141817f3cff2e786ba256c173db.jpg"}],"mediaGroupId":"crid:~~2F~~2Fport.hu~~2F4256734","secondaryTitle":"(XIII.\/31)","shortDescription":"Judy b\u00edr\u00f3n\u0151 sz\u00f3kimond\u00f3, megalkuv\u00e1st \u00e9s mell\u00e9besz\u00e9l\u00e9st nem t\u0171r\u0151 t\u00e1rgyal\u00f3termi modor\u00e1r\u00f3l h\u00edres.","mediaType":"Episode","year":"1996","isReplayTv":false,"seriesEpisodeNumber":"31","seriesNumber":"13","videoStreams":[],"airDate":820454400000,"entitlements":["VIP","_OPEN_"],"currentProductIds":[],"currentTvodProductIds":[]},"parentId":"crid:~~2F~~2Fport.hu~~2F4256734","rootId":"crid:~~2F~~2Fport.hu~~2F4256734"}