{"id":"crid:~~2F~~2Fport.hu~~2F80669277-imi:00100000005D20D6","countryCode":"HU","languageCode":"hun","deviceCode":"web","startTime":1525410540000,"endTime":1525411920000,"stationId":"826989607178","imi":"imi:00100000005D20D6","mediaGroupId":"crid:~~2F~~2Fport.hu~~2F57722592","program":{"id":"crid:~~2F~~2Fport.hu~~2F80669277","title":"Mondj igent a ruh\u00e1ra \u2013 Egyes\u00fclt Kir\u00e1lys\u00e1g","description":"Danielle t\u00fcnd\u00f6kl\u0151 ruh\u00e1t szeretne, de meg kell gy\u0151znie kritikus nagyij\u00e1t is. Devina egy szexi szab\u00e1s\u00fa ruh\u00e1t keres, amelyik kihangs\u00falyozza a vonalait.","longDescription":"Danielle t\u00fcnd\u00f6kl\u0151 ruh\u00e1t szeretne, de meg kell gy\u0151znie kritikus nagyij\u00e1t is. Devina egy szexi szab\u00e1s\u00fa ruh\u00e1t keres, amelyik kihangs\u00falyozza a vonalait.","languageCode":"hun","countryCode":"HU","deviceCode":"web","medium":"TV","categories":[{"id":"271090244398","title":"T\u00e1rsadalmi\/Politikai","scheme":"urn:tva:metadata:cs:UPCEventGenreCS:2009"}],"isAdult":false,"parentalRating":"3","cast":[],"directors":[],"images":[{"assetType":"boxart-xlarge","assetTypes":["boxart-xlarge"],"width":210,"height":303,"url":"https:\/\/wp2-images-hu-dynamic.horizon.tv\/HU\/Images\/upcgenre_80.jpg?w=210&h=303&mode=box"},{"assetType":"boxart-medium","assetTypes":["boxart-medium"],"width":110,"height":159,"url":"https:\/\/wp2-images-hu-dynamic.horizon.tv\/HU\/Images\/upcgenre_80.jpg?w=110&h=159&mode=box"},{"assetType":"boxart-small","assetTypes":["boxart-small"],"width":75,"height":108,"url":"https:\/\/wp2-images-hu-dynamic.horizon.tv\/HU\/Images\/upcgenre_80.jpg?w=75&h=108&mode=box"},{"assetType":"boxart-large","assetTypes":["boxart-large"],"width":180,"height":260,"url":"https:\/\/wp2-images-hu-dynamic.horizon.tv\/HU\/Images\/upcgenre_80.jpg?w=180&h=260&mode=box"},{"assetType":"tva-boxcover","assetTypes":["tva-boxcover"],"width":180,"height":260,"url":"https:\/\/wp2-images-hu-dynamic.horizon.tv\/HU\/Images\/upcgenre_80.jpg"},{"assetType":"HighResLandscape","assetTypes":["HighResLandscape"],"url":"https:\/\/wp20-images-hu-dynamic.horizon.tv\/HU\/Images\/hrl_cb8142fb7ac019afda058a349e22c7770aa621b5.jpg"}],"mediaGroupId":"crid:~~2F~~2Fport.hu~~2F57722592","secondaryTitle":"\u00c1llj ki magad\u00e9rt","shortDescription":"Danielle t\u00fcnd\u00f6kl\u0151 ruh\u00e1t szeretne, de meg kell gy\u0151znie kritikus nagyij\u00e1t is. Devina egy szexi szab\u00e1s\u00fa ruh\u00e1t keres, amelyik kihangs\u00falyozza a vonalait.","mediaType":"Episode","isReplayTv":false,"seriesEpisodeNumber":"1805022000","seriesNumber":"1805022000","videoStreams":[],"entitlements":["VIP","_OPEN_"],"currentProductIds":[],"currentTvodProductIds":[]},"parentId":"crid:~~2F~~2Fport.hu~~2F57722592","rootId":"crid:~~2F~~2Fport.hu~~2F57722592"}