{"id":"crid:~~2F~~2Fport.hu~~2F85084903-imi:00100000005D3FBC","countryCode":"HU","languageCode":"hun","deviceCode":"web","startTime":1525600800000,"endTime":1525604400000,"stationId":"826989607211","imi":"imi:00100000005D3FBC","mediaGroupId":"crid:~~2F~~2Fport.hu~~2F43597491","program":{"id":"crid:~~2F~~2Fport.hu~~2F85084903","title":"Vad\u00e1szat Hitlerre","description":"2014 elej\u00e9n az FBI feloldott t\u00f6bb sz\u00e1z dokumentumot a titkos\u00edt\u00e1s al\u00f3l, melyek szerint Hitler nem k\u00f6vetett el \u00f6ngyilkoss\u00e1got, hanem a n\u00e1ci N\u00e9metorsz\u00e1g buk\u00e1sa ut\u00e1n D\u00e9l-Amerik\u00e1ba sz\u00f6k\u00f6tt. J. Edgar Hoover egyik megeml\u00e9kez\u00e9s\u00e9ben kijelenti: \"N\u00e9metorsz\u00e1gban az amerikai hadsereg tisztjei nem tal\u00e1lt\u00e1k meg Hitler holttest\u00e9t, sem olyan hiteles forr\u00e1st, amely meger\u0151s\u00edthetn\u00e9 Hitler hal\u00e1l\u00e1t.\" A legmodernebb technol\u00f3gi\u00e1val \u00e9s a frissen nyilv\u00e1noss\u00e1gra ker\u00fclt FBI anyagokkal felszerelve ismert nyomoz\u00f3k egy csapata hozz\u00e1l\u00e1t az \u00fcgy felder\u00edt\u00e9s\u00e9hez, mintha egy hal\u00e1leset \u00fcgy\u00e9ben nyomozn\u00e1nak. A titkos\u00edt\u00e1s al\u00f3l vil\u00e1gszerte kivont titkosszolg\u00e1lati anyagok \u00e9s a kor\u00e1bban nem hozz\u00e1f\u00e9rhet\u0151 modern technol\u00f3gia seg\u00edts\u00e9g\u00e9vel \u00fajra nyitj\u00e1k a vil\u00e1gh\u00edr\u0171 \"kih\u0171lt \u00fcgyet\", \u00e9s megpr\u00f3b\u00e1lj\u00e1k felt\u00e1rni a rejt\u00e9lyt, amely minden id\u0151k legnagyobb b\u0171n\u00f6s\u00e9nek hal\u00e1l\u00e1t \u00f6vezi.","longDescription":"2014 elej\u00e9n az FBI feloldott t\u00f6bb sz\u00e1z dokumentumot a titkos\u00edt\u00e1s al\u00f3l, melyek szerint Hitler nem k\u00f6vetett el \u00f6ngyilkoss\u00e1got, hanem a n\u00e1ci N\u00e9metorsz\u00e1g buk\u00e1sa ut\u00e1n D\u00e9l-Amerik\u00e1ba sz\u00f6k\u00f6tt. J. Edgar Hoover egyik megeml\u00e9kez\u00e9s\u00e9ben kijelenti: \"N\u00e9metorsz\u00e1gban az amerikai hadsereg tisztjei nem tal\u00e1lt\u00e1k meg Hitler holttest\u00e9t, sem olyan hiteles forr\u00e1st, amely meger\u0151s\u00edthetn\u00e9 Hitler hal\u00e1l\u00e1t.\" A legmodernebb technol\u00f3gi\u00e1val \u00e9s a frissen nyilv\u00e1noss\u00e1gra ker\u00fclt FBI anyagokkal felszerelve ismert nyomoz\u00f3k egy csapata hozz\u00e1l\u00e1t az \u00fcgy felder\u00edt\u00e9s\u00e9hez, mintha egy hal\u00e1leset \u00fcgy\u00e9ben nyomozn\u00e1nak. A titkos\u00edt\u00e1s al\u00f3l vil\u00e1gszerte kivont titkosszolg\u00e1lati anyagok \u00e9s a kor\u00e1bban nem hozz\u00e1f\u00e9rhet\u0151 modern technol\u00f3gia seg\u00edts\u00e9g\u00e9vel \u00fajra nyitj\u00e1k a vil\u00e1gh\u00edr\u0171 \"kih\u0171lt \u00fcgyet\", \u00e9s megpr\u00f3b\u00e1lj\u00e1k felt\u00e1rni a rejt\u00e9lyt, amely minden id\u0151k legnagyobb b\u0171n\u00f6s\u00e9nek hal\u00e1l\u00e1t \u00f6vezi.","languageCode":"hun","countryCode":"HU","deviceCode":"web","medium":"TV","categories":[{"id":"271090244398","title":"T\u00e1rsadalmi\/Politikai","scheme":"urn:tva:metadata:cs:UPCEventGenreCS:2009"},{"id":"271090244399","title":"Dokumentumfilm","scheme":"urn:tva:metadata:cs:UPCEventGenreCS:2009"}],"isAdult":false,"parentalRating":"12","cast":[],"directors":[],"images":[{"assetType":"boxart-large","assetTypes":["boxart-large"],"width":180,"height":260,"url":"https:\/\/wp17-images-hu-dynamic.horizon.tv\/HU\/Images\/bc_dbf4a4a9237d48fbd8a3ccbceb627c21ec819f29.jpg?w=180&h=260&mode=box"},{"assetType":"boxart-small","assetTypes":["boxart-small"],"width":75,"height":108,"url":"https:\/\/wp17-images-hu-dynamic.horizon.tv\/HU\/Images\/bc_dbf4a4a9237d48fbd8a3ccbceb627c21ec819f29.jpg?w=75&h=108&mode=box"},{"assetType":"boxart-xlarge","assetTypes":["boxart-xlarge"],"width":210,"height":303,"url":"https:\/\/wp17-images-hu-dynamic.horizon.tv\/HU\/Images\/bc_dbf4a4a9237d48fbd8a3ccbceb627c21ec819f29.jpg?w=210&h=303&mode=box"},{"assetType":"boxart-medium","assetTypes":["boxart-medium"],"width":110,"height":159,"url":"https:\/\/wp17-images-hu-dynamic.horizon.tv\/HU\/Images\/bc_dbf4a4a9237d48fbd8a3ccbceb627c21ec819f29.jpg?w=110&h=159&mode=box"},{"assetType":"tva-boxcover","assetTypes":["tva-boxcover"],"width":180,"height":260,"url":"https:\/\/wp17-images-hu-dynamic.horizon.tv\/HU\/Images\/bc_dbf4a4a9237d48fbd8a3ccbceb627c21ec819f29.jpg"},{"assetType":"HighResLandscape","assetTypes":["HighResLandscape"],"url":"https:\/\/wp8-images-hu-dynamic.horizon.tv\/HU\/Images\/hrl_1e4519209d77beb34299ff70668cdb7125fa1db9.jpg"}],"mediaGroupId":"crid:~~2F~~2Fport.hu~~2F43597491","secondaryTitle":"Megb\u00fajva a felsz\u00edn alatt","shortDescription":"2014-ben az FBI r\u00e1d\u00f6bbent, hogy Hitler ak\u00e1r D\u00e9l-Amerik\u00e1ba is sz\u00f6khetett. A titkos\u00edt\u00e1s al\u00f3l feloldott dokumentumokban erre utal\u00f3 nyomok vannak. A Vad\u00e1szat Hitlerre megpr\u00f3b\u00e1lja felt\u00e1rni a rejt\u00e9lyt, amel","mediaType":"Episode","year":"2017","isReplayTv":false,"seriesEpisodeNumber":"1805061200","seriesNumber":"1805112159","videoStreams":[],"airDate":1483228800000,"entitlements":["VIP","_OPEN_"],"currentProductIds":[],"currentTvodProductIds":[]},"parentId":"crid:~~2F~~2Fport.hu~~2F43597491","rootId":"crid:~~2F~~2Fport.hu~~2F43597491"}