{"id":"crid:~~2F~~2Fport.hu~~2F51388469-imi:00100000005D3DA4","countryCode":"HU","languageCode":"hun","deviceCode":"web","startTime":1525595400000,"endTime":1525595940000,"stationId":"826989607196","imi":"imi:00100000005D3DA4","mediaGroupId":"crid:~~2F~~2Fport.hu~~2F29960446","program":{"id":"crid:~~2F~~2Fport.hu~~2F51388469","title":"Tini tit\u00e1nok, harcra fel!","description":"Az \u00f6t j\u00f3bar\u00e1t Robin, Cyborg, Csillagf\u00e9ny, Raven \u00e9s G\u00e9zeng\u00faz im\u00e1d harcolni a gonosz ellen \u00e9s megmenteni a vil\u00e1got. De mi t\u00f6rt\u00e9nik, ha m\u00e1r nincs t\u00f6bb b\u0171n\u00fcgy?","longDescription":"Az \u00f6t j\u00f3bar\u00e1t Robin, Cyborg, Csillagf\u00e9ny, Raven \u00e9s G\u00e9zeng\u00faz im\u00e1d harcolni a gonosz ellen \u00e9s megmenteni a vil\u00e1got. De mi t\u00f6rt\u00e9nik, ha m\u00e1r nincs t\u00f6bb b\u0171n\u00fcgy?","languageCode":"hun","countryCode":"HU","deviceCode":"web","medium":"TV","categories":[{"id":"271090244371","title":"Gyermek\/Ifj\u00fas\u00e1gi","scheme":"urn:tva:metadata:cs:UPCEventGenreCS:2009"},{"id":"271090244376","title":"Rajzfilm","scheme":"urn:tva:metadata:cs:UPCEventGenreCS:2009"}],"isAdult":false,"parentalRating":"3","cast":["Greg Cipes","Scott Menville","Khary Payton","Tara Strong","Hynden Walch"],"directors":["Scott O'Brien","Luke Cormican","Peter Michail","Lisa Schaffer"],"images":[{"assetType":"tva-boxcover","assetTypes":["tva-boxcover"],"width":180,"height":260,"url":"https:\/\/wp21-images-hu-dynamic.horizon.tv\/HU\/Images\/upcgenre_55.jpg"},{"assetType":"boxart-xlarge","assetTypes":["boxart-xlarge"],"width":210,"height":303,"url":"https:\/\/wp21-images-hu-dynamic.horizon.tv\/HU\/Images\/upcgenre_55.jpg?w=210&h=303&mode=box"},{"assetType":"boxart-medium","assetTypes":["boxart-medium"],"width":110,"height":159,"url":"https:\/\/wp21-images-hu-dynamic.horizon.tv\/HU\/Images\/upcgenre_55.jpg?w=110&h=159&mode=box"},{"assetType":"boxart-small","assetTypes":["boxart-small"],"width":75,"height":108,"url":"https:\/\/wp21-images-hu-dynamic.horizon.tv\/HU\/Images\/upcgenre_55.jpg?w=75&h=108&mode=box"},{"assetType":"boxart-large","assetTypes":["boxart-large"],"width":180,"height":260,"url":"https:\/\/wp21-images-hu-dynamic.horizon.tv\/HU\/Images\/upcgenre_55.jpg?w=180&h=260&mode=box"},{"assetType":"HighResLandscape","assetTypes":["HighResLandscape"],"url":"https:\/\/wp13-images-hu-dynamic.horizon.tv\/HU\/Images\/hrl_517d584f674a0a20cb40ecd44b96013d821b9424.jpg"}],"mediaGroupId":"crid:~~2F~~2Fport.hu~~2F29960446","secondaryTitle":"Black Friday (III.\/16)","shortDescription":"Az \u00f6t j\u00f3bar\u00e1t Robin, Cyborg, Csillagf\u00e9ny, Raven \u00e9s G\u00e9zeng\u00faz im\u00e1d harcolni a gonosz ellen \u00e9s megmenteni a vil\u00e1got. De mi t\u00f6rt\u00e9nik, ha m\u00e1r nincs t\u00f6bb b\u0171n\u00fcgy?","mediaType":"Episode","year":"2015","isReplayTv":false,"seriesEpisodeNumber":"16","seriesNumber":"3","videoStreams":[],"airDate":1420070400000,"entitlements":["VIP","_OPEN_"],"currentProductIds":[],"currentTvodProductIds":[]},"parentId":"crid:~~2F~~2Fport.hu~~2F29960446","rootId":"crid:~~2F~~2Fport.hu~~2F29960446"}