{"id":"crid:~~2F~~2Fport.hu~~2F69386540-imi:00100000005D3E3D","countryCode":"HU","languageCode":"hun","deviceCode":"web","startTime":1525605300000,"endTime":1525608600000,"stationId":"826989607166","imi":"imi:00100000005D3E3D","mediaGroupId":"crid:~~2F~~2Fport.hu~~2F65820192","program":{"id":"crid:~~2F~~2Fport.hu~~2F69386540","title":"A nagy nap!","description":"Ez a t\u00f6k\u00e9letes m\u0171sor az esk\u00fcv\u0151 m\u0171faj kedvel\u0151inek! Bemutatunk \u00e9s megmutatunk \u00d6n\u00f6knek mindent, ami az esk\u00fcv\u0151kkel kapcsolatos, legyen sz\u00f3 az esk\u00fcv\u0151i tort\u00e1r\u00f3l \u00e9s \u00e9telekr\u0151l vagy ak\u00e1r az esk\u00fcv\u0151szervez\u0151k \u0151r\u00fclt temp\u00f3t dikt\u00e1l\u00f3 munk\u00e1j\u00e1r\u00f3l. Bepillanthatunk a menyasszonyok k\u00e9sz\u00fcl\u0151d\u00e9s\u00e9be, megtudhatjuk a legn\u00e9pszer\u0171bb esk\u00fcv\u0151i \u00e9kszer trendeket \u00e9s term\u00e9szetesen a vil\u00e1g legszebb menyasszonyi ruh\u00e1i is bemutat\u00e1sra ker\u00fclnek.","longDescription":"Ez a t\u00f6k\u00e9letes m\u0171sor az esk\u00fcv\u0151 m\u0171faj kedvel\u0151inek! Bemutatunk \u00e9s megmutatunk \u00d6n\u00f6knek mindent, ami az esk\u00fcv\u0151kkel kapcsolatos, legyen sz\u00f3 az esk\u00fcv\u0151i tort\u00e1r\u00f3l \u00e9s \u00e9telekr\u0151l vagy ak\u00e1r az esk\u00fcv\u0151szervez\u0151k \u0151r\u00fclt temp\u00f3t dikt\u00e1l\u00f3 munk\u00e1j\u00e1r\u00f3l. Bepillanthatunk a menyasszonyok k\u00e9sz\u00fcl\u0151d\u00e9s\u00e9be, megtudhatjuk a legn\u00e9pszer\u0171bb esk\u00fcv\u0151i \u00e9kszer trendeket \u00e9s term\u00e9szetesen a vil\u00e1g legszebb menyasszonyi ruh\u00e1i is bemutat\u00e1sra ker\u00fclnek.","languageCode":"hun","countryCode":"HU","deviceCode":"web","medium":"TV","categories":[{"id":"271090244398","title":"T\u00e1rsadalmi\/Politikai","scheme":"urn:tva:metadata:cs:UPCEventGenreCS:2009"}],"isAdult":false,"parentalRating":"12","cast":[],"directors":[],"images":[{"assetType":"tva-boxcover","assetTypes":["tva-boxcover"],"width":180,"height":260,"url":"https:\/\/wp27-images-hu-dynamic.horizon.tv\/HU\/Images\/upcgenre_80.jpg"},{"assetType":"boxart-large","assetTypes":["boxart-large"],"width":180,"height":260,"url":"https:\/\/wp27-images-hu-dynamic.horizon.tv\/HU\/Images\/upcgenre_80.jpg?w=180&h=260&mode=box"},{"assetType":"boxart-small","assetTypes":["boxart-small"],"width":75,"height":108,"url":"https:\/\/wp27-images-hu-dynamic.horizon.tv\/HU\/Images\/upcgenre_80.jpg?w=75&h=108&mode=box"},{"assetType":"boxart-medium","assetTypes":["boxart-medium"],"width":110,"height":159,"url":"https:\/\/wp27-images-hu-dynamic.horizon.tv\/HU\/Images\/upcgenre_80.jpg?w=110&h=159&mode=box"},{"assetType":"boxart-xlarge","assetTypes":["boxart-xlarge"],"width":210,"height":303,"url":"https:\/\/wp27-images-hu-dynamic.horizon.tv\/HU\/Images\/upcgenre_80.jpg?w=210&h=303&mode=box"}],"mediaGroupId":"crid:~~2F~~2Fport.hu~~2F65820192","shortDescription":"Ez a t\u00f6k\u00e9letes m\u0171sor az esk\u00fcv\u0151 m\u0171faj kedvel\u0151inek! Bemutatunk \u00e9s megmutatunk \u00d6n\u00f6knek mindent, ami az esk\u00fcv\u0151kkel kapcsolatos, legyen sz\u00f3 az esk\u00fcv\u0151i tort\u00e1r\u00f3l \u00e9s \u00e9telekr\u0151l vagy ak\u00e1r az esk\u00fcv\u0151szervez\u0151k...","mediaType":"Episode","duration":3600,"latestBroadcastStartTime":1525255200000,"latestBroadcastEndTime":1525258800000,"isReplayTv":true,"listingId":"crid:~~2F~~2Fport.hu~~2F69386540-imi:00100000005CF08C","seriesEpisodeNumber":"1805051635","seriesNumber":"1805100715","videoStreams":[],"entitlements":["VIP","_OPEN_","crid:~~2F~~2Fupc.com~~2FReplayTV~~2FLife_Network_ReplayTV"],"currentProductIds":["crid:~~2F~~2Fupc.com~~2FReplayTV~~2FLife_Network_ReplayTV"],"currentTvodProductIds":[]},"parentId":"crid:~~2F~~2Fport.hu~~2F65820192","rootId":"crid:~~2F~~2Fport.hu~~2F65820192"}