{"id":"crid:~~2F~~2Fport.hu~~2F86762944-imi:00100000005D3EB2","countryCode":"HU","languageCode":"hun","deviceCode":"web","startTime":1525530600000,"endTime":1525532400000,"stationId":"826989607274","imi":"imi:00100000005D3EB2","mediaGroupId":"crid:~~2F~~2Fport.hu~~2F86762944","program":{"id":"crid:~~2F~~2Fport.hu~~2F86762944","title":"\u00d3vd a s\u00fcll\u0151t, ne nyeless!","description":"\"A fogas az egyik legn\u00e9pszer\u0171bb zs\u00e1km\u00e1nya a balatoni horg\u00e1szoknak. Hatalmas \u00e1llom\u00e1nya \u00e9l a s\u00fcll\u0151nek a t\u00f3ban, melyet \u00e9vente t\u00f6bb ezer fiatal p\u00e9ld\u00e1nyt telep\u00edtenek is, de nem csak ezt, hanem a term\u00e9szetes szaporulatot is v\u00e9den\u00fcnk kell. Err\u0151l sz\u00f3l ez a film. Neves horg\u00e1szok, k\u00f6zt\u00fck Bokor K\u00e1roly is arra buzd\u00edt, hogy szak\u00edtsanak a pec\u00e1sok a kor\u00e1bbi hagyom\u00e1nyokkal \u00e9s ne nyeless\u00e9k a s\u00fcll\u0151t.\"","longDescription":"\"A fogas az egyik legn\u00e9pszer\u0171bb zs\u00e1km\u00e1nya a balatoni horg\u00e1szoknak. Hatalmas \u00e1llom\u00e1nya \u00e9l a s\u00fcll\u0151nek a t\u00f3ban, melyet \u00e9vente t\u00f6bb ezer fiatal p\u00e9ld\u00e1nyt telep\u00edtenek is, de nem csak ezt, hanem a term\u00e9szetes szaporulatot is v\u00e9den\u00fcnk kell. Err\u0151l sz\u00f3l ez a film. Neves horg\u00e1szok, k\u00f6zt\u00fck Bokor K\u00e1roly is arra buzd\u00edt, hogy szak\u00edtsanak a pec\u00e1sok a kor\u00e1bbi hagyom\u00e1nyokkal \u00e9s ne nyeless\u00e9k a s\u00fcll\u0151t.\"","languageCode":"hun","countryCode":"HU","deviceCode":"web","medium":"TV","categories":[{"id":"271090244411","title":"Szabadid\u0151","scheme":"urn:tva:metadata:cs:UPCEventGenreCS:2009"}],"isAdult":false,"parentalRating":"3","cast":[],"directors":[],"images":[{"assetType":"tva-boxcover","assetTypes":["tva-boxcover"],"width":180,"height":260,"url":"https:\/\/wp26-images-hu-dynamic.horizon.tv\/HU\/Images\/upcgenre_A0.jpg"},{"assetType":"boxart-xlarge","assetTypes":["boxart-xlarge"],"width":210,"height":303,"url":"https:\/\/wp26-images-hu-dynamic.horizon.tv\/HU\/Images\/upcgenre_A0.jpg?w=210&h=303&mode=box"},{"assetType":"boxart-medium","assetTypes":["boxart-medium"],"width":110,"height":159,"url":"https:\/\/wp26-images-hu-dynamic.horizon.tv\/HU\/Images\/upcgenre_A0.jpg?w=110&h=159&mode=box"},{"assetType":"boxart-large","assetTypes":["boxart-large"],"width":180,"height":260,"url":"https:\/\/wp26-images-hu-dynamic.horizon.tv\/HU\/Images\/upcgenre_A0.jpg?w=180&h=260&mode=box"},{"assetType":"boxart-small","assetTypes":["boxart-small"],"width":75,"height":108,"url":"https:\/\/wp26-images-hu-dynamic.horizon.tv\/HU\/Images\/upcgenre_A0.jpg?w=75&h=108&mode=box"}],"mediaGroupId":"crid:~~2F~~2Fport.hu~~2F86762944","shortDescription":"\"A fogas az egyik legn\u00e9pszer\u0171bb zs\u00e1km\u00e1nya a balatoni horg\u00e1szoknak. Hatalmas \u00e1llom\u00e1nya \u00e9l a s\u00fcll\u0151nek a t\u00f3ban, melyet \u00e9vente t\u00f6bb ezer fiatal p\u00e9ld\u00e1nyt telep\u00edtenek is, de nem csak ezt, hanem a...","mediaType":"Episode","isReplayTv":false,"videoStreams":[],"entitlements":["VIP","_OPEN_"],"currentProductIds":[],"currentTvodProductIds":[]},"parentId":"crid:~~2F~~2Fport.hu~~2F86762944","rootId":"crid:~~2F~~2Fport.hu~~2F86762944"}