{"id":"crid:~~2F~~2Fport.hu~~2F90362192-imi:00100000005D37AC","countryCode":"HU","languageCode":"hun","deviceCode":"web","startTime":1525618800000,"endTime":1525619100000,"stationId":"826989607220","imi":"imi:00100000005D37AC","mediaGroupId":"crid:~~2F~~2Fport.hu~~2F65576813","program":{"id":"crid:~~2F~~2Fport.hu~~2F90362192","title":"H\u00edrek","description":"A H\u00edrad\u00f3 els\u0151 k\u00e9zb\u0151l t\u00e1j\u00e9koztatja a n\u00e9z\u0151ket a fontos h\u00edrekr\u0151l. Objekt\u00edv, hiteles, szakszer\u0171.","longDescription":"A H\u00edrad\u00f3 els\u0151 k\u00e9zb\u0151l t\u00e1j\u00e9koztatja a n\u00e9z\u0151ket a fontos h\u00edrekr\u0151l. Objekt\u00edv, hiteles, szakszer\u0171.","languageCode":"hun","countryCode":"HU","deviceCode":"web","medium":"TV","categories":[{"id":"271090244344","title":"H\u00edrek","scheme":"urn:tva:metadata:cs:UPCEventGenreCS:2009"}],"isAdult":false,"parentalRating":"3","cast":[],"directors":[],"images":[{"assetType":"tva-boxcover","assetTypes":["tva-boxcover"],"width":180,"height":260,"url":"https:\/\/wp25-images-hu-dynamic.horizon.tv\/HU\/Images\/upcgenre_20.jpg"},{"assetType":"boxart-small","assetTypes":["boxart-small"],"width":75,"height":108,"url":"https:\/\/wp25-images-hu-dynamic.horizon.tv\/HU\/Images\/upcgenre_20.jpg?w=75&h=108&mode=box"},{"assetType":"boxart-large","assetTypes":["boxart-large"],"width":180,"height":260,"url":"https:\/\/wp25-images-hu-dynamic.horizon.tv\/HU\/Images\/upcgenre_20.jpg?w=180&h=260&mode=box"},{"assetType":"boxart-xlarge","assetTypes":["boxart-xlarge"],"width":210,"height":303,"url":"https:\/\/wp25-images-hu-dynamic.horizon.tv\/HU\/Images\/upcgenre_20.jpg?w=210&h=303&mode=box"},{"assetType":"boxart-medium","assetTypes":["boxart-medium"],"width":110,"height":159,"url":"https:\/\/wp25-images-hu-dynamic.horizon.tv\/HU\/Images\/upcgenre_20.jpg?w=110&h=159&mode=box"}],"mediaGroupId":"crid:~~2F~~2Fport.hu~~2F65576813","shortDescription":"A H\u00edrad\u00f3 els\u0151 k\u00e9zb\u0151l t\u00e1j\u00e9koztatja a n\u00e9z\u0151ket a fontos h\u00edrekr\u0151l. Objekt\u00edv, hiteles, szakszer\u0171.","mediaType":"Episode","isReplayTv":false,"seriesEpisodeNumber":"1805061700","seriesNumber":"1805100800","videoStreams":[],"entitlements":["VIP","_OPEN_"],"currentProductIds":[],"currentTvodProductIds":[]},"parentId":"crid:~~2F~~2Fport.hu~~2F65576813","rootId":"crid:~~2F~~2Fport.hu~~2F65576813"}