{"id":"crid:~~2F~~2Fport.hu~~2F1414074-imi:00100000005D9C59","countryCode":"HU","languageCode":"hun","deviceCode":"web","startTime":1525443000000,"endTime":1525449000000,"stationId":"826989607125","imi":"imi:00100000005D9C59","mediaGroupId":"crid:~~2F~~2Fport.hu~~2F1414074","program":{"id":"crid:~~2F~~2Fport.hu~~2F1414074","title":"Edmond Batignole","description":"1942, P\u00e1rizs. Edmond Batignole (G\u00e9rard Jugnot) visszah\u00faz\u00f3d\u00f3, konfliktusker\u00fcl\u0151 ember. Hentes\u00fczlet\u00e9nek egyed\u00fcli fizet\u0151k\u00e9pes \u00fcgyfelei m\u00e1r csak a n\u00e1ci tisztek maradtak. Amikor k\u00e9t sonka ellop\u00e1s\u00e1\u00e9rt megv\u00e1dol egy zsid\u00f3 kisgyereket, akaratlanul is felh\u00edvja r\u00e1juk a megsz\u00e1ll\u00f3k figyelm\u00e9t. A csal\u00e1dot deport\u00e1lj\u00e1k, Batignol\u00e9k a a c\u00e9ltudatos feles\u00e9g nyom\u00e1s\u00e1ra bek\u00f6lt\u00f6znek az \u00fcresen maradt nagyobb h\u00e1zba. Egy napon az elhurcolt csal\u00e1d gyermeke, Simon (Jules Sitruk) kopog ajtajukon. A hentes kelletlen\u00fcl elsz\u00e1ll\u00e1solja, de napokon bel\u00fcl egyre t\u00f6bben lesznek. Batignole k\u00e9ts\u00e9gbeesetten pr\u00f3b\u00e1l megszabadulni t\u0151l\u00fck. Azonban min\u00e9l t\u00f6bb emberrel besz\u00e9l kimenek\u00edt\u00e9s\u00fckr\u0151l, ann\u00e1l ink\u00e1bb r\u00e1j\u00f6n, hogy neki mag\u00e1nak kell megtennie a vesz\u00e9lyes ment\u0151akci\u00f3t.","longDescription":"1942, P\u00e1rizs. Edmond Batignole (G\u00e9rard Jugnot) visszah\u00faz\u00f3d\u00f3, konfliktusker\u00fcl\u0151 ember. Hentes\u00fczlet\u00e9nek egyed\u00fcli fizet\u0151k\u00e9pes \u00fcgyfelei m\u00e1r csak a n\u00e1ci tisztek maradtak. Amikor k\u00e9t sonka ellop\u00e1s\u00e1\u00e9rt megv\u00e1dol egy zsid\u00f3 kisgyereket, akaratlanul is felh\u00edvja r\u00e1juk a megsz\u00e1ll\u00f3k figyelm\u00e9t. A csal\u00e1dot deport\u00e1lj\u00e1k, Batignol\u00e9k a a c\u00e9ltudatos feles\u00e9g nyom\u00e1s\u00e1ra bek\u00f6lt\u00f6znek az \u00fcresen maradt nagyobb h\u00e1zba. Egy napon az elhurcolt csal\u00e1d gyermeke, Simon (Jules Sitruk) kopog ajtajukon. A hentes kelletlen\u00fcl elsz\u00e1ll\u00e1solja, de napokon bel\u00fcl egyre t\u00f6bben lesznek. Batignole k\u00e9ts\u00e9gbeesetten pr\u00f3b\u00e1l megszabadulni t\u0151l\u00fck. Azonban min\u00e9l t\u00f6bb emberrel besz\u00e9l kimenek\u00edt\u00e9s\u00fckr\u0151l, ann\u00e1l ink\u00e1bb r\u00e1j\u00f6n, hogy neki mag\u00e1nak kell megtennie a vesz\u00e9lyes ment\u0151akci\u00f3t.","languageCode":"hun","countryCode":"HU","deviceCode":"web","medium":"Movie","categories":[{"id":"271090244334","title":"Kom\u00e9dia\/Filmv\u00edgj\u00e1t\u00e9k","scheme":"urn:tva:metadata:cs:UPCEventGenreCS:2009"}],"isAdult":false,"parentalRating":"12","cast":["G\u00e9rard Jugnot","Jules Sitruk","Alexia Portal","Nadine Spinoza","Jean-Paul Rouve"],"directors":["G\u00e9rard Jugnot"],"images":[{"assetType":"tva-boxcover","assetTypes":["tva-boxcover"],"width":180,"height":260,"url":"https:\/\/wp24-images-hu-dynamic.horizon.tv\/HU\/Images\/upcgenre_14.jpg"},{"assetType":"boxart-xlarge","assetTypes":["boxart-xlarge"],"width":210,"height":303,"url":"https:\/\/wp24-images-hu-dynamic.horizon.tv\/HU\/Images\/upcgenre_14.jpg?w=210&h=303&mode=box"},{"assetType":"boxart-large","assetTypes":["boxart-large"],"width":180,"height":260,"url":"https:\/\/wp24-images-hu-dynamic.horizon.tv\/HU\/Images\/upcgenre_14.jpg?w=180&h=260&mode=box"},{"assetType":"boxart-medium","assetTypes":["boxart-medium"],"width":110,"height":159,"url":"https:\/\/wp24-images-hu-dynamic.horizon.tv\/HU\/Images\/upcgenre_14.jpg?w=110&h=159&mode=box"},{"assetType":"boxart-small","assetTypes":["boxart-small"],"width":75,"height":108,"url":"https:\/\/wp24-images-hu-dynamic.horizon.tv\/HU\/Images\/upcgenre_14.jpg?w=75&h=108&mode=box"},{"assetType":"HighResLandscape","assetTypes":["HighResLandscape"],"url":"https:\/\/wp11-images-hu-dynamic.horizon.tv\/HU\/Images\/hrl_9aab45c22a4161796a90c25febeecfd482aad5bc.jpg"}],"mediaGroupId":"crid:~~2F~~2Fport.hu~~2F1414074","shortDescription":"1942, P\u00e1rizs. Edmond Batignole hentes lop\u00e1ssal v\u00e1dol meg egy zsid\u00f3 gyereket, \u00edgy annak csal\u00e1dj\u00e1t kitelep\u00edtik a n\u00e1cik. Egy napon az elhurcolt csal\u00e1d gyermeke kopog be Edmond ajtaj\u00e1n \u00e9s seg\u00edts\u00e9get k\u00e9r.","mediaType":"FeatureFilm","year":"2002","isReplayTv":false,"videoStreams":[],"airDate":1009843200000,"entitlements":["VIP","_OPEN_"],"currentProductIds":[],"currentTvodProductIds":[]},"parentId":"crid:~~2F~~2Fport.hu~~2F1414074","rootId":"crid:~~2F~~2Fport.hu~~2F1414074"}