{"id":"crid:~~2F~~2Fport.hu~~2F72531393-imi:00100000005E55B5","countryCode":"HU","languageCode":"hun","deviceCode":"web","startTime":1525703400000,"endTime":1525705200000,"stationId":"826989607271","imi":"imi:00100000005E55B5","mediaGroupId":"crid:~~2F~~2Fport.hu~~2F37979104","program":{"id":"crid:~~2F~~2Fport.hu~~2F72531393","title":"Bizarr \u00e9telek: a finoms\u00e1gok f\u00f6ldj\u00e9n","description":"(IV.\/12) Minden utaz\u00f3 szeretn\u00e9 kipr\u00f3b\u00e1lni a palacsint\u00e1t P\u00e1rizsban, a fagylaltot az olaszorsz\u00e1gi Firenz\u00e9ben, vagy a po'boy szendvicset New Orleansban. De vajon tudjuk, hogy hogyan \u00e9s mib\u0151l k\u00e9sz\u00fclnek ezek az \u00e9telek? Andrew Zimmern most a legend\u00e1s \u00e9telek nyom\u00e1ba ered.","longDescription":"(IV.\/12) Minden utaz\u00f3 szeretn\u00e9 kipr\u00f3b\u00e1lni a palacsint\u00e1t P\u00e1rizsban, a fagylaltot az olaszorsz\u00e1gi Firenz\u00e9ben, vagy a po'boy szendvicset New Orleansban. De vajon tudjuk, hogy hogyan \u00e9s mib\u0151l k\u00e9sz\u00fclnek ezek az \u00e9telek? Andrew Zimmern most a legend\u00e1s \u00e9telek nyom\u00e1ba ered.","languageCode":"hun","countryCode":"HU","deviceCode":"web","medium":"TV","categories":[{"id":"271090244411","title":"Szabadid\u0151","scheme":"urn:tva:metadata:cs:UPCEventGenreCS:2009"},{"id":"271090244412","title":"Utaz\u00e1s","scheme":"urn:tva:metadata:cs:UPCEventGenreCS:2009"}],"isAdult":false,"parentalRating":"3","cast":[],"directors":[],"images":[{"assetType":"boxart-large","assetTypes":["boxart-large"],"width":180,"height":260,"url":"https:\/\/wp28-images-hu-dynamic.horizon.tv\/HU\/Images\/upcgenre_A1.jpg?w=180&h=260&mode=box"},{"assetType":"tva-boxcover","assetTypes":["tva-boxcover"],"width":180,"height":260,"url":"https:\/\/wp28-images-hu-dynamic.horizon.tv\/HU\/Images\/upcgenre_A1.jpg"},{"assetType":"boxart-medium","assetTypes":["boxart-medium"],"width":110,"height":159,"url":"https:\/\/wp28-images-hu-dynamic.horizon.tv\/HU\/Images\/upcgenre_A1.jpg?w=110&h=159&mode=box"},{"assetType":"boxart-xlarge","assetTypes":["boxart-xlarge"],"width":210,"height":303,"url":"https:\/\/wp28-images-hu-dynamic.horizon.tv\/HU\/Images\/upcgenre_A1.jpg?w=210&h=303&mode=box"},{"assetType":"boxart-small","assetTypes":["boxart-small"],"width":75,"height":108,"url":"https:\/\/wp28-images-hu-dynamic.horizon.tv\/HU\/Images\/upcgenre_A1.jpg?w=75&h=108&mode=box"}],"mediaGroupId":"crid:~~2F~~2Fport.hu~~2F37979104","secondaryTitle":"Santiago (IV.\/12)","shortDescription":"Minden utaz\u00f3 szeretn\u00e9 kipr\u00f3b\u00e1lni a palacsint\u00e1t P\u00e1rizsban, a fagylaltot az olaszorsz\u00e1gi Firenz\u00e9ben, vagy a po'boy szendvicset New Orleansban. De vajon tudjuk, hogy hogyan k\u00e9sz\u00fclnek ezek az \u00e9telek?","mediaType":"Episode","year":"2015","isReplayTv":false,"seriesEpisodeNumber":"12","seriesNumber":"4","videoStreams":[],"airDate":1420070400000,"entitlements":["VIP","_OPEN_"],"currentProductIds":[],"currentTvodProductIds":[]},"parentId":"crid:~~2F~~2Fport.hu~~2F37979104","rootId":"crid:~~2F~~2Fport.hu~~2F37979104"}