{"id":"crid:~~2F~~2Fport.hu~~2F53932075-imi:00100000005D3B9B","countryCode":"HU","languageCode":"hun","deviceCode":"web","startTime":1525536000000,"endTime":1525537800000,"stationId":"826989607178","imi":"imi:00100000005D3B9B","mediaGroupId":"crid:~~2F~~2Fport.hu~~2F38948607","program":{"id":"crid:~~2F~~2Fport.hu~~2F53932075","title":"Csini, d\u00f6g\u00f6s, botr\u00e1nyos","description":"(II.\/7) A n\u0151k a divattal kapcsolatos legs\u00falyosabb gondjaikkal fordulnak Stacy Londonhoz a Csini, d\u00f6g\u00f6s, botr\u00e1nyos c\u00edm\u0171 sorozatban. El\u00e9gedetlenek jelenlegi viselet\u00fckkel \u00e9s megjelen\u00e9s\u00fckkel, \u00e9s szeretn\u00e9k \u00fagy megv\u00e1ltoztatni, hogy az elutas\u00edt\u00e1s helyett elismer\u0151 reakci\u00f3kat v\u00e1ltsanak ki vele. Stacy megmutatja nekik, hogy v\u00e1lasztott \u00f6lt\u00f6zk\u00f6d\u00e9s\u00fck milyen hat\u00e1ssal van az emberekre. V\u00e9letlenszer\u0171en kiv\u00e1lasztott ismeretlenek \u00e9rt\u00e9kelik \u00f6lt\u00f6zk\u00f6d\u00e9si st\u00edlusukat, \u00e9s nyilatkoznak arr\u00f3l, hogy az csinos, d\u00f6g\u00f6s vagy botr\u00e1nyos. Mindegyik\u00fcknek le kell vennie a p\u00f3thajakat, a vad ruh\u00e1kat \u00e9s a felt\u0171n\u0151 sminket, hogy \u00fcres lappal indulhassanak. Stacy ezut\u00e1n fokozatosan v\u00e9gigvezeti \u0151ket az \u00faj st\u00edlus kialak\u00edt\u00e1s\u00e1nak folyamat\u00e1n, k\u00f6zben alaposan \u00e1talak\u00edtja a megjelen\u00e9s\u00fcket, \u00e9s tal\u00e1n az \u00e9let\u00fcket is.","longDescription":"(II.\/7) A n\u0151k a divattal kapcsolatos legs\u00falyosabb gondjaikkal fordulnak Stacy Londonhoz a Csini, d\u00f6g\u00f6s, botr\u00e1nyos c\u00edm\u0171 sorozatban. El\u00e9gedetlenek jelenlegi viselet\u00fckkel \u00e9s megjelen\u00e9s\u00fckkel, \u00e9s szeretn\u00e9k \u00fagy megv\u00e1ltoztatni, hogy az elutas\u00edt\u00e1s helyett elismer\u0151 reakci\u00f3kat v\u00e1ltsanak ki vele. Stacy megmutatja nekik, hogy v\u00e1lasztott \u00f6lt\u00f6zk\u00f6d\u00e9s\u00fck milyen hat\u00e1ssal van az emberekre. V\u00e9letlenszer\u0171en kiv\u00e1lasztott ismeretlenek \u00e9rt\u00e9kelik \u00f6lt\u00f6zk\u00f6d\u00e9si st\u00edlusukat, \u00e9s nyilatkoznak arr\u00f3l, hogy az csinos, d\u00f6g\u00f6s vagy botr\u00e1nyos. Mindegyik\u00fcknek le kell vennie a p\u00f3thajakat, a vad ruh\u00e1kat \u00e9s a felt\u0171n\u0151 sminket, hogy \u00fcres lappal indulhassanak. Stacy ezut\u00e1n fokozatosan v\u00e9gigvezeti \u0151ket az \u00faj st\u00edlus kialak\u00edt\u00e1s\u00e1nak folyamat\u00e1n, k\u00f6zben alaposan \u00e1talak\u00edtja a megjelen\u00e9s\u00fcket, \u00e9s tal\u00e1n az \u00e9let\u00fcket is.","languageCode":"hun","countryCode":"HU","deviceCode":"web","medium":"TV","categories":[{"id":"271090244398","title":"T\u00e1rsadalmi\/Politikai","scheme":"urn:tva:metadata:cs:UPCEventGenreCS:2009"}],"isAdult":false,"parentalRating":"3","cast":[],"directors":[],"images":[{"assetType":"tva-boxcover","assetTypes":["tva-boxcover"],"width":180,"height":260,"url":"https:\/\/wp7-images-hu-dynamic.horizon.tv\/HU\/Images\/bc_0c9d16ff15fa7209f056fa5848ba3987d4e7ffe4.jpg"},{"assetType":"boxart-small","assetTypes":["boxart-small"],"width":75,"height":108,"url":"https:\/\/wp7-images-hu-dynamic.horizon.tv\/HU\/Images\/bc_0c9d16ff15fa7209f056fa5848ba3987d4e7ffe4.jpg?w=75&h=108&mode=box"},{"assetType":"boxart-large","assetTypes":["boxart-large"],"width":180,"height":260,"url":"https:\/\/wp7-images-hu-dynamic.horizon.tv\/HU\/Images\/bc_0c9d16ff15fa7209f056fa5848ba3987d4e7ffe4.jpg?w=180&h=260&mode=box"},{"assetType":"boxart-xlarge","assetTypes":["boxart-xlarge"],"width":210,"height":303,"url":"https:\/\/wp7-images-hu-dynamic.horizon.tv\/HU\/Images\/bc_0c9d16ff15fa7209f056fa5848ba3987d4e7ffe4.jpg?w=210&h=303&mode=box"},{"assetType":"boxart-medium","assetTypes":["boxart-medium"],"width":110,"height":159,"url":"https:\/\/wp7-images-hu-dynamic.horizon.tv\/HU\/Images\/bc_0c9d16ff15fa7209f056fa5848ba3987d4e7ffe4.jpg?w=110&h=159&mode=box"},{"assetType":"HighResLandscape","assetTypes":["HighResLandscape"],"url":"https:\/\/wp3-images-hu-dynamic.horizon.tv\/HU\/Images\/hrl_6dce6665e6d5fa13cc8e577121d76b218cdc6da4.jpg"},{"assetType":"HighResPortrait","assetTypes":["HighResPortrait"],"url":"https:\/\/wp3-images-hu-dynamic.horizon.tv\/HU\/Images\/hrp_01f4d4d1fbfb6fe992fcbf579a186e0c3ae9af21.jpg"}],"mediaGroupId":"crid:~~2F~~2Fport.hu~~2F38948607","secondaryTitle":"Courtney (II.\/7)","shortDescription":"A n\u0151k a divattal kapcsolatos legs\u00falyosabb gondjaikkal fordulnak Stacy Londonhoz a Csini, d\u00f6g\u00f6s, botr\u00e1nyos c\u00edm\u0171 sorozatban.","mediaType":"Episode","year":"2015","isReplayTv":false,"seriesEpisodeNumber":"7","seriesNumber":"2","videoStreams":[],"airDate":1420070400000,"entitlements":["VIP","_OPEN_"],"currentProductIds":[],"currentTvodProductIds":[]},"parentId":"crid:~~2F~~2Fport.hu~~2F38948607","rootId":"crid:~~2F~~2Fport.hu~~2F38948607"}