{"id":"crid:~~2F~~2Fport.hu~~2F76418093-imi:00100000005D3220","countryCode":"HU","languageCode":"hun","deviceCode":"web","startTime":1525464600000,"endTime":1525466400000,"stationId":"826989607167","imi":"imi:00100000005D3220","mediaGroupId":"crid:~~2F~~2Fport.hu~~2F28441243","program":{"id":"crid:~~2F~~2Fport.hu~~2F76418093","title":"Babar","description":"Babar, miut\u00e1n anyj\u00e1t lel\u00f6vi egy vad\u00e1sz, elsz\u00f6kik a dzsungelb\u0151l \u00e9s egy v\u00e1rosban tal\u00e1lja mag\u00e1t. \u00d6sszebar\u00e1tkozik egy id\u0151s h\u00f6lggyel, aki ruh\u00e1kat vesz neki \u00e9s iskol\u00e1ba \u00edratja. Unokatestv\u00e9rei, Szeleszt\u00edna \u00e9s Art\u00far r\u00e1tal\u00e1lnak Babarra a v\u00e1rosban \u00e9s seg\u00edtenek neki, hogy visszat\u00e9rhessen az elef\u00e1ntok birodalm\u00e1ba. Amikor az Elef\u00e1ntok Kir\u00e1lya m\u00e9rges gomb\u00e1t eszik \u00e9s meghal, az elef\u00e1ntok tan\u00e1csa megk\u00f6rny\u00e9kezi Babart, mondv\u00e1n, hogy mivel \\\"emberek k\u00f6z\u00f6tt \u00e9lt \u00e9s sokat tanult\\\", alkalmas lenne kir\u00e1lynak. Babart kir\u00e1lly\u00e1 koron\u00e1zz\u00e1k, feles\u00e9g\u00fcl veszi Szeleszt\u00edn\u00e1t, \u00e9s v\u00e1rost alap\u00edt. N\u00e9gy gyermek\u00fck sz\u00fcletik, akiknek fontos leck\u00e9ket tan\u00edt az \u00e9letr\u0151l.","longDescription":"Babar, miut\u00e1n anyj\u00e1t lel\u00f6vi egy vad\u00e1sz, elsz\u00f6kik a dzsungelb\u0151l \u00e9s egy v\u00e1rosban tal\u00e1lja mag\u00e1t. \u00d6sszebar\u00e1tkozik egy id\u0151s h\u00f6lggyel, aki ruh\u00e1kat vesz neki \u00e9s iskol\u00e1ba \u00edratja. Unokatestv\u00e9rei, Szeleszt\u00edna \u00e9s Art\u00far r\u00e1tal\u00e1lnak Babarra a v\u00e1rosban \u00e9s seg\u00edtenek neki, hogy visszat\u00e9rhessen az elef\u00e1ntok birodalm\u00e1ba. Amikor az Elef\u00e1ntok Kir\u00e1lya m\u00e9rges gomb\u00e1t eszik \u00e9s meghal, az elef\u00e1ntok tan\u00e1csa megk\u00f6rny\u00e9kezi Babart, mondv\u00e1n, hogy mivel \\\"emberek k\u00f6z\u00f6tt \u00e9lt \u00e9s sokat tanult\\\", alkalmas lenne kir\u00e1lynak. Babart kir\u00e1lly\u00e1 koron\u00e1zz\u00e1k, feles\u00e9g\u00fcl veszi Szeleszt\u00edn\u00e1t, \u00e9s v\u00e1rost alap\u00edt. N\u00e9gy gyermek\u00fck sz\u00fcletik, akiknek fontos leck\u00e9ket tan\u00edt az \u00e9letr\u0151l.","languageCode":"hun","countryCode":"HU","deviceCode":"web","medium":"TV","categories":[{"id":"271090244371","title":"Gyermek\/Ifj\u00fas\u00e1gi","scheme":"urn:tva:metadata:cs:UPCEventGenreCS:2009"},{"id":"271090244376","title":"Rajzfilm","scheme":"urn:tva:metadata:cs:UPCEventGenreCS:2009"}],"isAdult":false,"parentalRating":"12","cast":["Gordon Pinsent","Dawn Greenhalgh","Tara Strong","Gavin Magrath","Stephen Ouimette","Allen Stewart-Coates","Chris Wiggins"],"directors":["Larry Jacobs","Raymond Jafelice","Laura Shepherd","Dale Schott"],"images":[{"assetType":"boxart-small","assetTypes":["boxart-small"],"width":75,"height":108,"url":"https:\/\/wp4-images-hu-dynamic.horizon.tv\/HU\/Images\/upcgenre_55.jpg?w=75&h=108&mode=box"},{"assetType":"boxart-large","assetTypes":["boxart-large"],"width":180,"height":260,"url":"https:\/\/wp4-images-hu-dynamic.horizon.tv\/HU\/Images\/upcgenre_55.jpg?w=180&h=260&mode=box"},{"assetType":"boxart-medium","assetTypes":["boxart-medium"],"width":110,"height":159,"url":"https:\/\/wp4-images-hu-dynamic.horizon.tv\/HU\/Images\/upcgenre_55.jpg?w=110&h=159&mode=box"},{"assetType":"tva-boxcover","assetTypes":["tva-boxcover"],"width":180,"height":260,"url":"https:\/\/wp4-images-hu-dynamic.horizon.tv\/HU\/Images\/upcgenre_55.jpg"},{"assetType":"boxart-xlarge","assetTypes":["boxart-xlarge"],"width":210,"height":303,"url":"https:\/\/wp4-images-hu-dynamic.horizon.tv\/HU\/Images\/upcgenre_55.jpg?w=210&h=303&mode=box"}],"mediaGroupId":"crid:~~2F~~2Fport.hu~~2F28441243","shortDescription":"Babar, az elef\u00e1ntkir\u00e1ly, \u00e9s n\u00e9pes csal\u00e1dj\u00e1nak t\u00f6rt\u00e9netei.","mediaType":"Episode","year":"1989","isReplayTv":false,"seriesEpisodeNumber":"1805031800","seriesNumber":"1805021020","videoStreams":[],"airDate":599616000000,"entitlements":["VIP","_OPEN_"],"currentProductIds":[],"currentTvodProductIds":[]},"parentId":"crid:~~2F~~2Fport.hu~~2F28441243","rootId":"crid:~~2F~~2Fport.hu~~2F28441243"}