{"id":"crid:~~2F~~2Fport.hu~~2F91495156-imi:00100000005DA44D","countryCode":"HU","languageCode":"hun","deviceCode":"web","startTime":1525545300000,"endTime":1525548900000,"stationId":"826989607121","imi":"imi:00100000005DA44D","mediaGroupId":"crid:~~2F~~2Fport.hu~~2F66740652","program":{"id":"crid:~~2F~~2Fport.hu~~2F91495156","title":"B\u00f3ta Caf\u00e9","description":"Szerda est\u00e9nk\u00e9nt jelentkez\u0151 portr\u00e9m\u0171sor, amely f\u0151leg ismert m\u0171v\u00e9szeket, tud\u00f3sokat, k\u00f6z\u00e9leti embereket mutat be. Ak\u00e1r az eg\u00e9sz \u00e9letutat is \u00e1tfogva, de olykor egy premierb\u0151l, k\u00f6nyvb\u0151l, ki\u00e1ll\u00edt\u00e1sb\u00f3l kiindulva, \u00e9s f\u0151leg az ut\u00f3bbi id\u0151szakra koncentr\u00e1lva. Az ad\u00e1s fontos eleme az interaktivit\u00e1s. Lehet telefon\u00e1lni, alkalmank\u00e9nt esetleg SMS-t k\u00fcldeni, k\u00e9rd\u00e9seket feltenni, hozz\u00e1sz\u00f3lni, vagy a riportalany \u00e9letm\u0171v\u00e9b\u0151l valamit megbesz\u00e9lni.","longDescription":"Szerda est\u00e9nk\u00e9nt jelentkez\u0151 portr\u00e9m\u0171sor, amely f\u0151leg ismert m\u0171v\u00e9szeket, tud\u00f3sokat, k\u00f6z\u00e9leti embereket mutat be. Ak\u00e1r az eg\u00e9sz \u00e9letutat is \u00e1tfogva, de olykor egy premierb\u0151l, k\u00f6nyvb\u0151l, ki\u00e1ll\u00edt\u00e1sb\u00f3l kiindulva, \u00e9s f\u0151leg az ut\u00f3bbi id\u0151szakra koncentr\u00e1lva. Az ad\u00e1s fontos eleme az interaktivit\u00e1s. Lehet telefon\u00e1lni, alkalmank\u00e9nt esetleg SMS-t k\u00fcldeni, k\u00e9rd\u00e9seket feltenni, hozz\u00e1sz\u00f3lni, vagy a riportalany \u00e9letm\u0171v\u00e9b\u0151l valamit megbesz\u00e9lni.","languageCode":"hun","countryCode":"HU","deviceCode":"web","medium":"TV","categories":[{"id":"271090244385","title":"M\u0171v\u00e9szetek\/Kult\u00fara","scheme":"urn:tva:metadata:cs:UPCEventGenreCS:2009"},{"id":"271090244395","title":"M\u0171v\u00e9szeti magazin","scheme":"urn:tva:metadata:cs:UPCEventGenreCS:2009"}],"isAdult":false,"parentalRating":"12","cast":[],"directors":[],"images":[{"assetType":"boxart-xlarge","assetTypes":["boxart-xlarge"],"width":210,"height":303,"url":"https:\/\/wp20-images-hu-dynamic.horizon.tv\/HU\/Images\/upcgenre_7A.jpg?w=210&h=303&mode=box"},{"assetType":"boxart-medium","assetTypes":["boxart-medium"],"width":110,"height":159,"url":"https:\/\/wp20-images-hu-dynamic.horizon.tv\/HU\/Images\/upcgenre_7A.jpg?w=110&h=159&mode=box"},{"assetType":"boxart-large","assetTypes":["boxart-large"],"width":180,"height":260,"url":"https:\/\/wp20-images-hu-dynamic.horizon.tv\/HU\/Images\/upcgenre_7A.jpg?w=180&h=260&mode=box"},{"assetType":"tva-boxcover","assetTypes":["tva-boxcover"],"width":180,"height":260,"url":"https:\/\/wp20-images-hu-dynamic.horizon.tv\/HU\/Images\/upcgenre_7A.jpg"},{"assetType":"boxart-small","assetTypes":["boxart-small"],"width":75,"height":108,"url":"https:\/\/wp20-images-hu-dynamic.horizon.tv\/HU\/Images\/upcgenre_7A.jpg?w=75&h=108&mode=box"},{"assetType":"HighResLandscape","assetTypes":["HighResLandscape"],"url":"https:\/\/wp5-images-hu-dynamic.horizon.tv\/HU\/Images\/hrl_1e4d2633b1d4938054a088fc26a2fc03f8774884.jpg"}],"mediaGroupId":"crid:~~2F~~2Fport.hu~~2F66740652","shortDescription":"Szerda est\u00e9nk\u00e9nt jelentkez\u0151 portr\u00e9m\u0171sor, amely f\u0151leg ismert m\u0171v\u00e9szeket, tud\u00f3sokat, k\u00f6z\u00e9leti embereket mutat be. Ak\u00e1r az eg\u00e9sz \u00e9letutat is \u00e1tfogva, de olykor egy premierb\u0151l, k\u00f6nyvb\u0151l,","mediaType":"Episode","isReplayTv":false,"seriesEpisodeNumber":"1805052035","seriesNumber":"1805052035","videoStreams":[],"entitlements":["VIP","_OPEN_"],"currentProductIds":[],"currentTvodProductIds":[]},"parentId":"crid:~~2F~~2Fport.hu~~2F66740652","rootId":"crid:~~2F~~2Fport.hu~~2F66740652"}