{"id":"crid:~~2F~~2Fport.hu~~2F71697509-imi:00100000005D3524","countryCode":"HU","languageCode":"hun","deviceCode":"web","startTime":1525551600000,"endTime":1525555200000,"stationId":"826989607223","imi":"imi:00100000005D3524","mediaGroupId":"crid:~~2F~~2Fport.hu~~2F68120649","program":{"id":"crid:~~2F~~2Fport.hu~~2F71697509","title":"Egy vev\u0151, h\u00e1rom h\u00e1z","description":"Adott h\u00e1rom elad\u00f3 \u00e9s egy vev\u0151. Plusz a h\u00e1zigazda, a tapasztalt ingatlan\u00fcgyn\u00f6k: Sarah. A potenci\u00e1lis vev\u0151 \u00e9rkez\u00e9se el\u0151tt a h\u00e1rom lak\u00e1stulajdonos szemrev\u00e9telezheti riv\u00e1lisai lak\u00e1s\u00e1t, \u00edgy re\u00e1lisabb k\u00e9pet kapnak saj\u00e1t versenyhelyzet\u00fckr\u0151l, \u00e9s \u0151szinte k\u00e9pet form\u00e1lnak a vet\u00e9lyt\u00e1rsaik tulajdon\u00e1r\u00f3l.","longDescription":"Adott h\u00e1rom elad\u00f3 \u00e9s egy vev\u0151. Plusz a h\u00e1zigazda, a tapasztalt ingatlan\u00fcgyn\u00f6k: Sarah. A potenci\u00e1lis vev\u0151 \u00e9rkez\u00e9se el\u0151tt a h\u00e1rom lak\u00e1stulajdonos szemrev\u00e9telezheti riv\u00e1lisai lak\u00e1s\u00e1t, \u00edgy re\u00e1lisabb k\u00e9pet kapnak saj\u00e1t versenyhelyzet\u00fckr\u0151l, \u00e9s \u0151szinte k\u00e9pet form\u00e1lnak a vet\u00e9lyt\u00e1rsaik tulajdon\u00e1r\u00f3l.","languageCode":"hun","countryCode":"HU","deviceCode":"web","medium":"TV","categories":[{"id":"271090244349","title":"Show","scheme":"urn:tva:metadata:cs:UPCEventGenreCS:2009"}],"isAdult":false,"parentalRating":"12","cast":[],"directors":[],"images":[{"assetType":"boxart-large","assetTypes":["boxart-large"],"width":180,"height":260,"url":"https:\/\/wp15-images-hu-dynamic.horizon.tv\/HU\/Images\/bc_5ac3cef689c33005bf09dc6baed170d35800ce7d.jpg?w=180&h=260&mode=box"},{"assetType":"boxart-small","assetTypes":["boxart-small"],"width":75,"height":108,"url":"https:\/\/wp15-images-hu-dynamic.horizon.tv\/HU\/Images\/bc_5ac3cef689c33005bf09dc6baed170d35800ce7d.jpg?w=75&h=108&mode=box"},{"assetType":"tva-boxcover","assetTypes":["tva-boxcover"],"width":180,"height":260,"url":"https:\/\/wp15-images-hu-dynamic.horizon.tv\/HU\/Images\/bc_5ac3cef689c33005bf09dc6baed170d35800ce7d.jpg"},{"assetType":"boxart-xlarge","assetTypes":["boxart-xlarge"],"width":210,"height":303,"url":"https:\/\/wp15-images-hu-dynamic.horizon.tv\/HU\/Images\/bc_5ac3cef689c33005bf09dc6baed170d35800ce7d.jpg?w=210&h=303&mode=box"},{"assetType":"boxart-medium","assetTypes":["boxart-medium"],"width":110,"height":159,"url":"https:\/\/wp15-images-hu-dynamic.horizon.tv\/HU\/Images\/bc_5ac3cef689c33005bf09dc6baed170d35800ce7d.jpg?w=110&h=159&mode=box"}],"mediaGroupId":"crid:~~2F~~2Fport.hu~~2F68120649","shortDescription":"A potenci\u00e1lis vev\u0151 \u00e9rkez\u00e9se el\u0151tt h\u00e1rom lak\u00e1stulajdonos szemrev\u00e9telezheti riv\u00e1lisai lak\u00e1s\u00e1t, \u00edgy re\u00e1lisabb k\u00e9pet kapnak saj\u00e1t versenyhelyzet\u00fckr\u0151l.","mediaType":"Episode","year":"2012","isReplayTv":false,"seriesEpisodeNumber":"1805052220","seriesNumber":"1805052120","videoStreams":[],"airDate":1325376000000,"entitlements":["VIP","_OPEN_"],"currentProductIds":[],"currentTvodProductIds":[]},"parentId":"crid:~~2F~~2Fport.hu~~2F68120649","rootId":"crid:~~2F~~2Fport.hu~~2F68120649"}