{"id":"crid:~~2F~~2Fport.hu~~2F86196292-imi:00100000005D9D2E","countryCode":"HU","languageCode":"hun","deviceCode":"web","startTime":1525457700000,"endTime":1525460400000,"stationId":"826989607217","imi":"imi:00100000005D9D2E","mediaGroupId":"crid:~~2F~~2Fport.hu~~2F17192493","program":{"id":"crid:~~2F~~2Fport.hu~~2F86196292","title":"Az indiai orvos","description":"(II.\/4) Egy \u00e9v telt el az\u00f3ta, hogy Dr. Prem Sharma, az Indi\u00e1b\u00f3l j\u00f6tt orvos feles\u00e9g\u00e9vel letelepedett egy walesi kis b\u00e1ny\u00e1szfaluban, ahol a kultur\u00e1lis ellent\u00e9tekb\u0151l hamarosan \u00e9letre sz\u00f3l\u00f3 bar\u00e1ts\u00e1gok lettek ebben a sok-sok b\u00e1jjal, \u00e9rzelemmel \u00e9s humorral teli brit sorozatban, melynek m\u00e1sodik \u00e9vad\u00e1ban a helyi szok\u00e1sokkal m\u00e1r megbar\u00e1tkozott Prem \u00fajabb probl\u00e9m\u00e1k el\u00e9 n\u00e9z. Todd azon kapja Dafyddet, hogy Verity-vel cs\u00f3kol\u00f3zik, mire kidobja a f\u00e9rfit. Nem sokkal k\u00e9s\u0151bb Dafydden felt\u0171nnek a betegs\u00e9g t\u00fcnetei. A helyb\u00e9liek t\u00f6bbs\u00e9ge tov\u00e1bbra is megtagadja az olt\u00e1st, \u00e9s ebben az se akad\u00e1lyozza meg \u0151ket, hogy a falu k\u00e9szletei lassan kimer\u00fclni l\u00e1tszanak. Megan \u00e9s Emlyn seg\u00edtenek Kamininek az ut\u00e1np\u00f3tl\u00e1s beszerz\u00e9s\u00e9ben, \u00e9s k\u00f6zben egyre k\u00f6zelebb ker\u00fclnek egym\u00e1shoz. Dafydd feles\u00e9ge, Mary Permhez siet megbetegedett csecsem\u0151j\u00e9vel, de m\u00e1r k\u00e9s\u0151: a b\u00e9bi elhal\u00e1lozik, \u00e9s ez nem csak a sz\u00fcl\u0151ket, de Kaminit is nagyon megviseli, aki maga is kor\u00e1n vesz\u00edtette el gyermek\u00e9t. Pushpa hathat\u00f3s k\u00f6zbenj\u00e1r\u00e1s\u00e1ra a falusiak v\u00e9gre hajland\u00f3k beoltatni magukat, kiv\u00e9ve Toddot, a lelk\u00e9szt, aki elhajtja az orvost annak ellen\u00e9re, hogy m\u00e1r Verity is megbetegedett.","longDescription":"(II.\/4) Egy \u00e9v telt el az\u00f3ta, hogy Dr. Prem Sharma, az Indi\u00e1b\u00f3l j\u00f6tt orvos feles\u00e9g\u00e9vel letelepedett egy walesi kis b\u00e1ny\u00e1szfaluban, ahol a kultur\u00e1lis ellent\u00e9tekb\u0151l hamarosan \u00e9letre sz\u00f3l\u00f3 bar\u00e1ts\u00e1gok lettek ebben a sok-sok b\u00e1jjal, \u00e9rzelemmel \u00e9s humorral teli brit sorozatban, melynek m\u00e1sodik \u00e9vad\u00e1ban a helyi szok\u00e1sokkal m\u00e1r megbar\u00e1tkozott Prem \u00fajabb probl\u00e9m\u00e1k el\u00e9 n\u00e9z. Todd azon kapja Dafyddet, hogy Verity-vel cs\u00f3kol\u00f3zik, mire kidobja a f\u00e9rfit. Nem sokkal k\u00e9s\u0151bb Dafydden felt\u0171nnek a betegs\u00e9g t\u00fcnetei. A helyb\u00e9liek t\u00f6bbs\u00e9ge tov\u00e1bbra is megtagadja az olt\u00e1st, \u00e9s ebben az se akad\u00e1lyozza meg \u0151ket, hogy a falu k\u00e9szletei lassan kimer\u00fclni l\u00e1tszanak. Megan \u00e9s Emlyn seg\u00edtenek Kamininek az ut\u00e1np\u00f3tl\u00e1s beszerz\u00e9s\u00e9ben, \u00e9s k\u00f6zben egyre k\u00f6zelebb ker\u00fclnek egym\u00e1shoz. Dafydd feles\u00e9ge, Mary Permhez siet megbetegedett csecsem\u0151j\u00e9vel, de m\u00e1r k\u00e9s\u0151: a b\u00e9bi elhal\u00e1lozik, \u00e9s ez nem csak a sz\u00fcl\u0151ket, de Kaminit is nagyon megviseli, aki maga is kor\u00e1n vesz\u00edtette el gyermek\u00e9t. Pushpa hathat\u00f3s k\u00f6zbenj\u00e1r\u00e1s\u00e1ra a falusiak v\u00e9gre hajland\u00f3k beoltatni magukat, kiv\u00e9ve Toddot, a lelk\u00e9szt, aki elhajtja az orvost annak ellen\u00e9re, hogy m\u00e1r Verity is megbetegedett.","languageCode":"hun","countryCode":"HU","deviceCode":"web","medium":"Movie","categories":[{"id":"271090244337","title":"Filmdr\u00e1ma","scheme":"urn:tva:metadata:cs:UPCEventGenreCS:2009"}],"isAdult":false,"parentalRating":"12","cast":[],"directors":["Lee Haven-Jones"],"images":[{"assetType":"boxart-small","assetTypes":["boxart-small"],"width":75,"height":108,"url":"https:\/\/wp19-images-hu-dynamic.horizon.tv\/HU\/Images\/upcgenre_17.jpg?w=75&h=108&mode=box"},{"assetType":"tva-boxcover","assetTypes":["tva-boxcover"],"width":180,"height":260,"url":"https:\/\/wp19-images-hu-dynamic.horizon.tv\/HU\/Images\/upcgenre_17.jpg"},{"assetType":"boxart-large","assetTypes":["boxart-large"],"width":180,"height":260,"url":"https:\/\/wp19-images-hu-dynamic.horizon.tv\/HU\/Images\/upcgenre_17.jpg?w=180&h=260&mode=box"},{"assetType":"boxart-xlarge","assetTypes":["boxart-xlarge"],"width":210,"height":303,"url":"https:\/\/wp19-images-hu-dynamic.horizon.tv\/HU\/Images\/upcgenre_17.jpg?w=210&h=303&mode=box"},{"assetType":"boxart-medium","assetTypes":["boxart-medium"],"width":110,"height":159,"url":"https:\/\/wp19-images-hu-dynamic.horizon.tv\/HU\/Images\/upcgenre_17.jpg?w=110&h=159&mode=box"}],"mediaGroupId":"crid:~~2F~~2Fport.hu~~2F17192493","secondaryTitle":"(II.\/4)","shortDescription":"(II.\/4) Egy \u00e9v telt el az\u00f3ta, hogy Dr. Prem Sharma, az Indi\u00e1b\u00f3l j\u00f6tt orvos feles\u00e9g\u00e9vel letelepedett egy walesi kis b\u00e1ny\u00e1szfaluban, ahol a kultur\u00e1lis ellent\u00e9tekb\u0151l hamarosan \u00e9letre sz\u00f3l\u00f3 bar\u00e1ts\u00e1gok...","mediaType":"FeatureFilm","year":"2010","isReplayTv":false,"seriesEpisodeNumber":"4","videoStreams":[],"airDate":1262304000000,"entitlements":["VIP","_OPEN_"],"currentProductIds":[],"currentTvodProductIds":[]},"parentId":"crid:~~2F~~2Fport.hu~~2F17192493","rootId":"crid:~~2F~~2Fport.hu~~2F17192493"}