{"id":"crid:~~2F~~2Fport.hu~~2F90322501-imi:00100000005D39B6","countryCode":"HU","languageCode":"hun","deviceCode":"web","startTime":1525516200000,"endTime":1525519800000,"stationId":"826989607132","imi":"imi:00100000005D39B6","mediaGroupId":"crid:~~2F~~2Fport.hu~~2F67510446","program":{"id":"crid:~~2F~~2Fport.hu~~2F90322501","title":"Labdar\u00fag\u00e1s","description":"The Movie of the El Cl\u00e1sico","longDescription":"The Movie of the El Cl\u00e1sico","languageCode":"hun","countryCode":"HU","deviceCode":"web","medium":"TV","categories":[{"id":"271090244353","title":"Sport","scheme":"urn:tva:metadata:cs:UPCEventGenreCS:2009"},{"id":"271090244359","title":"Labdar\u00fag\u00e1s","scheme":"urn:tva:metadata:cs:UPCEventGenreCS:2009"}],"isAdult":false,"parentalRating":"3","cast":[],"directors":[],"images":[{"assetType":"boxart-medium","assetTypes":["boxart-medium"],"width":110,"height":159,"url":"https:\/\/wp7-images-hu-dynamic.horizon.tv\/HU\/Images\/upcgenre_43.jpg?w=110&h=159&mode=box"},{"assetType":"boxart-xlarge","assetTypes":["boxart-xlarge"],"width":210,"height":303,"url":"https:\/\/wp7-images-hu-dynamic.horizon.tv\/HU\/Images\/upcgenre_43.jpg?w=210&h=303&mode=box"},{"assetType":"tva-boxcover","assetTypes":["tva-boxcover"],"width":180,"height":260,"url":"https:\/\/wp7-images-hu-dynamic.horizon.tv\/HU\/Images\/upcgenre_43.jpg"},{"assetType":"boxart-large","assetTypes":["boxart-large"],"width":180,"height":260,"url":"https:\/\/wp7-images-hu-dynamic.horizon.tv\/HU\/Images\/upcgenre_43.jpg?w=180&h=260&mode=box"},{"assetType":"boxart-small","assetTypes":["boxart-small"],"width":75,"height":108,"url":"https:\/\/wp7-images-hu-dynamic.horizon.tv\/HU\/Images\/upcgenre_43.jpg?w=75&h=108&mode=box"}],"mediaGroupId":"crid:~~2F~~2Fport.hu~~2F67510446","secondaryTitle":"The Movie of the El Cl\u00e1sico","shortDescription":"The Movie of the El Cl\u00e1sico","mediaType":"Episode","isReplayTv":false,"seriesEpisodeNumber":"1805051230","seriesNumber":"1805030915","videoStreams":[],"entitlements":["VIP","_OPEN_"],"currentProductIds":[],"currentTvodProductIds":[]},"parentId":"crid:~~2F~~2Fport.hu~~2F67510446","rootId":"crid:~~2F~~2Fport.hu~~2F67510446"}