{"id":"crid:~~2F~~2Fport.hu~~2F1501381-imi:00100000005D36A3","countryCode":"HU","languageCode":"hun","deviceCode":"web","startTime":1525546800000,"endTime":1525555200000,"stationId":"826989607218","imi":"imi:00100000005D36A3","mediaGroupId":"crid:~~2F~~2Fport.hu~~2F1501381","program":{"id":"crid:~~2F~~2Fport.hu~~2F1501381","title":"S.W.A.T. \u2013 K\u00fcl\u00f6nleges kommand\u00f3","description":"Brian \u00e9s Jim a rend\u0151rs\u00e9g elit osztag\u00e1nak a tagjait egy rosszul siker\u00fclt t\u00faszment\u0151 akci\u00f3 miatt felf\u00fcggesztik. Brian megs\u00e9rt\u0151dve t\u00e1vozik, m\u00edg Jim ink\u00e1bb v\u00e1llalja a megal\u00e1z\u00f3 lefokoz\u00e1st, csakhogy az egys\u00e9g k\u00f6zel\u00e9ben maradhasson. Az alkalom hamarosan el is j\u00f6n Hondo \u0151rmester szem\u00e9ly\u00e9ben, aki egy \u00fajonnan l\u00e9trehozott egys\u00e9ghez h\u00edvja.","longDescription":"Brian \u00e9s Jim a rend\u0151rs\u00e9g elit osztag\u00e1nak a tagjait egy rosszul siker\u00fclt t\u00faszment\u0151 akci\u00f3 miatt felf\u00fcggesztik. Brian megs\u00e9rt\u0151dve t\u00e1vozik, m\u00edg Jim ink\u00e1bb v\u00e1llalja a megal\u00e1z\u00f3 lefokoz\u00e1st, csakhogy az egys\u00e9g k\u00f6zel\u00e9ben maradhasson. Az alkalom hamarosan el is j\u00f6n Hondo \u0151rmester szem\u00e9ly\u00e9ben, aki egy \u00fajonnan l\u00e9trehozott egys\u00e9ghez h\u00edvja.","languageCode":"hun","countryCode":"HU","deviceCode":"web","medium":"Movie","categories":[{"id":"271090244338","title":"Akci\u00f3","scheme":"urn:tva:metadata:cs:UPCEventGenreCS:2009"}],"isAdult":false,"parentalRating":"15","cast":["Colin Farrell","Samuel L. Jackson","Jeremy Renner","Larry Poindexter","LL Cool J.","Michelle Rodriguez","Olivier Martinez","Josh Charles","Domenick Lombardozzi"],"directors":["Clark Johnson"],"images":[{"assetType":"boxart-small","assetTypes":["boxart-small"],"width":75,"height":108,"url":"https:\/\/wp19-images-hu-dynamic.horizon.tv\/HU\/Images\/bc_14c0dfcf3bc75a3a726316b5a24b542a60927a66.jpg?w=75&h=108&mode=box"},{"assetType":"tva-boxcover","assetTypes":["tva-boxcover"],"width":180,"height":260,"url":"https:\/\/wp19-images-hu-dynamic.horizon.tv\/HU\/Images\/bc_14c0dfcf3bc75a3a726316b5a24b542a60927a66.jpg"},{"assetType":"boxart-xlarge","assetTypes":["boxart-xlarge"],"width":210,"height":303,"url":"https:\/\/wp19-images-hu-dynamic.horizon.tv\/HU\/Images\/bc_14c0dfcf3bc75a3a726316b5a24b542a60927a66.jpg?w=210&h=303&mode=box"},{"assetType":"boxart-large","assetTypes":["boxart-large"],"width":180,"height":260,"url":"https:\/\/wp19-images-hu-dynamic.horizon.tv\/HU\/Images\/bc_14c0dfcf3bc75a3a726316b5a24b542a60927a66.jpg?w=180&h=260&mode=box"},{"assetType":"boxart-medium","assetTypes":["boxart-medium"],"width":110,"height":159,"url":"https:\/\/wp19-images-hu-dynamic.horizon.tv\/HU\/Images\/bc_14c0dfcf3bc75a3a726316b5a24b542a60927a66.jpg?w=110&h=159&mode=box"}],"mediaGroupId":"crid:~~2F~~2Fport.hu~~2F1501381","shortDescription":"A S.W.A.T. kezeli a legvesz\u00e9lyesebb \u00fcgyeket: t\u00faszokat szabad\u00edtanak ki, \u00e9s sokszor a siker \u00e9rdek\u00e9ben n\u00e9ha \u00f6nhatalm\u00falag a szab\u00e1lyzatot is \u00e1t kell h\u00e1gniuk. Egyszer azonban az egyik t\u00fasz megsebes\u00fcl.","mediaType":"FeatureFilm","year":"2003","isReplayTv":true,"videoStreams":[],"airDate":1041379200000,"entitlements":["VIP","_OPEN_"],"currentProductIds":[],"currentTvodProductIds":[]},"parentId":"crid:~~2F~~2Fport.hu~~2F1501381","rootId":"crid:~~2F~~2Fport.hu~~2F1501381"}