{"id":"crid:~~2F~~2Fport.hu~~2F67431144-imi:00100000005DA7EB","countryCode":"HU","languageCode":"hun","deviceCode":"web","startTime":1525564800000,"endTime":1525568400000,"stationId":"826989607215","imi":"imi:00100000005DA7EB","mediaGroupId":"crid:~~2F~~2Fport.hu~~2F67430896","program":{"id":"crid:~~2F~~2Fport.hu~~2F67431144","title":"A kvantumfizikai titkai","description":"A kvantumelm\u00e9let nagy k\u00e9rd\u00e9se: vajon a val\u00f3s\u00e1g t\u00e9nyleg l\u00e9tezik, vagy a megfigyel\u00e9s \u00e1ltal hozzuk l\u00e9tre?","longDescription":"A kvantumelm\u00e9let nagy k\u00e9rd\u00e9se: vajon a val\u00f3s\u00e1g t\u00e9nyleg l\u00e9tezik, vagy a megfigyel\u00e9s \u00e1ltal hozzuk l\u00e9tre?","languageCode":"hun","countryCode":"HU","deviceCode":"web","medium":"TV","categories":[{"id":"271090244398","title":"T\u00e1rsadalmi\/Politikai","scheme":"urn:tva:metadata:cs:UPCEventGenreCS:2009"}],"isAdult":false,"parentalRating":"18","cast":[],"directors":[],"images":[{"assetType":"boxart-large","assetTypes":["boxart-large"],"width":180,"height":260,"url":"https:\/\/wp9-images-hu-dynamic.horizon.tv\/HU\/Images\/upcgenre_80.jpg?w=180&h=260&mode=box"},{"assetType":"tva-boxcover","assetTypes":["tva-boxcover"],"width":180,"height":260,"url":"https:\/\/wp9-images-hu-dynamic.horizon.tv\/HU\/Images\/upcgenre_80.jpg"},{"assetType":"boxart-xlarge","assetTypes":["boxart-xlarge"],"width":210,"height":303,"url":"https:\/\/wp9-images-hu-dynamic.horizon.tv\/HU\/Images\/upcgenre_80.jpg?w=210&h=303&mode=box"},{"assetType":"boxart-small","assetTypes":["boxart-small"],"width":75,"height":108,"url":"https:\/\/wp9-images-hu-dynamic.horizon.tv\/HU\/Images\/upcgenre_80.jpg?w=75&h=108&mode=box"},{"assetType":"boxart-medium","assetTypes":["boxart-medium"],"width":110,"height":159,"url":"https:\/\/wp9-images-hu-dynamic.horizon.tv\/HU\/Images\/upcgenre_80.jpg?w=110&h=159&mode=box"},{"assetType":"HighResLandscape","assetTypes":["HighResLandscape"],"url":"https:\/\/wp13-images-hu-dynamic.horizon.tv\/HU\/Images\/hrl_1136c44032e645bbccd96c524be780e423847352.jpg"}],"mediaGroupId":"crid:~~2F~~2Fport.hu~~2F67430896","secondaryTitle":"Einstein r\u00e9m\u00e1lma","shortDescription":"A kvantumelm\u00e9let nagy k\u00e9rd\u00e9se: vajon a val\u00f3s\u00e1g t\u00e9nyleg l\u00e9tezik, vagy a megfigyel\u00e9s \u00e1ltal hozzuk l\u00e9tre?","mediaType":"Episode","isReplayTv":false,"seriesEpisodeNumber":"1805052200","seriesNumber":"1805052200","videoStreams":[],"entitlements":["VIP","_OPEN_"],"currentProductIds":[],"currentTvodProductIds":[]},"parentId":"crid:~~2F~~2Fport.hu~~2F67430896","rootId":"crid:~~2F~~2Fport.hu~~2F67430896"}