{"id":"crid:~~2F~~2Fport.hu~~2F1242370-imi:00100000005D49BD","countryCode":"HU","languageCode":"hun","deviceCode":"web","startTime":1525502100000,"endTime":1525510500000,"stationId":"826989607188","imi":"imi:00100000005D49BD","mediaGroupId":"crid:~~2F~~2Fport.hu~~2F1242370","program":{"id":"crid:~~2F~~2Fport.hu~~2F1242370","title":"Mystery Men \u2013 K\u00fcl\u00f6nleges h\u0151s\u00f6k","description":"Amerika legfur\u00e1bb k\u00e9preg\u00e9nyfigur\u00e1i v\u00e9gre \u00e9letre kelnek... Champion City dolgos emberek v\u00e1rosa. Sajnos a b\u0171n\u00f6z\u00e9st siker\u00fclt szinte teljesen felsz\u00e1molni! Az egyetlen szuperh\u0151s elvesz\u00edtheti mez\u00e9t d\u00edsz\u00edt\u0151 szponzorait, ha nem mutat fel valami aktivit\u00e1st. Kiszabad\u00edtja hal\u00e1los ellens\u00e9g\u00e9t az elmegy\u00f3gyint\u00e9zetb\u0151l. Casanova Frankenstein term\u00e9szetesen f\u00f6ldig akarja rombolni a v\u00e1rost. Nem sz\u00e1molt azonban a t\u00e1voll\u00e9te k\u00f6zben kialakult titkos t\u00e1rsas\u00e1gr\u00f3l, akik nappal dolgoznak, \u00e9jjel viszont j\u00e1rj\u00e1k a v\u00e1rost izgalmakra vad\u00e1szva. H\u00e9t szedett-vedett h\u0151s: a lap\u00e1tos ember, a kan\u00e1lhajl\u00edtgat\u00f3, a tekegoly\u00f3-dob\u00e1l\u00e1s virtu\u00f3z h\u00f6lgye \u00e9s a t\u00f6bbiek, Champion City megment\u0151i.","longDescription":"Amerika legfur\u00e1bb k\u00e9preg\u00e9nyfigur\u00e1i v\u00e9gre \u00e9letre kelnek... Champion City dolgos emberek v\u00e1rosa. Sajnos a b\u0171n\u00f6z\u00e9st siker\u00fclt szinte teljesen felsz\u00e1molni! Az egyetlen szuperh\u0151s elvesz\u00edtheti mez\u00e9t d\u00edsz\u00edt\u0151 szponzorait, ha nem mutat fel valami aktivit\u00e1st. Kiszabad\u00edtja hal\u00e1los ellens\u00e9g\u00e9t az elmegy\u00f3gyint\u00e9zetb\u0151l. Casanova Frankenstein term\u00e9szetesen f\u00f6ldig akarja rombolni a v\u00e1rost. Nem sz\u00e1molt azonban a t\u00e1voll\u00e9te k\u00f6zben kialakult titkos t\u00e1rsas\u00e1gr\u00f3l, akik nappal dolgoznak, \u00e9jjel viszont j\u00e1rj\u00e1k a v\u00e1rost izgalmakra vad\u00e1szva. H\u00e9t szedett-vedett h\u0151s: a lap\u00e1tos ember, a kan\u00e1lhajl\u00edtgat\u00f3, a tekegoly\u00f3-dob\u00e1l\u00e1s virtu\u00f3z h\u00f6lgye \u00e9s a t\u00f6bbiek, Champion City megment\u0151i.","languageCode":"hun","countryCode":"HU","deviceCode":"web","medium":"Movie","categories":[{"id":"271090244334","title":"Kom\u00e9dia\/Filmv\u00edgj\u00e1t\u00e9k","scheme":"urn:tva:metadata:cs:UPCEventGenreCS:2009"}],"isAdult":false,"parentalRating":"12","cast":["Hank Azaria","Geoffrey Rush","Claire Forlani","Janeane Garofalo","Greg Kinnear","William H. Macy","Ben Stiller","Pras","Tom Waits","Paul Reubens","Eddie Izzard"],"directors":["Kinka Usher"],"images":[{"assetType":"boxart-large","assetTypes":["boxart-large"],"width":180,"height":260,"url":"https:\/\/wp15-images-hu-dynamic.horizon.tv\/HU\/Images\/bc_694d5cdfbf9814f1baf4862a2b4a909ee1c84eaf.jpg?w=180&h=260&mode=box"},{"assetType":"boxart-small","assetTypes":["boxart-small"],"width":75,"height":108,"url":"https:\/\/wp15-images-hu-dynamic.horizon.tv\/HU\/Images\/bc_694d5cdfbf9814f1baf4862a2b4a909ee1c84eaf.jpg?w=75&h=108&mode=box"},{"assetType":"boxart-medium","assetTypes":["boxart-medium"],"width":110,"height":159,"url":"https:\/\/wp15-images-hu-dynamic.horizon.tv\/HU\/Images\/bc_694d5cdfbf9814f1baf4862a2b4a909ee1c84eaf.jpg?w=110&h=159&mode=box"},{"assetType":"tva-boxcover","assetTypes":["tva-boxcover"],"width":180,"height":260,"url":"https:\/\/wp15-images-hu-dynamic.horizon.tv\/HU\/Images\/bc_694d5cdfbf9814f1baf4862a2b4a909ee1c84eaf.jpg"},{"assetType":"boxart-xlarge","assetTypes":["boxart-xlarge"],"width":210,"height":303,"url":"https:\/\/wp15-images-hu-dynamic.horizon.tv\/HU\/Images\/bc_694d5cdfbf9814f1baf4862a2b4a909ee1c84eaf.jpg?w=210&h=303&mode=box"},{"assetType":"HighResLandscape","assetTypes":["HighResLandscape"],"url":"https:\/\/wp1-images-hu-dynamic.horizon.tv\/HU\/Images\/hrl_e68beaf5b8330db32a04b859be940a3c189eed8a.jpg"}],"mediaGroupId":"crid:~~2F~~2Fport.hu~~2F1242370","shortDescription":"Champion City dolgos emberek v\u00e1rosa, ahol a b\u0171n\u00f6z\u00e9st siker\u00fclt teljesen felsz\u00e1molni. Az egyetlen szuperh\u0151s elvesz\u00edtheti \"munk\u00e1j\u00e1t\", ha nem mutat fel valami aktivit\u00e1st: kiszabad\u00edtja hal\u00e1los ellens\u00e9g\u00e9t.","mediaType":"FeatureFilm","year":"1999","isReplayTv":true,"videoStreams":[],"airDate":915148800000,"entitlements":["VIP","_OPEN_"],"currentProductIds":[],"currentTvodProductIds":[]},"parentId":"crid:~~2F~~2Fport.hu~~2F1242370","rootId":"crid:~~2F~~2Fport.hu~~2F1242370"}