{"id":"crid:~~2F~~2Fport.hu~~2F64765145-imi:00100000005D283E","countryCode":"HU","languageCode":"hun","deviceCode":"web","startTime":1525406400000,"endTime":1525412400000,"stationId":"826989607135","imi":"imi:00100000005D283E","mediaGroupId":"crid:~~2F~~2Fport.hu~~2F64765145","program":{"id":"crid:~~2F~~2Fport.hu~~2F64765145","title":"Gyakorlati apak\u00e9pz\u00e9s","description":"Antoine azzal szembes\u00fcl, hogy a t\u00edz\u00e9ves h\u00e1zass\u00e1ga t\u00f6nkrement, a feles\u00e9ge beadta a v\u00e1l\u00f3keresetet. R\u00e1ad\u00e1sul a negyven\u00e9ves, egoista \u00e9s el\u00e9gedetlenked\u0151 f\u00e9rfinak a k\u00e9t kisl\u00e1ny\u00e1val is foglalkoznia kell. V\u00e9g\u00fcl r\u00e1j\u00f6n, mit jelent ap\u00e1nak lenni.","longDescription":"Antoine azzal szembes\u00fcl, hogy a t\u00edz\u00e9ves h\u00e1zass\u00e1ga t\u00f6nkrement, a feles\u00e9ge beadta a v\u00e1l\u00f3keresetet. R\u00e1ad\u00e1sul a negyven\u00e9ves, egoista \u00e9s el\u00e9gedetlenked\u0151 f\u00e9rfinak a k\u00e9t kisl\u00e1ny\u00e1val is foglalkoznia kell. V\u00e9g\u00fcl r\u00e1j\u00f6n, mit jelent ap\u00e1nak lenni.","languageCode":"hun","countryCode":"HU","deviceCode":"web","medium":"Movie","categories":[{"id":"271090244334","title":"Kom\u00e9dia\/Filmv\u00edgj\u00e1t\u00e9k","scheme":"urn:tva:metadata:cs:UPCEventGenreCS:2009"}],"isAdult":false,"parentalRating":"12","cast":["Manu Payet","Audrey Lamy","Aure Atika","Pascal Demolon","Bruno Clairefond","Joe BeL","Rafa\u00e8le Gelblat","Vanessa Guide","Ja\u00efa Caltagirone","Alix Poisson","Antoine de Caunes","Sophie Cattani","Alexis Michalik","Nicky Marbot","Swen-Love Benfares-Gueye","Victoria Olloqui","Amandine Maugy","J\u00e9r\u00f4me Benilouz","Xavier Bazin","Matthew Gonder","Ang\u00e9lique Pleau","Marco Panzani","Alexandra Bouglione","Olivier Galfione","Hubert Motteau","Nicolas Fromageau","Anne Beno\u00eet","Giani Lopes","Caroline Anglade","Miglen Mirtchev"],"directors":["Cyril Gelblat"],"images":[{"assetType":"tva-boxcover","assetTypes":["tva-boxcover"],"width":180,"height":260,"url":"https:\/\/wp14-images-hu-dynamic.horizon.tv\/HU\/Images\/bc_329695d78213cc1adaef2d7eb0de9788e990ec59.jpg"},{"assetType":"boxart-small","assetTypes":["boxart-small"],"width":75,"height":108,"url":"https:\/\/wp14-images-hu-dynamic.horizon.tv\/HU\/Images\/bc_329695d78213cc1adaef2d7eb0de9788e990ec59.jpg?w=75&h=108&mode=box"},{"assetType":"boxart-xlarge","assetTypes":["boxart-xlarge"],"width":210,"height":303,"url":"https:\/\/wp14-images-hu-dynamic.horizon.tv\/HU\/Images\/bc_329695d78213cc1adaef2d7eb0de9788e990ec59.jpg?w=210&h=303&mode=box"},{"assetType":"boxart-medium","assetTypes":["boxart-medium"],"width":110,"height":159,"url":"https:\/\/wp14-images-hu-dynamic.horizon.tv\/HU\/Images\/bc_329695d78213cc1adaef2d7eb0de9788e990ec59.jpg?w=110&h=159&mode=box"},{"assetType":"boxart-large","assetTypes":["boxart-large"],"width":180,"height":260,"url":"https:\/\/wp14-images-hu-dynamic.horizon.tv\/HU\/Images\/bc_329695d78213cc1adaef2d7eb0de9788e990ec59.jpg?w=180&h=260&mode=box"},{"assetType":"HighResLandscape","assetTypes":["HighResLandscape"],"url":"https:\/\/wp19-images-hu-dynamic.horizon.tv\/HU\/Images\/hrl_80a00f7010ade99f01f21360a1b12e50b5539c13.jpg"}],"mediaGroupId":"crid:~~2F~~2Fport.hu~~2F64765145","shortDescription":"Antoine azzal szembes\u00fcl, hogy a t\u00edz\u00e9ves h\u00e1zass\u00e1ga t\u00f6nkrement, a feles\u00e9ge beadta a v\u00e1l\u00f3keresetet. R\u00e1ad\u00e1sul a negyven\u00e9ves, egoista \u00e9s el\u00e9gedetlenked\u0151 f\u00e9rfinak a k\u00e9t kisl\u00e1ny\u00e1val is foglalkoznia kell....","mediaType":"FeatureFilm","year":"2015","duration":6000,"latestBroadcastStartTime":1525166700000,"latestBroadcastEndTime":1525172700000,"isReplayTv":true,"listingId":"crid:~~2F~~2Fport.hu~~2F64765145-imi:00100000005CDA73","videoStreams":[],"airDate":1420070400000,"entitlements":["crid:~~2F~~2Fupc.com~~2FReplayTV~~2FHBO2_ReplayTV","crid:~~2F~~2Fupc.com~~2FReplayTV~~2FHBO_ReplayTV","VIP","_OPEN_"],"currentProductIds":["crid:~~2F~~2Fupc.com~~2FReplayTV~~2FHBO2_ReplayTV","crid:~~2F~~2Fupc.com~~2FReplayTV~~2FHBO_ReplayTV"],"currentTvodProductIds":[]},"parentId":"crid:~~2F~~2Fport.hu~~2F64765145","rootId":"crid:~~2F~~2Fport.hu~~2F64765145"}