{"id":"crid:~~2F~~2Fport.hu~~2F91161674-imi:00100000005D63E3","countryCode":"HU","languageCode":"hun","deviceCode":"web","startTime":1525719300000,"endTime":1525722900000,"stationId":"826989607193","imi":"imi:00100000005D63E3","mediaGroupId":"crid:~~2F~~2Fport.hu~~2F83622732","program":{"id":"crid:~~2F~~2Fport.hu~~2F91161674","title":"Dr\u00e1ga csal\u00e1dom \u2013 Az Em\u00edlio Fam\u00edlia","description":"Zene","longDescription":"Zene","languageCode":"hun","countryCode":"HU","deviceCode":"web","medium":"TV","categories":[{"id":"271090244377","title":"Zene","scheme":"urn:tva:metadata:cs:UPCEventGenreCS:2009"}],"isAdult":false,"parentalRating":"12","cast":[],"directors":[],"images":[{"assetType":"boxart-large","assetTypes":["boxart-large"],"width":180,"height":260,"url":"https:\/\/wp20-images-hu-dynamic.horizon.tv\/HU\/Images\/upcgenre_60.jpg?w=180&h=260&mode=box"},{"assetType":"boxart-medium","assetTypes":["boxart-medium"],"width":110,"height":159,"url":"https:\/\/wp20-images-hu-dynamic.horizon.tv\/HU\/Images\/upcgenre_60.jpg?w=110&h=159&mode=box"},{"assetType":"boxart-small","assetTypes":["boxart-small"],"width":75,"height":108,"url":"https:\/\/wp20-images-hu-dynamic.horizon.tv\/HU\/Images\/upcgenre_60.jpg?w=75&h=108&mode=box"},{"assetType":"tva-boxcover","assetTypes":["tva-boxcover"],"width":180,"height":260,"url":"https:\/\/wp20-images-hu-dynamic.horizon.tv\/HU\/Images\/upcgenre_60.jpg"},{"assetType":"boxart-xlarge","assetTypes":["boxart-xlarge"],"width":210,"height":303,"url":"https:\/\/wp20-images-hu-dynamic.horizon.tv\/HU\/Images\/upcgenre_60.jpg?w=210&h=303&mode=box"}],"mediaGroupId":"crid:~~2F~~2Fport.hu~~2F83622732","shortDescription":"Zene","mediaType":"Episode","isReplayTv":false,"seriesEpisodeNumber":"1805072055","seriesNumber":"1805112055","videoStreams":[],"entitlements":["VIP","_OPEN_"],"currentProductIds":[],"currentTvodProductIds":[]},"parentId":"crid:~~2F~~2Fport.hu~~2F83622732","rootId":"crid:~~2F~~2Fport.hu~~2F83622732"}