{"id":"crid:~~2F~~2Fport.hu~~2F67622986-imi:00100000005D5831","countryCode":"HU","languageCode":"hun","deviceCode":"web","startTime":1525666500000,"endTime":1525670400000,"stationId":"826989607159","imi":"imi:00100000005D5831","mediaGroupId":"crid:~~2F~~2Fport.hu~~2F2772945","program":{"id":"crid:~~2F~~2Fport.hu~~2F67622986","title":"Titkok h\u00eddja","description":"(55) A sorozat a 20. sz\u00e1zad elej\u00e9n j\u00e1tsz\u00f3dik Spanyolorsz\u00e1gban. A t\u00f6rt\u00e9net Pepa, a b\u00e1ba sors\u00e1t mes\u00e9li el, egy rendk\u00edv\u00fcli n\u0151\u00e9t, aki az\u00e9rt harcol, hogy megtal\u00e1lja gyermek\u00e9t, akit elloptak t\u0151le sz\u00fclet\u00e9sekor, \u00e9s hogy megtal\u00e1lja az igaz szerelmet.Pepa Balmes egy fiatal, hat\u00e1rozott \u00e9s f\u00fcggetlen b\u00e1ba, aki gy\u0171l\u00f6li a f\u00e9rfiakat, ami\u00f3ta egy gazdag csal\u00e1dn\u00e1l dolgozott, \u00e9s a csal\u00e1df\u0151 hamis \u00edg\u00e9ret\u00e9vel, hogy \u00f6r\u00f6kk\u00e9 szeretni fogja, elcs\u00e1b\u00edtotta, majd teherbe ejtette, \u00e1m az \u00edg\u00e9ret helyett elhagyta \u00e9s elvette t\u0151le gyermek\u00e9t.\u00datban a falu fel\u00e9 Pepa tal\u00e1lkozik Francisca Montenegr\u00f3val, a befoly\u00e1sos n\u0151vel, aki felveszi \u0151t, hogy vigy\u00e1zzon egy v\u00e1rand\u00f3s n\u0151re, \u00e9s a beteg meny\u00e9re, Angustiasra a h\u00e1z\u00e1ban. Ahogy el\u00e9rn\u00e9k a h\u00e1zat Pepa tal\u00e1lkozik Trist\u00e1nnal, a vonz\u00f3 katon\u00e1val, aki a h\u00e1bor\u00fab\u00f3l t\u00e9rt haza. A f\u00e9rfit teljesen elb\u0171v\u00f6li a fiatal n\u0151. B\u00fcszkes\u00e9ge \u00e9s a f\u00e9rfiak ir\u00e1nti neheztel\u00e9se miatt Pepa el\u0151sz\u00f6r t\u00e1vol tartja mag\u00e1t t\u0151le, de a vonzalom, amit egym\u00e1s ir\u00e1nt \u00e9reznek, nyilv\u00e1nval\u00f3.","longDescription":"(55) A sorozat a 20. sz\u00e1zad elej\u00e9n j\u00e1tsz\u00f3dik Spanyolorsz\u00e1gban. A t\u00f6rt\u00e9net Pepa, a b\u00e1ba sors\u00e1t mes\u00e9li el, egy rendk\u00edv\u00fcli n\u0151\u00e9t, aki az\u00e9rt harcol, hogy megtal\u00e1lja gyermek\u00e9t, akit elloptak t\u0151le sz\u00fclet\u00e9sekor, \u00e9s hogy megtal\u00e1lja az igaz szerelmet.Pepa Balmes egy fiatal, hat\u00e1rozott \u00e9s f\u00fcggetlen b\u00e1ba, aki gy\u0171l\u00f6li a f\u00e9rfiakat, ami\u00f3ta egy gazdag csal\u00e1dn\u00e1l dolgozott, \u00e9s a csal\u00e1df\u0151 hamis \u00edg\u00e9ret\u00e9vel, hogy \u00f6r\u00f6kk\u00e9 szeretni fogja, elcs\u00e1b\u00edtotta, majd teherbe ejtette, \u00e1m az \u00edg\u00e9ret helyett elhagyta \u00e9s elvette t\u0151le gyermek\u00e9t.\u00datban a falu fel\u00e9 Pepa tal\u00e1lkozik Francisca Montenegr\u00f3val, a befoly\u00e1sos n\u0151vel, aki felveszi \u0151t, hogy vigy\u00e1zzon egy v\u00e1rand\u00f3s n\u0151re, \u00e9s a beteg meny\u00e9re, Angustiasra a h\u00e1z\u00e1ban. Ahogy el\u00e9rn\u00e9k a h\u00e1zat Pepa tal\u00e1lkozik Trist\u00e1nnal, a vonz\u00f3 katon\u00e1val, aki a h\u00e1bor\u00fab\u00f3l t\u00e9rt haza. A f\u00e9rfit teljesen elb\u0171v\u00f6li a fiatal n\u0151. B\u00fcszkes\u00e9ge \u00e9s a f\u00e9rfiak ir\u00e1nti neheztel\u00e9se miatt Pepa el\u0151sz\u00f6r t\u00e1vol tartja mag\u00e1t t\u0151le, de a vonzalom, amit egym\u00e1s ir\u00e1nt \u00e9reznek, nyilv\u00e1nval\u00f3.","languageCode":"hun","countryCode":"HU","deviceCode":"web","medium":"TV","categories":[{"id":"271090244428","title":"Dr\u00e1ma","scheme":"urn:tva:metadata:cs:UPCEventGenreCS:2009"}],"isAdult":false,"parentalRating":"12","cast":["Megan Montaner","Alejandra Onieva","Mar\u00eda Bouzas","Sandra Cervera","Maribel Ripoll","\u00c1lex Gadea","Mario Mart\u00edn","Ram\u00f3n Ibarra"],"directors":["Luis Santamar\u00eda","Pablo Guerrero","Inma Torrente","Alberto Pernet","David Montoya","Pedro Mart\u00ednez Cifuentes"],"images":[{"assetType":"tva-boxcover","assetTypes":["tva-boxcover"],"width":180,"height":260,"url":"https:\/\/wp25-images-hu-dynamic.horizon.tv\/HU\/Images\/bc_c6c1b2f42094abd5030b1c3c8a7f5c264285db4e.jpg"},{"assetType":"boxart-small","assetTypes":["boxart-small"],"width":75,"height":108,"url":"https:\/\/wp25-images-hu-dynamic.horizon.tv\/HU\/Images\/bc_c6c1b2f42094abd5030b1c3c8a7f5c264285db4e.jpg?w=75&h=108&mode=box"},{"assetType":"boxart-xlarge","assetTypes":["boxart-xlarge"],"width":210,"height":303,"url":"https:\/\/wp25-images-hu-dynamic.horizon.tv\/HU\/Images\/bc_c6c1b2f42094abd5030b1c3c8a7f5c264285db4e.jpg?w=210&h=303&mode=box"},{"assetType":"boxart-large","assetTypes":["boxart-large"],"width":180,"height":260,"url":"https:\/\/wp25-images-hu-dynamic.horizon.tv\/HU\/Images\/bc_c6c1b2f42094abd5030b1c3c8a7f5c264285db4e.jpg?w=180&h=260&mode=box"},{"assetType":"boxart-medium","assetTypes":["boxart-medium"],"width":110,"height":159,"url":"https:\/\/wp25-images-hu-dynamic.horizon.tv\/HU\/Images\/bc_c6c1b2f42094abd5030b1c3c8a7f5c264285db4e.jpg?w=110&h=159&mode=box"},{"assetType":"HighResPortrait","assetTypes":["HighResPortrait"],"url":"https:\/\/wp1-images-hu-dynamic.horizon.tv\/HU\/Images\/hrp_3f72dba655adb821f9d7eedc3f2609882a7b3ef6.jpg"},{"assetType":"HighResLandscape","assetTypes":["HighResLandscape"],"url":"https:\/\/wp1-images-hu-dynamic.horizon.tv\/HU\/Images\/hrl_621dfec06aa9eecbfa8098a0eefed987dd7c960c.jpg"}],"mediaGroupId":"crid:~~2F~~2Fport.hu~~2F2772945","secondaryTitle":"(55)","shortDescription":"A sorozat a 20. sz\u00e1zad elej\u00e9n j\u00e1tsz\u00f3dik Spanyolorsz\u00e1gban. A t\u00f6rt\u00e9net Pepa, a b\u00e1ba sors\u00e1t mes\u00e9li el, egy rendk\u00edv\u00fcli n\u0151\u00e9t, aki az\u00e9rt harcol, hogy megtal\u00e1lja gyermek\u00e9t, akit elloptak t\u0151le sz\u00fclet\u00e9sekor.","mediaType":"Episode","year":"2011","duration":3600,"latestBroadcastStartTime":1525475400000,"latestBroadcastEndTime":1525479000000,"isReplayTv":true,"listingId":"crid:~~2F~~2Fport.hu~~2F67622986-imi:00100000005D2047","seriesEpisodeNumber":"55","seriesNumber":"1805110615","videoStreams":[],"airDate":1293840000000,"entitlements":["crid:~~2F~~2Fupc.com~~2FReplayTV~~2FStory5_ReplayTV","VIP","_OPEN_"],"currentProductIds":["crid:~~2F~~2Fupc.com~~2FReplayTV~~2FStory5_ReplayTV"],"currentTvodProductIds":[]},"parentId":"crid:~~2F~~2Fport.hu~~2F2772945","rootId":"crid:~~2F~~2Fport.hu~~2F2772945"}