{"id":"crid:~~2F~~2Fport.hu~~2F72349817-imi:00100000005D42F0","countryCode":"HU","languageCode":"hun","deviceCode":"web","startTime":1525599000000,"endTime":1525599900000,"stationId":"826989607229","imi":"imi:00100000005D42F0","mediaGroupId":"crid:~~2F~~2Fport.hu~~2F31951676","program":{"id":"crid:~~2F~~2Fport.hu~~2F72349817","title":"Buck\u00f3","description":"(20) Milli\u00f3 csillag k\u00f6z\u00f6tt van egy kisbolyg\u00f3, Okidoki. Ezen a var\u00e1zslatos bolyg\u00f3n \u00e9l a bar\u00e1ts\u00e1gos kis f\u00f6ld\u00f6nk\u00edv\u00fcli Buck\u00f3, aki bar\u00e1taival Hopszival, Grubival, Edivel, Sztell\u00e1val, R\u00e1jjal, Kom-A-val \u00e9s Tata bolyg\u00f3val vid\u00e1m kalandokat \u00e9l \u00e1t. Tartsatok vel\u00fck!","longDescription":"(20) Milli\u00f3 csillag k\u00f6z\u00f6tt van egy kisbolyg\u00f3, Okidoki. Ezen a var\u00e1zslatos bolyg\u00f3n \u00e9l a bar\u00e1ts\u00e1gos kis f\u00f6ld\u00f6nk\u00edv\u00fcli Buck\u00f3, aki bar\u00e1taival Hopszival, Grubival, Edivel, Sztell\u00e1val, R\u00e1jjal, Kom-A-val \u00e9s Tata bolyg\u00f3val vid\u00e1m kalandokat \u00e9l \u00e1t. Tartsatok vel\u00fck!","languageCode":"hun","countryCode":"HU","deviceCode":"web","medium":"TV","categories":[{"id":"271090244371","title":"Gyermek\/Ifj\u00fas\u00e1gi","scheme":"urn:tva:metadata:cs:UPCEventGenreCS:2009"},{"id":"271090244376","title":"Rajzfilm","scheme":"urn:tva:metadata:cs:UPCEventGenreCS:2009"}],"isAdult":false,"parentalRating":"3","cast":[],"directors":["Adam Shaw"],"images":[{"assetType":"boxart-small","assetTypes":["boxart-small"],"width":75,"height":108,"url":"https:\/\/wp2-images-hu-dynamic.horizon.tv\/HU\/Images\/upcgenre_55.jpg?w=75&h=108&mode=box"},{"assetType":"boxart-medium","assetTypes":["boxart-medium"],"width":110,"height":159,"url":"https:\/\/wp2-images-hu-dynamic.horizon.tv\/HU\/Images\/upcgenre_55.jpg?w=110&h=159&mode=box"},{"assetType":"boxart-large","assetTypes":["boxart-large"],"width":180,"height":260,"url":"https:\/\/wp2-images-hu-dynamic.horizon.tv\/HU\/Images\/upcgenre_55.jpg?w=180&h=260&mode=box"},{"assetType":"boxart-xlarge","assetTypes":["boxart-xlarge"],"width":210,"height":303,"url":"https:\/\/wp2-images-hu-dynamic.horizon.tv\/HU\/Images\/upcgenre_55.jpg?w=210&h=303&mode=box"},{"assetType":"tva-boxcover","assetTypes":["tva-boxcover"],"width":180,"height":260,"url":"https:\/\/wp2-images-hu-dynamic.horizon.tv\/HU\/Images\/upcgenre_55.jpg"},{"assetType":"HighResLandscape","assetTypes":["HighResLandscape"],"url":"https:\/\/wp2-images-hu-dynamic.horizon.tv\/HU\/Images\/hrl_057151779e49cbdf0f0853cd47c88be3038bc1ec.jpg"}],"mediaGroupId":"crid:~~2F~~2Fport.hu~~2F31951676","secondaryTitle":"Hopszi ford\u00edtott napja (20)","shortDescription":"Milli\u00f3 csillag k\u00f6z\u00f6tt van egy kisbolyg\u00f3, Okidoki. Ezen a var\u00e1zslatos bolyg\u00f3n \u00e9l a bar\u00e1ts\u00e1gos kis f\u00f6ld\u00f6nk\u00edv\u00fcli Buck\u00f3, aki bar\u00e1taival vid\u00e1m kalandokat \u00e9l \u00e1t.","mediaType":"Episode","year":"2013","isReplayTv":false,"seriesEpisodeNumber":"20","seriesNumber":"1805051120","videoStreams":[],"airDate":1356998400000,"entitlements":["VIP","_OPEN_"],"currentProductIds":[],"currentTvodProductIds":[]},"parentId":"crid:~~2F~~2Fport.hu~~2F31951676","rootId":"crid:~~2F~~2Fport.hu~~2F31951676"}