{"id":"crid:~~2F~~2Fport.hu~~2F90271040-imi:00100000005D0233","countryCode":"HU","languageCode":"hun","deviceCode":"web","startTime":1525395600000,"endTime":1525404600000,"stationId":"826989607279","imi":"imi:00100000005D0233","mediaGroupId":"crid:~~2F~~2Fport.hu~~2F67828088","program":{"id":"crid:~~2F~~2Fport.hu~~2F90271040","title":"Snooker","description":"Sport","longDescription":"Sport","languageCode":"hun","countryCode":"HU","deviceCode":"web","medium":"TV","categories":[{"id":"271090244353","title":"Sport","scheme":"urn:tva:metadata:cs:UPCEventGenreCS:2009"}],"isAdult":false,"parentalRating":"3","cast":[],"directors":[],"images":[{"assetType":"boxart-medium","assetTypes":["boxart-medium"],"width":110,"height":159,"url":"https:\/\/wp1-images-hu-dynamic.horizon.tv\/HU\/Images\/upcgenre_40.jpg?w=110&h=159&mode=box"},{"assetType":"boxart-small","assetTypes":["boxart-small"],"width":75,"height":108,"url":"https:\/\/wp1-images-hu-dynamic.horizon.tv\/HU\/Images\/upcgenre_40.jpg?w=75&h=108&mode=box"},{"assetType":"boxart-large","assetTypes":["boxart-large"],"width":180,"height":260,"url":"https:\/\/wp1-images-hu-dynamic.horizon.tv\/HU\/Images\/upcgenre_40.jpg?w=180&h=260&mode=box"},{"assetType":"boxart-xlarge","assetTypes":["boxart-xlarge"],"width":210,"height":303,"url":"https:\/\/wp1-images-hu-dynamic.horizon.tv\/HU\/Images\/upcgenre_40.jpg?w=210&h=303&mode=box"},{"assetType":"tva-boxcover","assetTypes":["tva-boxcover"],"width":180,"height":260,"url":"https:\/\/wp1-images-hu-dynamic.horizon.tv\/HU\/Images\/upcgenre_40.jpg"},{"assetType":"HighResLandscape","assetTypes":["HighResLandscape"],"url":"https:\/\/wp26-images-hu-dynamic.horizon.tv\/HU\/Images\/hrl_8bad432f6f38f9d380c5028e94e838e45b7e5f7a.jpg"}],"mediaGroupId":"crid:~~2F~~2Fport.hu~~2F67828088","shortDescription":"Sport","mediaType":"Episode","isReplayTv":false,"seriesEpisodeNumber":"1805040300","seriesNumber":"1805020945","videoStreams":[],"entitlements":["VIP","_OPEN_"],"currentProductIds":[],"currentTvodProductIds":[]},"parentId":"crid:~~2F~~2Fport.hu~~2F67828088","rootId":"crid:~~2F~~2Fport.hu~~2F67828088"}