{"id":"crid:~~2F~~2Fport.hu~~2F16321479-imi:00100000005D2281","countryCode":"HU","languageCode":"hun","deviceCode":"web","startTime":1525426200000,"endTime":1525428000000,"stationId":"826989607225","imi":"imi:00100000005D2281","mediaGroupId":"crid:~~2F~~2Fport.hu~~2F4561297","program":{"id":"crid:~~2F~~2Fport.hu~~2F16321479","title":"Laborpatk\u00e1nyok","description":"(II.\/24) Chase, Adam \u00e9s Bree a high-tech bionikus kl\u00f3nok, akik mindannyian k\u00fcl\u00f6nleges k\u00e9pess\u00e9gekkel rendelkeznek. Egy titkos laborban tartj\u00e1k \u0151ket fogva, de id\u0151k\u00f6zben r\u00e1j\u00f6nnek, hogy az \u00e9let nem csak a katonai fegyverekr\u0151l sz\u00f3l. A tizenn\u00e9gy \u00e9ves Leo \u00faj nevel\u0151apja, a milliomos Davenport vill\u00e1j\u00e1ba k\u00f6lt\u00f6zik. Amikor azonban fel akarja fedezni \u00faj otthon\u00e1t, r\u00e1j\u00f6n, hogy mostohaapja egy laborat\u00f3riumot rejteget a h\u00e1z alatt h\u00e1rom furcsa szerzettel: Adammal, Bree-vel \u00e9s Chase-vel. Hamar \u00f6sszebar\u00e1tkoznak \u00e9s a n\u00e9gy kamasz rengeteg \u00faj \u00e9lm\u00e9nnyel gazdagodik, mik\u00f6zben a kl\u00f3nok pr\u00f3b\u00e1lnak beilleszkedni az \u00e1tlagos tin\u00e9dzserek \u00e9let\u00e9be.","longDescription":"(II.\/24) Chase, Adam \u00e9s Bree a high-tech bionikus kl\u00f3nok, akik mindannyian k\u00fcl\u00f6nleges k\u00e9pess\u00e9gekkel rendelkeznek. Egy titkos laborban tartj\u00e1k \u0151ket fogva, de id\u0151k\u00f6zben r\u00e1j\u00f6nnek, hogy az \u00e9let nem csak a katonai fegyverekr\u0151l sz\u00f3l. A tizenn\u00e9gy \u00e9ves Leo \u00faj nevel\u0151apja, a milliomos Davenport vill\u00e1j\u00e1ba k\u00f6lt\u00f6zik. Amikor azonban fel akarja fedezni \u00faj otthon\u00e1t, r\u00e1j\u00f6n, hogy mostohaapja egy laborat\u00f3riumot rejteget a h\u00e1z alatt h\u00e1rom furcsa szerzettel: Adammal, Bree-vel \u00e9s Chase-vel. Hamar \u00f6sszebar\u00e1tkoznak \u00e9s a n\u00e9gy kamasz rengeteg \u00faj \u00e9lm\u00e9nnyel gazdagodik, mik\u00f6zben a kl\u00f3nok pr\u00f3b\u00e1lnak beilleszkedni az \u00e1tlagos tin\u00e9dzserek \u00e9let\u00e9be.","languageCode":"hun","countryCode":"HU","deviceCode":"web","medium":"TV","categories":[{"id":"271090244428","title":"Dr\u00e1ma","scheme":"urn:tva:metadata:cs:UPCEventGenreCS:2009"}],"isAdult":false,"parentalRating":"3","cast":[],"directors":[],"images":[{"assetType":"tva-boxcover","assetTypes":["tva-boxcover"],"width":180,"height":260,"url":"https:\/\/wp21-images-hu-dynamic.horizon.tv\/HU\/Images\/bc_8a27c21a566db49b04b4a4e16aaf01791c9f8129.jpg"},{"assetType":"boxart-large","assetTypes":["boxart-large"],"width":180,"height":260,"url":"https:\/\/wp21-images-hu-dynamic.horizon.tv\/HU\/Images\/bc_8a27c21a566db49b04b4a4e16aaf01791c9f8129.jpg?w=180&h=260&mode=box"},{"assetType":"boxart-xlarge","assetTypes":["boxart-xlarge"],"width":210,"height":303,"url":"https:\/\/wp21-images-hu-dynamic.horizon.tv\/HU\/Images\/bc_8a27c21a566db49b04b4a4e16aaf01791c9f8129.jpg?w=210&h=303&mode=box"},{"assetType":"boxart-small","assetTypes":["boxart-small"],"width":75,"height":108,"url":"https:\/\/wp21-images-hu-dynamic.horizon.tv\/HU\/Images\/bc_8a27c21a566db49b04b4a4e16aaf01791c9f8129.jpg?w=75&h=108&mode=box"},{"assetType":"boxart-medium","assetTypes":["boxart-medium"],"width":110,"height":159,"url":"https:\/\/wp21-images-hu-dynamic.horizon.tv\/HU\/Images\/bc_8a27c21a566db49b04b4a4e16aaf01791c9f8129.jpg?w=110&h=159&mode=box"},{"assetType":"HighResLandscape","assetTypes":["HighResLandscape"],"url":"https:\/\/wp2-images-hu-dynamic.horizon.tv\/HU\/Images\/hrl_69dd04207ce774a113b16599538e8da68a4ba767.jpg"},{"assetType":"HighResPortrait","assetTypes":["HighResPortrait"],"url":"https:\/\/wp2-images-hu-dynamic.horizon.tv\/HU\/Images\/hrp_8a27c21a566db49b04b4a4e16aaf01791c9f8129.jpg"}],"mediaGroupId":"crid:~~2F~~2Fport.hu~~2F4561297","secondaryTitle":"(II.\/24)","shortDescription":"H\u00e1rom, high-tech bionikus kl\u00f3nt egy titkos laborban tartanak fogva ahol r\u00e1j\u00f6nnek, hogy az \u00e9let nem csak a fegyverekr\u0151l sz\u00f3l. Leo r\u00e1tal\u00e1l nevel\u0151apja laborj\u00e1ban a kl\u00f3nokra \u00e9s hamar bar\u00e1tok lesznek.","mediaType":"Episode","year":"2011","isReplayTv":false,"seriesEpisodeNumber":"24","seriesNumber":"2","videoStreams":[],"airDate":1293840000000,"entitlements":["VIP","_OPEN_"],"currentProductIds":[],"currentTvodProductIds":[]},"parentId":"crid:~~2F~~2Fport.hu~~2F4561297","rootId":"crid:~~2F~~2Fport.hu~~2F4561297"}