{"id":"crid:~~2F~~2Fport.hu~~2F82712791-imi:00100000005D635A","countryCode":"HU","languageCode":"hun","deviceCode":"web","startTime":1525529400000,"endTime":1525530300000,"stationId":"826989607190","imi":"imi:00100000005D635A","mediaGroupId":"crid:~~2F~~2Fport.hu~~2F57064290","program":{"id":"crid:~~2F~~2Fport.hu~~2F82712791","title":"Kiva kifund\u00e1lja!","description":"Rajzfilm","longDescription":"Rajzfilm","languageCode":"hun","countryCode":"HU","deviceCode":"web","medium":"TV","categories":[{"id":"271090244371","title":"Gyermek\/Ifj\u00fas\u00e1gi","scheme":"urn:tva:metadata:cs:UPCEventGenreCS:2009"},{"id":"271090244376","title":"Rajzfilm","scheme":"urn:tva:metadata:cs:UPCEventGenreCS:2009"}],"isAdult":false,"parentalRating":"3","cast":[],"directors":[],"images":[{"assetType":"boxart-xlarge","assetTypes":["boxart-xlarge"],"width":210,"height":303,"url":"https:\/\/wp4-images-hu-dynamic.horizon.tv\/HU\/Images\/upcgenre_55.jpg?w=210&h=303&mode=box"},{"assetType":"boxart-small","assetTypes":["boxart-small"],"width":75,"height":108,"url":"https:\/\/wp4-images-hu-dynamic.horizon.tv\/HU\/Images\/upcgenre_55.jpg?w=75&h=108&mode=box"},{"assetType":"boxart-large","assetTypes":["boxart-large"],"width":180,"height":260,"url":"https:\/\/wp4-images-hu-dynamic.horizon.tv\/HU\/Images\/upcgenre_55.jpg?w=180&h=260&mode=box"},{"assetType":"tva-boxcover","assetTypes":["tva-boxcover"],"width":180,"height":260,"url":"https:\/\/wp4-images-hu-dynamic.horizon.tv\/HU\/Images\/upcgenre_55.jpg"},{"assetType":"boxart-medium","assetTypes":["boxart-medium"],"width":110,"height":159,"url":"https:\/\/wp4-images-hu-dynamic.horizon.tv\/HU\/Images\/upcgenre_55.jpg?w=110&h=159&mode=box"}],"mediaGroupId":"crid:~~2F~~2Fport.hu~~2F57064290","secondaryTitle":"(I.\/1)","shortDescription":"Rajzfilm","mediaType":"Episode","year":"2017","isReplayTv":true,"seriesEpisodeNumber":"1","seriesNumber":"1","videoStreams":[],"airDate":1483228800000,"entitlements":["VIP","_OPEN_"],"currentProductIds":[],"currentTvodProductIds":[]},"parentId":"crid:~~2F~~2Fport.hu~~2F57064290","rootId":"crid:~~2F~~2Fport.hu~~2F57064290"}