{"id":"crid:~~2F~~2Fport.hu~~2F45613806-imi:00100000005E5835","countryCode":"HU","languageCode":"hun","deviceCode":"web","startTime":1525698000000,"endTime":1525699800000,"stationId":"826989607276","imi":"imi:00100000005E5835","mediaGroupId":"crid:~~2F~~2Fport.hu~~2F68117820","program":{"id":"crid:~~2F~~2Fport.hu~~2F45613806","title":"SOS, h\u00e1zfel\u00faj\u00edt\u00e1s Charlestonban!","description":"(III.\/1) Trent Fasnacht egy 107 \u00e9ves h\u00e1zat \u00faj\u00edt fel Charlestonban. Helyre\u00e1ll\u00edtja az eredeti torn\u00e1cot korh\u0171, egym\u00e1sba kapcsol\u00f3d\u00f3 elemekb\u0151l \u00e1ll\u00f3 padl\u00f3zattal, \u00e9s \u00fajrahasznos\u00edtja a h\u00e1z eredeti zsindelyeit, hogy kialak\u00edtson egy \u00faj f\u00e1skertet \u00e9s s\u00e9t\u00e1nyt.","longDescription":"(III.\/1) Trent Fasnacht egy 107 \u00e9ves h\u00e1zat \u00faj\u00edt fel Charlestonban. Helyre\u00e1ll\u00edtja az eredeti torn\u00e1cot korh\u0171, egym\u00e1sba kapcsol\u00f3d\u00f3 elemekb\u0151l \u00e1ll\u00f3 padl\u00f3zattal, \u00e9s \u00fajrahasznos\u00edtja a h\u00e1z eredeti zsindelyeit, hogy kialak\u00edtson egy \u00faj f\u00e1skertet \u00e9s s\u00e9t\u00e1nyt.","languageCode":"hun","countryCode":"HU","deviceCode":"web","medium":"TV","categories":[{"id":"271090244349","title":"Show","scheme":"urn:tva:metadata:cs:UPCEventGenreCS:2009"}],"isAdult":false,"parentalRating":"3","cast":[],"directors":[],"images":[{"assetType":"boxart-medium","assetTypes":["boxart-medium"],"width":110,"height":159,"url":"https:\/\/wp17-images-hu-dynamic.horizon.tv\/HU\/Images\/upcgenre_30.jpg?w=110&h=159&mode=box"},{"assetType":"boxart-small","assetTypes":["boxart-small"],"width":75,"height":108,"url":"https:\/\/wp17-images-hu-dynamic.horizon.tv\/HU\/Images\/upcgenre_30.jpg?w=75&h=108&mode=box"},{"assetType":"tva-boxcover","assetTypes":["tva-boxcover"],"width":180,"height":260,"url":"https:\/\/wp17-images-hu-dynamic.horizon.tv\/HU\/Images\/upcgenre_30.jpg"},{"assetType":"boxart-xlarge","assetTypes":["boxart-xlarge"],"width":210,"height":303,"url":"https:\/\/wp17-images-hu-dynamic.horizon.tv\/HU\/Images\/upcgenre_30.jpg?w=210&h=303&mode=box"},{"assetType":"boxart-large","assetTypes":["boxart-large"],"width":180,"height":260,"url":"https:\/\/wp17-images-hu-dynamic.horizon.tv\/HU\/Images\/upcgenre_30.jpg?w=180&h=260&mode=box"}],"mediaGroupId":"crid:~~2F~~2Fport.hu~~2F68117820","secondaryTitle":"Viktori\u00e1nus torn\u00e1c (III.\/1)","shortDescription":"(III.\/1) Trent Fasnacht egy 107 \u00e9ves h\u00e1zat \u00faj\u00edt fel Charlestonban. Helyre\u00e1ll\u00edtja az eredeti torn\u00e1cot korh\u0171, egym\u00e1sba kapcsol\u00f3d\u00f3 elemekb\u0151l \u00e1ll\u00f3 padl\u00f3zattal, \u00e9s \u00fajrahasznos\u00edtja a h\u00e1z eredeti...","mediaType":"Episode","isReplayTv":false,"seriesEpisodeNumber":"1","seriesNumber":"3","videoStreams":[],"entitlements":["VIP","_OPEN_"],"currentProductIds":[],"currentTvodProductIds":[]},"parentId":"crid:~~2F~~2Fport.hu~~2F68117820","rootId":"crid:~~2F~~2Fport.hu~~2F68117820"}