{"id":"crid:~~2F~~2Fport.hu~~2F8872370-imi:00100000005D2A4D","countryCode":"HU","languageCode":"hun","deviceCode":"web","startTime":1525458600000,"endTime":1525460400000,"stationId":"826989607230","imi":"imi:00100000005D2A4D","mediaGroupId":"crid:~~2F~~2Fport.hu~~2F6746029","program":{"id":"crid:~~2F~~2Fport.hu~~2F8872370","title":"Jamie 15 perces kaj\u00e1i","description":"(I.\/25) El\u0151z\u0151 sorozata sikerein felbuzdulva Jamie ism\u00e9t fakanalat fog, ez\u00fattal azonban m\u00e9g nagyobb kih\u00edv\u00e1s el\u00e9 \u00e1ll\u00edtja mag\u00e1t: 15 perc alatt kell elk\u00e9sz\u00edtenie egy f\u0151fog\u00e1st nyers alapanyagokb\u00f3l a g\u0151z\u00f6lg\u0151 v\u00e9geredm\u00e9nyig.","longDescription":"(I.\/25) El\u0151z\u0151 sorozata sikerein felbuzdulva Jamie ism\u00e9t fakanalat fog, ez\u00fattal azonban m\u00e9g nagyobb kih\u00edv\u00e1s el\u00e9 \u00e1ll\u00edtja mag\u00e1t: 15 perc alatt kell elk\u00e9sz\u00edtenie egy f\u0151fog\u00e1st nyers alapanyagokb\u00f3l a g\u0151z\u00f6lg\u0151 v\u00e9geredm\u00e9nyig.","languageCode":"hun","countryCode":"HU","deviceCode":"web","medium":"TV","categories":[{"id":"271090244349","title":"Show","scheme":"urn:tva:metadata:cs:UPCEventGenreCS:2009"}],"isAdult":false,"parentalRating":"12","cast":[],"directors":[],"images":[{"assetType":"boxart-xlarge","assetTypes":["boxart-xlarge"],"width":210,"height":303,"url":"https:\/\/wp12-images-hu-dynamic.horizon.tv\/HU\/Images\/bc_e21c049b881cd62bb61dcb189f13579609bd657c.jpg?w=210&h=303&mode=box"},{"assetType":"tva-boxcover","assetTypes":["tva-boxcover"],"width":180,"height":260,"url":"https:\/\/wp12-images-hu-dynamic.horizon.tv\/HU\/Images\/bc_e21c049b881cd62bb61dcb189f13579609bd657c.jpg"},{"assetType":"boxart-large","assetTypes":["boxart-large"],"width":180,"height":260,"url":"https:\/\/wp12-images-hu-dynamic.horizon.tv\/HU\/Images\/bc_e21c049b881cd62bb61dcb189f13579609bd657c.jpg?w=180&h=260&mode=box"},{"assetType":"boxart-medium","assetTypes":["boxart-medium"],"width":110,"height":159,"url":"https:\/\/wp12-images-hu-dynamic.horizon.tv\/HU\/Images\/bc_e21c049b881cd62bb61dcb189f13579609bd657c.jpg?w=110&h=159&mode=box"},{"assetType":"boxart-small","assetTypes":["boxart-small"],"width":75,"height":108,"url":"https:\/\/wp12-images-hu-dynamic.horizon.tv\/HU\/Images\/bc_e21c049b881cd62bb61dcb189f13579609bd657c.jpg?w=75&h=108&mode=box"},{"assetType":"HighResPortrait","assetTypes":["HighResPortrait"],"url":"https:\/\/wp5-images-hu-dynamic.horizon.tv\/HU\/Images\/hrp_e21c049b881cd62bb61dcb189f13579609bd657c.jpg"},{"assetType":"HighResLandscape","assetTypes":["HighResLandscape"],"url":"https:\/\/wp5-images-hu-dynamic.horizon.tv\/HU\/Images\/hrl_0cdecf142db5a6896ec5e765e38c7f9b6d8e37e4.jpg"}],"mediaGroupId":"crid:~~2F~~2Fport.hu~~2F6746029","secondaryTitle":"Fet\u00e1val t\u00f6lt\u00f6tt sz\u0171z\u00e9rme \u00e9s gomb\u00e1s szendvics ropog\u00f3s sal\u00e1t\u00e1val (I.\/25)","shortDescription":"El\u0151z\u0151 sorozata sikerein felbuzdulva Jamie ism\u00e9t fakanalat fog, ez\u00fattal azonban m\u00e9g nagyobb kih\u00edv\u00e1s el\u00e9 \u00e1ll\u00edtja mag\u00e1t: 15 perc alatt kell elk\u00e9sz\u00edtenie egy f\u0151fog\u00e1st nyers alapanyagokb\u00f3l a v\u00e9geredm\u00e9nyig.","mediaType":"Episode","year":"2012","isReplayTv":false,"seriesEpisodeNumber":"25","seriesNumber":"1","videoStreams":[],"airDate":1325376000000,"entitlements":["VIP","_OPEN_"],"currentProductIds":[],"currentTvodProductIds":[]},"parentId":"crid:~~2F~~2Fport.hu~~2F6746029","rootId":"crid:~~2F~~2Fport.hu~~2F6746029"}