{"id":"crid:~~2F~~2Fport.hu~~2F67747920-imi:00100000005D296D","countryCode":"HU","languageCode":"hun","deviceCode":"web","startTime":1525442400000,"endTime":1525446000000,"stationId":"826989607169","imi":"imi:00100000005D296D","mediaGroupId":"crid:~~2F~~2Fport.hu~~2F67202334","program":{"id":"crid:~~2F~~2Fport.hu~~2F67747920","title":"M\u00f3nika \u2013 A kibesz\u00e9l\u0151show","description":"(34) A vil\u00e1g telev\u00edzi\u00f3s csatorn\u00e1in a legn\u00e9pszer\u0171bb m\u0171sort\u00edpusok a k\u00fcl\u00f6nb\u00f6z\u0151 tematik\u00e1j\u00fa talk show-k. Az elm\u00falt \u00e9vtizedben k\u00fcl\u00f6n m\u0171fajj\u00e1 n\u0151tte ki mag\u00e1t a napi, d\u00e9lut\u00e1ni talk show. Ad\u00e1sr\u00f3l-ad\u00e1sra milli\u00f3k n\u00e9zik. A f\u0151szerepl\u0151k mindig h\u00e9tk\u00f6znapi emberek, a civil t\u00e1rsadalom tagjai. Az RTL Klub t\u00f6rt\u00e9net\u00e9ben is egyed\u00fcl\u00e1ll\u00f3 ez a v\u00e1llalkoz\u00e1s. Ez egy igazi sz\u00f3kimond\u00f3 m\u0171sor, ahol a val\u00f3s\u00e1gos szerepl\u0151k, val\u00f3s\u00e1gos t\u00f6rt\u00e9netei a mindennapok val\u00f3s\u00e1gos probl\u00e9m\u00e1it t\u00fckr\u00f6zik.","longDescription":"(34) A vil\u00e1g telev\u00edzi\u00f3s csatorn\u00e1in a legn\u00e9pszer\u0171bb m\u0171sort\u00edpusok a k\u00fcl\u00f6nb\u00f6z\u0151 tematik\u00e1j\u00fa talk show-k. Az elm\u00falt \u00e9vtizedben k\u00fcl\u00f6n m\u0171fajj\u00e1 n\u0151tte ki mag\u00e1t a napi, d\u00e9lut\u00e1ni talk show. Ad\u00e1sr\u00f3l-ad\u00e1sra milli\u00f3k n\u00e9zik. A f\u0151szerepl\u0151k mindig h\u00e9tk\u00f6znapi emberek, a civil t\u00e1rsadalom tagjai. Az RTL Klub t\u00f6rt\u00e9net\u00e9ben is egyed\u00fcl\u00e1ll\u00f3 ez a v\u00e1llalkoz\u00e1s. Ez egy igazi sz\u00f3kimond\u00f3 m\u0171sor, ahol a val\u00f3s\u00e1gos szerepl\u0151k, val\u00f3s\u00e1gos t\u00f6rt\u00e9netei a mindennapok val\u00f3s\u00e1gos probl\u00e9m\u00e1it t\u00fckr\u00f6zik.","languageCode":"hun","countryCode":"HU","deviceCode":"web","medium":"TV","categories":[{"id":"271090244349","title":"Show","scheme":"urn:tva:metadata:cs:UPCEventGenreCS:2009"},{"id":"271090244352","title":"Talk-show","scheme":"urn:tva:metadata:cs:UPCEventGenreCS:2009"}],"isAdult":false,"parentalRating":"12","cast":[],"directors":[],"images":[{"assetType":"tva-boxcover","assetTypes":["tva-boxcover"],"width":180,"height":260,"url":"https:\/\/wp2-images-hu-dynamic.horizon.tv\/HU\/Images\/bc_81150d293b9cbe2c09d3d25b62555e3bf33ab35e.jpg"},{"assetType":"boxart-medium","assetTypes":["boxart-medium"],"width":110,"height":159,"url":"https:\/\/wp2-images-hu-dynamic.horizon.tv\/HU\/Images\/bc_81150d293b9cbe2c09d3d25b62555e3bf33ab35e.jpg?w=110&h=159&mode=box"},{"assetType":"boxart-large","assetTypes":["boxart-large"],"width":180,"height":260,"url":"https:\/\/wp2-images-hu-dynamic.horizon.tv\/HU\/Images\/bc_81150d293b9cbe2c09d3d25b62555e3bf33ab35e.jpg?w=180&h=260&mode=box"},{"assetType":"boxart-small","assetTypes":["boxart-small"],"width":75,"height":108,"url":"https:\/\/wp2-images-hu-dynamic.horizon.tv\/HU\/Images\/bc_81150d293b9cbe2c09d3d25b62555e3bf33ab35e.jpg?w=75&h=108&mode=box"},{"assetType":"boxart-xlarge","assetTypes":["boxart-xlarge"],"width":210,"height":303,"url":"https:\/\/wp2-images-hu-dynamic.horizon.tv\/HU\/Images\/bc_81150d293b9cbe2c09d3d25b62555e3bf33ab35e.jpg?w=210&h=303&mode=box"},{"assetType":"HighResPortrait","assetTypes":["HighResPortrait"],"url":"https:\/\/wp11-images-hu-dynamic.horizon.tv\/HU\/Images\/hrp_81150d293b9cbe2c09d3d25b62555e3bf33ab35e.jpg"},{"assetType":"HighResLandscape","assetTypes":["HighResLandscape"],"url":"https:\/\/wp11-images-hu-dynamic.horizon.tv\/HU\/Images\/hrl_24d33874d8092057b62b297243b4d3e75c11bebb.jpg"}],"mediaGroupId":"crid:~~2F~~2Fport.hu~~2F67202334","secondaryTitle":"(34)","shortDescription":"Sz\u00f3kimond\u00f3 m\u0171sor, mely a val\u00f3s\u00e1gos szerepl\u0151k, val\u00f3s\u00e1gos t\u00f6rt\u00e9netei a mindennapok val\u00f3s\u00e1gos probl\u00e9m\u00e1it t\u00fckr\u00f6zi.","mediaType":"Episode","year":"2001","isReplayTv":false,"seriesEpisodeNumber":"34","seriesNumber":"1805021100","videoStreams":[],"airDate":978307200000,"entitlements":["VIP","_OPEN_"],"currentProductIds":[],"currentTvodProductIds":[]},"parentId":"crid:~~2F~~2Fport.hu~~2F67202334","rootId":"crid:~~2F~~2Fport.hu~~2F67202334"}