{"id":"crid:~~2F~~2Fport.hu~~2F73391414-imi:00100000005D3B90","countryCode":"HU","languageCode":"hun","deviceCode":"web","startTime":1525576200000,"endTime":1525578900000,"stationId":"826989607170","imi":"imi:00100000005D3B90","mediaGroupId":"crid:~~2F~~2Fport.hu~~2F60865338","program":{"id":"crid:~~2F~~2Fport.hu~~2F73391414","title":"Mesterszak\u00e1csok csat\u00e1ja","description":"Ebben a gasztron\u00f3miai vet\u00e9lked\u0151-sorozatban a szakma legjobbjai m\u00e9rk\u0151znek meg egym\u00e1ssal. Minden epiz\u00f3dban n\u00e9gy mesterszak\u00e1cs verseng, k\u00e9t fordul\u00f3n kereszt\u00fcl a v\u00e9gs\u0151 d\u00f6nt\u0151be ker\u00fcl\u00e9s\u00e9rt...","longDescription":"Ebben a gasztron\u00f3miai vet\u00e9lked\u0151-sorozatban a szakma legjobbjai m\u00e9rk\u0151znek meg egym\u00e1ssal. Minden epiz\u00f3dban n\u00e9gy mesterszak\u00e1cs verseng, k\u00e9t fordul\u00f3n kereszt\u00fcl a v\u00e9gs\u0151 d\u00f6nt\u0151be ker\u00fcl\u00e9s\u00e9rt...","languageCode":"hun","countryCode":"HU","deviceCode":"web","medium":"TV","categories":[{"id":"271090244428","title":"Dr\u00e1ma","scheme":"urn:tva:metadata:cs:UPCEventGenreCS:2009"}],"isAdult":false,"parentalRating":"12","cast":[],"directors":["Paul Starkman"],"images":[{"assetType":"boxart-xlarge","assetTypes":["boxart-xlarge"],"width":210,"height":303,"url":"https:\/\/wp7-images-hu-dynamic.horizon.tv\/HU\/Images\/bc_4fc40a1555c4e0bfe384ccff04995d177cca2c7d.jpg?w=210&h=303&mode=box"},{"assetType":"boxart-small","assetTypes":["boxart-small"],"width":75,"height":108,"url":"https:\/\/wp7-images-hu-dynamic.horizon.tv\/HU\/Images\/bc_4fc40a1555c4e0bfe384ccff04995d177cca2c7d.jpg?w=75&h=108&mode=box"},{"assetType":"boxart-medium","assetTypes":["boxart-medium"],"width":110,"height":159,"url":"https:\/\/wp7-images-hu-dynamic.horizon.tv\/HU\/Images\/bc_4fc40a1555c4e0bfe384ccff04995d177cca2c7d.jpg?w=110&h=159&mode=box"},{"assetType":"boxart-large","assetTypes":["boxart-large"],"width":180,"height":260,"url":"https:\/\/wp7-images-hu-dynamic.horizon.tv\/HU\/Images\/bc_4fc40a1555c4e0bfe384ccff04995d177cca2c7d.jpg?w=180&h=260&mode=box"},{"assetType":"tva-boxcover","assetTypes":["tva-boxcover"],"width":180,"height":260,"url":"https:\/\/wp7-images-hu-dynamic.horizon.tv\/HU\/Images\/bc_4fc40a1555c4e0bfe384ccff04995d177cca2c7d.jpg"}],"mediaGroupId":"crid:~~2F~~2Fport.hu~~2F60865338","shortDescription":"Ebben a gasztron\u00f3miai vet\u00e9lked\u0151-sorozatban a szakma legjobbjai m\u00e9rk\u0151znek meg egym\u00e1ssal. Minden epiz\u00f3dban n\u00e9gy mesterszak\u00e1cs verseng, k\u00e9t fordul\u00f3n kereszt\u00fcl a v\u00e9gs\u0151 d\u00f6nt\u0151be ker\u00fcl\u00e9s\u00e9rt...","mediaType":"Episode","year":"2008","isReplayTv":false,"seriesEpisodeNumber":"1805060510","seriesNumber":"1805060510","videoStreams":[],"airDate":1199145600000,"entitlements":["VIP","_OPEN_"],"currentProductIds":[],"currentTvodProductIds":[]},"parentId":"crid:~~2F~~2Fport.hu~~2F60865338","rootId":"crid:~~2F~~2Fport.hu~~2F60865338"}