{"id":"crid:~~2F~~2Fport.hu~~2F4351707-imi:00100000005D0330","countryCode":"HU","languageCode":"hun","deviceCode":"web","startTime":1525390500000,"endTime":1525395600000,"stationId":"826989607137","imi":"imi:00100000005D0330","mediaGroupId":"crid:~~2F~~2Fport.hu~~2F4351707","program":{"id":"crid:~~2F~~2Fport.hu~~2F4351707","title":"A dikt\u00e1tor","description":"Aladdin t\u00e1bornok az olajban gazdag afrikai k\u00f6zt\u00e1rsas\u00e1g dikt\u00e1rora gondban van, amikor f\u00e9ny der\u00fcl a titkos atomprogramj\u00e1ra. Az ENSZ-be indul besz\u00e9det tartani, \u00e1m a f\u00e9lresiker\u00fclt mer\u00e9nyletet k\u00f6vet\u0151en egy fill\u00e9r n\u00e9lk\u00fcl mag\u00e1ra marad New Yorkban.","longDescription":"Aladdin t\u00e1bornok az olajban gazdag afrikai k\u00f6zt\u00e1rsas\u00e1g dikt\u00e1rora gondban van, amikor f\u00e9ny der\u00fcl a titkos atomprogramj\u00e1ra. Az ENSZ-be indul besz\u00e9det tartani, \u00e1m a f\u00e9lresiker\u00fclt mer\u00e9nyletet k\u00f6vet\u0151en egy fill\u00e9r n\u00e9lk\u00fcl mag\u00e1ra marad New Yorkban.","languageCode":"hun","countryCode":"HU","deviceCode":"web","medium":"Movie","categories":[{"id":"271090244334","title":"Kom\u00e9dia\/Filmv\u00edgj\u00e1t\u00e9k","scheme":"urn:tva:metadata:cs:UPCEventGenreCS:2009"}],"isAdult":false,"parentalRating":"15","cast":["Sacha Cohen","Anna Faris","Sayed Badreya","Kevin Corrigan","John C. Reilly","Megan Fox","B.J. Novak","J.B. Smoove"],"directors":["Larry Charles"],"images":[{"assetType":"boxart-large","assetTypes":["boxart-large"],"width":180,"height":260,"url":"https:\/\/wp24-images-hu-dynamic.horizon.tv\/HU\/Images\/bc_ff40d0e26816e83ea46076c9d379289ebe7ba2fd.jpg?w=180&h=260&mode=box"},{"assetType":"boxart-medium","assetTypes":["boxart-medium"],"width":110,"height":159,"url":"https:\/\/wp24-images-hu-dynamic.horizon.tv\/HU\/Images\/bc_ff40d0e26816e83ea46076c9d379289ebe7ba2fd.jpg?w=110&h=159&mode=box"},{"assetType":"boxart-xlarge","assetTypes":["boxart-xlarge"],"width":210,"height":303,"url":"https:\/\/wp24-images-hu-dynamic.horizon.tv\/HU\/Images\/bc_ff40d0e26816e83ea46076c9d379289ebe7ba2fd.jpg?w=210&h=303&mode=box"},{"assetType":"boxart-small","assetTypes":["boxart-small"],"width":75,"height":108,"url":"https:\/\/wp24-images-hu-dynamic.horizon.tv\/HU\/Images\/bc_ff40d0e26816e83ea46076c9d379289ebe7ba2fd.jpg?w=75&h=108&mode=box"},{"assetType":"tva-boxcover","assetTypes":["tva-boxcover"],"width":180,"height":260,"url":"https:\/\/wp24-images-hu-dynamic.horizon.tv\/HU\/Images\/bc_ff40d0e26816e83ea46076c9d379289ebe7ba2fd.jpg"}],"mediaGroupId":"crid:~~2F~~2Fport.hu~~2F4351707","shortDescription":"Az elpuszt\u00edthatatlan szak\u00e1ll\u00fa Aladeen egy f\u00e9lresiker\u00fclt mer\u00e9nyletet k\u00f6vet\u0151en mag\u00e1ra marad New York utc\u00e1in. Kiv\u00e9gzettnek hitt honfit\u00e1rsai el\u0151l menek\u00fclve \u00fagy d\u00f6nt, visszaszerzi hatalm\u00e1t.","mediaType":"FeatureFilm","year":"2012","isReplayTv":false,"videoStreams":[],"airDate":1325376000000,"entitlements":["VIP","_OPEN_"],"currentProductIds":[],"currentTvodProductIds":[]},"parentId":"crid:~~2F~~2Fport.hu~~2F4351707","rootId":"crid:~~2F~~2Fport.hu~~2F4351707"}