{"id":"crid:~~2F~~2Fport.hu~~2F10909445-imi:00100000005D0138","countryCode":"HU","languageCode":"hun","deviceCode":"web","startTime":1525391400000,"endTime":1525392900000,"stationId":"826989607227","imi":"imi:00100000005D0138","mediaGroupId":"crid:~~2F~~2Fport.hu~~2F10643940","program":{"id":"crid:~~2F~~2Fport.hu~~2F10909445","title":"P\u00e1n P\u00e9ter leg\u00fajabb kalandjai","description":"(I.\/11) A leny\u0171g\u00f6z\u0151 l\u00e1tv\u00e1nyvil\u00e1g\u00fa epiz\u00f3dok f\u0151szerepl\u0151je P\u00e1n P\u00e9ter, \u00e9s legjobb bar\u00e1tja, a forr\u00f3fej\u0171 t\u00fcnd\u00e9r, Csingiling. P\u00e9tert a k\u00edv\u00e1ncsis\u00e1g napjaink Londonj\u00e1ba vezeti, ahol ism\u00e9t tal\u00e1lkozik r\u00e9gi bar\u00e1taival: Wendyvel \u00e9s testv\u00e9reivel, Johnnal \u00e9s Michaellel, valamint kutyusukkal, Newfyvel. A kis csapat k\u00f6rberep\u00fcli Londont, hogy azt\u00e1n Sohaorsz\u00e1gba meg\u00e9rkezve izgalmasabbn\u00e1l izgalmasabb kalandokba cs\u00f6ppenjenek, ahol az ott \u00e9l\u0151 gyerekek m\u00e1r t\u00fcrelmetlen\u00fcl v\u00e1rt\u00e1k \u0151ket.A var\u00e1zslatos szigeteken a gyerekek sell\u0151kkel, s\u00e1rk\u00e1nyokkal, indi\u00e1nokkal tal\u00e1lkoznak, besz\u00e9l\u0151 f\u00e1k \u00e9s vir\u00e1gok, s\u0151t, maga a Mikul\u00e1s is felbukkan. Term\u00e9szetesen m\u00e9g Sohaorsz\u00e1gban sem csak j\u00e1t\u00e9kb\u00f3l \u00e9s vid\u00e1ms\u00e1gb\u00f3l \u00e1ll az \u00e9let, P\u00e1n P\u00e9ter \u0151si ellens\u00e9ge, Hook kapit\u00e1ny \u00e9s gonosz kal\u00f3zai azon mesterkednek, hogy legy\u0151zz\u00e9k a gyereksereget. A f\u00e9lkar\u00fa kal\u00f3z gonoszabb, mint valaha, de az id\u0151 f\u00f6l\u00f6tte is elj\u00e1rt: Sohaorsz\u00e1gban m\u00e1s gonosz er\u0151k is sz\u00ednre l\u00e9pnek, akik meg\u00e1ll\u00edt\u00e1sa \u00e9rdek\u00e9ben P\u00e9ter \u00e9s Hook gyakran k\u00e9nytelenek sz\u00f6vetkezni egym\u00e1ssal.A sorozat 26 epiz\u00f3dj\u00e1b\u00f3l t\u00f6bbi k\u00f6z\u00f6tt kider\u00fcl, hogy takar\u00edtani bizony m\u00e9g Sohaorsz\u00e1gban is kell, hogy milyen sz\u00fclet\u00e9snapi aj\u00e1nd\u00e9knak \u00f6r\u00fcl egy feln\u0151ni soha nem akar\u00f3 kisfi\u00fa, vagy, hogy hogyan lehet megakad\u00e1lyozni a r\u00e9m\u00e1lmokat. V\u00e1laszt kapunk arra is, hogy mi t\u00f6rt\u00e9nik Hook kapit\u00e1ny elt\u0171n\u00e9sekor, \u00e9s mik\u00e9nt v\u00e9gz\u0151dik az Indi\u00e1n Faluban megrendezett hatalmas buli.A mes\u00e9ben London olyan modern kori nevezetess\u00e9gei is visszak\u00f6sz\u00f6nnek, mint a Tower Bridge, a London Eye, a Big Ben, a m\u00e9lt\u00f3s\u00e1gteljes Trafalgar t\u00e9r, vagy a Kensington Park, ahol a kisfi\u00fa saj\u00e1t szobr\u00e1val is tal\u00e1lkozik.","longDescription":"(I.\/11) A leny\u0171g\u00f6z\u0151 l\u00e1tv\u00e1nyvil\u00e1g\u00fa epiz\u00f3dok f\u0151szerepl\u0151je P\u00e1n P\u00e9ter, \u00e9s legjobb bar\u00e1tja, a forr\u00f3fej\u0171 t\u00fcnd\u00e9r, Csingiling. P\u00e9tert a k\u00edv\u00e1ncsis\u00e1g napjaink Londonj\u00e1ba vezeti, ahol ism\u00e9t tal\u00e1lkozik r\u00e9gi bar\u00e1taival: Wendyvel \u00e9s testv\u00e9reivel, Johnnal \u00e9s Michaellel, valamint kutyusukkal, Newfyvel. A kis csapat k\u00f6rberep\u00fcli Londont, hogy azt\u00e1n Sohaorsz\u00e1gba meg\u00e9rkezve izgalmasabbn\u00e1l izgalmasabb kalandokba cs\u00f6ppenjenek, ahol az ott \u00e9l\u0151 gyerekek m\u00e1r t\u00fcrelmetlen\u00fcl v\u00e1rt\u00e1k \u0151ket.A var\u00e1zslatos szigeteken a gyerekek sell\u0151kkel, s\u00e1rk\u00e1nyokkal, indi\u00e1nokkal tal\u00e1lkoznak, besz\u00e9l\u0151 f\u00e1k \u00e9s vir\u00e1gok, s\u0151t, maga a Mikul\u00e1s is felbukkan. Term\u00e9szetesen m\u00e9g Sohaorsz\u00e1gban sem csak j\u00e1t\u00e9kb\u00f3l \u00e9s vid\u00e1ms\u00e1gb\u00f3l \u00e1ll az \u00e9let, P\u00e1n P\u00e9ter \u0151si ellens\u00e9ge, Hook kapit\u00e1ny \u00e9s gonosz kal\u00f3zai azon mesterkednek, hogy legy\u0151zz\u00e9k a gyereksereget. A f\u00e9lkar\u00fa kal\u00f3z gonoszabb, mint valaha, de az id\u0151 f\u00f6l\u00f6tte is elj\u00e1rt: Sohaorsz\u00e1gban m\u00e1s gonosz er\u0151k is sz\u00ednre l\u00e9pnek, akik meg\u00e1ll\u00edt\u00e1sa \u00e9rdek\u00e9ben P\u00e9ter \u00e9s Hook gyakran k\u00e9nytelenek sz\u00f6vetkezni egym\u00e1ssal.A sorozat 26 epiz\u00f3dj\u00e1b\u00f3l t\u00f6bbi k\u00f6z\u00f6tt kider\u00fcl, hogy takar\u00edtani bizony m\u00e9g Sohaorsz\u00e1gban is kell, hogy milyen sz\u00fclet\u00e9snapi aj\u00e1nd\u00e9knak \u00f6r\u00fcl egy feln\u0151ni soha nem akar\u00f3 kisfi\u00fa, vagy, hogy hogyan lehet megakad\u00e1lyozni a r\u00e9m\u00e1lmokat. V\u00e1laszt kapunk arra is, hogy mi t\u00f6rt\u00e9nik Hook kapit\u00e1ny elt\u0171n\u00e9sekor, \u00e9s mik\u00e9nt v\u00e9gz\u0151dik az Indi\u00e1n Faluban megrendezett hatalmas buli.A mes\u00e9ben London olyan modern kori nevezetess\u00e9gei is visszak\u00f6sz\u00f6nnek, mint a Tower Bridge, a London Eye, a Big Ben, a m\u00e9lt\u00f3s\u00e1gteljes Trafalgar t\u00e9r, vagy a Kensington Park, ahol a kisfi\u00fa saj\u00e1t szobr\u00e1val is tal\u00e1lkozik.","languageCode":"hun","countryCode":"HU","deviceCode":"web","medium":"TV","categories":[{"id":"271090244371","title":"Gyermek\/Ifj\u00fas\u00e1gi","scheme":"urn:tva:metadata:cs:UPCEventGenreCS:2009"},{"id":"271090244376","title":"Rajzfilm","scheme":"urn:tva:metadata:cs:UPCEventGenreCS:2009"}],"isAdult":false,"parentalRating":"6","cast":["Mehani Taric","Lisa Caruso","Genevieve Doang","Jean-Claude Donda","C\u00e9line Melloul"],"directors":["Augusto Zanovello"],"images":[{"assetType":"boxart-small","assetTypes":["boxart-small"],"width":75,"height":108,"url":"https:\/\/wp17-images-hu-dynamic.horizon.tv\/HU\/Images\/upcgenre_55.jpg?w=75&h=108&mode=box"},{"assetType":"tva-boxcover","assetTypes":["tva-boxcover"],"width":180,"height":260,"url":"https:\/\/wp17-images-hu-dynamic.horizon.tv\/HU\/Images\/upcgenre_55.jpg"},{"assetType":"boxart-xlarge","assetTypes":["boxart-xlarge"],"width":210,"height":303,"url":"https:\/\/wp17-images-hu-dynamic.horizon.tv\/HU\/Images\/upcgenre_55.jpg?w=210&h=303&mode=box"},{"assetType":"boxart-large","assetTypes":["boxart-large"],"width":180,"height":260,"url":"https:\/\/wp17-images-hu-dynamic.horizon.tv\/HU\/Images\/upcgenre_55.jpg?w=180&h=260&mode=box"},{"assetType":"boxart-medium","assetTypes":["boxart-medium"],"width":110,"height":159,"url":"https:\/\/wp17-images-hu-dynamic.horizon.tv\/HU\/Images\/upcgenre_55.jpg?w=110&h=159&mode=box"},{"assetType":"HighResLandscape","assetTypes":["HighResLandscape"],"url":"https:\/\/wp11-images-hu-dynamic.horizon.tv\/HU\/Images\/hrl_1b40ed3f55c37cdad8f04f6c35de0934ae8f99d7.jpg"}],"mediaGroupId":"crid:~~2F~~2Fport.hu~~2F10643940","secondaryTitle":"Kincsvad\u00e1szat (I.\/11)","shortDescription":"A leny\u0171g\u00f6z\u0151 l\u00e1tv\u00e1nyvil\u00e1g\u00fa epiz\u00f3dok f\u0151szerepl\u0151je P\u00e1n P\u00e9ter, \u00e9s legjobb bar\u00e1tja, a forr\u00f3fej\u0171 t\u00fcnd\u00e9r, Csingiling. P\u00e9tert a k\u00edv\u00e1ncsis\u00e1g napjaink Londonj\u00e1ba vezeti, ahol ism\u00e9t tal\u00e1lkozik r\u00e9gi bar\u00e1taival.","mediaType":"Episode","year":"2013","isReplayTv":true,"seriesEpisodeNumber":"11","seriesNumber":"1","videoStreams":[],"airDate":1356998400000,"entitlements":["VIP","_OPEN_"],"currentProductIds":[],"currentTvodProductIds":[]},"parentId":"crid:~~2F~~2Fport.hu~~2F10643940","rootId":"crid:~~2F~~2Fport.hu~~2F10643940"}