{"id":"crid:~~2F~~2Fport.hu~~2F76653792-imi:00100000005E2006","countryCode":"HU","languageCode":"hun","deviceCode":"web","startTime":1525712400000,"endTime":1525719600000,"stationId":"826989607265","imi":"imi:00100000005E2006","mediaGroupId":"crid:~~2F~~2Fport.hu~~2F82179377","program":{"id":"crid:~~2F~~2Fport.hu~~2F76653792","title":"MTV Hits","description":"A legmen\u0151bb sz\u00e1mok egyenesen a toplist\u00e1k \u00e9l\u00e9r\u0151l. Csatlakozz hozz\u00e1nk \u00e9s n\u00e9zd meg a legn\u00e9pszer\u0171bb klipeket!","longDescription":"A legmen\u0151bb sz\u00e1mok egyenesen a toplist\u00e1k \u00e9l\u00e9r\u0151l. Csatlakozz hozz\u00e1nk \u00e9s n\u00e9zd meg a legn\u00e9pszer\u0171bb klipeket!","languageCode":"hun","countryCode":"HU","deviceCode":"web","medium":"TV","categories":[{"id":"271090244377","title":"Zene","scheme":"urn:tva:metadata:cs:UPCEventGenreCS:2009"}],"isAdult":false,"parentalRating":"3","cast":[],"directors":[],"images":[{"assetType":"boxart-xlarge","assetTypes":["boxart-xlarge"],"width":210,"height":303,"url":"https:\/\/wp21-images-hu-dynamic.horizon.tv\/HU\/Images\/upcgenre_60.jpg?w=210&h=303&mode=box"},{"assetType":"boxart-medium","assetTypes":["boxart-medium"],"width":110,"height":159,"url":"https:\/\/wp21-images-hu-dynamic.horizon.tv\/HU\/Images\/upcgenre_60.jpg?w=110&h=159&mode=box"},{"assetType":"boxart-large","assetTypes":["boxart-large"],"width":180,"height":260,"url":"https:\/\/wp21-images-hu-dynamic.horizon.tv\/HU\/Images\/upcgenre_60.jpg?w=180&h=260&mode=box"},{"assetType":"tva-boxcover","assetTypes":["tva-boxcover"],"width":180,"height":260,"url":"https:\/\/wp21-images-hu-dynamic.horizon.tv\/HU\/Images\/upcgenre_60.jpg"},{"assetType":"boxart-small","assetTypes":["boxart-small"],"width":75,"height":108,"url":"https:\/\/wp21-images-hu-dynamic.horizon.tv\/HU\/Images\/upcgenre_60.jpg?w=75&h=108&mode=box"}],"mediaGroupId":"crid:~~2F~~2Fport.hu~~2F82179377","shortDescription":"A legmen\u0151bb sz\u00e1mok egyenesen a toplist\u00e1k \u00e9l\u00e9r\u0151l. Csatlakozz hozz\u00e1nk \u00e9s n\u00e9zd meg a legn\u00e9pszer\u0171bb klipeket!","mediaType":"Episode","duration":10800,"latestBroadcastStartTime":1525453200000,"latestBroadcastEndTime":1525462200000,"isReplayTv":true,"listingId":"crid:~~2F~~2Fport.hu~~2F76653792-imi:00100000005D881D","seriesEpisodeNumber":"1805111900","seriesNumber":"1805111900","videoStreams":[],"entitlements":["crid:~~2F~~2Fupc.com~~2FReplayTV~~2FMTV_ReplayTV","VIP","_OPEN_"],"currentProductIds":["crid:~~2F~~2Fupc.com~~2FReplayTV~~2FMTV_ReplayTV"],"currentTvodProductIds":[]},"parentId":"crid:~~2F~~2Fport.hu~~2F82179377","rootId":"crid:~~2F~~2Fport.hu~~2F82179377"}