{"id":"crid:~~2F~~2Fport.hu~~2F67751403-imi:00100000005D322C","countryCode":"HU","languageCode":"hun","deviceCode":"web","startTime":1525438500000,"endTime":1525440300000,"stationId":"826989607167","imi":"imi:00100000005D322C","mediaGroupId":"crid:~~2F~~2Fport.hu~~2F67751298","program":{"id":"crid:~~2F~~2Fport.hu~~2F67751403","title":"Willy Fog \u00fajabb kalandjai","description":"(24) Willy Fog \u00e9s bar\u00e1tai, Rig\u00f3don, Tico \u00e9s term\u00e9szetesen Romy hercegn\u0151 tov\u00e1bb folytatj\u00e1k kalandos \u00fatjukat a F\u00f6ld k\u00f6z\u00e9ppontja fel\u00e9, \u00e9s h\u00faszezer m\u00e9rf\u00f6lddel a tenger alatt, ez\u00fattal is a nagy kalandreg\u00e9ny\u00edr\u00f3, Jules Verne nyom\u00e1n.","longDescription":"(24) Willy Fog \u00e9s bar\u00e1tai, Rig\u00f3don, Tico \u00e9s term\u00e9szetesen Romy hercegn\u0151 tov\u00e1bb folytatj\u00e1k kalandos \u00fatjukat a F\u00f6ld k\u00f6z\u00e9ppontja fel\u00e9, \u00e9s h\u00faszezer m\u00e9rf\u00f6lddel a tenger alatt, ez\u00fattal is a nagy kalandreg\u00e9ny\u00edr\u00f3, Jules Verne nyom\u00e1n.","languageCode":"hun","countryCode":"HU","deviceCode":"web","medium":"TV","categories":[{"id":"271090244402","title":"Ismeretterjeszt\u0151 m\u0171sorok","scheme":"urn:tva:metadata:cs:UPCEventGenreCS:2009"}],"isAdult":false,"parentalRating":"12","cast":[],"directors":["Claudio Biern Boyd"],"images":[{"assetType":"tva-boxcover","assetTypes":["tva-boxcover"],"width":180,"height":260,"url":"https:\/\/wp22-images-hu-dynamic.horizon.tv\/HU\/Images\/upcgenre_90.jpg"},{"assetType":"boxart-large","assetTypes":["boxart-large"],"width":180,"height":260,"url":"https:\/\/wp22-images-hu-dynamic.horizon.tv\/HU\/Images\/upcgenre_90.jpg?w=180&h=260&mode=box"},{"assetType":"boxart-xlarge","assetTypes":["boxart-xlarge"],"width":210,"height":303,"url":"https:\/\/wp22-images-hu-dynamic.horizon.tv\/HU\/Images\/upcgenre_90.jpg?w=210&h=303&mode=box"},{"assetType":"boxart-small","assetTypes":["boxart-small"],"width":75,"height":108,"url":"https:\/\/wp22-images-hu-dynamic.horizon.tv\/HU\/Images\/upcgenre_90.jpg?w=75&h=108&mode=box"},{"assetType":"boxart-medium","assetTypes":["boxart-medium"],"width":110,"height":159,"url":"https:\/\/wp22-images-hu-dynamic.horizon.tv\/HU\/Images\/upcgenre_90.jpg?w=110&h=159&mode=box"}],"mediaGroupId":"crid:~~2F~~2Fport.hu~~2F67751298","secondaryTitle":"d\u00e9li sarkon (24)","shortDescription":"Willy Fog \u00e9s bar\u00e1tai, Rig\u00f3don, Tico \u00e9s term\u00e9szetesen Romy hercegn\u0151 tov\u00e1bb folytatj\u00e1k kalandos \u00fatjukat a F\u00f6ld k\u00f6z\u00e9ppontja fel\u00e9, ez\u00fattal is a nagy kalandreg\u00e9ny\u00edr\u00f3, Jules Verne nyom\u00e1n.","mediaType":"Episode","year":"1993","isReplayTv":false,"seriesEpisodeNumber":"24","seriesNumber":"1805021455","videoStreams":[],"airDate":725846400000,"entitlements":["VIP","_OPEN_"],"currentProductIds":[],"currentTvodProductIds":[]},"parentId":"crid:~~2F~~2Fport.hu~~2F67751298","rootId":"crid:~~2F~~2Fport.hu~~2F67751298"}