{"id":"crid:~~2F~~2Fport.hu~~2F9084604-imi:00100000005D1FC2","countryCode":"HU","languageCode":"hun","deviceCode":"web","startTime":1525438500000,"endTime":1525440600000,"stationId":"826989607208","imi":"imi:00100000005D1FC2","mediaGroupId":"crid:~~2F~~2Fport.hu~~2F5823040","program":{"id":"crid:~~2F~~2Fport.hu~~2F9084604","title":"Yu-gi-oh! Zexal","description":"(I.\/24) A Yu-Gi-Oh! Zexal jap\u00e1n anime- \u00e9s mangasorozat a harmadik spin-off sz\u00e9ri\u00e1ja a Yu-Gi-Oh franchisenak. A manga a Shueisha v\u00e1llat V-Jump magazinj\u00e1ban jelent meg. A Yu-Gi-Oh! Zexal a Yu-Gi-Oh! 5D's anime ut\u00e1n k\u00f6vetkezik. A Yu-Gi-Oh! Zexal anim\u00e9t a Yu-Gi-Oh! Arc-V k\u00f6veti. Az XYZ sz\u00f6rnyek a Yu-Gi-Oh! Zexal anim\u00e9ben lettek bevezetve.","longDescription":"(I.\/24) A Yu-Gi-Oh! Zexal jap\u00e1n anime- \u00e9s mangasorozat a harmadik spin-off sz\u00e9ri\u00e1ja a Yu-Gi-Oh franchisenak. A manga a Shueisha v\u00e1llat V-Jump magazinj\u00e1ban jelent meg. A Yu-Gi-Oh! Zexal a Yu-Gi-Oh! 5D's anime ut\u00e1n k\u00f6vetkezik. A Yu-Gi-Oh! Zexal anim\u00e9t a Yu-Gi-Oh! Arc-V k\u00f6veti. Az XYZ sz\u00f6rnyek a Yu-Gi-Oh! Zexal anim\u00e9ben lettek bevezetve.","languageCode":"hun","countryCode":"HU","deviceCode":"web","medium":"TV","categories":[{"id":"271090244371","title":"Gyermek\/Ifj\u00fas\u00e1gi","scheme":"urn:tva:metadata:cs:UPCEventGenreCS:2009"},{"id":"271090244376","title":"Rajzfilm","scheme":"urn:tva:metadata:cs:UPCEventGenreCS:2009"}],"isAdult":false,"parentalRating":"12","cast":[],"directors":[],"images":[{"assetType":"boxart-xlarge","assetTypes":["boxart-xlarge"],"width":210,"height":303,"url":"https:\/\/wp27-images-hu-dynamic.horizon.tv\/HU\/Images\/upcgenre_55.jpg?w=210&h=303&mode=box"},{"assetType":"boxart-small","assetTypes":["boxart-small"],"width":75,"height":108,"url":"https:\/\/wp27-images-hu-dynamic.horizon.tv\/HU\/Images\/upcgenre_55.jpg?w=75&h=108&mode=box"},{"assetType":"boxart-large","assetTypes":["boxart-large"],"width":180,"height":260,"url":"https:\/\/wp27-images-hu-dynamic.horizon.tv\/HU\/Images\/upcgenre_55.jpg?w=180&h=260&mode=box"},{"assetType":"boxart-medium","assetTypes":["boxart-medium"],"width":110,"height":159,"url":"https:\/\/wp27-images-hu-dynamic.horizon.tv\/HU\/Images\/upcgenre_55.jpg?w=110&h=159&mode=box"},{"assetType":"tva-boxcover","assetTypes":["tva-boxcover"],"width":180,"height":260,"url":"https:\/\/wp27-images-hu-dynamic.horizon.tv\/HU\/Images\/upcgenre_55.jpg"}],"mediaGroupId":"crid:~~2F~~2Fport.hu~~2F5823040","secondaryTitle":"(I.\/24)","shortDescription":"(I.\/24) A Yu-Gi-Oh! Zexal jap\u00e1n anime- \u00e9s mangasorozat a harmadik spin-off sz\u00e9ri\u00e1ja a Yu-Gi-Oh franchisenak. A manga a Shueisha v\u00e1llat V-Jump magazinj\u00e1ban jelent meg. A Yu-Gi-Oh! Zexal a Yu-Gi-Oh!...","mediaType":"Episode","year":"2011","isReplayTv":false,"seriesEpisodeNumber":"24","seriesNumber":"1","videoStreams":[],"airDate":1293840000000,"entitlements":["VIP","_OPEN_"],"currentProductIds":[],"currentTvodProductIds":[]},"parentId":"crid:~~2F~~2Fport.hu~~2F5823040","rootId":"crid:~~2F~~2Fport.hu~~2F5823040"}