{"id":"crid:~~2F~~2Fport.hu~~2F56616548-imi:00100000005D393A","countryCode":"HU","languageCode":"hun","deviceCode":"web","startTime":1525654080000,"endTime":1525656960000,"stationId":"826989607162","imi":"imi:00100000005D393A","mediaGroupId":"crid:~~2F~~2Fport.hu~~2F2554721","program":{"id":"crid:~~2F~~2Fport.hu~~2F56616548","title":"\u00c1ll\u00edt\u00f3lag...","description":"(XIII.\/6) Az \u00faj r\u00e9szekb\u0151l megtudhatjuk, hogy v\u00e9gz\u0151dik az, amikor az elektromos ker\u00edt\u00e9sre vizel valaki, k\u00e9pes-e felrobbanni a szilikonos mellbet\u00e9t, \u00e9s milyen vesz\u00e9lyes lehet a mobiltelefon haszn\u00e1lata a benzink\u00fatn\u00e1l. Tov\u00e1bb\u00e1 megtudhatjuk, hogy a val\u00f3s\u00e1gban is megcs\u00fasznak-e a ban\u00e1nh\u00e9jon vagy cukron az aut\u00f3k, ahogy azt filmekben szoktuk l\u00e1tni, valamint azt is, hogy Archim\u00e9desz k\u00e9pes volt-e csup\u00e1n t\u00fckr\u00f6k seg\u00edts\u00e9g\u00e9vel felgy\u00fajtani R\u00f3m\u00e1t. Ez csak egy p\u00e1r p\u00e9lda arra, hogy mivel is fognak megk\u00fczdeni a m\u00edtoszok megd\u00f6nt\u00e9s\u00e9vel foglalkoz\u00f3 m\u0171sor h\u00e1zigazd\u00e1i.","longDescription":"(XIII.\/6) Az \u00faj r\u00e9szekb\u0151l megtudhatjuk, hogy v\u00e9gz\u0151dik az, amikor az elektromos ker\u00edt\u00e9sre vizel valaki, k\u00e9pes-e felrobbanni a szilikonos mellbet\u00e9t, \u00e9s milyen vesz\u00e9lyes lehet a mobiltelefon haszn\u00e1lata a benzink\u00fatn\u00e1l. Tov\u00e1bb\u00e1 megtudhatjuk, hogy a val\u00f3s\u00e1gban is megcs\u00fasznak-e a ban\u00e1nh\u00e9jon vagy cukron az aut\u00f3k, ahogy azt filmekben szoktuk l\u00e1tni, valamint azt is, hogy Archim\u00e9desz k\u00e9pes volt-e csup\u00e1n t\u00fckr\u00f6k seg\u00edts\u00e9g\u00e9vel felgy\u00fajtani R\u00f3m\u00e1t. Ez csak egy p\u00e1r p\u00e9lda arra, hogy mivel is fognak megk\u00fczdeni a m\u00edtoszok megd\u00f6nt\u00e9s\u00e9vel foglalkoz\u00f3 m\u0171sor h\u00e1zigazd\u00e1i.","languageCode":"hun","countryCode":"HU","deviceCode":"web","medium":"TV","categories":[{"id":"271090244398","title":"T\u00e1rsadalmi\/Politikai","scheme":"urn:tva:metadata:cs:UPCEventGenreCS:2009"}],"isAdult":false,"parentalRating":"3","cast":["Jamie Hyneman","Adam Savage"],"directors":[],"images":[{"assetType":"tva-boxcover","assetTypes":["tva-boxcover"],"width":180,"height":260,"url":"https:\/\/wp17-images-hu-dynamic.horizon.tv\/HU\/Images\/bc_d1a73e65fd6218b97828cbe2b6607dbd58e80548.jpg"},{"assetType":"boxart-large","assetTypes":["boxart-large"],"width":180,"height":260,"url":"https:\/\/wp17-images-hu-dynamic.horizon.tv\/HU\/Images\/bc_d1a73e65fd6218b97828cbe2b6607dbd58e80548.jpg?w=180&h=260&mode=box"},{"assetType":"boxart-medium","assetTypes":["boxart-medium"],"width":110,"height":159,"url":"https:\/\/wp17-images-hu-dynamic.horizon.tv\/HU\/Images\/bc_d1a73e65fd6218b97828cbe2b6607dbd58e80548.jpg?w=110&h=159&mode=box"},{"assetType":"boxart-small","assetTypes":["boxart-small"],"width":75,"height":108,"url":"https:\/\/wp17-images-hu-dynamic.horizon.tv\/HU\/Images\/bc_d1a73e65fd6218b97828cbe2b6607dbd58e80548.jpg?w=75&h=108&mode=box"},{"assetType":"boxart-xlarge","assetTypes":["boxart-xlarge"],"width":210,"height":303,"url":"https:\/\/wp17-images-hu-dynamic.horizon.tv\/HU\/Images\/bc_d1a73e65fd6218b97828cbe2b6607dbd58e80548.jpg?w=210&h=303&mode=box"}],"mediaGroupId":"crid:~~2F~~2Fport.hu~~2F2554721","secondaryTitle":"Utcai aut\u00f3versenyek (XIII.\/6)","shortDescription":"Az \u00c1ll\u00edt\u00f3lag... \u00faj r\u00e9szeib\u0151l megtudhatjuk, hogy a val\u00f3s\u00e1gban is megcs\u00fasznak-e a ban\u00e1nh\u00e9jon vagy cukron az aut\u00f3k, vagy hogy Archim\u00e9desz k\u00e9pes volt-e csup\u00e1n t\u00fckr\u00f6k seg\u00edts\u00e9g\u00e9vel felgy\u00fajtani R\u00f3m\u00e1t.","mediaType":"Episode","year":"2015","isReplayTv":false,"seriesEpisodeNumber":"6","seriesNumber":"13","videoStreams":[],"airDate":1420070400000,"entitlements":["VIP","_OPEN_"],"currentProductIds":[],"currentTvodProductIds":[]},"parentId":"crid:~~2F~~2Fport.hu~~2F2554721","rootId":"crid:~~2F~~2Fport.hu~~2F2554721"}