{"id":"crid:~~2F~~2Fport.hu~~2F85773357-imi:00100000005E477E","countryCode":"HU","languageCode":"hun","deviceCode":"web","startTime":1525665600000,"endTime":1525667400000,"stationId":"826989607215","imi":"imi:00100000005E477E","mediaGroupId":"crid:~~2F~~2Fport.hu~~2F25605591","program":{"id":"crid:~~2F~~2Fport.hu~~2F85773357","title":"Egyszer volt, hol nem volt... a F\u00f6ld","description":"Ezekben az epiz\u00f3dokban a szerepl\u0151k a f\u00f6ldgoly\u00f3 n\u00e9gy \u00e9gt\u00e1j\u00e1ra kalauzolnak el benn\u00fcnket \u00e9s \u00e9rdekes inform\u00e1ci\u00f3kkal gazdag\u00edtj\u00e1k tud\u00e1sunkat a bolyg\u00f3nkat \u00e9s benn\u00fcnket \u00e9rint\u0151 probl\u00e9m\u00e1kr\u00f3l \u00e9s azok megold\u00e1s\u00e1r\u00f3l.","longDescription":"Ezekben az epiz\u00f3dokban a szerepl\u0151k a f\u00f6ldgoly\u00f3 n\u00e9gy \u00e9gt\u00e1j\u00e1ra kalauzolnak el benn\u00fcnket \u00e9s \u00e9rdekes inform\u00e1ci\u00f3kkal gazdag\u00edtj\u00e1k tud\u00e1sunkat a bolyg\u00f3nkat \u00e9s benn\u00fcnket \u00e9rint\u0151 probl\u00e9m\u00e1kr\u00f3l \u00e9s azok megold\u00e1s\u00e1r\u00f3l.","languageCode":"hun","countryCode":"HU","deviceCode":"web","medium":"TV","categories":[{"id":"271090244428","title":"Dr\u00e1ma","scheme":"urn:tva:metadata:cs:UPCEventGenreCS:2009"}],"isAdult":false,"parentalRating":"6","cast":[],"directors":["Albert Barill\u00e9"],"images":[{"assetType":"boxart-xlarge","assetTypes":["boxart-xlarge"],"width":210,"height":303,"url":"https:\/\/wp23-images-hu-dynamic.horizon.tv\/HU\/Images\/upcgenre_E0.jpg?w=210&h=303&mode=box"},{"assetType":"boxart-medium","assetTypes":["boxart-medium"],"width":110,"height":159,"url":"https:\/\/wp23-images-hu-dynamic.horizon.tv\/HU\/Images\/upcgenre_E0.jpg?w=110&h=159&mode=box"},{"assetType":"boxart-small","assetTypes":["boxart-small"],"width":75,"height":108,"url":"https:\/\/wp23-images-hu-dynamic.horizon.tv\/HU\/Images\/upcgenre_E0.jpg?w=75&h=108&mode=box"},{"assetType":"boxart-large","assetTypes":["boxart-large"],"width":180,"height":260,"url":"https:\/\/wp23-images-hu-dynamic.horizon.tv\/HU\/Images\/upcgenre_E0.jpg?w=180&h=260&mode=box"},{"assetType":"tva-boxcover","assetTypes":["tva-boxcover"],"width":180,"height":260,"url":"https:\/\/wp23-images-hu-dynamic.horizon.tv\/HU\/Images\/upcgenre_E0.jpg"}],"mediaGroupId":"crid:~~2F~~2Fport.hu~~2F25605591","secondaryTitle":"A bolyg\u0151 v\u00e9delmez\u0151i","shortDescription":"Ezekben az epiz\u00f3dokban a szerepl\u0151k a f\u00f6ldgoly\u00f3 n\u00e9gy \u00e9gt\u00e1j\u00e1ra kalauzolnak el benn\u00fcnket \u00e9s \u00e9rdekes inform\u00e1ci\u00f3kkal gazdag\u00edtj\u00e1k tud\u00e1sunkat a bolyg\u00f3nkat \u00e9s benn\u00fcnket \u00e9rint\u0151 probl\u00e9m\u00e1kr\u00f3l \u00e9s megold\u00e1saikr\u00f3l.","mediaType":"Episode","isReplayTv":false,"seriesEpisodeNumber":"1805070600","seriesNumber":"1805110600","videoStreams":[],"entitlements":["VIP","_OPEN_"],"currentProductIds":[],"currentTvodProductIds":[]},"parentId":"crid:~~2F~~2Fport.hu~~2F25605591","rootId":"crid:~~2F~~2Fport.hu~~2F25605591"}