{"id":"crid:~~2F~~2Fport.hu~~2F1481984-imi:00100000005D5462","countryCode":"HU","languageCode":"hun","deviceCode":"web","startTime":1525644000000,"endTime":1525645800000,"stationId":"826989607239","imi":"imi:00100000005D5462","mediaGroupId":"crid:~~2F~~2Fport.hu~~2F1587160","program":{"id":"crid:~~2F~~2Fport.hu~~2F1481984","title":"\u00cdgy j\u00e1rtam any\u00e1tokkal","description":"(IV.\/20) Ahogy a c\u00edm is mondja a t\u00f6rt\u00e9net arr\u00f3l sz\u00f3l, hogy Ted Mosby 2030-ban elmes\u00e9li gyermekeinek, hogyan ismerkedtek \u00f6ssze a sz\u00fcleik. A t\u00f6rt\u00e9net kezdet\u00e9n Ted legjobb bar\u00e1tja, Marshall el\u00e1rulja, hogy meg akarja k\u00e9rni bar\u00e1tn\u0151je, Lily kez\u00e9t. Ted ebben a pillanatban d\u00f6bben r\u00e1, hogy t\u00f6bb\u00e9 nem v\u00e1rhatja az igaz szerelmet, l\u00e9pnie kell.","longDescription":"(IV.\/20) Ahogy a c\u00edm is mondja a t\u00f6rt\u00e9net arr\u00f3l sz\u00f3l, hogy Ted Mosby 2030-ban elmes\u00e9li gyermekeinek, hogyan ismerkedtek \u00f6ssze a sz\u00fcleik. A t\u00f6rt\u00e9net kezdet\u00e9n Ted legjobb bar\u00e1tja, Marshall el\u00e1rulja, hogy meg akarja k\u00e9rni bar\u00e1tn\u0151je, Lily kez\u00e9t. Ted ebben a pillanatban d\u00f6bben r\u00e1, hogy t\u00f6bb\u00e9 nem v\u00e1rhatja az igaz szerelmet, l\u00e9pnie kell.","languageCode":"hun","countryCode":"HU","deviceCode":"web","medium":"TV","categories":[{"id":"271090244428","title":"Dr\u00e1ma","scheme":"urn:tva:metadata:cs:UPCEventGenreCS:2009"},{"id":"271090244432","title":"Kom\u00e9dia\/Filmv\u00edgj\u00e1t\u00e9k","scheme":"urn:tva:metadata:cs:UPCEventGenreCS:2009"}],"isAdult":false,"parentalRating":"12","cast":["Josh Radnor","Jason Segel","Cobie Smulders","Neil Patrick Harris","Alyson Hannigan","Charlene Amoia","Joe Nieves","Jennifer Morrison","Marshall Manesh"],"directors":["Rob Greenberg","Pamela Fryman"],"images":[{"assetType":"boxart-xlarge","assetTypes":["boxart-xlarge"],"width":210,"height":303,"url":"https:\/\/wp26-images-hu-dynamic.horizon.tv\/HU\/Images\/bc_240fad0607213dbcc6c9f3cbaa13d201d7ec35f1.jpg?w=210&h=303&mode=box"},{"assetType":"boxart-medium","assetTypes":["boxart-medium"],"width":110,"height":159,"url":"https:\/\/wp26-images-hu-dynamic.horizon.tv\/HU\/Images\/bc_240fad0607213dbcc6c9f3cbaa13d201d7ec35f1.jpg?w=110&h=159&mode=box"},{"assetType":"boxart-large","assetTypes":["boxart-large"],"width":180,"height":260,"url":"https:\/\/wp26-images-hu-dynamic.horizon.tv\/HU\/Images\/bc_240fad0607213dbcc6c9f3cbaa13d201d7ec35f1.jpg?w=180&h=260&mode=box"},{"assetType":"tva-boxcover","assetTypes":["tva-boxcover"],"width":180,"height":260,"url":"https:\/\/wp26-images-hu-dynamic.horizon.tv\/HU\/Images\/bc_240fad0607213dbcc6c9f3cbaa13d201d7ec35f1.jpg"},{"assetType":"boxart-small","assetTypes":["boxart-small"],"width":75,"height":108,"url":"https:\/\/wp26-images-hu-dynamic.horizon.tv\/HU\/Images\/bc_240fad0607213dbcc6c9f3cbaa13d201d7ec35f1.jpg?w=75&h=108&mode=box"},{"assetType":"HighResLandscape","assetTypes":["HighResLandscape"],"url":"https:\/\/wp5-images-hu-dynamic.horizon.tv\/HU\/Images\/hrl_7d01c82fede451bfc01bd7f1cf83e7cdbc947d72.jpg"},{"assetType":"HighResPortrait","assetTypes":["HighResPortrait"],"url":"https:\/\/wp5-images-hu-dynamic.horizon.tv\/HU\/Images\/hrp_afe9b35ffafbd89c18f17c5039af42fb63375411.jpg"}],"mediaGroupId":"crid:~~2F~~2Fport.hu~~2F1587160","secondaryTitle":"Mosbius Designs (IV.\/20)","shortDescription":"A t\u00f6rt\u00e9net arr\u00f3l sz\u00f3l, hogy Ted Mosby 2030-ban elmes\u00e9li gyermekeinek, hogyan ismerkedtek \u00f6ssze a sz\u00fcleik.","mediaType":"Episode","year":"2009","duration":1800,"latestBroadcastStartTime":1525435200000,"latestBroadcastEndTime":1525437000000,"isReplayTv":true,"listingId":"crid:~~2F~~2Fport.hu~~2F1481984-imi:00100000005D54EE","seriesEpisodeNumber":"20","seriesNumber":"4","videoStreams":[],"airDate":1230768000000,"entitlements":["crid:~~2F~~2Fupc.com~~2FReplayTV~~2FComedy_Central_Extra_ReplayTV","VIP","_OPEN_"],"currentProductIds":["crid:~~2F~~2Fupc.com~~2FReplayTV~~2FComedy_Central_Extra_ReplayTV"],"currentTvodProductIds":[]},"parentId":"crid:~~2F~~2Fport.hu~~2F1587160","rootId":"crid:~~2F~~2Fport.hu~~2F1587160"}