{"id":"crid:~~2F~~2Fport.hu~~2F76913856-imi:00100000005D3FE3","countryCode":"HU","languageCode":"hun","deviceCode":"web","startTime":1525595400000,"endTime":1525597200000,"stationId":"826989607202","imi":"imi:00100000005D3FE3","mediaGroupId":"crid:~~2F~~2Fport.hu~~2F67010015","program":{"id":"crid:~~2F~~2Fport.hu~~2F76913856","title":"Maggie \u00e9s Bianca \u2013 Divatb\u00f3l jeles","description":"Maggie hatalmas \u00e1lma v\u00e1lik val\u00f3ra, mikor \u00f6szt\u00f6nd\u00edjat nyer a Mil\u00e1n\u00f3i Divat Akad\u00e9mi\u00e1ra. Bianca, az olasz divatm\u00e1gn\u00e1s l\u00e1nya, szint\u00e9n a Divat Akad\u00e9mi\u00e1ra nyer felv\u00e9telt, f\u00e9lret\u00e9ve igazi szenved\u00e9ly\u00e9t, a zen\u00e9t. Itt tal\u00e1lkozik a k\u00e9t l\u00e1ny, kapcsolatuk eleinte rendk\u00edv\u00fcl viharosan indul. A sorozatos civakod\u00e1snak k\u00f6sz\u00f6nhet\u0151en egyre jobban megismerik egym\u00e1st \u00e9s klassz csapatt\u00e1 alakulnak. A l\u00e1nyokhoz csatlakozik p\u00e1r csoportt\u00e1rs, akik szint\u00e9n rajonganak a divat\u00e9rt \u00e9s a zen\u00e9\u00e9rt. Ez m\u00e9g szorosabb\u00e1 kov\u00e1csolja a bar\u00e1ts\u00e1gukat, megf\u0171szerezve egy kis verseng\u00e9ssel, szerelemmel, csal\u00f3d\u00e1ssal, m\u00edg az \u00e1lmok val\u00f3ra nem v\u00e1lnak.","longDescription":"Maggie hatalmas \u00e1lma v\u00e1lik val\u00f3ra, mikor \u00f6szt\u00f6nd\u00edjat nyer a Mil\u00e1n\u00f3i Divat Akad\u00e9mi\u00e1ra. Bianca, az olasz divatm\u00e1gn\u00e1s l\u00e1nya, szint\u00e9n a Divat Akad\u00e9mi\u00e1ra nyer felv\u00e9telt, f\u00e9lret\u00e9ve igazi szenved\u00e9ly\u00e9t, a zen\u00e9t. Itt tal\u00e1lkozik a k\u00e9t l\u00e1ny, kapcsolatuk eleinte rendk\u00edv\u00fcl viharosan indul. A sorozatos civakod\u00e1snak k\u00f6sz\u00f6nhet\u0151en egyre jobban megismerik egym\u00e1st \u00e9s klassz csapatt\u00e1 alakulnak. A l\u00e1nyokhoz csatlakozik p\u00e1r csoportt\u00e1rs, akik szint\u00e9n rajonganak a divat\u00e9rt \u00e9s a zen\u00e9\u00e9rt. Ez m\u00e9g szorosabb\u00e1 kov\u00e1csolja a bar\u00e1ts\u00e1gukat, megf\u0171szerezve egy kis verseng\u00e9ssel, szerelemmel, csal\u00f3d\u00e1ssal, m\u00edg az \u00e1lmok val\u00f3ra nem v\u00e1lnak.","languageCode":"hun","countryCode":"HU","deviceCode":"web","medium":"TV","categories":[{"id":"271090244371","title":"Gyermek\/Ifj\u00fas\u00e1gi","scheme":"urn:tva:metadata:cs:UPCEventGenreCS:2009"},{"id":"271090244376","title":"Rajzfilm","scheme":"urn:tva:metadata:cs:UPCEventGenreCS:2009"}],"isAdult":false,"parentalRating":"3","cast":[],"directors":[],"images":[{"assetType":"boxart-xlarge","assetTypes":["boxart-xlarge"],"width":210,"height":303,"url":"https:\/\/wp14-images-hu-dynamic.horizon.tv\/HU\/Images\/upcgenre_55.jpg?w=210&h=303&mode=box"},{"assetType":"boxart-medium","assetTypes":["boxart-medium"],"width":110,"height":159,"url":"https:\/\/wp14-images-hu-dynamic.horizon.tv\/HU\/Images\/upcgenre_55.jpg?w=110&h=159&mode=box"},{"assetType":"tva-boxcover","assetTypes":["tva-boxcover"],"width":180,"height":260,"url":"https:\/\/wp14-images-hu-dynamic.horizon.tv\/HU\/Images\/upcgenre_55.jpg"},{"assetType":"boxart-small","assetTypes":["boxart-small"],"width":75,"height":108,"url":"https:\/\/wp14-images-hu-dynamic.horizon.tv\/HU\/Images\/upcgenre_55.jpg?w=75&h=108&mode=box"},{"assetType":"boxart-large","assetTypes":["boxart-large"],"width":180,"height":260,"url":"https:\/\/wp14-images-hu-dynamic.horizon.tv\/HU\/Images\/upcgenre_55.jpg?w=180&h=260&mode=box"}],"mediaGroupId":"crid:~~2F~~2Fport.hu~~2F67010015","secondaryTitle":"Kreat\u00edv k\u00e1osz","shortDescription":"Maggie hatalmas \u00e1lma v\u00e1lik val\u00f3ra, mikor \u00f6szt\u00f6nd\u00edjat nyer a Mil\u00e1n\u00f3i Divat Akad\u00e9mi\u00e1ra. Bianca, az olasz divatm\u00e1gn\u00e1s l\u00e1nya, szint\u00e9n a Divat Akad\u00e9mi\u00e1ra nyer felv\u00e9telt, f\u00e9lret\u00e9ve igazi szenved\u00e9ly\u00e9t, a...","mediaType":"Episode","year":"2017","isReplayTv":false,"seriesEpisodeNumber":"1805051900","seriesNumber":"1805031030","videoStreams":[],"airDate":1483228800000,"entitlements":["VIP","_OPEN_"],"currentProductIds":[],"currentTvodProductIds":[]},"parentId":"crid:~~2F~~2Fport.hu~~2F67010015","rootId":"crid:~~2F~~2Fport.hu~~2F67010015"}