{"id":"crid:~~2F~~2Fport.hu~~2F25550456-imi:00100000005E45ED","countryCode":"HU","languageCode":"hun","deviceCode":"web","startTime":1525689900000,"endTime":1525691400000,"stationId":"826989607205","imi":"imi:00100000005E45ED","mediaGroupId":"crid:~~2F~~2Fport.hu~~2F2601558","program":{"id":"crid:~~2F~~2Fport.hu~~2F25550456","title":"Happy Endings","description":"Hat j\u00f3bar\u00e1t mindennapjai Chicag\u00f3ban, akik pr\u00f3b\u00e1lnak beletanulni a feln\u0151tt l\u00e9tbe. Szak\u00edt\u00e1sok, szerelmek \u00e9s humoros helyzetek minden mennyis\u00e9gben.","longDescription":"Hat j\u00f3bar\u00e1t mindennapjai Chicag\u00f3ban, akik pr\u00f3b\u00e1lnak beletanulni a feln\u0151tt l\u00e9tbe. Szak\u00edt\u00e1sok, szerelmek \u00e9s humoros helyzetek minden mennyis\u00e9gben.","languageCode":"hun","countryCode":"HU","deviceCode":"web","medium":"TV","categories":[{"id":"271090244428","title":"Dr\u00e1ma","scheme":"urn:tva:metadata:cs:UPCEventGenreCS:2009"},{"id":"271090244432","title":"Kom\u00e9dia\/Filmv\u00edgj\u00e1t\u00e9k","scheme":"urn:tva:metadata:cs:UPCEventGenreCS:2009"}],"isAdult":false,"parentalRating":"12","cast":["Eliza Coupe","Elisha Cuthbert","Zachary Knighton","Adam Pally","Damon Wayans Jr.","Casey Wilson","Travis van Winkle","Billy Merritt"],"directors":["Joe Russo","Jeffrey Melman","Anthony Russo","Lee Shallat Chemel"],"images":[{"assetType":"boxart-medium","assetTypes":["boxart-medium"],"width":110,"height":159,"url":"https:\/\/wp18-images-hu-dynamic.horizon.tv\/HU\/Images\/bc_fac56f62b46cde23092d8c8cb89e4932a70f5e90.jpg?w=110&h=159&mode=box"},{"assetType":"boxart-small","assetTypes":["boxart-small"],"width":75,"height":108,"url":"https:\/\/wp18-images-hu-dynamic.horizon.tv\/HU\/Images\/bc_fac56f62b46cde23092d8c8cb89e4932a70f5e90.jpg?w=75&h=108&mode=box"},{"assetType":"boxart-large","assetTypes":["boxart-large"],"width":180,"height":260,"url":"https:\/\/wp18-images-hu-dynamic.horizon.tv\/HU\/Images\/bc_fac56f62b46cde23092d8c8cb89e4932a70f5e90.jpg?w=180&h=260&mode=box"},{"assetType":"boxart-xlarge","assetTypes":["boxart-xlarge"],"width":210,"height":303,"url":"https:\/\/wp18-images-hu-dynamic.horizon.tv\/HU\/Images\/bc_fac56f62b46cde23092d8c8cb89e4932a70f5e90.jpg?w=210&h=303&mode=box"},{"assetType":"tva-boxcover","assetTypes":["tva-boxcover"],"width":180,"height":260,"url":"https:\/\/wp18-images-hu-dynamic.horizon.tv\/HU\/Images\/bc_fac56f62b46cde23092d8c8cb89e4932a70f5e90.jpg"}],"mediaGroupId":"crid:~~2F~~2Fport.hu~~2F2601558","secondaryTitle":"(III.\/15)","shortDescription":"Hat j\u00f3bar\u00e1t mindennapjai Chicag\u00f3ban, akik pr\u00f3b\u00e1lnak beletanulni a feln\u0151tt l\u00e9tbe. Szak\u00edt\u00e1sok, szerelmek \u00e9s humoros helyzetek minden mennyis\u00e9gben.","mediaType":"Episode","year":"2013","isReplayTv":false,"seriesEpisodeNumber":"15","seriesNumber":"3","videoStreams":[],"airDate":1356998400000,"entitlements":["VIP","_OPEN_"],"currentProductIds":[],"currentTvodProductIds":[]},"parentId":"crid:~~2F~~2Fport.hu~~2F2601558","rootId":"crid:~~2F~~2Fport.hu~~2F2601558"}