{"id":"crid:~~2F~~2Fport.hu~~2F91138014-imi:00100000005D542D","countryCode":"HU","languageCode":"hun","deviceCode":"web","startTime":1525670400000,"endTime":1525672500000,"stationId":"826989607236","imi":"imi:00100000005D542D","mediaGroupId":"crid:~~2F~~2Fport.hu~~2F89032202","program":{"id":"crid:~~2F~~2Fport.hu~~2F91138014","title":"Magyarorsz\u00e1g 2001 \u2013 Csal\u00e1di kr\u00f3nik\u00e1k","description":"Szil\u00e1rd Kl\u00e1ra szobr\u00e1szm\u0171v\u00e9sz csal\u00e1dja L\u00e9v\u00e1r\u00f3l sz\u00e1rmazik, onnan k\u00f6lt\u00f6ztek az els\u0151 vil\u00e1gh\u00e1bor\u00fat k\u00f6vet\u0151en Budapestre, ahol \u00e9desapja \u00fcgyv\u00e9di praxist ind\u00edtott. Egyed\u00fcli gyerekk\u00e9nt logikusnak t\u0171nt \u00e9desapja k\u00edv\u00e1ns\u00e1ga, hogy \u0151 is jogi tanulm\u00e1nyokat folytasson, de Szil\u00e1rd Kl\u00e1ra \u0151szint\u00e9n megvallja a filmben is; \"Eg\u00e9sz \u00e9letemben \u00f6nfej\u0171 voltam...\"","longDescription":"Szil\u00e1rd Kl\u00e1ra szobr\u00e1szm\u0171v\u00e9sz csal\u00e1dja L\u00e9v\u00e1r\u00f3l sz\u00e1rmazik, onnan k\u00f6lt\u00f6ztek az els\u0151 vil\u00e1gh\u00e1bor\u00fat k\u00f6vet\u0151en Budapestre, ahol \u00e9desapja \u00fcgyv\u00e9di praxist ind\u00edtott. Egyed\u00fcli gyerekk\u00e9nt logikusnak t\u0171nt \u00e9desapja k\u00edv\u00e1ns\u00e1ga, hogy \u0151 is jogi tanulm\u00e1nyokat folytasson, de Szil\u00e1rd Kl\u00e1ra \u0151szint\u00e9n megvallja a filmben is; \"Eg\u00e9sz \u00e9letemben \u00f6nfej\u0171 voltam...\"","languageCode":"hun","countryCode":"HU","deviceCode":"web","medium":"TV","categories":[{"id":"271090244398","title":"T\u00e1rsadalmi\/Politikai","scheme":"urn:tva:metadata:cs:UPCEventGenreCS:2009"},{"id":"271090244399","title":"Dokumentumfilm","scheme":"urn:tva:metadata:cs:UPCEventGenreCS:2009"}],"isAdult":false,"parentalRating":"6","cast":[],"directors":["P\u00e9ter Rados"],"images":[{"assetType":"tva-boxcover","assetTypes":["tva-boxcover"],"width":180,"height":260,"url":"https:\/\/wp14-images-hu-dynamic.horizon.tv\/HU\/Images\/upcgenre_81.jpg"},{"assetType":"boxart-xlarge","assetTypes":["boxart-xlarge"],"width":210,"height":303,"url":"https:\/\/wp14-images-hu-dynamic.horizon.tv\/HU\/Images\/upcgenre_81.jpg?w=210&h=303&mode=box"},{"assetType":"boxart-medium","assetTypes":["boxart-medium"],"width":110,"height":159,"url":"https:\/\/wp14-images-hu-dynamic.horizon.tv\/HU\/Images\/upcgenre_81.jpg?w=110&h=159&mode=box"},{"assetType":"boxart-small","assetTypes":["boxart-small"],"width":75,"height":108,"url":"https:\/\/wp14-images-hu-dynamic.horizon.tv\/HU\/Images\/upcgenre_81.jpg?w=75&h=108&mode=box"},{"assetType":"boxart-large","assetTypes":["boxart-large"],"width":180,"height":260,"url":"https:\/\/wp14-images-hu-dynamic.horizon.tv\/HU\/Images\/upcgenre_81.jpg?w=180&h=260&mode=box"}],"mediaGroupId":"crid:~~2F~~2Fport.hu~~2F89032202","secondaryTitle":"Szil\u00e1rd Kl\u00e1ra szobr\u00e1szm\u0171v\u00e9sz","shortDescription":"Szil\u00e1rd Kl\u00e1ra szobr\u00e1szm\u0171v\u00e9sz csal\u00e1dja L\u00e9v\u00e1r\u00f3l sz\u00e1rmazik, onnan k\u00f6lt\u00f6ztek az els\u0151 vil\u00e1gh\u00e1bor\u00fat k\u00f6vet\u0151en Budapestre, ahol \u00e9desapja \u00fcgyv\u00e9di praxist ind\u00edtott. Egyed\u00fcli gyerekk\u00e9nt logikusnak t\u0171nt...","mediaType":"Episode","year":"2001","isReplayTv":false,"seriesEpisodeNumber":"1805070720","seriesNumber":"1805110720","videoStreams":[],"airDate":978307200000,"entitlements":["VIP","_OPEN_"],"currentProductIds":[],"currentTvodProductIds":[]},"parentId":"crid:~~2F~~2Fport.hu~~2F89032202","rootId":"crid:~~2F~~2Fport.hu~~2F89032202"}