{"id":"crid:~~2F~~2Fport.hu~~2F88431735-imi:00100000005D3ED1","countryCode":"HU","languageCode":"hun","deviceCode":"web","startTime":1525496400000,"endTime":1525498200000,"stationId":"826989607274","imi":"imi:00100000005D3ED1","mediaGroupId":"crid:~~2F~~2Fport.hu~~2F66386486","program":{"id":"crid:~~2F~~2Fport.hu~~2F88431735","title":"Topmix TV","description":"Utaz\u00e1s","longDescription":"Utaz\u00e1s","languageCode":"hun","countryCode":"HU","deviceCode":"web","medium":"TV","categories":[{"id":"271090244411","title":"Szabadid\u0151","scheme":"urn:tva:metadata:cs:UPCEventGenreCS:2009"},{"id":"271090244412","title":"Utaz\u00e1s","scheme":"urn:tva:metadata:cs:UPCEventGenreCS:2009"}],"isAdult":false,"parentalRating":"3","cast":[],"directors":[],"images":[{"assetType":"boxart-medium","assetTypes":["boxart-medium"],"width":110,"height":159,"url":"https:\/\/wp27-images-hu-dynamic.horizon.tv\/HU\/Images\/upcgenre_A1.jpg?w=110&h=159&mode=box"},{"assetType":"boxart-large","assetTypes":["boxart-large"],"width":180,"height":260,"url":"https:\/\/wp27-images-hu-dynamic.horizon.tv\/HU\/Images\/upcgenre_A1.jpg?w=180&h=260&mode=box"},{"assetType":"boxart-xlarge","assetTypes":["boxart-xlarge"],"width":210,"height":303,"url":"https:\/\/wp27-images-hu-dynamic.horizon.tv\/HU\/Images\/upcgenre_A1.jpg?w=210&h=303&mode=box"},{"assetType":"boxart-small","assetTypes":["boxart-small"],"width":75,"height":108,"url":"https:\/\/wp27-images-hu-dynamic.horizon.tv\/HU\/Images\/upcgenre_A1.jpg?w=75&h=108&mode=box"},{"assetType":"tva-boxcover","assetTypes":["tva-boxcover"],"width":180,"height":260,"url":"https:\/\/wp27-images-hu-dynamic.horizon.tv\/HU\/Images\/upcgenre_A1.jpg"},{"assetType":"HighResLandscape","assetTypes":["HighResLandscape"],"url":"https:\/\/wp24-images-hu-dynamic.horizon.tv\/HU\/Images\/hrl_814203545531e0eed292557931ec78eaf231caec.jpg"}],"mediaGroupId":"crid:~~2F~~2Fport.hu~~2F66386486","secondaryTitle":"Visszat\u00e9r\u00e9s az arapaim\u00e1k f\u00f6ldj\u00e9re","shortDescription":"Utaz\u00e1s","mediaType":"Episode","isReplayTv":false,"seriesEpisodeNumber":"1805032330","seriesNumber":"1805032330","videoStreams":[],"entitlements":["VIP","_OPEN_"],"currentProductIds":[],"currentTvodProductIds":[]},"parentId":"crid:~~2F~~2Fport.hu~~2F66386486","rootId":"crid:~~2F~~2Fport.hu~~2F66386486"}