{"id":"crid:~~2F~~2Fport.hu~~2F72049834-imi:00100000005D3531","countryCode":"HU","languageCode":"hun","deviceCode":"web","startTime":1525579200000,"endTime":1525582800000,"stationId":"826989607223","imi":"imi:00100000005D3531","mediaGroupId":"crid:~~2F~~2Fport.hu~~2F67763581","program":{"id":"crid:~~2F~~2Fport.hu~~2F72049834","title":"Kincskeres\u0151k","description":"K\u00e9t csapat - egy boh\u00e9m szak\u00e9rt\u0151 seg\u00edt\u0151 - bolhapiac - c\u00e9l: a nagyobb profit el\u00e9r\u00e9se a megszerzett kincsek \u00e1rver\u00e9se r\u00e9v\u00e9n. Az izgalmas \u00e9s humoros verseny mellett Nagy-Britannia m\u0171v\u00e9szett\u00f6rt\u00e9net\u00e9be is betekint\u00e9st nyer\u00fcnk, hatalmas \u00e9s p\u00e1ratlan gy\u0171jtem\u00e9nyek ajtajai nyilnak meg a kamer\u00e1k el\u0151tt.","longDescription":"K\u00e9t csapat - egy boh\u00e9m szak\u00e9rt\u0151 seg\u00edt\u0151 - bolhapiac - c\u00e9l: a nagyobb profit el\u00e9r\u00e9se a megszerzett kincsek \u00e1rver\u00e9se r\u00e9v\u00e9n. Az izgalmas \u00e9s humoros verseny mellett Nagy-Britannia m\u0171v\u00e9szett\u00f6rt\u00e9net\u00e9be is betekint\u00e9st nyer\u00fcnk, hatalmas \u00e9s p\u00e1ratlan gy\u0171jtem\u00e9nyek ajtajai nyilnak meg a kamer\u00e1k el\u0151tt.","languageCode":"hun","countryCode":"HU","deviceCode":"web","medium":"TV","categories":[{"id":"271090244398","title":"T\u00e1rsadalmi\/Politikai","scheme":"urn:tva:metadata:cs:UPCEventGenreCS:2009"},{"id":"271090244399","title":"Dokumentumfilm","scheme":"urn:tva:metadata:cs:UPCEventGenreCS:2009"}],"isAdult":false,"parentalRating":"12","cast":[],"directors":["Peter Smith"],"images":[{"assetType":"tva-boxcover","assetTypes":["tva-boxcover"],"width":180,"height":260,"url":"https:\/\/wp1-images-hu-dynamic.horizon.tv\/HU\/Images\/bc_3ba11f60648aea9ff0e22fdd88594d7c12424ab6.jpg"},{"assetType":"boxart-medium","assetTypes":["boxart-medium"],"width":110,"height":159,"url":"https:\/\/wp1-images-hu-dynamic.horizon.tv\/HU\/Images\/bc_3ba11f60648aea9ff0e22fdd88594d7c12424ab6.jpg?w=110&h=159&mode=box"},{"assetType":"boxart-small","assetTypes":["boxart-small"],"width":75,"height":108,"url":"https:\/\/wp1-images-hu-dynamic.horizon.tv\/HU\/Images\/bc_3ba11f60648aea9ff0e22fdd88594d7c12424ab6.jpg?w=75&h=108&mode=box"},{"assetType":"boxart-xlarge","assetTypes":["boxart-xlarge"],"width":210,"height":303,"url":"https:\/\/wp1-images-hu-dynamic.horizon.tv\/HU\/Images\/bc_3ba11f60648aea9ff0e22fdd88594d7c12424ab6.jpg?w=210&h=303&mode=box"},{"assetType":"boxart-large","assetTypes":["boxart-large"],"width":180,"height":260,"url":"https:\/\/wp1-images-hu-dynamic.horizon.tv\/HU\/Images\/bc_3ba11f60648aea9ff0e22fdd88594d7c12424ab6.jpg?w=180&h=260&mode=box"}],"mediaGroupId":"crid:~~2F~~2Fport.hu~~2F67763581","shortDescription":"K\u00e9t csapat \u2013 egy boh\u00e9m szak\u00e9rt\u0151 seg\u00edt\u0151 \u2013 bolhapiac \u2013 c\u00e9l: a nagyobb profit el\u00e9r\u00e9se a megszerzett kincsek \u00e1rver\u00e9se r\u00e9v\u00e9n. Az izgalmas \u00e9s humoros verseny mellett Nagy-Britannia m\u0171v\u00e9szett\u00f6rt\u00e9net\u00e9be is...","mediaType":"Episode","year":"2014","isReplayTv":false,"seriesEpisodeNumber":"1805060600","seriesNumber":"1805050600","videoStreams":[],"airDate":1388534400000,"entitlements":["VIP","_OPEN_"],"currentProductIds":[],"currentTvodProductIds":[]},"parentId":"crid:~~2F~~2Fport.hu~~2F67763581","rootId":"crid:~~2F~~2Fport.hu~~2F67763581"}