{"id":"crid:~~2F~~2Fport.hu~~2F91495237-imi:00100000005DA425","countryCode":"HU","languageCode":"hun","deviceCode":"web","startTime":1525680300000,"endTime":1525684200000,"stationId":"826989607121","imi":"imi:00100000005DA425","mediaGroupId":"crid:~~2F~~2Fport.hu~~2F66740648","program":{"id":"crid:~~2F~~2Fport.hu~~2F91495237","title":"FIX magazin","description":"Kalend\u00e1rium, aktualit\u00e1sok, h\u00edrek, \u00e9rdekess\u00e9gek, zene","longDescription":"Kalend\u00e1rium, aktualit\u00e1sok, h\u00edrek, \u00e9rdekess\u00e9gek, zene","languageCode":"hun","countryCode":"HU","deviceCode":"web","medium":"TV","categories":[{"id":"271090244398","title":"T\u00e1rsadalmi\/Politikai","scheme":"urn:tva:metadata:cs:UPCEventGenreCS:2009"}],"isAdult":false,"parentalRating":"12","cast":[],"directors":[],"images":[{"assetType":"tva-boxcover","assetTypes":["tva-boxcover"],"width":180,"height":260,"url":"https:\/\/wp27-images-hu-dynamic.horizon.tv\/HU\/Images\/upcgenre_80.jpg"},{"assetType":"boxart-small","assetTypes":["boxart-small"],"width":75,"height":108,"url":"https:\/\/wp27-images-hu-dynamic.horizon.tv\/HU\/Images\/upcgenre_80.jpg?w=75&h=108&mode=box"},{"assetType":"boxart-xlarge","assetTypes":["boxart-xlarge"],"width":210,"height":303,"url":"https:\/\/wp27-images-hu-dynamic.horizon.tv\/HU\/Images\/upcgenre_80.jpg?w=210&h=303&mode=box"},{"assetType":"boxart-medium","assetTypes":["boxart-medium"],"width":110,"height":159,"url":"https:\/\/wp27-images-hu-dynamic.horizon.tv\/HU\/Images\/upcgenre_80.jpg?w=110&h=159&mode=box"},{"assetType":"boxart-large","assetTypes":["boxart-large"],"width":180,"height":260,"url":"https:\/\/wp27-images-hu-dynamic.horizon.tv\/HU\/Images\/upcgenre_80.jpg?w=180&h=260&mode=box"},{"assetType":"HighResLandscape","assetTypes":["HighResLandscape"],"url":"https:\/\/wp13-images-hu-dynamic.horizon.tv\/HU\/Images\/hrl_f12a61796bc70764d09c49f0287df9c294c6167a.jpg"}],"mediaGroupId":"crid:~~2F~~2Fport.hu~~2F66740648","shortDescription":"Kalend\u00e1rium, aktualit\u00e1sok, h\u00edrek, \u00e9rdekess\u00e9gek, zene","mediaType":"Episode","isReplayTv":false,"seriesEpisodeNumber":"1805071005","seriesNumber":"1805110900","videoStreams":[],"entitlements":["VIP","_OPEN_"],"currentProductIds":[],"currentTvodProductIds":[]},"parentId":"crid:~~2F~~2Fport.hu~~2F66740648","rootId":"crid:~~2F~~2Fport.hu~~2F66740648"}