{"id":"crid:~~2F~~2Fport.hu~~2F53563843-imi:00100000005D91E3","countryCode":"HU","languageCode":"hun","deviceCode":"web","startTime":1525469400000,"endTime":1525471200000,"stationId":"826989607276","imi":"imi:00100000005D91E3","mediaGroupId":"crid:~~2F~~2Fport.hu~~2F43962668","program":{"id":"crid:~~2F~~2Fport.hu~~2F53563843","title":"V\u00e1s\u00e1roljunk szigetet!","description":"(II.\/2) El\u00e9rhetetlen \u00e1lom lenne egy saj\u00e1t sziget? Vannak olyan szerencs\u00e9s csal\u00e1dok, akik megengedhetik maguknak, hogy v\u00e1rosi h\u00e1zukat egy karibi szigetre cser\u00e9lj\u00e9k. \u00c1m nem k\u00f6nny\u0171 a v\u00e1laszt\u00e1s, a t\u00fcrkiz tengerrel k\u00f6r\u00fclvett \u00e9denkertek kiv\u00e1laszt\u00e1sa t\u00e1n m\u00e9g bonyolultabb feladv\u00e1ny, mint egy hagyom\u00e1nyos h\u00e1z melletti voks.","longDescription":"(II.\/2) El\u00e9rhetetlen \u00e1lom lenne egy saj\u00e1t sziget? Vannak olyan szerencs\u00e9s csal\u00e1dok, akik megengedhetik maguknak, hogy v\u00e1rosi h\u00e1zukat egy karibi szigetre cser\u00e9lj\u00e9k. \u00c1m nem k\u00f6nny\u0171 a v\u00e1laszt\u00e1s, a t\u00fcrkiz tengerrel k\u00f6r\u00fclvett \u00e9denkertek kiv\u00e1laszt\u00e1sa t\u00e1n m\u00e9g bonyolultabb feladv\u00e1ny, mint egy hagyom\u00e1nyos h\u00e1z melletti voks.","languageCode":"hun","countryCode":"HU","deviceCode":"web","medium":"TV","categories":[{"id":"271090244411","title":"Szabadid\u0151","scheme":"urn:tva:metadata:cs:UPCEventGenreCS:2009"},{"id":"271090244412","title":"Utaz\u00e1s","scheme":"urn:tva:metadata:cs:UPCEventGenreCS:2009"}],"isAdult":false,"parentalRating":"3","cast":[],"directors":[],"images":[{"assetType":"tva-boxcover","assetTypes":["tva-boxcover"],"width":180,"height":260,"url":"https:\/\/wp6-images-hu-dynamic.horizon.tv\/HU\/Images\/bc_4675404e14b3542624c10e3057065c36182e57a4.jpg"},{"assetType":"boxart-small","assetTypes":["boxart-small"],"width":75,"height":108,"url":"https:\/\/wp6-images-hu-dynamic.horizon.tv\/HU\/Images\/bc_4675404e14b3542624c10e3057065c36182e57a4.jpg?w=75&h=108&mode=box"},{"assetType":"boxart-medium","assetTypes":["boxart-medium"],"width":110,"height":159,"url":"https:\/\/wp6-images-hu-dynamic.horizon.tv\/HU\/Images\/bc_4675404e14b3542624c10e3057065c36182e57a4.jpg?w=110&h=159&mode=box"},{"assetType":"boxart-large","assetTypes":["boxart-large"],"width":180,"height":260,"url":"https:\/\/wp6-images-hu-dynamic.horizon.tv\/HU\/Images\/bc_4675404e14b3542624c10e3057065c36182e57a4.jpg?w=180&h=260&mode=box"},{"assetType":"boxart-xlarge","assetTypes":["boxart-xlarge"],"width":210,"height":303,"url":"https:\/\/wp6-images-hu-dynamic.horizon.tv\/HU\/Images\/bc_4675404e14b3542624c10e3057065c36182e57a4.jpg?w=210&h=303&mode=box"}],"mediaGroupId":"crid:~~2F~~2Fport.hu~~2F43962668","secondaryTitle":"Term\u00e9szetrajong\u00f3k keresnek szigetet Ontari\u00f3ban (II.\/2)","shortDescription":"Vannak olyan szerencs\u00e9s csal\u00e1dok, akik megengedhetik maguknak, hogy v\u00e1rosi h\u00e1zukat egy karibi szigetre cser\u00e9lj\u00e9k. \u00c1m a t\u00fcrkiz tengerrel k\u00f6r\u00fclvett \u00e9denkertek kiv\u00e1laszt\u00e1sa bonyolult feladv\u00e1ny.","mediaType":"Episode","year":"2014","isReplayTv":false,"seriesEpisodeNumber":"2","seriesNumber":"2","videoStreams":[],"airDate":1388534400000,"entitlements":["VIP","_OPEN_"],"currentProductIds":[],"currentTvodProductIds":[]},"parentId":"crid:~~2F~~2Fport.hu~~2F43962668","rootId":"crid:~~2F~~2Fport.hu~~2F43962668"}