{"id":"crid:~~2F~~2Fport.hu~~2F84987700-imi:00100000005D3EFF","countryCode":"HU","languageCode":"hun","deviceCode":"web","startTime":1525498200000,"endTime":1525500000000,"stationId":"826989607274","imi":"imi:00100000005D3EFF","mediaGroupId":"crid:~~2F~~2Fport.hu~~2F84089639","program":{"id":"crid:~~2F~~2Fport.hu~~2F84987700","title":"Top Tippek","description":"Horg\u00e1szat hat\u00e1rok n\u00e9lk\u00fcl- Olt v\u00f6lgyi kalandok","longDescription":"Horg\u00e1szat hat\u00e1rok n\u00e9lk\u00fcl- Olt v\u00f6lgyi kalandok","languageCode":"hun","countryCode":"HU","deviceCode":"web","medium":"TV","categories":[{"id":"271090244411","title":"Szabadid\u0151","scheme":"urn:tva:metadata:cs:UPCEventGenreCS:2009"}],"isAdult":false,"parentalRating":"3","cast":[],"directors":[],"images":[{"assetType":"boxart-small","assetTypes":["boxart-small"],"width":75,"height":108,"url":"https:\/\/wp18-images-hu-dynamic.horizon.tv\/HU\/Images\/upcgenre_A0.jpg?w=75&h=108&mode=box"},{"assetType":"boxart-medium","assetTypes":["boxart-medium"],"width":110,"height":159,"url":"https:\/\/wp18-images-hu-dynamic.horizon.tv\/HU\/Images\/upcgenre_A0.jpg?w=110&h=159&mode=box"},{"assetType":"boxart-large","assetTypes":["boxart-large"],"width":180,"height":260,"url":"https:\/\/wp18-images-hu-dynamic.horizon.tv\/HU\/Images\/upcgenre_A0.jpg?w=180&h=260&mode=box"},{"assetType":"boxart-xlarge","assetTypes":["boxart-xlarge"],"width":210,"height":303,"url":"https:\/\/wp18-images-hu-dynamic.horizon.tv\/HU\/Images\/upcgenre_A0.jpg?w=210&h=303&mode=box"},{"assetType":"tva-boxcover","assetTypes":["tva-boxcover"],"width":180,"height":260,"url":"https:\/\/wp18-images-hu-dynamic.horizon.tv\/HU\/Images\/upcgenre_A0.jpg"}],"mediaGroupId":"crid:~~2F~~2Fport.hu~~2F84089639","secondaryTitle":"T\u00e9li b\u00e1nyatavi horg\u00e1szat","shortDescription":"Horg\u00e1szat hat\u00e1rok n\u00e9lk\u00fcl- Olt v\u00f6lgyi kalandok","mediaType":"Episode","isReplayTv":false,"seriesEpisodeNumber":"1805040000","seriesNumber":"1805040000","videoStreams":[],"entitlements":["VIP","_OPEN_"],"currentProductIds":[],"currentTvodProductIds":[]},"parentId":"crid:~~2F~~2Fport.hu~~2F84089639","rootId":"crid:~~2F~~2Fport.hu~~2F84089639"}