{"id":"crid:~~2F~~2Fport.hu~~2F72165444-imi:00100000005D0BB8","countryCode":"HU","languageCode":"hun","deviceCode":"web","startTime":1525387500000,"endTime":1525390200000,"stationId":"826989607171","imi":"imi:00100000005D0BB8","mediaGroupId":"crid:~~2F~~2Fport.hu~~2F5592245","program":{"id":"crid:~~2F~~2Fport.hu~~2F72165444","title":"101 Nagykutya","description":"Melyik kutyus volt a Dalai L\u00e1ma aj\u00e1nd\u00e9ka? Melyik fajt tartj\u00e1k a legokosabbnak? \u00c9s melyik eb tud izzadni? Minderre \u00e9s sok m\u00e1s k\u00e9rd\u00e9sre is v\u00e1laszt adunk.","longDescription":"Melyik kutyus volt a Dalai L\u00e1ma aj\u00e1nd\u00e9ka? Melyik fajt tartj\u00e1k a legokosabbnak? \u00c9s melyik eb tud izzadni? Minderre \u00e9s sok m\u00e1s k\u00e9rd\u00e9sre is v\u00e1laszt adunk.","languageCode":"hun","countryCode":"HU","deviceCode":"web","medium":"TV","categories":[{"id":"271090244411","title":"Szabadid\u0151","scheme":"urn:tva:metadata:cs:UPCEventGenreCS:2009"}],"isAdult":false,"parentalRating":"3","cast":[],"directors":[],"images":[{"assetType":"boxart-small","assetTypes":["boxart-small"],"width":75,"height":108,"url":"https:\/\/wp11-images-hu-dynamic.horizon.tv\/HU\/Images\/bc_50e5d14945f6e553d42d08d43fae2c2a323e1ed4.jpg?w=75&h=108&mode=box"},{"assetType":"tva-boxcover","assetTypes":["tva-boxcover"],"width":180,"height":260,"url":"https:\/\/wp11-images-hu-dynamic.horizon.tv\/HU\/Images\/bc_50e5d14945f6e553d42d08d43fae2c2a323e1ed4.jpg"},{"assetType":"boxart-xlarge","assetTypes":["boxart-xlarge"],"width":210,"height":303,"url":"https:\/\/wp11-images-hu-dynamic.horizon.tv\/HU\/Images\/bc_50e5d14945f6e553d42d08d43fae2c2a323e1ed4.jpg?w=210&h=303&mode=box"},{"assetType":"boxart-large","assetTypes":["boxart-large"],"width":180,"height":260,"url":"https:\/\/wp11-images-hu-dynamic.horizon.tv\/HU\/Images\/bc_50e5d14945f6e553d42d08d43fae2c2a323e1ed4.jpg?w=180&h=260&mode=box"},{"assetType":"boxart-medium","assetTypes":["boxart-medium"],"width":110,"height":159,"url":"https:\/\/wp11-images-hu-dynamic.horizon.tv\/HU\/Images\/bc_50e5d14945f6e553d42d08d43fae2c2a323e1ed4.jpg?w=110&h=159&mode=box"},{"assetType":"HighResLandscape","assetTypes":["HighResLandscape"],"url":"https:\/\/wp22-images-hu-dynamic.horizon.tv\/HU\/Images\/hrl_b164544b87bcfbb591214f8a1c2fd088096fb281.jpg"}],"mediaGroupId":"crid:~~2F~~2Fport.hu~~2F5592245","secondaryTitle":"Angol Mastiff, Chinese Crested, Olasz ag\u00e1r, Border Collie, Lhasa Apso","shortDescription":"Melyik kutyus volt a Dalai L\u00e1ma aj\u00e1nd\u00e9ka? Melyik fajt tartj\u00e1k a legokosabbnak? \u00c9s melyik eb tud izzadni? Minderre \u00e9s sok m\u00e1s k\u00e9rd\u00e9sre is v\u00e1laszt adunk.","mediaType":"Episode","year":"2009","isReplayTv":false,"seriesEpisodeNumber":"1805031815","seriesNumber":"1805021815","videoStreams":[],"airDate":1230768000000,"entitlements":["VIP","_OPEN_"],"currentProductIds":[],"currentTvodProductIds":[]},"parentId":"crid:~~2F~~2Fport.hu~~2F5592245","rootId":"crid:~~2F~~2Fport.hu~~2F5592245"}