{"id":"crid:~~2F~~2Fport.hu~~2F89585514-imi:00100000005D35CF","countryCode":"HU","languageCode":"hun","deviceCode":"web","startTime":1525521600000,"endTime":1525523400000,"stationId":"826989607225","imi":"imi:00100000005D35CF","mediaGroupId":"crid:~~2F~~2Fport.hu~~2F77928359","program":{"id":"crid:~~2F~~2Fport.hu~~2F89585514","title":"Raven Otthona","description":"A bar\u00e1tn\u0151k, Raven \u00e9s Chelsea feln\u0151ttek, elv\u00e1ltak \u00e9s boldogan \u00e9lnek egy\u00fctt Raven ikreivel, Bookerrel \u00e9s Ni\u00e1val, valamint Chelsea fi\u00e1val, Levi-jal. Raven ma is be-bepillant a j\u00f6v\u0151be, Booker pedig \u00f6r\u00f6k\u00f6lte k\u00e9pess\u00e9g\u00e9t, ami vicces helyzeteket eredm\u00e9nyez.","longDescription":"A bar\u00e1tn\u0151k, Raven \u00e9s Chelsea feln\u0151ttek, elv\u00e1ltak \u00e9s boldogan \u00e9lnek egy\u00fctt Raven ikreivel, Bookerrel \u00e9s Ni\u00e1val, valamint Chelsea fi\u00e1val, Levi-jal. Raven ma is be-bepillant a j\u00f6v\u0151be, Booker pedig \u00f6r\u00f6k\u00f6lte k\u00e9pess\u00e9g\u00e9t, ami vicces helyzeteket eredm\u00e9nyez.","languageCode":"hun","countryCode":"HU","deviceCode":"web","medium":"TV","categories":[{"id":"271090244428","title":"Dr\u00e1ma","scheme":"urn:tva:metadata:cs:UPCEventGenreCS:2009"}],"isAdult":false,"parentalRating":"3","cast":[],"directors":[],"images":[{"assetType":"tva-boxcover","assetTypes":["tva-boxcover"],"width":180,"height":260,"url":"https:\/\/wp25-images-hu-dynamic.horizon.tv\/HU\/Images\/bc_131fb83747d40d6086725a9496a595c62828dcab.jpg"},{"assetType":"boxart-small","assetTypes":["boxart-small"],"width":75,"height":108,"url":"https:\/\/wp25-images-hu-dynamic.horizon.tv\/HU\/Images\/bc_131fb83747d40d6086725a9496a595c62828dcab.jpg?w=75&h=108&mode=box"},{"assetType":"boxart-xlarge","assetTypes":["boxart-xlarge"],"width":210,"height":303,"url":"https:\/\/wp25-images-hu-dynamic.horizon.tv\/HU\/Images\/bc_131fb83747d40d6086725a9496a595c62828dcab.jpg?w=210&h=303&mode=box"},{"assetType":"boxart-medium","assetTypes":["boxart-medium"],"width":110,"height":159,"url":"https:\/\/wp25-images-hu-dynamic.horizon.tv\/HU\/Images\/bc_131fb83747d40d6086725a9496a595c62828dcab.jpg?w=110&h=159&mode=box"},{"assetType":"boxart-large","assetTypes":["boxart-large"],"width":180,"height":260,"url":"https:\/\/wp25-images-hu-dynamic.horizon.tv\/HU\/Images\/bc_131fb83747d40d6086725a9496a595c62828dcab.jpg?w=180&h=260&mode=box"},{"assetType":"HighResPortrait","assetTypes":["HighResPortrait"],"url":"https:\/\/wp28-images-hu-dynamic.horizon.tv\/HU\/Images\/hrp_6f51ccb9d9502085baf2145103019d6f233d355d.jpg"},{"assetType":"HighResLandscape","assetTypes":["HighResLandscape"],"url":"https:\/\/wp28-images-hu-dynamic.horizon.tv\/HU\/Images\/hrl_39ebb751b4b5158a705ed683fa1825c5375c16bd.jpg"}],"mediaGroupId":"crid:~~2F~~2Fport.hu~~2F77928359","shortDescription":"A bar\u00e1tn\u0151k, Raven \u00e9s Chelsea feln\u0151ttek, elv\u00e1ltak \u00e9s boldogan \u00e9lnek egy\u00fctt Raven ikreivel, Bookerrel \u00e9s Ni\u00e1val, valamint Chelsea fi\u00e1val, Levi-jal. Raven ma is be-bepillant a j\u00f6v\u0151be, Booker pedig...","mediaType":"Episode","year":"2017","duration":1800,"latestBroadcastStartTime":1524942000000,"latestBroadcastEndTime":1524943800000,"isReplayTv":true,"listingId":"crid:~~2F~~2Fport.hu~~2F89585514-imi:00100000005CA69E","seriesEpisodeNumber":"1805051400","seriesNumber":"1805051030","videoStreams":[],"airDate":1483228800000,"entitlements":["crid:~~2F~~2Fupc.com~~2FReplayTV~~2FDisney_Channel_ReplayTV","VIP","_OPEN_"],"currentProductIds":["crid:~~2F~~2Fupc.com~~2FReplayTV~~2FDisney_Channel_ReplayTV"],"currentTvodProductIds":[]},"parentId":"crid:~~2F~~2Fport.hu~~2F77928359","rootId":"crid:~~2F~~2Fport.hu~~2F77928359"}