{"id":"crid:~~2F~~2Fport.hu~~2F91130091-imi:00100000005D5E1A","countryCode":"HU","languageCode":"hun","deviceCode":"web","startTime":1525684500000,"endTime":1525685400000,"stationId":"826989607228","imi":"imi:00100000005D5E1A","mediaGroupId":"crid:~~2F~~2Fport.hu~~2F66832595","program":{"id":"crid:~~2F~~2Fport.hu~~2F91130091","title":"Ma d\u00e9lel\u0151tt","description":"\u00c9l\u0151 m\u0171sorblokk, amelyet a st\u00fadi\u00f3b\u00f3l vagy m\u00e1s helysz\u00ednr\u0151l politikai, gazdas\u00e1gi, kultur\u00e1lis szakmai besz\u00e9lget\u00e9sek mellett h\u00edrad\u00f3k, magazinok \u00e9s egy\u00e9b \u00e9l\u0151 kapcsol\u00e1sok eg\u00e9sz\u00edtenek ki.","longDescription":"\u00c9l\u0151 m\u0171sorblokk, amelyet a st\u00fadi\u00f3b\u00f3l vagy m\u00e1s helysz\u00ednr\u0151l politikai, gazdas\u00e1gi, kultur\u00e1lis szakmai besz\u00e9lget\u00e9sek mellett h\u00edrad\u00f3k, magazinok \u00e9s egy\u00e9b \u00e9l\u0151 kapcsol\u00e1sok eg\u00e9sz\u00edtenek ki.","languageCode":"hun","countryCode":"HU","deviceCode":"web","medium":"TV","categories":[{"id":"271090244344","title":"H\u00edrek","scheme":"urn:tva:metadata:cs:UPCEventGenreCS:2009"}],"isAdult":false,"parentalRating":"3","cast":[],"directors":[],"images":[{"assetType":"tva-boxcover","assetTypes":["tva-boxcover"],"width":180,"height":260,"url":"https:\/\/wp17-images-hu-dynamic.horizon.tv\/HU\/Images\/upcgenre_20.jpg"},{"assetType":"boxart-small","assetTypes":["boxart-small"],"width":75,"height":108,"url":"https:\/\/wp17-images-hu-dynamic.horizon.tv\/HU\/Images\/upcgenre_20.jpg?w=75&h=108&mode=box"},{"assetType":"boxart-xlarge","assetTypes":["boxart-xlarge"],"width":210,"height":303,"url":"https:\/\/wp17-images-hu-dynamic.horizon.tv\/HU\/Images\/upcgenre_20.jpg?w=210&h=303&mode=box"},{"assetType":"boxart-medium","assetTypes":["boxart-medium"],"width":110,"height":159,"url":"https:\/\/wp17-images-hu-dynamic.horizon.tv\/HU\/Images\/upcgenre_20.jpg?w=110&h=159&mode=box"},{"assetType":"boxart-large","assetTypes":["boxart-large"],"width":180,"height":260,"url":"https:\/\/wp17-images-hu-dynamic.horizon.tv\/HU\/Images\/upcgenre_20.jpg?w=180&h=260&mode=box"},{"assetType":"HighResLandscape","assetTypes":["HighResLandscape"],"url":"https:\/\/wp13-images-hu-dynamic.horizon.tv\/HU\/Images\/hrl_91847b6eeb7040edb914835b9f32a96a61a3d498.jpg"}],"mediaGroupId":"crid:~~2F~~2Fport.hu~~2F66832595","shortDescription":"\u00c9l\u0151 m\u0171sorblokk, amelyet a st\u00fadi\u00f3b\u00f3l vagy m\u00e1s helysz\u00ednr\u0151l politikai, gazdas\u00e1gi, kultur\u00e1lis szakmai besz\u00e9lget\u00e9sek mellett h\u00edrad\u00f3k, magazinok \u00e9s egy\u00e9b \u00e9l\u0151 kapcsol\u00e1sok eg\u00e9sz\u00edtenek ki.","mediaType":"Episode","isReplayTv":false,"seriesEpisodeNumber":"1805071115","seriesNumber":"1805110850","videoStreams":[],"entitlements":["VIP","_OPEN_"],"currentProductIds":[],"currentTvodProductIds":[]},"parentId":"crid:~~2F~~2Fport.hu~~2F66832595","rootId":"crid:~~2F~~2Fport.hu~~2F66832595"}