{"id":"crid:~~2F~~2Fport.hu~~2F71172174-imi:00100000005D70B3","countryCode":"HU","languageCode":"hun","deviceCode":"web","startTime":1525719600000,"endTime":1525721400000,"stationId":"826989607274","imi":"imi:00100000005D70B3","mediaGroupId":"crid:~~2F~~2Fport.hu~~2F66361717","program":{"id":"crid:~~2F~~2Fport.hu~~2F71172174","title":"Pontygener\u00e1ci\u00f3","description":"Szabadid\u0151","longDescription":"Szabadid\u0151","languageCode":"hun","countryCode":"HU","deviceCode":"web","medium":"TV","categories":[{"id":"271090244411","title":"Szabadid\u0151","scheme":"urn:tva:metadata:cs:UPCEventGenreCS:2009"}],"isAdult":false,"parentalRating":"3","cast":[],"directors":[],"images":[{"assetType":"boxart-medium","assetTypes":["boxart-medium"],"width":110,"height":159,"url":"https:\/\/wp8-images-hu-dynamic.horizon.tv\/HU\/Images\/upcgenre_A0.jpg?w=110&h=159&mode=box"},{"assetType":"tva-boxcover","assetTypes":["tva-boxcover"],"width":180,"height":260,"url":"https:\/\/wp8-images-hu-dynamic.horizon.tv\/HU\/Images\/upcgenre_A0.jpg"},{"assetType":"boxart-xlarge","assetTypes":["boxart-xlarge"],"width":210,"height":303,"url":"https:\/\/wp8-images-hu-dynamic.horizon.tv\/HU\/Images\/upcgenre_A0.jpg?w=210&h=303&mode=box"},{"assetType":"boxart-large","assetTypes":["boxart-large"],"width":180,"height":260,"url":"https:\/\/wp8-images-hu-dynamic.horizon.tv\/HU\/Images\/upcgenre_A0.jpg?w=180&h=260&mode=box"},{"assetType":"boxart-small","assetTypes":["boxart-small"],"width":75,"height":108,"url":"https:\/\/wp8-images-hu-dynamic.horizon.tv\/HU\/Images\/upcgenre_A0.jpg?w=75&h=108&mode=box"},{"assetType":"HighResLandscape","assetTypes":["HighResLandscape"],"url":"https:\/\/wp7-images-hu-dynamic.horizon.tv\/HU\/Images\/hrl_ad26cde7e0503baea61e6c773213f2f814a00657.jpg"}],"mediaGroupId":"crid:~~2F~~2Fport.hu~~2F66361717","secondaryTitle":"Pontyhorg\u00e1szat krillel","shortDescription":"Szabadid\u0151","mediaType":"Episode","isReplayTv":false,"seriesEpisodeNumber":"1805111030","seriesNumber":"1805111030","videoStreams":[],"entitlements":["VIP","_OPEN_"],"currentProductIds":[],"currentTvodProductIds":[]},"parentId":"crid:~~2F~~2Fport.hu~~2F66361717","rootId":"crid:~~2F~~2Fport.hu~~2F66361717"}