{"id":"crid:~~2F~~2Fport.hu~~2F72288893-imi:00100000005E3218","countryCode":"HU","languageCode":"hun","deviceCode":"web","startTime":1525675500000,"endTime":1525676400000,"stationId":"826989607167","imi":"imi:00100000005E3218","mediaGroupId":"crid:~~2F~~2Fport.hu~~2F2601414","program":{"id":"crid:~~2F~~2Fport.hu~~2F72288893","title":"Chuck, a d\u00f6mper kalandjai","description":"(39) Ebben a sz\u00f3rakoztat\u00f3 sorozatban nagyon sokat tanulhatunk a bar\u00e1ts\u00e1gr\u00f3l, \u00e9s hogy vigy\u00e1zzunk az eg\u00e9szs\u00e9g\u00fcnkre. Megtudhatjuk, hogy milyen fontos az \u00edg\u00e9retek megtart\u00e1sa \u00e9s hogy v\u00e1llaljuk a felel\u0151ss\u00e9get tetteink\u00e9rt. Chuck, a d\u00f6mper \u00e9s bar\u00e1tai mindig \u00f6sszefognak, hogy megoldj\u00e1k a probl\u00e9m\u00e1kat, de b\u00e1rmikor k\u00e9szek arra is, hogy b\u00e1rmit fel\u00e9p\u00edtsenek \u00e9s j\u00f3l \u00e9rezz\u00e9k magukat.","longDescription":"(39) Ebben a sz\u00f3rakoztat\u00f3 sorozatban nagyon sokat tanulhatunk a bar\u00e1ts\u00e1gr\u00f3l, \u00e9s hogy vigy\u00e1zzunk az eg\u00e9szs\u00e9g\u00fcnkre. Megtudhatjuk, hogy milyen fontos az \u00edg\u00e9retek megtart\u00e1sa \u00e9s hogy v\u00e1llaljuk a felel\u0151ss\u00e9get tetteink\u00e9rt. Chuck, a d\u00f6mper \u00e9s bar\u00e1tai mindig \u00f6sszefognak, hogy megoldj\u00e1k a probl\u00e9m\u00e1kat, de b\u00e1rmikor k\u00e9szek arra is, hogy b\u00e1rmit fel\u00e9p\u00edtsenek \u00e9s j\u00f3l \u00e9rezz\u00e9k magukat.","languageCode":"hun","countryCode":"HU","deviceCode":"web","medium":"TV","categories":[{"id":"271090244428","title":"Dr\u00e1ma","scheme":"urn:tva:metadata:cs:UPCEventGenreCS:2009"}],"isAdult":false,"parentalRating":"12","cast":["Stacey DePass","Fab Filippo","Darren Frost","Lauren Holly","Lyon Smith","Joanne Vannicola","Dale Yim"],"directors":["Adrian Thatcher","Brian Harris","Donald Kim"],"images":[{"assetType":"tva-boxcover","assetTypes":["tva-boxcover"],"width":180,"height":260,"url":"https:\/\/wp9-images-hu-dynamic.horizon.tv\/HU\/Images\/upcgenre_E0.jpg"},{"assetType":"boxart-xlarge","assetTypes":["boxart-xlarge"],"width":210,"height":303,"url":"https:\/\/wp9-images-hu-dynamic.horizon.tv\/HU\/Images\/upcgenre_E0.jpg?w=210&h=303&mode=box"},{"assetType":"boxart-small","assetTypes":["boxart-small"],"width":75,"height":108,"url":"https:\/\/wp9-images-hu-dynamic.horizon.tv\/HU\/Images\/upcgenre_E0.jpg?w=75&h=108&mode=box"},{"assetType":"boxart-large","assetTypes":["boxart-large"],"width":180,"height":260,"url":"https:\/\/wp9-images-hu-dynamic.horizon.tv\/HU\/Images\/upcgenre_E0.jpg?w=180&h=260&mode=box"},{"assetType":"boxart-medium","assetTypes":["boxart-medium"],"width":110,"height":159,"url":"https:\/\/wp9-images-hu-dynamic.horizon.tv\/HU\/Images\/upcgenre_E0.jpg?w=110&h=159&mode=box"},{"assetType":"HighResLandscape","assetTypes":["HighResLandscape"],"url":"https:\/\/wp10-images-hu-dynamic.horizon.tv\/HU\/Images\/hrl_59a21b9e3ce525eeaf32625ae8d04bda8b896980.jpg"}],"mediaGroupId":"crid:~~2F~~2Fport.hu~~2F2601414","secondaryTitle":"(39)","shortDescription":"Chuck, a d\u00f6mper \u00e9s bar\u00e1tai mindig \u00f6sszefognak, hogy megoldj\u00e1k a probl\u00e9m\u00e1kat, de b\u00e1rmikor k\u00e9szek arra is, hogy b\u00e1rmit fel\u00e9p\u00edtsenek \u00e9s j\u00f3l \u00e9rezz\u00e9k magukat.","mediaType":"Episode","year":"2010","isReplayTv":false,"seriesEpisodeNumber":"39","seriesNumber":"1805110850","videoStreams":[],"airDate":1262304000000,"entitlements":["VIP","_OPEN_"],"currentProductIds":[],"currentTvodProductIds":[]},"parentId":"crid:~~2F~~2Fport.hu~~2F2601414","rootId":"crid:~~2F~~2Fport.hu~~2F2601414"}