{"id":"crid:~~2F~~2Fport.hu~~2F67804765-imi:00100000005DA9DA","countryCode":"HU","languageCode":"hun","deviceCode":"web","startTime":1525649400000,"endTime":1525652100000,"stationId":"826989607171","imi":"imi:00100000005DA9DA","mediaGroupId":"crid:~~2F~~2Fport.hu~~2F67804101","program":{"id":"crid:~~2F~~2Fport.hu~~2F67804765","title":"Megmenek\u00fcltem a hal\u00e1l karmaib\u00f3l","description":"A Megmenek\u00fcltem a hal\u00e1l karmaib\u00f3l igaz t\u00f6rt\u00e9neteket mutat be emberekr\u0151l, akiket m\u00e1sok csapd\u00e1ba csaltak, fogs\u00e1gban tartottak, m\u00e9gis siker\u00fclt megsz\u00f6kni\u00fck. Vajon milyen megpr\u00f3b\u00e1ltat\u00e1sokat kellett elviselni\u00fck?","longDescription":"A Megmenek\u00fcltem a hal\u00e1l karmaib\u00f3l igaz t\u00f6rt\u00e9neteket mutat be emberekr\u0151l, akiket m\u00e1sok csapd\u00e1ba csaltak, fogs\u00e1gban tartottak, m\u00e9gis siker\u00fclt megsz\u00f6kni\u00fck. Vajon milyen megpr\u00f3b\u00e1ltat\u00e1sokat kellett elviselni\u00fck?","languageCode":"hun","countryCode":"HU","deviceCode":"web","medium":"TV","categories":[{"id":"271090244398","title":"T\u00e1rsadalmi\/Politikai","scheme":"urn:tva:metadata:cs:UPCEventGenreCS:2009"},{"id":"271090244399","title":"Dokumentumfilm","scheme":"urn:tva:metadata:cs:UPCEventGenreCS:2009"}],"isAdult":false,"parentalRating":"3","cast":[],"directors":[],"images":[{"assetType":"boxart-small","assetTypes":["boxart-small"],"width":75,"height":108,"url":"https:\/\/wp14-images-hu-dynamic.horizon.tv\/HU\/Images\/bc_2829af3a03fc1fffcb933cb8686b0ad7d8901210.jpg?w=75&h=108&mode=box"},{"assetType":"boxart-medium","assetTypes":["boxart-medium"],"width":110,"height":159,"url":"https:\/\/wp14-images-hu-dynamic.horizon.tv\/HU\/Images\/bc_2829af3a03fc1fffcb933cb8686b0ad7d8901210.jpg?w=110&h=159&mode=box"},{"assetType":"tva-boxcover","assetTypes":["tva-boxcover"],"width":180,"height":260,"url":"https:\/\/wp14-images-hu-dynamic.horizon.tv\/HU\/Images\/bc_2829af3a03fc1fffcb933cb8686b0ad7d8901210.jpg"},{"assetType":"boxart-large","assetTypes":["boxart-large"],"width":180,"height":260,"url":"https:\/\/wp14-images-hu-dynamic.horizon.tv\/HU\/Images\/bc_2829af3a03fc1fffcb933cb8686b0ad7d8901210.jpg?w=180&h=260&mode=box"},{"assetType":"boxart-xlarge","assetTypes":["boxart-xlarge"],"width":210,"height":303,"url":"https:\/\/wp14-images-hu-dynamic.horizon.tv\/HU\/Images\/bc_2829af3a03fc1fffcb933cb8686b0ad7d8901210.jpg?w=210&h=303&mode=box"},{"assetType":"HighResPortrait","assetTypes":["HighResPortrait"],"url":"https:\/\/wp6-images-hu-dynamic.horizon.tv\/HU\/Images\/hrp_85ff6e4b41dd6021827c35ee42a38e4542b4ae77.jpg"}],"mediaGroupId":"crid:~~2F~~2Fport.hu~~2F67804101","secondaryTitle":"Terror a pinc\u00e9ben","shortDescription":"A sorozat igaz t\u00f6rt\u00e9neteket mutat be emberekr\u0151l, akiket m\u00e1sok csapd\u00e1ba csaltak, fogs\u00e1gban tartottak, m\u00e9gis siker\u00fclt megsz\u00f6kni\u00fck. Vajon milyen megpr\u00f3b\u00e1ltat\u00e1sokat kellett elviselni\u00fck?","mediaType":"Episode","isReplayTv":false,"seriesEpisodeNumber":"1805130130","seriesNumber":"1805112230","videoStreams":[],"entitlements":["VIP","_OPEN_"],"currentProductIds":[],"currentTvodProductIds":[]},"parentId":"crid:~~2F~~2Fport.hu~~2F67804101","rootId":"crid:~~2F~~2Fport.hu~~2F67804101"}