{"id":"crid:~~2F~~2Fport.hu~~2F72595898-imi:00100000005D3229","countryCode":"HU","languageCode":"hun","deviceCode":"web","startTime":1525440300000,"endTime":1525442100000,"stationId":"826989607167","imi":"imi:00100000005D3229","mediaGroupId":"crid:~~2F~~2Fport.hu~~2F41256168","program":{"id":"crid:~~2F~~2Fport.hu~~2F72595898","title":"Drakers \u2013 A Ferrari pil\u00f3t\u00e1i","description":"(11) Chris \u00e9s Fabri nagyon j\u00f3 bar\u00e1tok, akik rajonganak az aut\u00f3versenyz\u00e9s\u00e9rt \u00e9s \u0151k maguk is pil\u00f3t\u00e1k szeretn\u00e9nek lenni a Drakers csapathoz csatlakozva. \u00c1lmuk pedig egy v\u00e1ratlan esem\u00e9ny hat\u00e1s\u00e1ra - a csapat k\u00e9t pil\u00f3t\u00e1ja v\u00e1ratlanul elt\u0171nik - val\u00f3s\u00e1gg\u00e1 v\u00e1lik, mikor r\u00e9szt vehetnek a junior vil\u00e1gbajnoks\u00e1gon pil\u00f3tak\u00e9nt.","longDescription":"(11) Chris \u00e9s Fabri nagyon j\u00f3 bar\u00e1tok, akik rajonganak az aut\u00f3versenyz\u00e9s\u00e9rt \u00e9s \u0151k maguk is pil\u00f3t\u00e1k szeretn\u00e9nek lenni a Drakers csapathoz csatlakozva. \u00c1lmuk pedig egy v\u00e1ratlan esem\u00e9ny hat\u00e1s\u00e1ra - a csapat k\u00e9t pil\u00f3t\u00e1ja v\u00e1ratlanul elt\u0171nik - val\u00f3s\u00e1gg\u00e1 v\u00e1lik, mikor r\u00e9szt vehetnek a junior vil\u00e1gbajnoks\u00e1gon pil\u00f3tak\u00e9nt.","languageCode":"hun","countryCode":"HU","deviceCode":"web","medium":"TV","categories":[{"id":"271090244371","title":"Gyermek\/Ifj\u00fas\u00e1gi","scheme":"urn:tva:metadata:cs:UPCEventGenreCS:2009"},{"id":"271090244376","title":"Rajzfilm","scheme":"urn:tva:metadata:cs:UPCEventGenreCS:2009"}],"isAdult":false,"parentalRating":"12","cast":[],"directors":[],"images":[{"assetType":"boxart-small","assetTypes":["boxart-small"],"width":75,"height":108,"url":"https:\/\/wp10-images-hu-dynamic.horizon.tv\/HU\/Images\/upcgenre_55.jpg?w=75&h=108&mode=box"},{"assetType":"tva-boxcover","assetTypes":["tva-boxcover"],"width":180,"height":260,"url":"https:\/\/wp10-images-hu-dynamic.horizon.tv\/HU\/Images\/upcgenre_55.jpg"},{"assetType":"boxart-medium","assetTypes":["boxart-medium"],"width":110,"height":159,"url":"https:\/\/wp10-images-hu-dynamic.horizon.tv\/HU\/Images\/upcgenre_55.jpg?w=110&h=159&mode=box"},{"assetType":"boxart-large","assetTypes":["boxart-large"],"width":180,"height":260,"url":"https:\/\/wp10-images-hu-dynamic.horizon.tv\/HU\/Images\/upcgenre_55.jpg?w=180&h=260&mode=box"},{"assetType":"boxart-xlarge","assetTypes":["boxart-xlarge"],"width":210,"height":303,"url":"https:\/\/wp10-images-hu-dynamic.horizon.tv\/HU\/Images\/upcgenre_55.jpg?w=210&h=303&mode=box"}],"mediaGroupId":"crid:~~2F~~2Fport.hu~~2F41256168","secondaryTitle":"(11)","shortDescription":"(11) Chris \u00e9s Fabri nagyon j\u00f3 bar\u00e1tok, akik rajonganak az aut\u00f3versenyz\u00e9s\u00e9rt \u00e9s \u0151k maguk is pil\u00f3t\u00e1k szeretn\u00e9nek lenni a Drakers csapathoz csatlakozva. \u00c1lmuk pedig egy v\u00e1ratlan esem\u00e9ny hat\u00e1s\u00e1ra \u2013 a...","mediaType":"Episode","year":"2014","isReplayTv":true,"seriesEpisodeNumber":"11","seriesNumber":"1805020920","videoStreams":[],"airDate":1388534400000,"entitlements":["VIP","_OPEN_"],"currentProductIds":[],"currentTvodProductIds":[]},"parentId":"crid:~~2F~~2Fport.hu~~2F41256168","rootId":"crid:~~2F~~2Fport.hu~~2F41256168"}