{"id":"crid:~~2F~~2Fbds.tv~~2F240309625-imi:00100000007818BC","countryCode":"IE","languageCode":"eng","deviceCode":"web","startTime":1525449600000,"endTime":1525456800000,"stationId":"753737255311","imi":"imi:00100000007818BC","mediaGroupId":"crid:~~2F~~2Fbds.tv~~2F240309625","program":{"id":"crid:~~2F~~2Fbds.tv~~2F240309625","title":"#WeekendGoals! Friday Night Warm-Up!","description":"Inspirational dance videos to get pumped for the weekend.","longDescription":"Inspirational dance videos to get pumped for the weekend.","languageCode":"eng","countryCode":"IE","deviceCode":"web","medium":"TV","categories":[{"id":"15599172260","title":"MUSIC","scheme":"urn:tva:metadata:cs:UPCEventGenreCS:2009"}],"isAdult":false,"cast":[],"directors":[],"images":[{"assetType":"boxart-large","assetTypes":["boxart-large"],"width":180,"height":260,"url":"https:\/\/wp19-images-ie-dynamic.horizon.tv\/images\/20731373160.p.jpg?w=180&h=260&mode=box"},{"assetType":"boxart-small","assetTypes":["boxart-small"],"width":75,"height":108,"url":"https:\/\/wp19-images-ie-dynamic.horizon.tv\/images\/20731373160.p.jpg?w=75&h=108&mode=box"},{"assetType":"tva-boxcover","assetTypes":["tva-boxcover"],"width":180,"height":260,"url":"https:\/\/wp19-images-ie-dynamic.horizon.tv\/images\/20731373160.p.jpg"},{"assetType":"boxart-xlarge","assetTypes":["boxart-xlarge"],"width":210,"height":303,"url":"https:\/\/wp19-images-ie-dynamic.horizon.tv\/images\/20731373160.p.jpg?w=210&h=303&mode=box"},{"assetType":"boxart-medium","assetTypes":["boxart-medium"],"width":110,"height":159,"url":"https:\/\/wp19-images-ie-dynamic.horizon.tv\/images\/20731373160.p.jpg?w=110&h=159&mode=box"}],"mediaGroupId":"crid:~~2F~~2Fbds.tv~~2F240309625","shortDescription":"Inspirational dance videos to get pumped for the weekend.","mediaType":"Episode","isReplayTv":false,"videoStreams":[],"entitlements":["VIP","_OPEN_"],"currentProductIds":[],"currentTvodProductIds":[]},"parentId":"crid:~~2F~~2Fbds.tv~~2F240309625","rootId":"crid:~~2F~~2Fbds.tv~~2F240309625"}