{"id":"crid:~~2F~~2Fport.hu~~2F69693357-imi:00100000005D927F","countryCode":"HU","languageCode":"hun","deviceCode":"web","startTime":1525469400000,"endTime":1525471200000,"stationId":"826989607191","imi":"imi:00100000005D927F","mediaGroupId":"crid:~~2F~~2Fport.hu~~2F66675776","program":{"id":"crid:~~2F~~2Fport.hu~~2F69693357","title":"Amcsi \u00edzek vil\u00e1ga","description":"(XXV.\/15) Guy Fieri \u00fatja sor\u00e1n megk\u00f3stolja a s\u00fclt bolognai \u00e9s veg\u00e1n hamburgert a kentuckyi Louisville-ben, valamint az alapnak sz\u00e1m\u00edt\u00f3 reggeli falatokat egy b\u00fcf\u00e9 \u00e9s \u00e9tterem egyvelegek\u00e9nt m\u0171k\u00f6d\u0151 helyen az oregoni Portlandben.","longDescription":"(XXV.\/15) Guy Fieri \u00fatja sor\u00e1n megk\u00f3stolja a s\u00fclt bolognai \u00e9s veg\u00e1n hamburgert a kentuckyi Louisville-ben, valamint az alapnak sz\u00e1m\u00edt\u00f3 reggeli falatokat egy b\u00fcf\u00e9 \u00e9s \u00e9tterem egyvelegek\u00e9nt m\u0171k\u00f6d\u0151 helyen az oregoni Portlandben.","languageCode":"hun","countryCode":"HU","deviceCode":"web","medium":"TV","categories":[{"id":"271090244398","title":"T\u00e1rsadalmi\/Politikai","scheme":"urn:tva:metadata:cs:UPCEventGenreCS:2009"}],"isAdult":false,"parentalRating":"3","cast":[],"directors":["Steven Bortko"],"images":[{"assetType":"boxart-small","assetTypes":["boxart-small"],"width":75,"height":108,"url":"https:\/\/wp11-images-hu-dynamic.horizon.tv\/HU\/Images\/bc_790fca72f6b965012bd6089a6389b1abfdfa3109.jpg?w=75&h=108&mode=box"},{"assetType":"boxart-medium","assetTypes":["boxart-medium"],"width":110,"height":159,"url":"https:\/\/wp11-images-hu-dynamic.horizon.tv\/HU\/Images\/bc_790fca72f6b965012bd6089a6389b1abfdfa3109.jpg?w=110&h=159&mode=box"},{"assetType":"boxart-xlarge","assetTypes":["boxart-xlarge"],"width":210,"height":303,"url":"https:\/\/wp11-images-hu-dynamic.horizon.tv\/HU\/Images\/bc_790fca72f6b965012bd6089a6389b1abfdfa3109.jpg?w=210&h=303&mode=box"},{"assetType":"boxart-large","assetTypes":["boxart-large"],"width":180,"height":260,"url":"https:\/\/wp11-images-hu-dynamic.horizon.tv\/HU\/Images\/bc_790fca72f6b965012bd6089a6389b1abfdfa3109.jpg?w=180&h=260&mode=box"},{"assetType":"tva-boxcover","assetTypes":["tva-boxcover"],"width":180,"height":260,"url":"https:\/\/wp11-images-hu-dynamic.horizon.tv\/HU\/Images\/bc_790fca72f6b965012bd6089a6389b1abfdfa3109.jpg"}],"mediaGroupId":"crid:~~2F~~2Fport.hu~~2F66675776","secondaryTitle":"Bolognai hamburgerek (XXV.\/15)","shortDescription":"Host Guy Fieri bej\u00e1rja az orsz\u00e1got \u00e9s ell\u00e1togat n\u00e9h\u00e1ny amerikai klasszikus \"greasy spoon\" \u00e9tterembe.","mediaType":"Episode","year":"2016","isReplayTv":false,"seriesEpisodeNumber":"15","seriesNumber":"25","videoStreams":[],"airDate":1451606400000,"entitlements":["VIP","_OPEN_"],"currentProductIds":[],"currentTvodProductIds":[]},"parentId":"crid:~~2F~~2Fport.hu~~2F66675776","rootId":"crid:~~2F~~2Fport.hu~~2F66675776"}