{"id":"crid:~~2F~~2Fport.hu~~2F1455951-imi:00100000005D3A27","countryCode":"HU","languageCode":"hun","deviceCode":"web","startTime":1525584600000,"endTime":1525587600000,"stationId":"826989607208","imi":"imi:00100000005D3A27","mediaGroupId":"crid:~~2F~~2Fport.hu~~2F2430157","program":{"id":"crid:~~2F~~2Fport.hu~~2F1455951","title":"Smallville","description":"(VII.\/14) 1989-ben egy hatalmas meteor-es\u0151 puszt\u00edtotta el Smallville, a kansasi v\u00e1roska nagy r\u00e9sz\u00e9t. A katasztr\u00f3fa sok-sok ember hal\u00e1l\u00e1t okozta, Jonathan \u00e9s Martha Kentet azonban egy kisfi\u00faval aj\u00e1nd\u00e9kozta meg, amire mindig olyan nagyon v\u00e1gytak. 2001-ben fiuk, Clarke m\u00e1r feln\u0151tt, \u00e9s k\u00e9t k\u00f6zeli bar\u00e1tja van: Pete \u00e9s Chloe. Sz\u00fclei azonban elrejtik el\u0151le sz\u00e1rmaz\u00e1s\u00e1nak titk\u00e1t: azt, hogy egy \u0171rhaj\u00f3 belsej\u00e9ben tal\u00e1ltak r\u00e1, amikor hullott a meteores\u0151. Ahogy Clarknak kiteljesedik az ereje, lassank\u00e9nt Superman lesz bel\u0151le, \u00e9s fel kell vennie a harcot a gonosszal szemben, az emberek v\u00e9delm\u00e9ben.","longDescription":"(VII.\/14) 1989-ben egy hatalmas meteor-es\u0151 puszt\u00edtotta el Smallville, a kansasi v\u00e1roska nagy r\u00e9sz\u00e9t. A katasztr\u00f3fa sok-sok ember hal\u00e1l\u00e1t okozta, Jonathan \u00e9s Martha Kentet azonban egy kisfi\u00faval aj\u00e1nd\u00e9kozta meg, amire mindig olyan nagyon v\u00e1gytak. 2001-ben fiuk, Clarke m\u00e1r feln\u0151tt, \u00e9s k\u00e9t k\u00f6zeli bar\u00e1tja van: Pete \u00e9s Chloe. Sz\u00fclei azonban elrejtik el\u0151le sz\u00e1rmaz\u00e1s\u00e1nak titk\u00e1t: azt, hogy egy \u0171rhaj\u00f3 belsej\u00e9ben tal\u00e1ltak r\u00e1, amikor hullott a meteores\u0151. Ahogy Clarknak kiteljesedik az ereje, lassank\u00e9nt Superman lesz bel\u0151le, \u00e9s fel kell vennie a harcot a gonosszal szemben, az emberek v\u00e9delm\u00e9ben.","languageCode":"hun","countryCode":"HU","deviceCode":"web","medium":"TV","categories":[{"id":"271090244428","title":"Dr\u00e1ma","scheme":"urn:tva:metadata:cs:UPCEventGenreCS:2009"},{"id":"271090244431","title":"Sci-fi\/Horrorfilm","scheme":"urn:tva:metadata:cs:UPCEventGenreCS:2009"}],"isAdult":false,"parentalRating":"12","cast":["Tom Welling","Allison Mack","Kristin Kreuk","Michael Rosenbaum","John Glover","Erica Durance","Annette O'Toole","John Schneider","Justin Hartley","Sam Jones","Cassidy Freeman","Aaron Ashmore","Eric Johnson","Laura Vandervoort","Camille Mitchell","Terence Stamp","Jensen Ackles","Callum Blue","Sam Witwer"],"directors":["James Marshall","Greg Beeman","Mike Rohl","Jeannot Szwarc","Terrence O'Hara","Glen Winter","Whitney Ransick"],"images":[{"assetType":"boxart-small","assetTypes":["boxart-small"],"width":75,"height":108,"url":"https:\/\/wp16-images-hu-dynamic.horizon.tv\/HU\/Images\/bc_f73a24a7ab23c64b84ef450c2edafec516cc4710.jpg?w=75&h=108&mode=box"},{"assetType":"boxart-large","assetTypes":["boxart-large"],"width":180,"height":260,"url":"https:\/\/wp16-images-hu-dynamic.horizon.tv\/HU\/Images\/bc_f73a24a7ab23c64b84ef450c2edafec516cc4710.jpg?w=180&h=260&mode=box"},{"assetType":"tva-boxcover","assetTypes":["tva-boxcover"],"width":180,"height":260,"url":"https:\/\/wp16-images-hu-dynamic.horizon.tv\/HU\/Images\/bc_f73a24a7ab23c64b84ef450c2edafec516cc4710.jpg"},{"assetType":"boxart-medium","assetTypes":["boxart-medium"],"width":110,"height":159,"url":"https:\/\/wp16-images-hu-dynamic.horizon.tv\/HU\/Images\/bc_f73a24a7ab23c64b84ef450c2edafec516cc4710.jpg?w=110&h=159&mode=box"},{"assetType":"boxart-xlarge","assetTypes":["boxart-xlarge"],"width":210,"height":303,"url":"https:\/\/wp16-images-hu-dynamic.horizon.tv\/HU\/Images\/bc_f73a24a7ab23c64b84ef450c2edafec516cc4710.jpg?w=210&h=303&mode=box"},{"assetType":"HighResPortrait","assetTypes":["HighResPortrait"],"url":"https:\/\/wp24-images-hu-dynamic.horizon.tv\/HU\/Images\/hrp_f73a24a7ab23c64b84ef450c2edafec516cc4710.jpg"},{"assetType":"HighResLandscape","assetTypes":["HighResLandscape"],"url":"https:\/\/wp24-images-hu-dynamic.horizon.tv\/HU\/Images\/hrl_205dae4f7726ed2f05abc8150e1d5d9d259b5708.jpg"}],"mediaGroupId":"crid:~~2F~~2Fport.hu~~2F2430157","secondaryTitle":"Utaz\u00f3 (VII.\/14)","shortDescription":"Hatalmas meteor-es\u0151 puszt\u00edtotta el Smallville, a kansasi v\u00e1roska nagy r\u00e9sz\u00e9t. A katasztr\u00f3fa sok ember hal\u00e1l\u00e1t okozta, azonban a Kent csal\u00e1dot kisfi\u00faval aj\u00e1nd\u00e9kozta meg, akit egy \u0171rhaj\u00f3ban tal\u00e1ltak.","mediaType":"Episode","year":"2008","isReplayTv":true,"seriesEpisodeNumber":"14","seriesNumber":"7","videoStreams":[],"airDate":1199145600000,"entitlements":["VIP","_OPEN_"],"currentProductIds":[],"currentTvodProductIds":[]},"parentId":"crid:~~2F~~2Fport.hu~~2F2430157","rootId":"crid:~~2F~~2Fport.hu~~2F2430157"}