{"id":"crid:~~2F~~2Fport.hu~~2F90942885-imi:00100000005D58BB","countryCode":"HU","languageCode":"hun","deviceCode":"web","startTime":1525676700000,"endTime":1525680000000,"stationId":"826989607220","imi":"imi:00100000005D58BB","mediaGroupId":"crid:~~2F~~2Fport.hu~~2F79900364","program":{"id":"crid:~~2F~~2Fport.hu~~2F90942885","title":"Bayer show","description":"Bayer Zsolt megmondja! Az oszt\u00e1s itt nem matematika! Mindenki megkapja a mag\u00e1\u00e9t!","longDescription":"Bayer Zsolt megmondja! Az oszt\u00e1s itt nem matematika! Mindenki megkapja a mag\u00e1\u00e9t!","languageCode":"hun","countryCode":"HU","deviceCode":"web","medium":"TV","categories":[{"id":"271090244398","title":"T\u00e1rsadalmi\/Politikai","scheme":"urn:tva:metadata:cs:UPCEventGenreCS:2009"}],"isAdult":false,"parentalRating":"12","cast":[],"directors":[],"images":[{"assetType":"boxart-xlarge","assetTypes":["boxart-xlarge"],"width":210,"height":303,"url":"https:\/\/wp9-images-hu-dynamic.horizon.tv\/HU\/Images\/upcgenre_80.jpg?w=210&h=303&mode=box"},{"assetType":"tva-boxcover","assetTypes":["tva-boxcover"],"width":180,"height":260,"url":"https:\/\/wp9-images-hu-dynamic.horizon.tv\/HU\/Images\/upcgenre_80.jpg"},{"assetType":"boxart-medium","assetTypes":["boxart-medium"],"width":110,"height":159,"url":"https:\/\/wp9-images-hu-dynamic.horizon.tv\/HU\/Images\/upcgenre_80.jpg?w=110&h=159&mode=box"},{"assetType":"boxart-large","assetTypes":["boxart-large"],"width":180,"height":260,"url":"https:\/\/wp9-images-hu-dynamic.horizon.tv\/HU\/Images\/upcgenre_80.jpg?w=180&h=260&mode=box"},{"assetType":"boxart-small","assetTypes":["boxart-small"],"width":75,"height":108,"url":"https:\/\/wp9-images-hu-dynamic.horizon.tv\/HU\/Images\/upcgenre_80.jpg?w=75&h=108&mode=box"}],"mediaGroupId":"crid:~~2F~~2Fport.hu~~2F79900364","shortDescription":"Bayer Zsolt megmondja! Az oszt\u00e1s itt nem matematika! Mindenki megkapja a mag\u00e1\u00e9t!","mediaType":"Episode","isReplayTv":false,"seriesEpisodeNumber":"1805070905","seriesNumber":"1805062105","videoStreams":[],"entitlements":["VIP","_OPEN_"],"currentProductIds":[],"currentTvodProductIds":[]},"parentId":"crid:~~2F~~2Fport.hu~~2F79900364","rootId":"crid:~~2F~~2Fport.hu~~2F79900364"}