{"id":"crid:~~2F~~2Fport.hu~~2F68135883-imi:00100000005DBD92","countryCode":"HU","languageCode":"hun","deviceCode":"web","startTime":1525539180000,"endTime":1525540500000,"stationId":"826989607164","imi":"imi:00100000005DBD92","mediaGroupId":"crid:~~2F~~2Fport.hu~~2F70398089","program":{"id":"crid:~~2F~~2Fport.hu~~2F68135883","title":"Az olasz gasztro nindzsa","description":"(6) Rubio bemutatja Olaszorsz\u00e1g s\u00f6t\u00e9t oldal\u00e1t, rossz h\u00edr\u0171 sik\u00e1torokba \u00e9s piacokra mer\u00e9szkedik, ahol a legk\u00fcl\u00f6nb\u00f6z\u0151bb figur\u00e1kat h\u00edvja ki extr\u00e9m f\u0151z\u0151versenyre.","longDescription":"(6) Rubio bemutatja Olaszorsz\u00e1g s\u00f6t\u00e9t oldal\u00e1t, rossz h\u00edr\u0171 sik\u00e1torokba \u00e9s piacokra mer\u00e9szkedik, ahol a legk\u00fcl\u00f6nb\u00f6z\u0151bb figur\u00e1kat h\u00edvja ki extr\u00e9m f\u0151z\u0151versenyre.","languageCode":"hun","countryCode":"HU","deviceCode":"web","medium":"TV","categories":[{"id":"271090244349","title":"Show","scheme":"urn:tva:metadata:cs:UPCEventGenreCS:2009"}],"isAdult":false,"parentalRating":"3","cast":[],"directors":[],"images":[{"assetType":"boxart-medium","assetTypes":["boxart-medium"],"width":110,"height":159,"url":"https:\/\/wp8-images-hu-dynamic.horizon.tv\/HU\/Images\/upcgenre_30.jpg?w=110&h=159&mode=box"},{"assetType":"boxart-large","assetTypes":["boxart-large"],"width":180,"height":260,"url":"https:\/\/wp8-images-hu-dynamic.horizon.tv\/HU\/Images\/upcgenre_30.jpg?w=180&h=260&mode=box"},{"assetType":"tva-boxcover","assetTypes":["tva-boxcover"],"width":180,"height":260,"url":"https:\/\/wp8-images-hu-dynamic.horizon.tv\/HU\/Images\/upcgenre_30.jpg"},{"assetType":"boxart-small","assetTypes":["boxart-small"],"width":75,"height":108,"url":"https:\/\/wp8-images-hu-dynamic.horizon.tv\/HU\/Images\/upcgenre_30.jpg?w=75&h=108&mode=box"},{"assetType":"boxart-xlarge","assetTypes":["boxart-xlarge"],"width":210,"height":303,"url":"https:\/\/wp8-images-hu-dynamic.horizon.tv\/HU\/Images\/upcgenre_30.jpg?w=210&h=303&mode=box"}],"mediaGroupId":"crid:~~2F~~2Fport.hu~~2F70398089","secondaryTitle":"(6)","shortDescription":"Rubio bemutatja Olaszorsz\u00e1g s\u00f6t\u00e9t oldal\u00e1t, rossz h\u00edr\u0171 sik\u00e1torokba \u00e9s piacokra mer\u00e9szkedik, ahol a legk\u00fcl\u00f6nb\u00f6z\u0151bb figur\u00e1kat h\u00edvja ki extr\u00e9m f\u0151z\u0151versenyre.","mediaType":"Episode","isReplayTv":false,"seriesEpisodeNumber":"6","seriesNumber":"1805031445","videoStreams":[],"entitlements":["VIP","_OPEN_"],"currentProductIds":[],"currentTvodProductIds":[]},"parentId":"crid:~~2F~~2Fport.hu~~2F70398089","rootId":"crid:~~2F~~2Fport.hu~~2F70398089"}