{"id":"crid:~~2F~~2Fport.hu~~2F72206431-imi:00100000005DA854","countryCode":"HU","languageCode":"hun","deviceCode":"web","startTime":1525602000000,"endTime":1525603500000,"stationId":"826989607215","imi":"imi:00100000005DA854","mediaGroupId":"crid:~~2F~~2Fport.hu~~2F4840694","program":{"id":"crid:~~2F~~2Fport.hu~~2F72206431","title":"Artzooka","description":"Jeremie ez alkalommal pap\u00edrb\u00f3l k\u00e9sz\u00edt \u0171rl\u00e9nyeket. V\u00edz alatti k\u00fcl\u00f6nleges hat\u00e1sokat mutat nek\u00fcnk \u00e9s megtanulunk men\u0151 al\u00e1\u00edr\u00e1st k\u00e9sz\u00edteni.","longDescription":"Jeremie ez alkalommal pap\u00edrb\u00f3l k\u00e9sz\u00edt \u0171rl\u00e9nyeket. V\u00edz alatti k\u00fcl\u00f6nleges hat\u00e1sokat mutat nek\u00fcnk \u00e9s megtanulunk men\u0151 al\u00e1\u00edr\u00e1st k\u00e9sz\u00edteni.","languageCode":"hun","countryCode":"HU","deviceCode":"web","medium":"TV","categories":[{"id":"271090244371","title":"Gyermek\/Ifj\u00fas\u00e1gi","scheme":"urn:tva:metadata:cs:UPCEventGenreCS:2009"},{"id":"271090244375","title":"Iskolat\u00e9v\u00e9","scheme":"urn:tva:metadata:cs:UPCEventGenreCS:2009"}],"isAdult":false,"parentalRating":"6","cast":[],"directors":[],"images":[{"assetType":"tva-boxcover","assetTypes":["tva-boxcover"],"width":180,"height":260,"url":"https:\/\/wp3-images-hu-dynamic.horizon.tv\/HU\/Images\/upcgenre_54.jpg"},{"assetType":"boxart-large","assetTypes":["boxart-large"],"width":180,"height":260,"url":"https:\/\/wp3-images-hu-dynamic.horizon.tv\/HU\/Images\/upcgenre_54.jpg?w=180&h=260&mode=box"},{"assetType":"boxart-xlarge","assetTypes":["boxart-xlarge"],"width":210,"height":303,"url":"https:\/\/wp3-images-hu-dynamic.horizon.tv\/HU\/Images\/upcgenre_54.jpg?w=210&h=303&mode=box"},{"assetType":"boxart-medium","assetTypes":["boxart-medium"],"width":110,"height":159,"url":"https:\/\/wp3-images-hu-dynamic.horizon.tv\/HU\/Images\/upcgenre_54.jpg?w=110&h=159&mode=box"},{"assetType":"boxart-small","assetTypes":["boxart-small"],"width":75,"height":108,"url":"https:\/\/wp3-images-hu-dynamic.horizon.tv\/HU\/Images\/upcgenre_54.jpg?w=75&h=108&mode=box"}],"mediaGroupId":"crid:~~2F~~2Fport.hu~~2F4840694","secondaryTitle":"V\u00edzi l\u00e9ny","shortDescription":"Jeremie ez alkalommal pap\u00edrb\u00f3l k\u00e9sz\u00edt \u0171rl\u00e9nyeket. V\u00edz alatti k\u00fcl\u00f6nleges hat\u00e1sokat mutat nek\u00fcnk \u00e9s megtanulunk men\u0151 al\u00e1\u00edr\u00e1st k\u00e9sz\u00edteni.","mediaType":"Episode","isReplayTv":false,"seriesEpisodeNumber":"1805041425","seriesNumber":"1805030725","videoStreams":[],"entitlements":["VIP","_OPEN_"],"currentProductIds":[],"currentTvodProductIds":[]},"parentId":"crid:~~2F~~2Fport.hu~~2F4840694","rootId":"crid:~~2F~~2Fport.hu~~2F4840694"}