{"id":"crid:~~2F~~2Fport.hu~~2F24065863-imi:00100000005D357B","countryCode":"HU","languageCode":"hun","deviceCode":"web","startTime":1525545000000,"endTime":1525557000000,"stationId":"826989607140","imi":"imi:00100000005D357B","mediaGroupId":"crid:~~2F~~2Fport.hu~~2F24065863","program":{"id":"crid:~~2F~~2Fport.hu~~2F24065863","title":"Csillagok k\u00f6z\u00f6tt","description":"A legend\u00e1san titkol\u00f3z\u00f3 rendez\u0151 \u00faj sci-fij\u00e9r\u0151l annyit m\u00e1r tudni, hogy csupa szt\u00e1r m\u0171k\u00f6dik k\u00f6zre benne \u00e9s a csillagok k\u00f6z\u00f6tt j\u00e1tsz\u00f3dik. Tud\u00f3sok felfedeznek egy f\u00e9reglyukat az \u0171rben, \u00e9s egy csapatnyi felfedez\u0151 meg kalandor nekiv\u00e1g, hogy \u00e1tl\u00e9pje mindazokat a hat\u00e1rokat, amelyeket addig \u00e1th\u00e1ghatatlannak hitt\u00fcnk: t\u00fal akarnak l\u00e9pni t\u00e9ren \u00e9s id\u0151n.","longDescription":"A legend\u00e1san titkol\u00f3z\u00f3 rendez\u0151 \u00faj sci-fij\u00e9r\u0151l annyit m\u00e1r tudni, hogy csupa szt\u00e1r m\u0171k\u00f6dik k\u00f6zre benne \u00e9s a csillagok k\u00f6z\u00f6tt j\u00e1tsz\u00f3dik. Tud\u00f3sok felfedeznek egy f\u00e9reglyukat az \u0171rben, \u00e9s egy csapatnyi felfedez\u0151 meg kalandor nekiv\u00e1g, hogy \u00e1tl\u00e9pje mindazokat a hat\u00e1rokat, amelyeket addig \u00e1th\u00e1ghatatlannak hitt\u00fcnk: t\u00fal akarnak l\u00e9pni t\u00e9ren \u00e9s id\u0151n.","languageCode":"hun","countryCode":"HU","deviceCode":"web","medium":"Movie","categories":[{"id":"271090244333","title":"Sci-fi\/Horrorfilm","scheme":"urn:tva:metadata:cs:UPCEventGenreCS:2009"}],"isAdult":false,"parentalRating":"12","cast":["Matthew McConaughey","Mackenzie Foy","Anne Hathaway","Jessica Chastain","John Lithgow","Timoth\u00e9e Chalamet","Wes Bentley","Michael Caine","Casey Affleck","David Gyasi","Matt Damon","Collette Wolfe","Ellen Burstyn","Leah Cairns","David Oyelowo","Francis X. McCarthy","William Devane","Bill Irwin","Andrew Borba","Josh Stewart","William Dickinson"],"directors":["Christopher Nolan"],"images":[{"assetType":"tva-boxcover","assetTypes":["tva-boxcover"],"width":180,"height":260,"url":"https:\/\/wp2-images-hu-dynamic.horizon.tv\/HU\/Images\/bc_cfb3d65a39391ff219cb0c1f1326e2c406ceece3.jpg"},{"assetType":"boxart-small","assetTypes":["boxart-small"],"width":75,"height":108,"url":"https:\/\/wp2-images-hu-dynamic.horizon.tv\/HU\/Images\/bc_cfb3d65a39391ff219cb0c1f1326e2c406ceece3.jpg?w=75&h=108&mode=box"},{"assetType":"boxart-large","assetTypes":["boxart-large"],"width":180,"height":260,"url":"https:\/\/wp2-images-hu-dynamic.horizon.tv\/HU\/Images\/bc_cfb3d65a39391ff219cb0c1f1326e2c406ceece3.jpg?w=180&h=260&mode=box"},{"assetType":"boxart-medium","assetTypes":["boxart-medium"],"width":110,"height":159,"url":"https:\/\/wp2-images-hu-dynamic.horizon.tv\/HU\/Images\/bc_cfb3d65a39391ff219cb0c1f1326e2c406ceece3.jpg?w=110&h=159&mode=box"},{"assetType":"boxart-xlarge","assetTypes":["boxart-xlarge"],"width":210,"height":303,"url":"https:\/\/wp2-images-hu-dynamic.horizon.tv\/HU\/Images\/bc_cfb3d65a39391ff219cb0c1f1326e2c406ceece3.jpg?w=210&h=303&mode=box"},{"assetType":"HighResLandscape","assetTypes":["HighResLandscape"],"url":"https:\/\/wp23-images-hu-dynamic.horizon.tv\/HU\/Images\/hrl_2e2fb5bff1d73b1c26658f3942cd1219744cc19c.jpg"},{"assetType":"HighResPortrait","assetTypes":["HighResPortrait"],"url":"https:\/\/wp23-images-hu-dynamic.horizon.tv\/HU\/Images\/hrp_cfb3d65a39391ff219cb0c1f1326e2c406ceece3.jpg"}],"mediaGroupId":"crid:~~2F~~2Fport.hu~~2F24065863","shortDescription":"Tud\u00f3sok felfedeznek egy f\u00e9reglyukat az \u0171rben, \u00e9s egy csapatnyi felfedez\u0151 meg kalandor nekiv\u00e1g, hogy \u00e1tl\u00e9pje mindazokat a hat\u00e1rokat, amelyeket addig \u00e1th\u00e1ghatatlannak hitt\u00fcnk.","mediaType":"FeatureFilm","year":"2014","isReplayTv":false,"videoStreams":[],"airDate":1388534400000,"entitlements":["VIP","_OPEN_"],"currentProductIds":[],"currentTvodProductIds":[]},"parentId":"crid:~~2F~~2Fport.hu~~2F24065863","rootId":"crid:~~2F~~2Fport.hu~~2F24065863"}