{"id":"crid:~~2F~~2Fport.hu~~2F37799595-imi:00100000005D84BD","countryCode":"HU","languageCode":"hun","deviceCode":"web","startTime":1525680900000,"endTime":1525683600000,"stationId":"826989607198","imi":"imi:00100000005D84BD","mediaGroupId":"crid:~~2F~~2Fport.hu~~2F37500378","program":{"id":"crid:~~2F~~2Fport.hu~~2F37799595","title":"A gerend\u00e1k kir\u00e1lyai","description":"(I.\/5) A gerend\u00e1k kir\u00e1lyai sorozatban megismerkedhet a vil\u00e1g legjobb fah\u00e1z\u00e9p\u00edt\u0151ivel, akik a gazdagok \u00e9s h\u00edresek f\u00e1b\u00f3l k\u00e9sz\u00fclt otthonait \u00e9p\u00edtik. Minden nap \u00faj megpr\u00f3b\u00e1ltat\u00e1sokat hoz sz\u00e1mukra: hi\u00e1ba \u0151k a legjobbak, nekik sem egyszer\u0171 a munk\u00e1juk. Hol komplik\u00e1lt szerkezeteket kell fel\u00e1ll\u00edtani a vil\u00e1g t\u00fals\u00f3 v\u00e9g\u00e9ben, hol heves temperamentum\u00fa \u00fcgyfelekkel kell b\u00e1nniuk, hol \u00f6ntelt mesteremberekkel, az id\u0151j\u00e1r\u00e1s viszontags\u00e1gaival vagy egym\u00e1ssal akad probl\u00e9m\u00e1juk \u2013 a t\u00e9t magasabb m\u00e1r nem is lehetne. A legegyszer\u0171bb rutinfeladat is hal\u00e1loss\u00e1 v\u00e1lhat, ha 1,8 tonn\u00e1s gerend\u00e1kat mozgat az ember, a csapat azonban minden akad\u00e1llyal szembeszeg\u00fclve v\u00e1ltja val\u00f3ra az \u00e1lmokat a vil\u00e1g legszebb, k\u00e9zzel k\u00e9sz\u00edtett fah\u00e1zainak l\u00e9trehoz\u00e1s\u00e1val.","longDescription":"(I.\/5) A gerend\u00e1k kir\u00e1lyai sorozatban megismerkedhet a vil\u00e1g legjobb fah\u00e1z\u00e9p\u00edt\u0151ivel, akik a gazdagok \u00e9s h\u00edresek f\u00e1b\u00f3l k\u00e9sz\u00fclt otthonait \u00e9p\u00edtik. Minden nap \u00faj megpr\u00f3b\u00e1ltat\u00e1sokat hoz sz\u00e1mukra: hi\u00e1ba \u0151k a legjobbak, nekik sem egyszer\u0171 a munk\u00e1juk. Hol komplik\u00e1lt szerkezeteket kell fel\u00e1ll\u00edtani a vil\u00e1g t\u00fals\u00f3 v\u00e9g\u00e9ben, hol heves temperamentum\u00fa \u00fcgyfelekkel kell b\u00e1nniuk, hol \u00f6ntelt mesteremberekkel, az id\u0151j\u00e1r\u00e1s viszontags\u00e1gaival vagy egym\u00e1ssal akad probl\u00e9m\u00e1juk \u2013 a t\u00e9t magasabb m\u00e1r nem is lehetne. A legegyszer\u0171bb rutinfeladat is hal\u00e1loss\u00e1 v\u00e1lhat, ha 1,8 tonn\u00e1s gerend\u00e1kat mozgat az ember, a csapat azonban minden akad\u00e1llyal szembeszeg\u00fclve v\u00e1ltja val\u00f3ra az \u00e1lmokat a vil\u00e1g legszebb, k\u00e9zzel k\u00e9sz\u00edtett fah\u00e1zainak l\u00e9trehoz\u00e1s\u00e1val.","languageCode":"hun","countryCode":"HU","deviceCode":"web","medium":"TV","categories":[{"id":"271090244411","title":"Szabadid\u0151","scheme":"urn:tva:metadata:cs:UPCEventGenreCS:2009"},{"id":"271090244412","title":"Utaz\u00e1s","scheme":"urn:tva:metadata:cs:UPCEventGenreCS:2009"}],"isAdult":false,"parentalRating":"12","cast":[],"directors":["Garth Dyke","Tara Shortt","Dale Drewery","Gordon Carson","Samara Truster"],"images":[{"assetType":"boxart-large","assetTypes":["boxart-large"],"width":180,"height":260,"url":"https:\/\/wp23-images-hu-dynamic.horizon.tv\/HU\/Images\/bc_eb697c690789491d3747d09762a7f1dcda438df5.jpg?w=180&h=260&mode=box"},{"assetType":"tva-boxcover","assetTypes":["tva-boxcover"],"width":180,"height":260,"url":"https:\/\/wp23-images-hu-dynamic.horizon.tv\/HU\/Images\/bc_eb697c690789491d3747d09762a7f1dcda438df5.jpg"},{"assetType":"boxart-xlarge","assetTypes":["boxart-xlarge"],"width":210,"height":303,"url":"https:\/\/wp23-images-hu-dynamic.horizon.tv\/HU\/Images\/bc_eb697c690789491d3747d09762a7f1dcda438df5.jpg?w=210&h=303&mode=box"},{"assetType":"boxart-small","assetTypes":["boxart-small"],"width":75,"height":108,"url":"https:\/\/wp23-images-hu-dynamic.horizon.tv\/HU\/Images\/bc_eb697c690789491d3747d09762a7f1dcda438df5.jpg?w=75&h=108&mode=box"},{"assetType":"boxart-medium","assetTypes":["boxart-medium"],"width":110,"height":159,"url":"https:\/\/wp23-images-hu-dynamic.horizon.tv\/HU\/Images\/bc_eb697c690789491d3747d09762a7f1dcda438df5.jpg?w=110&h=159&mode=box"},{"assetType":"HighResPortrait","assetTypes":["HighResPortrait"],"url":"https:\/\/wp15-images-hu-dynamic.horizon.tv\/HU\/Images\/hrp_ee1e2ac5ce1d8d41c5216e1325bf5e6e5b46c22f.jpg"}],"mediaGroupId":"crid:~~2F~~2Fport.hu~~2F37500378","secondaryTitle":"Jolly Ole szigete (I.\/5)","shortDescription":"A sorozatban megismerkedhet a vil\u00e1g legjobb fah\u00e1z\u00e9p\u00edt\u0151ivel, akik a gazdagok \u00e9s h\u00edresek f\u00e1b\u00f3l k\u00e9sz\u00fclt otthonait \u00e9p\u00edtik.","mediaType":"Episode","year":"2014","isReplayTv":false,"seriesEpisodeNumber":"5","seriesNumber":"1","videoStreams":[],"airDate":1388534400000,"entitlements":["VIP","_OPEN_"],"currentProductIds":[],"currentTvodProductIds":[]},"parentId":"crid:~~2F~~2Fport.hu~~2F37500378","rootId":"crid:~~2F~~2Fport.hu~~2F37500378"}