{"id":"crid:~~2F~~2Fport.hu~~2F90570391-imi:00100000005D4236","countryCode":"HU","languageCode":"hun","deviceCode":"web","startTime":1525520100000,"endTime":1525521600000,"stationId":"826989607228","imi":"imi:00100000005D4236","mediaGroupId":"crid:~~2F~~2Fport.hu~~2F67934071","program":{"id":"crid:~~2F~~2Fport.hu~~2F90570391","title":"Summa","description":"Summa, a Magyar Telev\u00edzi\u00f3 \u00faj h\u00e1tt\u00e9rm\u0171sora. Mi\u00e9rt kellett magyar tulajdonba venni az \u00e9tkez\u00e9si jegy \u00fczletet? Mi\u00e9rt kell visszaszerezni a k\u00fclf\u00f6ldi c\u00e9gekt\u0151l a k\u00f6z\u00fczemi v\u00e1llalatokat,\u00e9s mi\u00e9rt kell nek\u00fcnk magyar j\u00e1rm\u0171gy\u00e1rt\u00e1s? Mi\u00e9rt ker\u00fcltek egy\u00e1ltal\u00e1n kor\u00e1bban k\u00fclf\u00f6ldi c\u00e9gek kez\u00e9be ezek a komoly nyeres\u00e9get termel\u0151 v\u00e1llalatok? Mit\u0151l jobb gazda a magyar \u00e1llam, mint a k\u00fclf\u00f6ldi befektet\u0151? K\u00e9rd\u00e9sek, amelyekre a legillet\u00e9kesebbek v\u00e1laszolnak a Summ\u00e1ban, szerd\u00e1n, az Este c\u00edm\u0171 m\u0171sor ut\u00e1n.","longDescription":"Summa, a Magyar Telev\u00edzi\u00f3 \u00faj h\u00e1tt\u00e9rm\u0171sora. Mi\u00e9rt kellett magyar tulajdonba venni az \u00e9tkez\u00e9si jegy \u00fczletet? Mi\u00e9rt kell visszaszerezni a k\u00fclf\u00f6ldi c\u00e9gekt\u0151l a k\u00f6z\u00fczemi v\u00e1llalatokat,\u00e9s mi\u00e9rt kell nek\u00fcnk magyar j\u00e1rm\u0171gy\u00e1rt\u00e1s? Mi\u00e9rt ker\u00fcltek egy\u00e1ltal\u00e1n kor\u00e1bban k\u00fclf\u00f6ldi c\u00e9gek kez\u00e9be ezek a komoly nyeres\u00e9get termel\u0151 v\u00e1llalatok? Mit\u0151l jobb gazda a magyar \u00e1llam, mint a k\u00fclf\u00f6ldi befektet\u0151? K\u00e9rd\u00e9sek, amelyekre a legillet\u00e9kesebbek v\u00e1laszolnak a Summ\u00e1ban, szerd\u00e1n, az Este c\u00edm\u0171 m\u0171sor ut\u00e1n.","languageCode":"hun","countryCode":"HU","deviceCode":"web","medium":"TV","categories":[{"id":"271090244398","title":"T\u00e1rsadalmi\/Politikai","scheme":"urn:tva:metadata:cs:UPCEventGenreCS:2009"}],"isAdult":false,"parentalRating":"3","cast":[],"directors":[],"images":[{"assetType":"boxart-large","assetTypes":["boxart-large"],"width":180,"height":260,"url":"https:\/\/wp18-images-hu-dynamic.horizon.tv\/HU\/Images\/upcgenre_80.jpg?w=180&h=260&mode=box"},{"assetType":"boxart-xlarge","assetTypes":["boxart-xlarge"],"width":210,"height":303,"url":"https:\/\/wp18-images-hu-dynamic.horizon.tv\/HU\/Images\/upcgenre_80.jpg?w=210&h=303&mode=box"},{"assetType":"boxart-medium","assetTypes":["boxart-medium"],"width":110,"height":159,"url":"https:\/\/wp18-images-hu-dynamic.horizon.tv\/HU\/Images\/upcgenre_80.jpg?w=110&h=159&mode=box"},{"assetType":"boxart-small","assetTypes":["boxart-small"],"width":75,"height":108,"url":"https:\/\/wp18-images-hu-dynamic.horizon.tv\/HU\/Images\/upcgenre_80.jpg?w=75&h=108&mode=box"},{"assetType":"tva-boxcover","assetTypes":["tva-boxcover"],"width":180,"height":260,"url":"https:\/\/wp18-images-hu-dynamic.horizon.tv\/HU\/Images\/upcgenre_80.jpg"},{"assetType":"HighResLandscape","assetTypes":["HighResLandscape"],"url":"https:\/\/wp19-images-hu-dynamic.horizon.tv\/HU\/Images\/hrl_4169ee47ea580f8773e5ea900a3d71e649c14a90.jpg"}],"mediaGroupId":"crid:~~2F~~2Fport.hu~~2F67934071","shortDescription":"A Summa a Magyar Telev\u00edzi\u00f3 \u00faj h\u00e1tt\u00e9rm\u0171sora. Az aktu\u00e1lis k\u00e9rd\u00e9sekre mindig a legillet\u00e9kesebbek v\u00e1laszolnak.","mediaType":"Episode","isReplayTv":false,"seriesEpisodeNumber":"1805051335","seriesNumber":"1805080400","videoStreams":[],"entitlements":["VIP","_OPEN_"],"currentProductIds":[],"currentTvodProductIds":[]},"parentId":"crid:~~2F~~2Fport.hu~~2F67934071","rootId":"crid:~~2F~~2Fport.hu~~2F67934071"}