{"id":"crid:~~2F~~2Fbds.tv~~2F288128205-imi:0010000000784BBA","countryCode":"IE","languageCode":"eng","deviceCode":"web","startTime":1525669200000,"endTime":1525687200000,"stationId":"753737255311","imi":"imi:0010000000784BBA","mediaGroupId":"crid:~~2F~~2Fbds.tv~~2F288128205","program":{"id":"crid:~~2F~~2Fbds.tv~~2F288128205","title":"All Day Bank Holiday Party!","description":"A playlist of massive bangers following the bank holiday weekend.","longDescription":"A playlist of massive bangers following the bank holiday weekend.","languageCode":"eng","countryCode":"IE","deviceCode":"web","medium":"TV","categories":[{"id":"15599172260","title":"MUSIC","scheme":"urn:tva:metadata:cs:UPCEventGenreCS:2009"}],"isAdult":false,"cast":[],"directors":[],"images":[{"assetType":"boxart-medium","assetTypes":["boxart-medium"],"width":110,"height":159,"url":"https:\/\/wp27-images-ie-dynamic.horizon.tv\/images\/20731373160.p.jpg?w=110&h=159&mode=box"},{"assetType":"boxart-large","assetTypes":["boxart-large"],"width":180,"height":260,"url":"https:\/\/wp27-images-ie-dynamic.horizon.tv\/images\/20731373160.p.jpg?w=180&h=260&mode=box"},{"assetType":"boxart-xlarge","assetTypes":["boxart-xlarge"],"width":210,"height":303,"url":"https:\/\/wp27-images-ie-dynamic.horizon.tv\/images\/20731373160.p.jpg?w=210&h=303&mode=box"},{"assetType":"tva-boxcover","assetTypes":["tva-boxcover"],"width":180,"height":260,"url":"https:\/\/wp27-images-ie-dynamic.horizon.tv\/images\/20731373160.p.jpg"},{"assetType":"boxart-small","assetTypes":["boxart-small"],"width":75,"height":108,"url":"https:\/\/wp27-images-ie-dynamic.horizon.tv\/images\/20731373160.p.jpg?w=75&h=108&mode=box"}],"mediaGroupId":"crid:~~2F~~2Fbds.tv~~2F288128205","shortDescription":"A playlist of massive bangers following the bank holiday weekend.","mediaType":"Episode","isReplayTv":false,"videoStreams":[],"entitlements":["VIP","_OPEN_"],"currentProductIds":[],"currentTvodProductIds":[]},"parentId":"crid:~~2F~~2Fbds.tv~~2F288128205","rootId":"crid:~~2F~~2Fbds.tv~~2F288128205"}