{"id":"crid:~~2F~~2Fport.hu~~2F91146128-imi:00100000005D5424","countryCode":"HU","languageCode":"hun","deviceCode":"web","startTime":1525713300000,"endTime":1525715100000,"stationId":"826989607236","imi":"imi:00100000005D5424","mediaGroupId":"crid:~~2F~~2Fport.hu~~2F67347174","program":{"id":"crid:~~2F~~2Fport.hu~~2F91146128","title":"Fam\u00edlia Kft.","description":"A Sz\u00e9p csal\u00e1dnak, valamint szomsz\u00e9dainak, bar\u00e1tainak \u00e9s ismer\u0151seinek mindennapjait bemutat\u00f3 sorozat humorban rendk\u00edv\u00fcl gazdag, mulats\u00e1gos kalandokkal, szerelmekkel, veszeked\u00e9sekkel \u00e9s meghat\u00f3 kib\u00e9k\u00fcl\u00e9sekkel teli t\u00f6rt\u00e9neteit l\u00e1thatj\u00e1k a n\u00e9z\u0151k.","longDescription":"A Sz\u00e9p csal\u00e1dnak, valamint szomsz\u00e9dainak, bar\u00e1tainak \u00e9s ismer\u0151seinek mindennapjait bemutat\u00f3 sorozat humorban rendk\u00edv\u00fcl gazdag, mulats\u00e1gos kalandokkal, szerelmekkel, veszeked\u00e9sekkel \u00e9s meghat\u00f3 kib\u00e9k\u00fcl\u00e9sekkel teli t\u00f6rt\u00e9neteit l\u00e1thatj\u00e1k a n\u00e9z\u0151k.","languageCode":"hun","countryCode":"HU","deviceCode":"web","medium":"TV","categories":[{"id":"271090244428","title":"Dr\u00e1ma","scheme":"urn:tva:metadata:cs:UPCEventGenreCS:2009"},{"id":"271090244432","title":"Kom\u00e9dia\/Filmv\u00edgj\u00e1t\u00e9k","scheme":"urn:tva:metadata:cs:UPCEventGenreCS:2009"}],"isAdult":false,"parentalRating":"12","cast":["Tam\u00e1s \u00c1d\u00e1m","Cec\u00edlia Eszterg\u00e1lyos","K\u00e1r\u00e1sz Z\u00e9n\u00f3","Xantus Barbara","Sp\u00e1h D\u00e1vid","Sp\u00e1h K\u00e1roly","Bod Ter\u00e9z","L\u00e1szl\u00f3 Baranyi","G\u00e1bor Reviczky","Andr\u00e1s Csonka","Lor\u00e1n Lenke","Imre Bajor","Juh\u00e1sz Ill\u00e9s","Dzsupin Ibolya","Deborah Kim J\u00e1vor","Zolt\u00e1n Nagy","Kati","Gyebn\u00e1r Csekka"],"directors":["Szurdi Mikl\u00f3s","Gy\u00f6rgy G\u00e1t","\u00c1d\u00e1m Rozgonyi"],"images":[{"assetType":"boxart-small","assetTypes":["boxart-small"],"width":75,"height":108,"url":"https:\/\/wp5-images-hu-dynamic.horizon.tv\/HU\/Images\/upcgenre_E4.jpg?w=75&h=108&mode=box"},{"assetType":"boxart-large","assetTypes":["boxart-large"],"width":180,"height":260,"url":"https:\/\/wp5-images-hu-dynamic.horizon.tv\/HU\/Images\/upcgenre_E4.jpg?w=180&h=260&mode=box"},{"assetType":"boxart-medium","assetTypes":["boxart-medium"],"width":110,"height":159,"url":"https:\/\/wp5-images-hu-dynamic.horizon.tv\/HU\/Images\/upcgenre_E4.jpg?w=110&h=159&mode=box"},{"assetType":"tva-boxcover","assetTypes":["tva-boxcover"],"width":180,"height":260,"url":"https:\/\/wp5-images-hu-dynamic.horizon.tv\/HU\/Images\/upcgenre_E4.jpg"},{"assetType":"boxart-xlarge","assetTypes":["boxart-xlarge"],"width":210,"height":303,"url":"https:\/\/wp5-images-hu-dynamic.horizon.tv\/HU\/Images\/upcgenre_E4.jpg?w=210&h=303&mode=box"},{"assetType":"HighResLandscape","assetTypes":["HighResLandscape"],"url":"https:\/\/wp21-images-hu-dynamic.horizon.tv\/HU\/Images\/hrl_255daccf548d13c47a68d4abfce53275887cfd28.jpg"}],"mediaGroupId":"crid:~~2F~~2Fport.hu~~2F67347174","secondaryTitle":"198. A sz\u0151ke n\u0151","shortDescription":"A Sz\u00e9p csal\u00e1dnak, valamint szomsz\u00e9dainak, bar\u00e1tainak \u00e9s ismer\u0151seinek mindennapjait mutatja be a sorozat.","mediaType":"Episode","year":"1995","isReplayTv":false,"seriesEpisodeNumber":"1805071915","seriesNumber":"1805110955","videoStreams":[],"airDate":788918400000,"entitlements":["VIP","_OPEN_"],"currentProductIds":[],"currentTvodProductIds":[]},"parentId":"crid:~~2F~~2Fport.hu~~2F67347174","rootId":"crid:~~2F~~2Fport.hu~~2F67347174"}