{"id":"crid:~~2F~~2Fport.hu~~2F90322479-imi:00100000005D040C","countryCode":"HU","languageCode":"hun","deviceCode":"web","startTime":1525401000000,"endTime":1525402800000,"stationId":"826989607132","imi":"imi:00100000005D040C","mediaGroupId":"crid:~~2F~~2Fport.hu~~2F70971547","program":{"id":"crid:~~2F~~2Fport.hu~~2F90322479","title":"UFC Top10","description":"Harcm\u0171v\u00e9szetek","longDescription":"Harcm\u0171v\u00e9szetek","languageCode":"hun","countryCode":"HU","deviceCode":"web","medium":"TV","categories":[{"id":"271090244353","title":"Sport","scheme":"urn:tva:metadata:cs:UPCEventGenreCS:2009"},{"id":"271090244369","title":"Harcm\u0171v\u00e9szetek","scheme":"urn:tva:metadata:cs:UPCEventGenreCS:2009"}],"isAdult":false,"parentalRating":"3","cast":[],"directors":[],"images":[{"assetType":"boxart-large","assetTypes":["boxart-large"],"width":180,"height":260,"url":"https:\/\/wp28-images-hu-dynamic.horizon.tv\/HU\/Images\/upcgenre_4B.jpg?w=180&h=260&mode=box"},{"assetType":"boxart-small","assetTypes":["boxart-small"],"width":75,"height":108,"url":"https:\/\/wp28-images-hu-dynamic.horizon.tv\/HU\/Images\/upcgenre_4B.jpg?w=75&h=108&mode=box"},{"assetType":"tva-boxcover","assetTypes":["tva-boxcover"],"width":180,"height":260,"url":"https:\/\/wp28-images-hu-dynamic.horizon.tv\/HU\/Images\/upcgenre_4B.jpg"},{"assetType":"boxart-xlarge","assetTypes":["boxart-xlarge"],"width":210,"height":303,"url":"https:\/\/wp28-images-hu-dynamic.horizon.tv\/HU\/Images\/upcgenre_4B.jpg?w=210&h=303&mode=box"},{"assetType":"boxart-medium","assetTypes":["boxart-medium"],"width":110,"height":159,"url":"https:\/\/wp28-images-hu-dynamic.horizon.tv\/HU\/Images\/upcgenre_4B.jpg?w=110&h=159&mode=box"}],"mediaGroupId":"crid:~~2F~~2Fport.hu~~2F70971547","shortDescription":"Harcm\u0171v\u00e9szetek","mediaType":"Episode","isReplayTv":false,"seriesEpisodeNumber":"1805040430","seriesNumber":"1805081930","videoStreams":[],"entitlements":["VIP","_OPEN_"],"currentProductIds":[],"currentTvodProductIds":[]},"parentId":"crid:~~2F~~2Fport.hu~~2F70971547","rootId":"crid:~~2F~~2Fport.hu~~2F70971547"}