{"id":"crid:~~2F~~2Fport.hu~~2F12925214-imi:00100000005D3BAA","countryCode":"HU","languageCode":"hun","deviceCode":"web","startTime":1525574880000,"endTime":1525576320000,"stationId":"826989607178","imi":"imi:00100000005D3BAA","mediaGroupId":"crid:~~2F~~2Fport.hu~~2F21672321","program":{"id":"crid:~~2F~~2Fport.hu~~2F12925214","title":"Tortakir\u00e1ly","description":"(V.\/29) Nagy tort\u00e1val nagy felel\u0151ss\u00e9g j\u00e1r. Buddy a P\u00f3kember 50. \u00e9vfordul\u00f3j\u00e1ra s\u00fct tort\u00e1t. A csal\u00e1d emellett j\u00f3t\u00e9konys\u00e1gi estet szervez a Momma Mary Alap\u00edtv\u00e1ny jav\u00e1ra.","longDescription":"(V.\/29) Nagy tort\u00e1val nagy felel\u0151ss\u00e9g j\u00e1r. Buddy a P\u00f3kember 50. \u00e9vfordul\u00f3j\u00e1ra s\u00fct tort\u00e1t. A csal\u00e1d emellett j\u00f3t\u00e9konys\u00e1gi estet szervez a Momma Mary Alap\u00edtv\u00e1ny jav\u00e1ra.","languageCode":"hun","countryCode":"HU","deviceCode":"web","medium":"TV","categories":[{"id":"271090244398","title":"T\u00e1rsadalmi\/Politikai","scheme":"urn:tva:metadata:cs:UPCEventGenreCS:2009"}],"isAdult":false,"parentalRating":"3","cast":[],"directors":[],"images":[{"assetType":"tva-boxcover","assetTypes":["tva-boxcover"],"width":180,"height":260,"url":"https:\/\/wp23-images-hu-dynamic.horizon.tv\/HU\/Images\/bc_47e2f291a95eeac1c6f48e8f5434926e09d234b4.jpg"},{"assetType":"boxart-medium","assetTypes":["boxart-medium"],"width":110,"height":159,"url":"https:\/\/wp23-images-hu-dynamic.horizon.tv\/HU\/Images\/bc_47e2f291a95eeac1c6f48e8f5434926e09d234b4.jpg?w=110&h=159&mode=box"},{"assetType":"boxart-large","assetTypes":["boxart-large"],"width":180,"height":260,"url":"https:\/\/wp23-images-hu-dynamic.horizon.tv\/HU\/Images\/bc_47e2f291a95eeac1c6f48e8f5434926e09d234b4.jpg?w=180&h=260&mode=box"},{"assetType":"boxart-small","assetTypes":["boxart-small"],"width":75,"height":108,"url":"https:\/\/wp23-images-hu-dynamic.horizon.tv\/HU\/Images\/bc_47e2f291a95eeac1c6f48e8f5434926e09d234b4.jpg?w=75&h=108&mode=box"},{"assetType":"boxart-xlarge","assetTypes":["boxart-xlarge"],"width":210,"height":303,"url":"https:\/\/wp23-images-hu-dynamic.horizon.tv\/HU\/Images\/bc_47e2f291a95eeac1c6f48e8f5434926e09d234b4.jpg?w=210&h=303&mode=box"},{"assetType":"HighResPortrait","assetTypes":["HighResPortrait"],"url":"https:\/\/wp27-images-hu-dynamic.horizon.tv\/HU\/Images\/hrp_7033834d69630fd5bd2695e4f30f18e2a60447a6.jpg"}],"mediaGroupId":"crid:~~2F~~2Fport.hu~~2F21672321","secondaryTitle":"Szuperh\u0151s\u00f6k \u00e9s cukr\u00e1szok (V.\/29)","shortDescription":"(V.\/29) Nagy tort\u00e1val nagy felel\u0151ss\u00e9g j\u00e1r. Buddy a P\u00f3kember 50. \u00e9vfordul\u00f3j\u00e1ra s\u00fct tort\u00e1t. A csal\u00e1d emellett j\u00f3t\u00e9konys\u00e1gi estet szervez a Momma Mary Alap\u00edtv\u00e1ny jav\u00e1ra.","mediaType":"Episode","year":"2013","isReplayTv":false,"seriesEpisodeNumber":"29","seriesNumber":"5","videoStreams":[],"airDate":1356998400000,"entitlements":["VIP","_OPEN_"],"currentProductIds":[],"currentTvodProductIds":[]},"parentId":"crid:~~2F~~2Fport.hu~~2F21672321","rootId":"crid:~~2F~~2Fport.hu~~2F21672321"}