{"id":"crid:~~2F~~2Fport.hu~~2F90690857-imi:00100000005D4BFA","countryCode":"HU","languageCode":"hun","deviceCode":"web","startTime":1525539600000,"endTime":1525543800000,"stationId":"826989607176","imi":"imi:00100000005D4BFA","mediaGroupId":"crid:~~2F~~2Fport.hu~~2F67077585","program":{"id":"crid:~~2F~~2Fport.hu~~2F90690857","title":"Micsoda N\u0151k!","description":"A Micsoda N\u0151k! - V\u00e1rkonyi Andre\u00e1val c\u00edm\u0171 \u00edzig-v\u00e9rig n\u0151knek sz\u00f3l\u00f3 talk-show m\u0171sorvezet\u0151jek\u00e9nt, Andrea h\u00e9tr\u0151l-h\u00e9tre k\u00fcl\u00f6nb\u00f6z\u0151 karakter\u0171 h\u00f6lgyekkel vitatja meg azokat a t\u00e9m\u00e1kat, amelyek a legink\u00e1bb besz\u00e9dt\u00e9m\u00e1t szolg\u00e1ltattak a m\u00e9di\u00e1ban, a k\u00f6z\u00f6ss\u00e9gi oldalakon, vagy \u00e9ppen a sz\u00e9ps\u00e9gszalonokban.","longDescription":"A Micsoda N\u0151k! - V\u00e1rkonyi Andre\u00e1val c\u00edm\u0171 \u00edzig-v\u00e9rig n\u0151knek sz\u00f3l\u00f3 talk-show m\u0171sorvezet\u0151jek\u00e9nt, Andrea h\u00e9tr\u0151l-h\u00e9tre k\u00fcl\u00f6nb\u00f6z\u0151 karakter\u0171 h\u00f6lgyekkel vitatja meg azokat a t\u00e9m\u00e1kat, amelyek a legink\u00e1bb besz\u00e9dt\u00e9m\u00e1t szolg\u00e1ltattak a m\u00e9di\u00e1ban, a k\u00f6z\u00f6ss\u00e9gi oldalakon, vagy \u00e9ppen a sz\u00e9ps\u00e9gszalonokban.","languageCode":"hun","countryCode":"HU","deviceCode":"web","medium":"TV","categories":[{"id":"271090244349","title":"Show","scheme":"urn:tva:metadata:cs:UPCEventGenreCS:2009"}],"isAdult":false,"parentalRating":"12","cast":[],"directors":[],"images":[{"assetType":"boxart-medium","assetTypes":["boxart-medium"],"width":110,"height":159,"url":"https:\/\/wp3-images-hu-dynamic.horizon.tv\/HU\/Images\/bc_0f32348d8aa6eb8855def99158c3a8b565daecae.jpg?w=110&h=159&mode=box"},{"assetType":"boxart-xlarge","assetTypes":["boxart-xlarge"],"width":210,"height":303,"url":"https:\/\/wp3-images-hu-dynamic.horizon.tv\/HU\/Images\/bc_0f32348d8aa6eb8855def99158c3a8b565daecae.jpg?w=210&h=303&mode=box"},{"assetType":"boxart-small","assetTypes":["boxart-small"],"width":75,"height":108,"url":"https:\/\/wp3-images-hu-dynamic.horizon.tv\/HU\/Images\/bc_0f32348d8aa6eb8855def99158c3a8b565daecae.jpg?w=75&h=108&mode=box"},{"assetType":"boxart-large","assetTypes":["boxart-large"],"width":180,"height":260,"url":"https:\/\/wp3-images-hu-dynamic.horizon.tv\/HU\/Images\/bc_0f32348d8aa6eb8855def99158c3a8b565daecae.jpg?w=180&h=260&mode=box"},{"assetType":"tva-boxcover","assetTypes":["tva-boxcover"],"width":180,"height":260,"url":"https:\/\/wp3-images-hu-dynamic.horizon.tv\/HU\/Images\/bc_0f32348d8aa6eb8855def99158c3a8b565daecae.jpg"}],"mediaGroupId":"crid:~~2F~~2Fport.hu~~2F67077585","shortDescription":"M\u0171sorvezet\u0151: V\u00e1rkonyi Andrea","mediaType":"Episode","year":"2018","isReplayTv":false,"seriesEpisodeNumber":"1805051900","seriesNumber":"1805051900","videoStreams":[],"airDate":1514764800000,"entitlements":["VIP","_OPEN_"],"currentProductIds":[],"currentTvodProductIds":[]},"parentId":"crid:~~2F~~2Fport.hu~~2F67077585","rootId":"crid:~~2F~~2Fport.hu~~2F67077585"}