{"id":"crid:~~2F~~2Fport.hu~~2F73039041-imi:00100000005D405B","countryCode":"HU","languageCode":"hun","deviceCode":"web","startTime":1525645200000,"endTime":1525647900000,"stationId":"826989607131","imi":"imi:00100000005D405B","mediaGroupId":"crid:~~2F~~2Fport.hu~~2F83690012","program":{"id":"crid:~~2F~~2Fport.hu~~2F73039041","title":"Nyomoz\u00f3 elvt\u00e1rs","description":"(I.\/1) A '80-as \u00e9vekben a rom\u00e1n korm\u00e1ny a Detekt\u00edv elvt\u00e1rs c\u00edm\u0171 t\u00e9v\u00e9sorozattal sz\u00e1ll be a hidegh\u00e1bor\u00fas k\u00fczdelembe. Anghel \u00e9s Bacio nyomoz\u00f3 egy f\u0151tiszt meggyilkol\u00e1sa \u00fcgy\u00e9ben nyomoznak, \u00e9s az orsz\u00e1guk ellen ir\u00e1nyul\u00f3 nyugati \u00f6sszeesk\u00fcv\u00e9sbe botlanak.","longDescription":"(I.\/1) A '80-as \u00e9vekben a rom\u00e1n korm\u00e1ny a Detekt\u00edv elvt\u00e1rs c\u00edm\u0171 t\u00e9v\u00e9sorozattal sz\u00e1ll be a hidegh\u00e1bor\u00fas k\u00fczdelembe. Anghel \u00e9s Bacio nyomoz\u00f3 egy f\u0151tiszt meggyilkol\u00e1sa \u00fcgy\u00e9ben nyomoznak, \u00e9s az orsz\u00e1guk ellen ir\u00e1nyul\u00f3 nyugati \u00f6sszeesk\u00fcv\u00e9sbe botlanak.","languageCode":"hun","countryCode":"HU","deviceCode":"web","medium":"TV","categories":[{"id":"271090244428","title":"Dr\u00e1ma","scheme":"urn:tva:metadata:cs:UPCEventGenreCS:2009"},{"id":"271090244432","title":"Kom\u00e9dia\/Filmv\u00edgj\u00e1t\u00e9k","scheme":"urn:tva:metadata:cs:UPCEventGenreCS:2009"}],"isAdult":false,"parentalRating":"15","cast":["Florin Piersic Jr.","Corneliu Ulici","Olivia Nita","Florin Galan","Adrian Paduraru"],"directors":["Rhys Thomas"],"images":[{"assetType":"boxart-large","assetTypes":["boxart-large"],"width":180,"height":260,"url":"https:\/\/wp15-images-hu-dynamic.horizon.tv\/HU\/Images\/upcgenre_E4.jpg?w=180&h=260&mode=box"},{"assetType":"boxart-xlarge","assetTypes":["boxart-xlarge"],"width":210,"height":303,"url":"https:\/\/wp15-images-hu-dynamic.horizon.tv\/HU\/Images\/upcgenre_E4.jpg?w=210&h=303&mode=box"},{"assetType":"tva-boxcover","assetTypes":["tva-boxcover"],"width":180,"height":260,"url":"https:\/\/wp15-images-hu-dynamic.horizon.tv\/HU\/Images\/upcgenre_E4.jpg"},{"assetType":"boxart-medium","assetTypes":["boxart-medium"],"width":110,"height":159,"url":"https:\/\/wp15-images-hu-dynamic.horizon.tv\/HU\/Images\/upcgenre_E4.jpg?w=110&h=159&mode=box"},{"assetType":"boxart-small","assetTypes":["boxart-small"],"width":75,"height":108,"url":"https:\/\/wp15-images-hu-dynamic.horizon.tv\/HU\/Images\/upcgenre_E4.jpg?w=75&h=108&mode=box"},{"assetType":"HighResLandscape","assetTypes":["HighResLandscape"],"url":"https:\/\/wp20-images-hu-dynamic.horizon.tv\/HU\/Images\/hrl_f4479e2f827fc7ed6d27739ba7caa053592c62fe.jpg"}],"mediaGroupId":"crid:~~2F~~2Fport.hu~~2F83690012","secondaryTitle":"(I.\/1)","shortDescription":"(I.\/1) A '80-as \u00e9vekben a rom\u00e1n korm\u00e1ny a Detekt\u00edv elvt\u00e1rs c\u00edm\u0171 t\u00e9v\u00e9sorozattal sz\u00e1ll be a hidegh\u00e1bor\u00fas k\u00fczdelembe. Anghel \u00e9s Bacio nyomoz\u00f3 egy f\u0151tiszt meggyilkol\u00e1sa \u00fcgy\u00e9ben nyomoznak, \u00e9s az...","mediaType":"Episode","year":"2017","isReplayTv":false,"seriesEpisodeNumber":"1","seriesNumber":"1","videoStreams":[],"airDate":1483228800000,"entitlements":["VIP","_OPEN_"],"currentProductIds":[],"currentTvodProductIds":[]},"parentId":"crid:~~2F~~2Fport.hu~~2F83690012","rootId":"crid:~~2F~~2Fport.hu~~2F83690012"}