{"id":"crid:~~2F~~2Fport.hu~~2F90226096-imi:00100000005D3EEA","countryCode":"HU","languageCode":"hun","deviceCode":"web","startTime":1525593600000,"endTime":1525595400000,"stationId":"826989607274","imi":"imi:00100000005D3EEA","mediaGroupId":"crid:~~2F~~2Fport.hu~~2F84813715","program":{"id":"crid:~~2F~~2Fport.hu~~2F90226096","title":"Az \u0151r\u00fclt harcs\u00e1kt\u00f3l az \u0151r\u00fclt pontyokig","description":"Szabadid\u0151","longDescription":"Szabadid\u0151","languageCode":"hun","countryCode":"HU","deviceCode":"web","medium":"TV","categories":[{"id":"271090244411","title":"Szabadid\u0151","scheme":"urn:tva:metadata:cs:UPCEventGenreCS:2009"}],"isAdult":false,"parentalRating":"3","cast":[],"directors":[],"images":[{"assetType":"tva-boxcover","assetTypes":["tva-boxcover"],"width":180,"height":260,"url":"https:\/\/wp16-images-hu-dynamic.horizon.tv\/HU\/Images\/upcgenre_A0.jpg"},{"assetType":"boxart-medium","assetTypes":["boxart-medium"],"width":110,"height":159,"url":"https:\/\/wp16-images-hu-dynamic.horizon.tv\/HU\/Images\/upcgenre_A0.jpg?w=110&h=159&mode=box"},{"assetType":"boxart-small","assetTypes":["boxart-small"],"width":75,"height":108,"url":"https:\/\/wp16-images-hu-dynamic.horizon.tv\/HU\/Images\/upcgenre_A0.jpg?w=75&h=108&mode=box"},{"assetType":"boxart-large","assetTypes":["boxart-large"],"width":180,"height":260,"url":"https:\/\/wp16-images-hu-dynamic.horizon.tv\/HU\/Images\/upcgenre_A0.jpg?w=180&h=260&mode=box"},{"assetType":"boxart-xlarge","assetTypes":["boxart-xlarge"],"width":210,"height":303,"url":"https:\/\/wp16-images-hu-dynamic.horizon.tv\/HU\/Images\/upcgenre_A0.jpg?w=210&h=303&mode=box"}],"mediaGroupId":"crid:~~2F~~2Fport.hu~~2F84813715","shortDescription":"Szabadid\u0151","mediaType":"Episode","isReplayTv":false,"seriesEpisodeNumber":"1805061000","seriesNumber":"1805112330","videoStreams":[],"entitlements":["VIP","_OPEN_"],"currentProductIds":[],"currentTvodProductIds":[]},"parentId":"crid:~~2F~~2Fport.hu~~2F84813715","rootId":"crid:~~2F~~2Fport.hu~~2F84813715"}