{"id":"crid:~~2F~~2Fport.hu~~2F18162659-imi:00100000005D1F55","countryCode":"HU","languageCode":"hun","deviceCode":"web","startTime":1525470600000,"endTime":1525473600000,"stationId":"826989607229","imi":"imi:00100000005D1F55","mediaGroupId":"crid:~~2F~~2Fport.hu~~2F2449902","program":{"id":"crid:~~2F~~2Fport.hu~~2F18162659","title":"Hawaii Five-0","description":"(III.\/23) Steve McGarrett tenger\u00e9szeti nyomoz\u00f3 visszat\u00e9r Hawaii-ra, hogy az \u00e9desapja gyilkosa ut\u00e1n kutasson \u00e9s csatlakozik ahhoz az \u00fajonnan alakul\u00f3 elit egys\u00e9ghez, amely arra hivatott, hogy a k\u00f6rny\u00e9k legkem\u00e9nyebb \u00fcgyeit megoldja.","longDescription":"(III.\/23) Steve McGarrett tenger\u00e9szeti nyomoz\u00f3 visszat\u00e9r Hawaii-ra, hogy az \u00e9desapja gyilkosa ut\u00e1n kutasson \u00e9s csatlakozik ahhoz az \u00fajonnan alakul\u00f3 elit egys\u00e9ghez, amely arra hivatott, hogy a k\u00f6rny\u00e9k legkem\u00e9nyebb \u00fcgyeit megoldja.","languageCode":"hun","countryCode":"HU","deviceCode":"web","medium":"TV","categories":[{"id":"271090244428","title":"Dr\u00e1ma","scheme":"urn:tva:metadata:cs:UPCEventGenreCS:2009"},{"id":"271090756041","title":"Krimi","scheme":"urn:tva:metadata:cs:UPCEventGenreCS:2009"}],"isAdult":false,"parentalRating":"12","cast":["Alex O'Loughlin","Scott Caan","Daniel Dae Kim","Grace Park","Jean Smart","Will Yun Lee","William Sadler","Michelle Borth","Peter Stormare","Ivana Mili\u010devi\u0107","James Russo","Taryn Manning","Kyle Secor","Robert Loggia","Kelly Hu","Jason Scott Lee","Bronson Pinchot","Ric Young","Claire van der Boom","Bijou Phillips","Nas","Colin Egglesfield","Mark Dacascos","Cary-Hiroyuki Tagawa","Tzi Ma","Ray Wise","Stacy Edwards","Dane Cook","Debrah Farentino","D.B. Sweeney","Masi Oka","Sean \"P. Diddy\" Combs","Keith David","Kwesi Boakye","Cara Buono","Andrea Bowen","Angela Lindvall","Rick Springfield","Sab Shimono","Serinda Swan","Kala Alexander","Larisa Oleynik","Tom Sizemore","Bruce Davison","William Baldwin","David Keith","Terry O'Quinn","Peter Fonda","Shawn Hatosy","Robert Englund","Tony Todd","Pruitt Taylor Vince","LL Cool J.","Edward Asner","Christine Lahti","Terrence Howard","Tom Arnold","Treat Williams","Don Swayze","Mare Winningham","Rebecca de Mornay","Rumer Willis","Daryl Hannah","Xzibit","Michael Madsen","Melanie Griffith","Chi McBride","Steven Bauer","Daniel Baldwin","Wings Hauser","Jon Lovitz"],"directors":["Len Wiseman","Brad Turner","Paul A. Edwards","Alex Zakrzewski","Matt Earl Beesley","James Whitmore Jr.","Elodie Keene","Fred Toye","Chris Fisher","Duane Clark","Eric Laneuville","Larry Teng","Steve Boyum","Jeffrey G. Hunt","Joe Dante","Bryan Spicer","Christine Moore","Sylvain White","Jerry Levine","Jeff Cadiente","Peter Weller"],"images":[{"assetType":"tva-boxcover","assetTypes":["tva-boxcover"],"width":180,"height":260,"url":"https:\/\/wp16-images-hu-dynamic.horizon.tv\/HU\/Images\/bc_99d92c6298a4e24c36f830895f08557335ac3fe3.jpg"},{"assetType":"boxart-large","assetTypes":["boxart-large"],"width":180,"height":260,"url":"https:\/\/wp16-images-hu-dynamic.horizon.tv\/HU\/Images\/bc_99d92c6298a4e24c36f830895f08557335ac3fe3.jpg?w=180&h=260&mode=box"},{"assetType":"boxart-medium","assetTypes":["boxart-medium"],"width":110,"height":159,"url":"https:\/\/wp16-images-hu-dynamic.horizon.tv\/HU\/Images\/bc_99d92c6298a4e24c36f830895f08557335ac3fe3.jpg?w=110&h=159&mode=box"},{"assetType":"boxart-small","assetTypes":["boxart-small"],"width":75,"height":108,"url":"https:\/\/wp16-images-hu-dynamic.horizon.tv\/HU\/Images\/bc_99d92c6298a4e24c36f830895f08557335ac3fe3.jpg?w=75&h=108&mode=box"},{"assetType":"boxart-xlarge","assetTypes":["boxart-xlarge"],"width":210,"height":303,"url":"https:\/\/wp16-images-hu-dynamic.horizon.tv\/HU\/Images\/bc_99d92c6298a4e24c36f830895f08557335ac3fe3.jpg?w=210&h=303&mode=box"},{"assetType":"HighResPortrait","assetTypes":["HighResPortrait"],"url":"https:\/\/wp1-images-hu-dynamic.horizon.tv\/HU\/Images\/hrp_99d92c6298a4e24c36f830895f08557335ac3fe3.jpg"},{"assetType":"HighResLandscape","assetTypes":["HighResLandscape"],"url":"https:\/\/wp1-images-hu-dynamic.horizon.tv\/HU\/Images\/hrl_3b2b3e73326488e128ac1a2c8cc26ff3e1dd0e4a.jpg"}],"mediaGroupId":"crid:~~2F~~2Fport.hu~~2F2449902","secondaryTitle":"Csal\u00e1di \u00fcgy (III.\/23)","shortDescription":"Steve McGarrett tenger\u00e9szeti nyomoz\u00f3 visszat\u00e9r Hawaii-ra \u00e9s csatlakozik ahhoz az \u00fajonnan alakul\u00f3 elit egys\u00e9ghez, amely arra hivatott, hogy a k\u00f6rny\u00e9k legkem\u00e9nyebb \u00fcgyeit megoldja.","mediaType":"Episode","year":"2013","isReplayTv":false,"seriesEpisodeNumber":"23","seriesNumber":"3","videoStreams":[],"airDate":1356998400000,"entitlements":["VIP","_OPEN_"],"currentProductIds":[],"currentTvodProductIds":[]},"parentId":"crid:~~2F~~2Fport.hu~~2F2449902","rootId":"crid:~~2F~~2Fport.hu~~2F2449902"}