{"id":"crid:~~2F~~2Fport.hu~~2F68026819-imi:00100000005D08AC","countryCode":"HU","languageCode":"hun","deviceCode":"web","startTime":1525392000000,"endTime":1525393800000,"stationId":"826989607274","imi":"imi:00100000005D08AC","mediaGroupId":"crid:~~2F~~2Fport.hu~~2F67333920","program":{"id":"crid:~~2F~~2Fport.hu~~2F68026819","title":"A zs\u00e1km\u00e1ny nyom\u00e1ban","description":"A sorozatb\u00f3l megtudhatj\u00e1k, hogyan vad\u00e1sszanak vaddiszn\u00f3ra.Milyen a l\u00fadvad\u00e1szat a brailai Nagy Szigeten. Egy p\u00e9ldan\u00e9lk\u00fcli vad\u00e1szat, egy bor\u00fas, szezon v\u00e9gi napon, amelynek sor\u00e1n tal\u00e1n m\u00e9g tanulhatunk valamint a nagy gerle vad\u00e1szatokr\u00f3l.","longDescription":"A sorozatb\u00f3l megtudhatj\u00e1k, hogyan vad\u00e1sszanak vaddiszn\u00f3ra.Milyen a l\u00fadvad\u00e1szat a brailai Nagy Szigeten. Egy p\u00e9ldan\u00e9lk\u00fcli vad\u00e1szat, egy bor\u00fas, szezon v\u00e9gi napon, amelynek sor\u00e1n tal\u00e1n m\u00e9g tanulhatunk valamint a nagy gerle vad\u00e1szatokr\u00f3l.","languageCode":"hun","countryCode":"HU","deviceCode":"web","medium":"TV","categories":[{"id":"271090244411","title":"Szabadid\u0151","scheme":"urn:tva:metadata:cs:UPCEventGenreCS:2009"}],"isAdult":false,"parentalRating":"12","cast":[],"directors":[],"images":[{"assetType":"boxart-medium","assetTypes":["boxart-medium"],"width":110,"height":159,"url":"https:\/\/wp19-images-hu-dynamic.horizon.tv\/HU\/Images\/upcgenre_A0.jpg?w=110&h=159&mode=box"},{"assetType":"boxart-xlarge","assetTypes":["boxart-xlarge"],"width":210,"height":303,"url":"https:\/\/wp19-images-hu-dynamic.horizon.tv\/HU\/Images\/upcgenre_A0.jpg?w=210&h=303&mode=box"},{"assetType":"tva-boxcover","assetTypes":["tva-boxcover"],"width":180,"height":260,"url":"https:\/\/wp19-images-hu-dynamic.horizon.tv\/HU\/Images\/upcgenre_A0.jpg"},{"assetType":"boxart-large","assetTypes":["boxart-large"],"width":180,"height":260,"url":"https:\/\/wp19-images-hu-dynamic.horizon.tv\/HU\/Images\/upcgenre_A0.jpg?w=180&h=260&mode=box"},{"assetType":"boxart-small","assetTypes":["boxart-small"],"width":75,"height":108,"url":"https:\/\/wp19-images-hu-dynamic.horizon.tv\/HU\/Images\/upcgenre_A0.jpg?w=75&h=108&mode=box"}],"mediaGroupId":"crid:~~2F~~2Fport.hu~~2F67333920","secondaryTitle":"Vaddiszn\u00f3 f\u00f6ldj\u00e9n","shortDescription":"A sorozatb\u00f3l megtudhatj\u00e1k, hogyan vad\u00e1sszanak vaddiszn\u00f3ra. Milyen a l\u00fadvad\u00e1szat a brailai Nagy Szigeten. Egy p\u00e9ldan\u00e9lk\u00fcli vad\u00e1szat, egy szezon v\u00e9gi napon, amelynek sor\u00e1n tal\u00e1n m\u00e9g tanulhatunk is.","mediaType":"Episode","isReplayTv":false,"seriesEpisodeNumber":"1805032130","seriesNumber":"1805021400","videoStreams":[],"entitlements":["VIP","_OPEN_"],"currentProductIds":[],"currentTvodProductIds":[]},"parentId":"crid:~~2F~~2Fport.hu~~2F67333920","rootId":"crid:~~2F~~2Fport.hu~~2F67333920"}