{"id":"crid:~~2F~~2Fport.hu~~2F33953853-imi:00100000005E2650","countryCode":"HU","languageCode":"hun","deviceCode":"web","startTime":1525613100000,"endTime":1525614900000,"stationId":"826989607185","imi":"imi:00100000005E2650","mediaGroupId":"crid:~~2F~~2Fport.hu~~2F31740475","program":{"id":"crid:~~2F~~2Fport.hu~~2F33953853","title":"A legboszibb boszi","description":"(II.\/9) A sorozat a 14 \u00e9ves Emma Alonso (Paola Andino) \u00e9let\u00e9t k\u00f6veti nyomon, ahogy Miamiba k\u00f6lt\u00f6zik \u00e9s az \u00e9lete a feje tetej\u00e9re \u00e1ll. Nem csak azt fedezi fel, hogy \u0151 egy boszork\u00e1ny, hanem, hogy odavan a szomsz\u00e9d fi\u00fa\u00e9rt, Daniel-\u00e9rt (Nick Merico).De Daniel ex-bar\u00e1tn\u0151je Maddie (Paris Smith), aki egy \"gonosz boszork\u00e1ny\" \u00e9s vezet\u0151je az iskola klikkj\u00e9nek a \"Panthers\"-nek, m\u00e9g mindig hajland\u00f3 harcolni a fi\u00fa\u00e9rt, akit szeret.","longDescription":"(II.\/9) A sorozat a 14 \u00e9ves Emma Alonso (Paola Andino) \u00e9let\u00e9t k\u00f6veti nyomon, ahogy Miamiba k\u00f6lt\u00f6zik \u00e9s az \u00e9lete a feje tetej\u00e9re \u00e1ll. Nem csak azt fedezi fel, hogy \u0151 egy boszork\u00e1ny, hanem, hogy odavan a szomsz\u00e9d fi\u00fa\u00e9rt, Daniel-\u00e9rt (Nick Merico).De Daniel ex-bar\u00e1tn\u0151je Maddie (Paris Smith), aki egy \"gonosz boszork\u00e1ny\" \u00e9s vezet\u0151je az iskola klikkj\u00e9nek a \"Panthers\"-nek, m\u00e9g mindig hajland\u00f3 harcolni a fi\u00fa\u00e9rt, akit szeret.","languageCode":"hun","countryCode":"HU","deviceCode":"web","medium":"TV","categories":[{"id":"271090244428","title":"Dr\u00e1ma","scheme":"urn:tva:metadata:cs:UPCEventGenreCS:2009"},{"id":"271090244432","title":"Kom\u00e9dia\/Filmv\u00edgj\u00e1t\u00e9k","scheme":"urn:tva:metadata:cs:UPCEventGenreCS:2009"}],"isAdult":false,"parentalRating":"3","cast":["Paola Andino","Nick Merico","Paris Smith","Daniela Nieves","Tyler Alvarez","Autumn Wendel","Denisea Wilson","Zoey Burger","Melissa Carcache","Tamia Cerrate","Rahart Adams","Katie Barberi","Ren\u00e9 Lavan"],"directors":["Arturo Manuitt","Leonardo Galavis","Clayton Boen"],"images":[{"assetType":"boxart-xlarge","assetTypes":["boxart-xlarge"],"width":210,"height":303,"url":"https:\/\/wp5-images-hu-dynamic.horizon.tv\/HU\/Images\/bc_f72c7889bac8bd71e04599bcd1e8c6e2243087d3.jpg?w=210&h=303&mode=box"},{"assetType":"boxart-medium","assetTypes":["boxart-medium"],"width":110,"height":159,"url":"https:\/\/wp5-images-hu-dynamic.horizon.tv\/HU\/Images\/bc_f72c7889bac8bd71e04599bcd1e8c6e2243087d3.jpg?w=110&h=159&mode=box"},{"assetType":"boxart-large","assetTypes":["boxart-large"],"width":180,"height":260,"url":"https:\/\/wp5-images-hu-dynamic.horizon.tv\/HU\/Images\/bc_f72c7889bac8bd71e04599bcd1e8c6e2243087d3.jpg?w=180&h=260&mode=box"},{"assetType":"boxart-small","assetTypes":["boxart-small"],"width":75,"height":108,"url":"https:\/\/wp5-images-hu-dynamic.horizon.tv\/HU\/Images\/bc_f72c7889bac8bd71e04599bcd1e8c6e2243087d3.jpg?w=75&h=108&mode=box"},{"assetType":"tva-boxcover","assetTypes":["tva-boxcover"],"width":180,"height":260,"url":"https:\/\/wp5-images-hu-dynamic.horizon.tv\/HU\/Images\/bc_f72c7889bac8bd71e04599bcd1e8c6e2243087d3.jpg"}],"mediaGroupId":"crid:~~2F~~2Fport.hu~~2F31740475","secondaryTitle":"A nemalv\u00f3s ottalv\u00e1s (II.\/9)","shortDescription":"Amikor Daniel, Diego \u00e9s Jax meg akarja lepni Maddie-\u00e9kn\u00e9l \u00e9jszak\u00e1z\u00f3 l\u00e1nyokat, egy rejt\u00e9lyes l\u00e9ny megjelen\u00e9se miatt az esem\u00e9nyek v\u00e1ratlan fordulatot vesznek.","mediaType":"Episode","year":"2014","isReplayTv":false,"seriesEpisodeNumber":"9","seriesNumber":"2","videoStreams":[],"airDate":1388534400000,"entitlements":["VIP","_OPEN_"],"currentProductIds":[],"currentTvodProductIds":[]},"parentId":"crid:~~2F~~2Fport.hu~~2F31740475","rootId":"crid:~~2F~~2Fport.hu~~2F31740475"}