{"id":"crid:~~2F~~2Fport.hu~~2F48976055-imi:00100000005D2C3E","countryCode":"HU","languageCode":"hun","deviceCode":"web","startTime":1525478400000,"endTime":1525482000000,"stationId":"826989607237","imi":"imi:00100000005D2C3E","mediaGroupId":"crid:~~2F~~2Fport.hu~~2F3066549","program":{"id":"crid:~~2F~~2Fport.hu~~2F48976055","title":"Hazug csajok t\u00e1rsas\u00e1ga","description":"(VI.\/17) \u00d6t gimnazista l\u00e1ny v\u00e9d- \u00e9s dacsz\u00f6vets\u00e9get k\u00f6t, melyet semmi sem szak\u00edthat sz\u00e9t. Egy trag\u00e9dia azonban mindannyiuk \u00e9let\u00e9t be\u00e1rny\u00e9kolja. Emily, Hanna, Spencer \u00e9s Aria sz\u00e1m\u00e1ra \u00faj, \u00e9s kor\u00e1ntsem felh\u0151tlen id\u0151szak kezd\u0151dik, amikor v\u00e1ratlanul megtal\u00e1lj\u00e1k bar\u00e1tn\u0151j\u00fck, Alison holttest\u00e9t. A rejt\u00e9lyes hal\u00e1leset egyre t\u00f6bb hazugs\u00e1got hoz a felsz\u00ednre, mely lassan bebor\u00edt mindent.","longDescription":"(VI.\/17) \u00d6t gimnazista l\u00e1ny v\u00e9d- \u00e9s dacsz\u00f6vets\u00e9get k\u00f6t, melyet semmi sem szak\u00edthat sz\u00e9t. Egy trag\u00e9dia azonban mindannyiuk \u00e9let\u00e9t be\u00e1rny\u00e9kolja. Emily, Hanna, Spencer \u00e9s Aria sz\u00e1m\u00e1ra \u00faj, \u00e9s kor\u00e1ntsem felh\u0151tlen id\u0151szak kezd\u0151dik, amikor v\u00e1ratlanul megtal\u00e1lj\u00e1k bar\u00e1tn\u0151j\u00fck, Alison holttest\u00e9t. A rejt\u00e9lyes hal\u00e1leset egyre t\u00f6bb hazugs\u00e1got hoz a felsz\u00ednre, mely lassan bebor\u00edt mindent.","languageCode":"hun","countryCode":"HU","deviceCode":"web","medium":"TV","categories":[{"id":"271090244428","title":"Dr\u00e1ma","scheme":"urn:tva:metadata:cs:UPCEventGenreCS:2009"},{"id":"271090244429","title":"Thriller","scheme":"urn:tva:metadata:cs:UPCEventGenreCS:2009"}],"isAdult":false,"parentalRating":"12","cast":["Shay Mitchell","Troian Bellisario","Ashley Benson","Lucy Hale","Sasha Pieterse","Laura Leighton","Ian Harding","Tyler Blackburn","Keegan Allen","Bianca Lawson","Holly Marie Combs","Chad Lowe","Tammin Sursok","Janel Parrish","Torrey DeVitto","Brant Daugherty","Chuck Hittinger","Nia Peeples","Brendan Robinson","Diego Gonz\u00e1lez Boneta","Bryce Johnson","Cody Christian","Julian Morris","Ryan Merriman","Nolan North","Lesley Fera","Eric Steinberg","Kayden Kessler","Amanda Schull","April Grace","Jim Titus","Keith Pillow","Carlson Young","Steven Krueger","Jill Holden","Jeremiah Hu"],"directors":["Ron Lagomarsino","Norman Buckley"],"images":[{"assetType":"boxart-large","assetTypes":["boxart-large"],"width":180,"height":260,"url":"https:\/\/wp28-images-hu-dynamic.horizon.tv\/HU\/Images\/bc_8a47e6be8d8f3e85aeadde2913595cd29e3b9439.jpg?w=180&h=260&mode=box"},{"assetType":"boxart-medium","assetTypes":["boxart-medium"],"width":110,"height":159,"url":"https:\/\/wp28-images-hu-dynamic.horizon.tv\/HU\/Images\/bc_8a47e6be8d8f3e85aeadde2913595cd29e3b9439.jpg?w=110&h=159&mode=box"},{"assetType":"boxart-small","assetTypes":["boxart-small"],"width":75,"height":108,"url":"https:\/\/wp28-images-hu-dynamic.horizon.tv\/HU\/Images\/bc_8a47e6be8d8f3e85aeadde2913595cd29e3b9439.jpg?w=75&h=108&mode=box"},{"assetType":"tva-boxcover","assetTypes":["tva-boxcover"],"width":180,"height":260,"url":"https:\/\/wp28-images-hu-dynamic.horizon.tv\/HU\/Images\/bc_8a47e6be8d8f3e85aeadde2913595cd29e3b9439.jpg"},{"assetType":"boxart-xlarge","assetTypes":["boxart-xlarge"],"width":210,"height":303,"url":"https:\/\/wp28-images-hu-dynamic.horizon.tv\/HU\/Images\/bc_8a47e6be8d8f3e85aeadde2913595cd29e3b9439.jpg?w=210&h=303&mode=box"},{"assetType":"HighResLandscape","assetTypes":["HighResLandscape"],"url":"https:\/\/wp13-images-hu-dynamic.horizon.tv\/HU\/Images\/hrl_e17e0bd5d841125303e2ad7353e8aac15b84f7ed.jpg"},{"assetType":"HighResPortrait","assetTypes":["HighResPortrait"],"url":"https:\/\/wp13-images-hu-dynamic.horizon.tv\/HU\/Images\/hrp_8a47e6be8d8f3e85aeadde2913595cd29e3b9439.jpg"}],"mediaGroupId":"crid:~~2F~~2Fport.hu~~2F3066549","secondaryTitle":"Mindenkinek megvan a maga keresztje (VI.\/17)","shortDescription":"Mikor Alison meghal, gyerekkori bar\u00e1tn\u0151i rejt\u00e9lyes \u00fczeneteket kapnak. A titokzatos 'A' legs\u00f6t\u00e9tebb titkaik felt\u00e1r\u00e1s\u00e1val fenyeget\u0151zik. A l\u00e1nyok nyomozni kezdenek bar\u00e1tn\u0151j\u00fck hal\u00e1la \u00e9s a zsarol\u00f3 ut\u00e1n.","mediaType":"Episode","year":"2010","isReplayTv":false,"seriesEpisodeNumber":"17","seriesNumber":"6","videoStreams":[],"airDate":1262304000000,"entitlements":["VIP","_OPEN_"],"currentProductIds":[],"currentTvodProductIds":[]},"parentId":"crid:~~2F~~2Fport.hu~~2F3066549","rootId":"crid:~~2F~~2Fport.hu~~2F3066549"}