{"id":"crid:~~2F~~2Fport.hu~~2F72318968-imi:00100000005D9276","countryCode":"HU","languageCode":"hun","deviceCode":"web","startTime":1525626000000,"endTime":1525627800000,"stationId":"826989607191","imi":"imi:00100000005D9276","mediaGroupId":"crid:~~2F~~2Fport.hu~~2F60866536","program":{"id":"crid:~~2F~~2Fport.hu~~2F72318968","title":"Amcsi \u00edzek vil\u00e1ga","description":"(XIX.\/3) Mostani \u00fatj\u00e1n Guy mindent belead. A New York-i East Village-ben kiemelked\u0151 hamburgert tal\u00e1l, ami n\u00e9gycsillagos \u00e9rt\u00e9kel\u00e9st \u00e9rdemel.","longDescription":"(XIX.\/3) Mostani \u00fatj\u00e1n Guy mindent belead. A New York-i East Village-ben kiemelked\u0151 hamburgert tal\u00e1l, ami n\u00e9gycsillagos \u00e9rt\u00e9kel\u00e9st \u00e9rdemel.","languageCode":"hun","countryCode":"HU","deviceCode":"web","medium":"TV","categories":[{"id":"271090244349","title":"Show","scheme":"urn:tva:metadata:cs:UPCEventGenreCS:2009"}],"isAdult":false,"parentalRating":"3","cast":[],"directors":["Steven Bortko"],"images":[{"assetType":"boxart-xlarge","assetTypes":["boxart-xlarge"],"width":210,"height":303,"url":"https:\/\/wp23-images-hu-dynamic.horizon.tv\/HU\/Images\/bc_790fca72f6b965012bd6089a6389b1abfdfa3109.jpg?w=210&h=303&mode=box"},{"assetType":"tva-boxcover","assetTypes":["tva-boxcover"],"width":180,"height":260,"url":"https:\/\/wp23-images-hu-dynamic.horizon.tv\/HU\/Images\/bc_790fca72f6b965012bd6089a6389b1abfdfa3109.jpg"},{"assetType":"boxart-medium","assetTypes":["boxart-medium"],"width":110,"height":159,"url":"https:\/\/wp23-images-hu-dynamic.horizon.tv\/HU\/Images\/bc_790fca72f6b965012bd6089a6389b1abfdfa3109.jpg?w=110&h=159&mode=box"},{"assetType":"boxart-small","assetTypes":["boxart-small"],"width":75,"height":108,"url":"https:\/\/wp23-images-hu-dynamic.horizon.tv\/HU\/Images\/bc_790fca72f6b965012bd6089a6389b1abfdfa3109.jpg?w=75&h=108&mode=box"},{"assetType":"boxart-large","assetTypes":["boxart-large"],"width":180,"height":260,"url":"https:\/\/wp23-images-hu-dynamic.horizon.tv\/HU\/Images\/bc_790fca72f6b965012bd6089a6389b1abfdfa3109.jpg?w=180&h=260&mode=box"}],"mediaGroupId":"crid:~~2F~~2Fport.hu~~2F60866536","secondaryTitle":"Nagyot harapunk (XIX.\/3)","shortDescription":"Host Guy Fieri bej\u00e1rja az orsz\u00e1got \u00e9s ell\u00e1togat n\u00e9h\u00e1ny amerikai klasszikus \"greasy spoon\" \u00e9tterembe.","mediaType":"Episode","year":"2014","isReplayTv":false,"seriesEpisodeNumber":"3","seriesNumber":"19","videoStreams":[],"airDate":1388534400000,"entitlements":["VIP","_OPEN_"],"currentProductIds":[],"currentTvodProductIds":[]},"parentId":"crid:~~2F~~2Fport.hu~~2F60866536","rootId":"crid:~~2F~~2Fport.hu~~2F60866536"}