{"id":"crid:~~2F~~2Fbds.tv~~2F740783516-imi:001000000078161D","countryCode":"IE","languageCode":"eng","deviceCode":"web","startTime":1525489200000,"endTime":1525496400000,"stationId":"753737255238","imi":"imi:001000000078161D","mediaGroupId":"crid:~~2F~~2Feventis.nl~~2F00000000-0000-1000-0008-000000006003","program":{"id":"crid:~~2F~~2Fbds.tv~~2F740783516","title":"Teleshopping","description":"Teleshopping.","longDescription":"Teleshopping.","languageCode":"eng","countryCode":"IE","deviceCode":"web","medium":"TV","categories":[{"id":"15599172240","title":"LEISURE","scheme":"urn:tva:metadata:cs:UPCEventGenreCS:2009"},{"id":"15599172253","title":"SHOPPING","scheme":"urn:tva:metadata:cs:UPCEventGenreCS:2009"}],"isAdult":false,"parentalRating":"G","cast":[],"directors":[],"images":[{"assetType":"boxart-xlarge","assetTypes":["boxart-xlarge"],"width":210,"height":303,"url":"https:\/\/wp9-images-ie-dynamic.horizon.tv\/images\/43704032.p.39b8e467c69608cefbf5ee926dcb443df7382e3f.jpg?w=210&h=303&mode=box"},{"assetType":"boxart-large","assetTypes":["boxart-large"],"width":180,"height":260,"url":"https:\/\/wp9-images-ie-dynamic.horizon.tv\/images\/43704032.p.39b8e467c69608cefbf5ee926dcb443df7382e3f.jpg?w=180&h=260&mode=box"},{"assetType":"boxart-medium","assetTypes":["boxart-medium"],"width":110,"height":159,"url":"https:\/\/wp9-images-ie-dynamic.horizon.tv\/images\/43704032.p.39b8e467c69608cefbf5ee926dcb443df7382e3f.jpg?w=110&h=159&mode=box"},{"assetType":"tva-boxcover","assetTypes":["tva-boxcover"],"width":180,"height":260,"url":"https:\/\/wp9-images-ie-dynamic.horizon.tv\/images\/43704032.p.39b8e467c69608cefbf5ee926dcb443df7382e3f.jpg"},{"assetType":"boxart-small","assetTypes":["boxart-small"],"width":75,"height":108,"url":"https:\/\/wp9-images-ie-dynamic.horizon.tv\/images\/43704032.p.39b8e467c69608cefbf5ee926dcb443df7382e3f.jpg?w=75&h=108&mode=box"},{"assetType":"HighResPortrait","assetTypes":["HighResPortrait"],"url":"https:\/\/wp7-images-ie-dynamic.horizon.tv\/images\/1821750.pl.6ef5884591ce5bc372e89a6d3ebc37f34504b029.jpg"},{"assetType":"HighResLandscape","assetTypes":["HighResLandscape"],"url":"https:\/\/wp7-images-ie-dynamic.horizon.tv\/images\/1821750.l.9a5b02f27fe7b6563e438f9928732fd73ae4f8da.jpg"}],"mediaGroupId":"crid:~~2F~~2Feventis.nl~~2F00000000-0000-1000-0008-000000006003","shortDescription":"Teleshopping.","mediaType":"Episode","isReplayTv":false,"seriesEpisodeNumber":"740783516","videoStreams":[],"entitlements":["VIP","_OPEN_"],"currentProductIds":[],"currentTvodProductIds":[]},"parentId":"crid:~~2F~~2Feventis.nl~~2F00000000-0000-1000-0008-000000006003","rootId":"crid:~~2F~~2Feventis.nl~~2F00000000-0000-1000-0008-000000006003"}