{"id":"crid:~~2F~~2Fport.hu~~2F91133480-imi:00100000005D5782","countryCode":"HU","languageCode":"hun","deviceCode":"web","startTime":1525673400000,"endTime":1525673700000,"stationId":"826989607180","imi":"imi:00100000005D5782","mediaGroupId":"crid:~~2F~~2Fport.hu~~2F66833501","program":{"id":"crid:~~2F~~2Fport.hu~~2F91133480","title":"N\u00e9met nyelv\u0171 h\u00edrek","description":"H\u00edrek","longDescription":"H\u00edrek","languageCode":"hun","countryCode":"HU","deviceCode":"web","medium":"TV","categories":[{"id":"271090244344","title":"H\u00edrek","scheme":"urn:tva:metadata:cs:UPCEventGenreCS:2009"}],"isAdult":false,"parentalRating":"3","cast":[],"directors":[],"images":[{"assetType":"boxart-large","assetTypes":["boxart-large"],"width":180,"height":260,"url":"https:\/\/wp25-images-hu-dynamic.horizon.tv\/HU\/Images\/upcgenre_20.jpg?w=180&h=260&mode=box"},{"assetType":"boxart-xlarge","assetTypes":["boxart-xlarge"],"width":210,"height":303,"url":"https:\/\/wp25-images-hu-dynamic.horizon.tv\/HU\/Images\/upcgenre_20.jpg?w=210&h=303&mode=box"},{"assetType":"tva-boxcover","assetTypes":["tva-boxcover"],"width":180,"height":260,"url":"https:\/\/wp25-images-hu-dynamic.horizon.tv\/HU\/Images\/upcgenre_20.jpg"},{"assetType":"boxart-medium","assetTypes":["boxart-medium"],"width":110,"height":159,"url":"https:\/\/wp25-images-hu-dynamic.horizon.tv\/HU\/Images\/upcgenre_20.jpg?w=110&h=159&mode=box"},{"assetType":"boxart-small","assetTypes":["boxart-small"],"width":75,"height":108,"url":"https:\/\/wp25-images-hu-dynamic.horizon.tv\/HU\/Images\/upcgenre_20.jpg?w=75&h=108&mode=box"},{"assetType":"HighResLandscape","assetTypes":["HighResLandscape"],"url":"https:\/\/wp16-images-hu-dynamic.horizon.tv\/HU\/Images\/hrl_f568c27a8f58a7a67c5cf3edecee5979a44fa29d.jpg"}],"mediaGroupId":"crid:~~2F~~2Fport.hu~~2F66833501","shortDescription":"H\u00edrek","mediaType":"Episode","isReplayTv":false,"seriesEpisodeNumber":"1805070810","seriesNumber":"1805110805","videoStreams":[],"entitlements":["VIP","_OPEN_"],"currentProductIds":[],"currentTvodProductIds":[]},"parentId":"crid:~~2F~~2Fport.hu~~2F66833501","rootId":"crid:~~2F~~2Fport.hu~~2F66833501"}