{"id":"crid:~~2F~~2Fport.hu~~2F90054674-imi:00100000005D3A09","countryCode":"HU","languageCode":"hun","deviceCode":"web","startTime":1525522500000,"endTime":1525524300000,"stationId":"826989607180","imi":"imi:00100000005D3A09","mediaGroupId":"crid:~~2F~~2Fport.hu~~2F83731772","program":{"id":"crid:~~2F~~2Fport.hu~~2F90054674","title":"OJD Irodalom \u00e9s k\u00f6nyv 26 percben","description":"Az OJD \u2013 Irodalom \u00e9s k\u00f6nyv 26 percben tizenharmadik ad\u00e1s\u00e1ban R\u00f3zs\u00e1ssy Barbara J\u00f3zsef Attila-d\u00edjas k\u00f6lt\u0151 \u00e9s Er\u0151s Kinga irodalomkritikus lesznek a vend\u00e9gek. M\u0171sorunkban bemutatjuk R\u00f3zs\u00e1ssy Barbara k\u00f6lt\u00e9szet\u00e9t, m\u00e1sr\u00e9szt egy \u00faj irodalmi port\u00e1lt, az Olvasat.hu-t is bemutatjuk, amely a k\u00f6lt\u0151n\u0151 \u00e9s Er\u0151s Kinga k\u00f6z\u00f6s projektje. A m\u0171sorban elhangz\u00f3 id\u00e9zeteket Timk\u00f3 Eszter adja el\u0151.","longDescription":"Az OJD \u2013 Irodalom \u00e9s k\u00f6nyv 26 percben tizenharmadik ad\u00e1s\u00e1ban R\u00f3zs\u00e1ssy Barbara J\u00f3zsef Attila-d\u00edjas k\u00f6lt\u0151 \u00e9s Er\u0151s Kinga irodalomkritikus lesznek a vend\u00e9gek. M\u0171sorunkban bemutatjuk R\u00f3zs\u00e1ssy Barbara k\u00f6lt\u00e9szet\u00e9t, m\u00e1sr\u00e9szt egy \u00faj irodalmi port\u00e1lt, az Olvasat.hu-t is bemutatjuk, amely a k\u00f6lt\u0151n\u0151 \u00e9s Er\u0151s Kinga k\u00f6z\u00f6s projektje. A m\u0171sorban elhangz\u00f3 id\u00e9zeteket Timk\u00f3 Eszter adja el\u0151.","languageCode":"hun","countryCode":"HU","deviceCode":"web","medium":"TV","categories":[{"id":"271090244398","title":"T\u00e1rsadalmi\/Politikai","scheme":"urn:tva:metadata:cs:UPCEventGenreCS:2009"},{"id":"271090244399","title":"Dokumentumfilm","scheme":"urn:tva:metadata:cs:UPCEventGenreCS:2009"}],"isAdult":false,"parentalRating":"3","cast":[],"directors":["Engel Rita"],"images":[{"assetType":"boxart-medium","assetTypes":["boxart-medium"],"width":110,"height":159,"url":"https:\/\/wp2-images-hu-dynamic.horizon.tv\/HU\/Images\/upcgenre_81.jpg?w=110&h=159&mode=box"},{"assetType":"boxart-large","assetTypes":["boxart-large"],"width":180,"height":260,"url":"https:\/\/wp2-images-hu-dynamic.horizon.tv\/HU\/Images\/upcgenre_81.jpg?w=180&h=260&mode=box"},{"assetType":"boxart-small","assetTypes":["boxart-small"],"width":75,"height":108,"url":"https:\/\/wp2-images-hu-dynamic.horizon.tv\/HU\/Images\/upcgenre_81.jpg?w=75&h=108&mode=box"},{"assetType":"boxart-xlarge","assetTypes":["boxart-xlarge"],"width":210,"height":303,"url":"https:\/\/wp2-images-hu-dynamic.horizon.tv\/HU\/Images\/upcgenre_81.jpg?w=210&h=303&mode=box"},{"assetType":"tva-boxcover","assetTypes":["tva-boxcover"],"width":180,"height":260,"url":"https:\/\/wp2-images-hu-dynamic.horizon.tv\/HU\/Images\/upcgenre_81.jpg"}],"mediaGroupId":"crid:~~2F~~2Fport.hu~~2F83731772","secondaryTitle":"\u00daj irodalmi port\u00e1l","shortDescription":"Az OJD \u2013 Irodalom \u00e9s k\u00f6nyv 26 percben tizenharmadik ad\u00e1s\u00e1ban R\u00f3zs\u00e1ssy Barbara J\u00f3zsef Attila-d\u00edjas k\u00f6lt\u0151 \u00e9s Er\u0151s Kinga irodalomkritikus lesznek a vend\u00e9gek. M\u0171sorunkban bemutatjuk R\u00f3zs\u00e1ssy Barbara...","mediaType":"Episode","duration":1800,"latestBroadcastStartTime":1525039200000,"latestBroadcastEndTime":1525041000000,"isReplayTv":true,"listingId":"crid:~~2F~~2Fport.hu~~2F90054674-imi:00100000005CA227","seriesEpisodeNumber":"1805051415","seriesNumber":"1805041045","videoStreams":[],"entitlements":["VIP","_OPEN_","crid:~~2F~~2Fupc.com~~2FReplayTV~~2FDuna_World_ReplayTV"],"currentProductIds":["crid:~~2F~~2Fupc.com~~2FReplayTV~~2FDuna_World_ReplayTV"],"currentTvodProductIds":[]},"parentId":"crid:~~2F~~2Fport.hu~~2F83731772","rootId":"crid:~~2F~~2Fport.hu~~2F83731772"}