{"id":"crid:~~2F~~2Fport.hu~~2F90898925-imi:00100000005D4739","countryCode":"HU","languageCode":"hun","deviceCode":"web","startTime":1525604400000,"endTime":1525605300000,"stationId":"826989607266","imi":"imi:00100000005D4739","mediaGroupId":"crid:~~2F~~2Fport.hu~~2F66068293","program":{"id":"crid:~~2F~~2Fport.hu~~2F90898925","title":"Heti H\u00edrek Ferencv\u00e1rosb\u00f3l","description":"H\u00edrek","longDescription":"H\u00edrek","languageCode":"hun","countryCode":"HU","deviceCode":"web","medium":"TV","categories":[{"id":"271090244344","title":"H\u00edrek","scheme":"urn:tva:metadata:cs:UPCEventGenreCS:2009"}],"isAdult":false,"parentalRating":"3","cast":[],"directors":[],"images":[{"assetType":"tva-boxcover","assetTypes":["tva-boxcover"],"width":180,"height":260,"url":"https:\/\/wp26-images-hu-dynamic.horizon.tv\/HU\/Images\/upcgenre_20.jpg"},{"assetType":"boxart-small","assetTypes":["boxart-small"],"width":75,"height":108,"url":"https:\/\/wp26-images-hu-dynamic.horizon.tv\/HU\/Images\/upcgenre_20.jpg?w=75&h=108&mode=box"},{"assetType":"boxart-xlarge","assetTypes":["boxart-xlarge"],"width":210,"height":303,"url":"https:\/\/wp26-images-hu-dynamic.horizon.tv\/HU\/Images\/upcgenre_20.jpg?w=210&h=303&mode=box"},{"assetType":"boxart-medium","assetTypes":["boxart-medium"],"width":110,"height":159,"url":"https:\/\/wp26-images-hu-dynamic.horizon.tv\/HU\/Images\/upcgenre_20.jpg?w=110&h=159&mode=box"},{"assetType":"boxart-large","assetTypes":["boxart-large"],"width":180,"height":260,"url":"https:\/\/wp26-images-hu-dynamic.horizon.tv\/HU\/Images\/upcgenre_20.jpg?w=180&h=260&mode=box"}],"mediaGroupId":"crid:~~2F~~2Fport.hu~~2F66068293","shortDescription":"H\u00edrek","mediaType":"Episode","isReplayTv":false,"seriesEpisodeNumber":"1805061300","seriesNumber":"1805100700","videoStreams":[],"entitlements":["VIP","_OPEN_"],"currentProductIds":[],"currentTvodProductIds":[]},"parentId":"crid:~~2F~~2Fport.hu~~2F66068293","rootId":"crid:~~2F~~2Fport.hu~~2F66068293"}