{"id":"crid:~~2F~~2Fport.hu~~2F67698703-imi:00100000005D1FDD","countryCode":"HU","languageCode":"hun","deviceCode":"web","startTime":1525422900000,"endTime":1525426800000,"stationId":"826989607195","imi":"imi:00100000005D1FDD","mediaGroupId":"crid:~~2F~~2Fport.hu~~2F67698559","program":{"id":"crid:~~2F~~2Fport.hu~~2F67698703","title":"Zsaruk","description":"(12) Megfigyel\u00e9s, be\u00e9p\u00fcl\u00e9s, kihallgat\u00e1s, akci\u00f3, \u00fcld\u00f6z\u00e9s, t\u0171zp\u00e1rbaj \u2013 a zsaruk a nap 24 \u00f3r\u00e1j\u00e1ban k\u00e9szen \u00e1llnak r\u00e1, hogy elkapj\u00e1k, \u00e9s r\u00e1cs m\u00f6g\u00e9 dugj\u00e1k ak\u00e1r a legkem\u00e9nyebb neh\u00e9zfi\u00fakat is. A B\u0171n\u00fcgyi Csoport civil ruh\u00e1s nyomoz\u00f3i folyamatosan \u00e9les bevet\u00e9sen bizony\u00edtj\u00e1k, hogy nincs felder\u00edthetetlen \u00fcgy, bizony nincs t\u00f6k\u00e9letes b\u0171nt\u00e9ny. Zsaruk \u2013 szolg\u00e1lnak \u00e9s v\u00e9denek!","longDescription":"(12) Megfigyel\u00e9s, be\u00e9p\u00fcl\u00e9s, kihallgat\u00e1s, akci\u00f3, \u00fcld\u00f6z\u00e9s, t\u0171zp\u00e1rbaj \u2013 a zsaruk a nap 24 \u00f3r\u00e1j\u00e1ban k\u00e9szen \u00e1llnak r\u00e1, hogy elkapj\u00e1k, \u00e9s r\u00e1cs m\u00f6g\u00e9 dugj\u00e1k ak\u00e1r a legkem\u00e9nyebb neh\u00e9zfi\u00fakat is. A B\u0171n\u00fcgyi Csoport civil ruh\u00e1s nyomoz\u00f3i folyamatosan \u00e9les bevet\u00e9sen bizony\u00edtj\u00e1k, hogy nincs felder\u00edthetetlen \u00fcgy, bizony nincs t\u00f6k\u00e9letes b\u0171nt\u00e9ny. Zsaruk \u2013 szolg\u00e1lnak \u00e9s v\u00e9denek!","languageCode":"hun","countryCode":"HU","deviceCode":"web","medium":"TV","categories":[{"id":"271090244428","title":"Dr\u00e1ma","scheme":"urn:tva:metadata:cs:UPCEventGenreCS:2009"},{"id":"271090756041","title":"Krimi","scheme":"urn:tva:metadata:cs:UPCEventGenreCS:2009"}],"isAdult":false,"parentalRating":"12","cast":[],"directors":[],"images":[{"assetType":"boxart-large","assetTypes":["boxart-large"],"width":180,"height":260,"url":"https:\/\/wp21-images-hu-dynamic.horizon.tv\/HU\/Images\/upcgenre_E9.jpg?w=180&h=260&mode=box"},{"assetType":"tva-boxcover","assetTypes":["tva-boxcover"],"width":180,"height":260,"url":"https:\/\/wp21-images-hu-dynamic.horizon.tv\/HU\/Images\/upcgenre_E9.jpg"},{"assetType":"boxart-xlarge","assetTypes":["boxart-xlarge"],"width":210,"height":303,"url":"https:\/\/wp21-images-hu-dynamic.horizon.tv\/HU\/Images\/upcgenre_E9.jpg?w=210&h=303&mode=box"},{"assetType":"boxart-small","assetTypes":["boxart-small"],"width":75,"height":108,"url":"https:\/\/wp21-images-hu-dynamic.horizon.tv\/HU\/Images\/upcgenre_E9.jpg?w=75&h=108&mode=box"},{"assetType":"boxart-medium","assetTypes":["boxart-medium"],"width":110,"height":159,"url":"https:\/\/wp21-images-hu-dynamic.horizon.tv\/HU\/Images\/upcgenre_E9.jpg?w=110&h=159&mode=box"}],"mediaGroupId":"crid:~~2F~~2Fport.hu~~2F67698559","secondaryTitle":"Indi\u00e1nny\u00e1r (12)","shortDescription":"A B\u0171n\u00fcgyi Csoport civil ruh\u00e1s nyomoz\u00f3i folyamatosan \u00e9les bevet\u00e9sen bizony\u00edtj\u00e1k, hogy nincs felder\u00edthetetlen \u00fcgy, bizony nincs t\u00f6k\u00e9letes b\u0171nt\u00e9ny. Zsaruk \u2013 szolg\u00e1lnak \u00e9s v\u00e9denek!","mediaType":"Episode","year":"2014","isReplayTv":false,"seriesEpisodeNumber":"12","seriesNumber":"1805020950","videoStreams":[],"airDate":1388534400000,"entitlements":["VIP","_OPEN_"],"currentProductIds":[],"currentTvodProductIds":[]},"parentId":"crid:~~2F~~2Fport.hu~~2F67698559","rootId":"crid:~~2F~~2Fport.hu~~2F67698559"}