{"id":"crid:~~2F~~2Fport.hu~~2F91154700-imi:00100000005D7146","countryCode":"HU","languageCode":"hun","deviceCode":"web","startTime":1525513800000,"endTime":1525514400000,"stationId":"826989607179","imi":"imi:00100000005D7146","mediaGroupId":"crid:~~2F~~2Fport.hu~~2F2601394","program":{"id":"crid:~~2F~~2Fport.hu~~2F91154700","title":"Bob, a mester","description":"A mese els\u0151 r\u00e9sz\u00e9t m\u00e9g az angol BBC mutatta be az 1990-es \u00e9vek v\u00e9g\u00e9n, az\u00f3ta k\u00f6nyvek \u00e9s j\u00e1t\u00e9kok form\u00e1j\u00e1ban is szinte mindenki ismeri \u2013 s\u0151t, a f\u0151c\u00edmdala annak idej\u00e9n az angol sl\u00e1gerlist\u00e1kra is felk\u00faszott. A Minimax hossz\u00fa \u00e9vek \u00f3ta tartja rendszeresen m\u0171soron a sorozatot. A Bob, a mester n\u00e9pszer\u0171s\u00e9g\u00e9t mi sem bizony\u00edtja jobban, hogy 30 orsz\u00e1gban v\u00e1rj\u00e1k a gyerekek \u00e9s csal\u00e1dok a k\u00e9perny\u0151k el\u0151tt, a mes\u00e9t pedig leford\u00edtott\u00e1k h\u00e9berre \u00e9s hindire is. S\u0151t, a Minimax r\u00e9v\u00e9n a magyar mellett eljut a szlov\u00e9n, a szerb, de a rom\u00e1n \u00e9s a cseh n\u00e9z\u0151kh\u00f6z is.Bob figur\u00e1ja kor\u00e1bban \u00fagynevezett stop motion technik\u00e1val k\u00e9sz\u00fclt (azaz k\u00e9pkock\u00e1nk\u00e9nt be\u00e1ll\u00edtott\u00e1k, \u00e9s r\u00f6gz\u00edtett\u00e9k a jeleneteket, amelyeket k\u00e9s\u0151bb mozg\u00f3k\u00e9pp\u00e9 dolgoztak \u00f6ssze), amelyet most modern CGI v\u00e1lt fel. Az \u00faj Bob-figura karcs\u00fabb \u00e9s magasabb lett. De Bob k\u00fclseje annyira meg\u00fajult, hogy a kor\u00e1bbi k\u00e9nyelmes kert\u00e9sznadr\u00e1got is lecser\u00e9lt\u00e9k modern, slim fit farmerre. A Bob, a mester a k\u00f6vetkez\u0151 \u00e9vekben t\u00f6bb \u00fajdons\u00e1ggal is b\u0151v\u00fcl, \u00edgy a vid\u00e9ki helysz\u00edn mellett egy v\u00e1rosi mili\u0151 is beker\u00fcl majd az epiz\u00f3dokba.Ami megmarad: az a melegs\u00e9g, kedvess\u00e9g, amely \u00e1tj\u00e1rja a figur\u00e1t, \u00e9s ami miatt Bob, a mester belopta mag\u00e1t a kicsik \u00e9s nagyok sz\u00edv\u00e9be az elm\u00falt hossz\u00fa \u00e9vek sor\u00e1n.","longDescription":"A mese els\u0151 r\u00e9sz\u00e9t m\u00e9g az angol BBC mutatta be az 1990-es \u00e9vek v\u00e9g\u00e9n, az\u00f3ta k\u00f6nyvek \u00e9s j\u00e1t\u00e9kok form\u00e1j\u00e1ban is szinte mindenki ismeri \u2013 s\u0151t, a f\u0151c\u00edmdala annak idej\u00e9n az angol sl\u00e1gerlist\u00e1kra is felk\u00faszott. A Minimax hossz\u00fa \u00e9vek \u00f3ta tartja rendszeresen m\u0171soron a sorozatot. A Bob, a mester n\u00e9pszer\u0171s\u00e9g\u00e9t mi sem bizony\u00edtja jobban, hogy 30 orsz\u00e1gban v\u00e1rj\u00e1k a gyerekek \u00e9s csal\u00e1dok a k\u00e9perny\u0151k el\u0151tt, a mes\u00e9t pedig leford\u00edtott\u00e1k h\u00e9berre \u00e9s hindire is. S\u0151t, a Minimax r\u00e9v\u00e9n a magyar mellett eljut a szlov\u00e9n, a szerb, de a rom\u00e1n \u00e9s a cseh n\u00e9z\u0151kh\u00f6z is.Bob figur\u00e1ja kor\u00e1bban \u00fagynevezett stop motion technik\u00e1val k\u00e9sz\u00fclt (azaz k\u00e9pkock\u00e1nk\u00e9nt be\u00e1ll\u00edtott\u00e1k, \u00e9s r\u00f6gz\u00edtett\u00e9k a jeleneteket, amelyeket k\u00e9s\u0151bb mozg\u00f3k\u00e9pp\u00e9 dolgoztak \u00f6ssze), amelyet most modern CGI v\u00e1lt fel. Az \u00faj Bob-figura karcs\u00fabb \u00e9s magasabb lett. De Bob k\u00fclseje annyira meg\u00fajult, hogy a kor\u00e1bbi k\u00e9nyelmes kert\u00e9sznadr\u00e1got is lecser\u00e9lt\u00e9k modern, slim fit farmerre. A Bob, a mester a k\u00f6vetkez\u0151 \u00e9vekben t\u00f6bb \u00fajdons\u00e1ggal is b\u0151v\u00fcl, \u00edgy a vid\u00e9ki helysz\u00edn mellett egy v\u00e1rosi mili\u0151 is beker\u00fcl majd az epiz\u00f3dokba.Ami megmarad: az a melegs\u00e9g, kedvess\u00e9g, amely \u00e1tj\u00e1rja a figur\u00e1t, \u00e9s ami miatt Bob, a mester belopta mag\u00e1t a kicsik \u00e9s nagyok sz\u00edv\u00e9be az elm\u00falt hossz\u00fa \u00e9vek sor\u00e1n.","languageCode":"hun","countryCode":"HU","deviceCode":"web","medium":"TV","categories":[{"id":"271090244371","title":"Gyermek\/Ifj\u00fas\u00e1gi","scheme":"urn:tva:metadata:cs:UPCEventGenreCS:2009"},{"id":"271090244376","title":"Rajzfilm","scheme":"urn:tva:metadata:cs:UPCEventGenreCS:2009"}],"isAdult":false,"parentalRating":"3","cast":["Neil Morrissey","Rob Rackstraw","Kate Harbour","Rupert Degas"],"directors":["Sarah Ball","Liz Whitaker","Brian Little"],"images":[{"assetType":"tva-boxcover","assetTypes":["tva-boxcover"],"width":180,"height":260,"url":"https:\/\/wp9-images-hu-dynamic.horizon.tv\/HU\/Images\/bc_22bc3ef197388a4f28d813a01e56e16209ed7818.jpg"},{"assetType":"boxart-xlarge","assetTypes":["boxart-xlarge"],"width":210,"height":303,"url":"https:\/\/wp9-images-hu-dynamic.horizon.tv\/HU\/Images\/bc_22bc3ef197388a4f28d813a01e56e16209ed7818.jpg?w=210&h=303&mode=box"},{"assetType":"boxart-medium","assetTypes":["boxart-medium"],"width":110,"height":159,"url":"https:\/\/wp9-images-hu-dynamic.horizon.tv\/HU\/Images\/bc_22bc3ef197388a4f28d813a01e56e16209ed7818.jpg?w=110&h=159&mode=box"},{"assetType":"boxart-small","assetTypes":["boxart-small"],"width":75,"height":108,"url":"https:\/\/wp9-images-hu-dynamic.horizon.tv\/HU\/Images\/bc_22bc3ef197388a4f28d813a01e56e16209ed7818.jpg?w=75&h=108&mode=box"},{"assetType":"boxart-large","assetTypes":["boxart-large"],"width":180,"height":260,"url":"https:\/\/wp9-images-hu-dynamic.horizon.tv\/HU\/Images\/bc_22bc3ef197388a4f28d813a01e56e16209ed7818.jpg?w=180&h=260&mode=box"},{"assetType":"HighResPortrait","assetTypes":["HighResPortrait"],"url":"https:\/\/wp20-images-hu-dynamic.horizon.tv\/HU\/Images\/hrp_22bc3ef197388a4f28d813a01e56e16209ed7818.jpg"},{"assetType":"HighResLandscape","assetTypes":["HighResLandscape"],"url":"https:\/\/wp20-images-hu-dynamic.horizon.tv\/HU\/Images\/hrl_b16b2a38dec4d8e391d2fc317ef9594aee83f12c.jpg"}],"mediaGroupId":"crid:~~2F~~2Fport.hu~~2F2601394","shortDescription":"Bob mester ezermester, aki mindenben \u00e9s mindenkinek seg\u00edt. Munkag\u00e9pek seg\u00edtik a munk\u00e1j\u00e1t, mindent fel tudnak \u00e9p\u00edteni, ki\u00e1sni, helyrehozni.","mediaType":"Episode","year":"2001","duration":600,"latestBroadcastStartTime":1525168200000,"latestBroadcastEndTime":1525168800000,"isReplayTv":true,"listingId":"crid:~~2F~~2Fport.hu~~2F91154700-imi:00100000005D6716","seriesEpisodeNumber":"1805040650","seriesNumber":"1805030640","videoStreams":[],"airDate":978307200000,"entitlements":["crid:~~2F~~2Fupc.com~~2FReplayTV~~2FJimJam_ReplayTV_CU","VIP","_OPEN_"],"currentProductIds":["crid:~~2F~~2Fupc.com~~2FReplayTV~~2FJimJam_ReplayTV_CU"],"currentTvodProductIds":[]},"parentId":"crid:~~2F~~2Fport.hu~~2F2601394","rootId":"crid:~~2F~~2Fport.hu~~2F2601394"}