{"id":"crid:~~2F~~2Fport.hu~~2F91342683-imi:00100000005D713B","countryCode":"HU","languageCode":"hun","deviceCode":"web","startTime":1525539120000,"endTime":1525539600000,"stationId":"826989607179","imi":"imi:00100000005D713B","mediaGroupId":"crid:~~2F~~2Fport.hu~~2F39118892","program":{"id":"crid:~~2F~~2Fport.hu~~2F91342683","title":"Mes\u00e9k a dzsungelb\u0151l","description":"A Mes\u00e9k a dzsungelb\u0151l egy vicces, igazi csal\u00e1di sz\u00f3rakoz\u00e1st k\u00edn\u00e1l\u00f3, CGI technik\u00e1val k\u00e9sz\u00fclt anim\u00e1ci\u00f3s sorozat, mely egym\u00e1st\u00f3l f\u00fcggetlen, 5 perces, p\u00e1rbesz\u00e9dek n\u00e9lk\u00fcli epiz\u00f3dokb\u00f3l \u00e1ll. Az egyes r\u00e9szek m\u00e1s-m\u00e1s \u00e1llatokat mutatnak be, akik furcs\u00e1n\u00e1l furcs\u00e1bb helyzetekbe ker\u00fclnek a vadonban. A sorozatban tal\u00e1lkozhatunk olyan szentj\u00e1nosbog\u00e1rral, aki f\u00e9l a s\u00f6t\u00e9tben, s\u0151t, nyakf\u00e1j\u00e1ssal k\u00fczd\u0151 zsir\u00e1ffal is! Az egyes t\u00f6rt\u00e9netek amellett, hogy szellemi t\u00e1pl\u00e1l\u00e9kot ny\u00fajtanak, m\u00e9g sz\u00f3rakoztat\u00f3ak \u00e9s inspir\u00e1l\u00f3ak is, legfontosabb c\u00e9ljuk pedig a kicsik k\u00edv\u00e1ncsis\u00e1g\u00e1nak felkelt\u00e9se!","longDescription":"A Mes\u00e9k a dzsungelb\u0151l egy vicces, igazi csal\u00e1di sz\u00f3rakoz\u00e1st k\u00edn\u00e1l\u00f3, CGI technik\u00e1val k\u00e9sz\u00fclt anim\u00e1ci\u00f3s sorozat, mely egym\u00e1st\u00f3l f\u00fcggetlen, 5 perces, p\u00e1rbesz\u00e9dek n\u00e9lk\u00fcli epiz\u00f3dokb\u00f3l \u00e1ll. Az egyes r\u00e9szek m\u00e1s-m\u00e1s \u00e1llatokat mutatnak be, akik furcs\u00e1n\u00e1l furcs\u00e1bb helyzetekbe ker\u00fclnek a vadonban. A sorozatban tal\u00e1lkozhatunk olyan szentj\u00e1nosbog\u00e1rral, aki f\u00e9l a s\u00f6t\u00e9tben, s\u0151t, nyakf\u00e1j\u00e1ssal k\u00fczd\u0151 zsir\u00e1ffal is! Az egyes t\u00f6rt\u00e9netek amellett, hogy szellemi t\u00e1pl\u00e1l\u00e9kot ny\u00fajtanak, m\u00e9g sz\u00f3rakoztat\u00f3ak \u00e9s inspir\u00e1l\u00f3ak is, legfontosabb c\u00e9ljuk pedig a kicsik k\u00edv\u00e1ncsis\u00e1g\u00e1nak felkelt\u00e9se!","languageCode":"hun","countryCode":"HU","deviceCode":"web","medium":"TV","categories":[{"id":"271090244371","title":"Gyermek\/Ifj\u00fas\u00e1gi","scheme":"urn:tva:metadata:cs:UPCEventGenreCS:2009"},{"id":"271090244376","title":"Rajzfilm","scheme":"urn:tva:metadata:cs:UPCEventGenreCS:2009"}],"isAdult":false,"parentalRating":"3","cast":["Rodney Newman","Brent Dawes","Gavin Peter","Matthew Gair","Dorian Burstein"],"directors":["Brent Dawes"],"images":[{"assetType":"boxart-medium","assetTypes":["boxart-medium"],"width":110,"height":159,"url":"https:\/\/wp13-images-hu-dynamic.horizon.tv\/HU\/Images\/bc_9f39c97b3fdcd0fe629619a020717c761b6e40fe.jpg?w=110&h=159&mode=box"},{"assetType":"boxart-large","assetTypes":["boxart-large"],"width":180,"height":260,"url":"https:\/\/wp13-images-hu-dynamic.horizon.tv\/HU\/Images\/bc_9f39c97b3fdcd0fe629619a020717c761b6e40fe.jpg?w=180&h=260&mode=box"},{"assetType":"boxart-small","assetTypes":["boxart-small"],"width":75,"height":108,"url":"https:\/\/wp13-images-hu-dynamic.horizon.tv\/HU\/Images\/bc_9f39c97b3fdcd0fe629619a020717c761b6e40fe.jpg?w=75&h=108&mode=box"},{"assetType":"tva-boxcover","assetTypes":["tva-boxcover"],"width":180,"height":260,"url":"https:\/\/wp13-images-hu-dynamic.horizon.tv\/HU\/Images\/bc_9f39c97b3fdcd0fe629619a020717c761b6e40fe.jpg"},{"assetType":"boxart-xlarge","assetTypes":["boxart-xlarge"],"width":210,"height":303,"url":"https:\/\/wp13-images-hu-dynamic.horizon.tv\/HU\/Images\/bc_9f39c97b3fdcd0fe629619a020717c761b6e40fe.jpg?w=210&h=303&mode=box"},{"assetType":"HighResLandscape","assetTypes":["HighResLandscape"],"url":"https:\/\/wp13-images-hu-dynamic.horizon.tv\/HU\/Images\/hrl_0be5452fc827cc552594c3537e635c5823372909.jpg"}],"mediaGroupId":"crid:~~2F~~2Fport.hu~~2F39118892","shortDescription":"A Mes\u00e9k a dzsungelb\u0151l egy vicces, igazi csal\u00e1di sz\u00f3rakoz\u00e1st k\u00edn\u00e1l\u00f3, CGI technik\u00e1val k\u00e9sz\u00fclt anim\u00e1ci\u00f3s sorozat, mely egym\u00e1st\u00f3l f\u00fcggetlen, 5 perces, p\u00e1rbesz\u00e9dek n\u00e9lk\u00fcli epiz\u00f3dokb\u00f3l \u00e1ll.","mediaType":"Episode","isReplayTv":false,"seriesEpisodeNumber":"1805051852","seriesNumber":"1805030950","videoStreams":[],"entitlements":["VIP","_OPEN_"],"currentProductIds":[],"currentTvodProductIds":[]},"parentId":"crid:~~2F~~2Fport.hu~~2F39118892","rootId":"crid:~~2F~~2Fport.hu~~2F39118892"}