{"id":"crid:~~2F~~2Fport.en~~2F91863560-imi:00100000005E0E30","countryCode":"HU","languageCode":"hun","deviceCode":"web","startTime":1525267200000,"endTime":1525267800000,"stationId":"826989607258","imi":"imi:00100000005E0E30","mediaGroupId":"crid:~~2F~~2Fport.en~~2F4510589","program":{"id":"crid:~~2F~~2Fport.en~~2F91863560","title":"Hot Right Now!","description":"We bring you the very hottest music videos in the world right now, alongside some scorching live performances!","longDescription":"We bring you the very hottest music videos in the world right now, alongside some scorching live performances!","languageCode":"hun","countryCode":"HU","deviceCode":"web","medium":"TV","categories":[{"id":"271090244377","title":"Zene","scheme":"urn:tva:metadata:cs:UPCEventGenreCS:2009"},{"id":"271090244378","title":"Rock\/pop","scheme":"urn:tva:metadata:cs:UPCEventGenreCS:2009"}],"isAdult":false,"parentalRating":"3","cast":[],"directors":[],"images":[{"assetType":"boxart-large","assetTypes":["boxart-large"],"width":180,"height":260,"url":"https:\/\/wp9-images-hu-dynamic.horizon.tv\/HU\/Images\/bc_332b0c855e7c43d7ed2eb4369bc12837a2870a18.jpg?w=180&h=260&mode=box"},{"assetType":"boxart-xlarge","assetTypes":["boxart-xlarge"],"width":210,"height":303,"url":"https:\/\/wp9-images-hu-dynamic.horizon.tv\/HU\/Images\/bc_332b0c855e7c43d7ed2eb4369bc12837a2870a18.jpg?w=210&h=303&mode=box"},{"assetType":"tva-boxcover","assetTypes":["tva-boxcover"],"width":180,"height":260,"url":"https:\/\/wp9-images-hu-dynamic.horizon.tv\/HU\/Images\/bc_332b0c855e7c43d7ed2eb4369bc12837a2870a18.jpg"},{"assetType":"boxart-medium","assetTypes":["boxart-medium"],"width":110,"height":159,"url":"https:\/\/wp9-images-hu-dynamic.horizon.tv\/HU\/Images\/bc_332b0c855e7c43d7ed2eb4369bc12837a2870a18.jpg?w=110&h=159&mode=box"},{"assetType":"boxart-small","assetTypes":["boxart-small"],"width":75,"height":108,"url":"https:\/\/wp9-images-hu-dynamic.horizon.tv\/HU\/Images\/bc_332b0c855e7c43d7ed2eb4369bc12837a2870a18.jpg?w=75&h=108&mode=box"}],"mediaGroupId":"crid:~~2F~~2Fport.en~~2F4510589","shortDescription":"We bring you the very hottest music videos in the world right now, alongside some scorching live performances!","mediaType":"Episode","isReplayTv":false,"seriesEpisodeNumber":"1805021520","seriesNumber":"1805020620","videoStreams":[],"entitlements":["VIP","_OPEN_"],"currentProductIds":[],"currentTvodProductIds":[]},"parentId":"crid:~~2F~~2Fport.en~~2F4510589","rootId":"crid:~~2F~~2Fport.en~~2F4510589"}