{"id":"crid:~~2F~~2Fport.hu~~2F68027908-imi:00100000005D23AE","countryCode":"HU","languageCode":"hun","deviceCode":"web","startTime":1525438800000,"endTime":1525440600000,"stationId":"826989607274","imi":"imi:00100000005D23AE","mediaGroupId":"crid:~~2F~~2Fport.hu~~2F68027748","program":{"id":"crid:~~2F~~2Fport.hu~~2F68027908","title":"L\u00f6v\u00e9szsuli","description":"R\u00e1ckevei l\u0151t\u00e9r bemutat\u00e1sa","longDescription":"R\u00e1ckevei l\u0151t\u00e9r bemutat\u00e1sa","languageCode":"hun","countryCode":"HU","deviceCode":"web","medium":"TV","categories":[{"id":"271090244398","title":"T\u00e1rsadalmi\/Politikai","scheme":"urn:tva:metadata:cs:UPCEventGenreCS:2009"}],"isAdult":false,"parentalRating":"12","cast":[],"directors":[],"images":[{"assetType":"boxart-small","assetTypes":["boxart-small"],"width":75,"height":108,"url":"https:\/\/wp20-images-hu-dynamic.horizon.tv\/HU\/Images\/upcgenre_80.jpg?w=75&h=108&mode=box"},{"assetType":"boxart-xlarge","assetTypes":["boxart-xlarge"],"width":210,"height":303,"url":"https:\/\/wp20-images-hu-dynamic.horizon.tv\/HU\/Images\/upcgenre_80.jpg?w=210&h=303&mode=box"},{"assetType":"tva-boxcover","assetTypes":["tva-boxcover"],"width":180,"height":260,"url":"https:\/\/wp20-images-hu-dynamic.horizon.tv\/HU\/Images\/upcgenre_80.jpg"},{"assetType":"boxart-large","assetTypes":["boxart-large"],"width":180,"height":260,"url":"https:\/\/wp20-images-hu-dynamic.horizon.tv\/HU\/Images\/upcgenre_80.jpg?w=180&h=260&mode=box"},{"assetType":"boxart-medium","assetTypes":["boxart-medium"],"width":110,"height":159,"url":"https:\/\/wp20-images-hu-dynamic.horizon.tv\/HU\/Images\/upcgenre_80.jpg?w=110&h=159&mode=box"},{"assetType":"HighResLandscape","assetTypes":["HighResLandscape"],"url":"https:\/\/wp17-images-hu-dynamic.horizon.tv\/HU\/Images\/hrl_01afb00097f2fbfddb366217efa193e70bf97d1c.jpg"}],"mediaGroupId":"crid:~~2F~~2Fport.hu~~2F68027748","secondaryTitle":"Bemutatjuk a r\u00e1ckevei l\u0151teret","shortDescription":"C\u00e9lkeresztben Simonyi Ott\u00f3. Az agyaggalamb l\u00f6v\u00e9szetet mutatja be.","mediaType":"Episode","isReplayTv":false,"seriesEpisodeNumber":"1805032230","seriesNumber":"1805032230","videoStreams":[],"entitlements":["VIP","_OPEN_"],"currentProductIds":[],"currentTvodProductIds":[]},"parentId":"crid:~~2F~~2Fport.hu~~2F68027748","rootId":"crid:~~2F~~2Fport.hu~~2F68027748"}