{"id":"crid:~~2F~~2Fport.hu~~2F63335694-imi:00100000005D91A3","countryCode":"HU","languageCode":"hun","deviceCode":"web","startTime":1525577400000,"endTime":1525579200000,"stationId":"826989607276","imi":"imi:00100000005D91A3","mediaGroupId":"crid:~~2F~~2Fport.hu~~2F59017019","program":{"id":"crid:~~2F~~2Fport.hu~~2F63335694","title":"H\u00e1zvad\u00e1szok","description":"(LXVIII.\/5) Miut\u00e1n megkapta \u00e1lmai \u00e1ll\u00e1s\u00e1t a Minnesotai Vikingekn\u00e9l, Emily k\u00e9szen \u00e1ll megvenni els\u0151 saj\u00e1t otthon\u00e1t. Minenapolis belv\u00e1ros\u00e1ban keres lak\u00e1st, de hogy k\u00e9pes legyen fizetni a hitelt, sz\u00fcks\u00e9ge lesz legjobb bar\u00e1tn\u0151je, Lindsay seg\u00edts\u00e9g\u00e9re is.","longDescription":"(LXVIII.\/5) Miut\u00e1n megkapta \u00e1lmai \u00e1ll\u00e1s\u00e1t a Minnesotai Vikingekn\u00e9l, Emily k\u00e9szen \u00e1ll megvenni els\u0151 saj\u00e1t otthon\u00e1t. Minenapolis belv\u00e1ros\u00e1ban keres lak\u00e1st, de hogy k\u00e9pes legyen fizetni a hitelt, sz\u00fcks\u00e9ge lesz legjobb bar\u00e1tn\u0151je, Lindsay seg\u00edts\u00e9g\u00e9re is.","languageCode":"hun","countryCode":"HU","deviceCode":"web","medium":"TV","categories":[{"id":"271090244349","title":"Show","scheme":"urn:tva:metadata:cs:UPCEventGenreCS:2009"}],"isAdult":false,"parentalRating":"3","cast":[],"directors":["David Silver","Michele Gardner-Smith","Dominique Anders","Selene Kassin","Tom Brickner"],"images":[{"assetType":"boxart-large","assetTypes":["boxart-large"],"width":180,"height":260,"url":"https:\/\/wp18-images-hu-dynamic.horizon.tv\/HU\/Images\/bc_6d9ea8ae2127a03a11352ecba3ff4a0afcd1fdbd.jpg?w=180&h=260&mode=box"},{"assetType":"boxart-small","assetTypes":["boxart-small"],"width":75,"height":108,"url":"https:\/\/wp18-images-hu-dynamic.horizon.tv\/HU\/Images\/bc_6d9ea8ae2127a03a11352ecba3ff4a0afcd1fdbd.jpg?w=75&h=108&mode=box"},{"assetType":"boxart-xlarge","assetTypes":["boxart-xlarge"],"width":210,"height":303,"url":"https:\/\/wp18-images-hu-dynamic.horizon.tv\/HU\/Images\/bc_6d9ea8ae2127a03a11352ecba3ff4a0afcd1fdbd.jpg?w=210&h=303&mode=box"},{"assetType":"boxart-medium","assetTypes":["boxart-medium"],"width":110,"height":159,"url":"https:\/\/wp18-images-hu-dynamic.horizon.tv\/HU\/Images\/bc_6d9ea8ae2127a03a11352ecba3ff4a0afcd1fdbd.jpg?w=110&h=159&mode=box"},{"assetType":"tva-boxcover","assetTypes":["tva-boxcover"],"width":180,"height":260,"url":"https:\/\/wp18-images-hu-dynamic.horizon.tv\/HU\/Images\/bc_6d9ea8ae2127a03a11352ecba3ff4a0afcd1fdbd.jpg"}],"mediaGroupId":"crid:~~2F~~2Fport.hu~~2F59017019","secondaryTitle":"Lak\u00e1sv\u00e1s\u00e1rl\u00e1s Minneapolisban (LXVIII.\/5)","shortDescription":"Amerikai fiatal p\u00e1rok keresik \u00e9let\u00fck els\u0151 otthon\u00e1t Meddig lesz megfelel\u0151 a lak\u00e1s? Lesz-e hely a kuty\u00e1nak. Hogyan tudj\u00e1k egyeztetni az izl\u00e9s\u00fcket?","mediaType":"Episode","year":"2012","isReplayTv":false,"seriesEpisodeNumber":"5","seriesNumber":"68","videoStreams":[],"airDate":1325376000000,"entitlements":["VIP","_OPEN_"],"currentProductIds":[],"currentTvodProductIds":[]},"parentId":"crid:~~2F~~2Fport.hu~~2F59017019","rootId":"crid:~~2F~~2Fport.hu~~2F59017019"}