{"id":"crid:~~2F~~2Fport.hu~~2F90362230-imi:00100000005D37D4","countryCode":"HU","languageCode":"hun","deviceCode":"web","startTime":1525576200000,"endTime":1525577700000,"stationId":"826989607220","imi":"imi:00100000005D37D4","mediaGroupId":"crid:~~2F~~2Fport.hu~~2F66926447","program":{"id":"crid:~~2F~~2Fport.hu~~2F90362230","title":"Trend","description":"Divat, diz\u00e1jn, lakberendez\u00e9s. Ahol a st\u00edlus kezd\u0151dik\u2026","longDescription":"Divat, diz\u00e1jn, lakberendez\u00e9s. Ahol a st\u00edlus kezd\u0151dik\u2026","languageCode":"hun","countryCode":"HU","deviceCode":"web","medium":"TV","categories":[{"id":"271090244398","title":"T\u00e1rsadalmi\/Politikai","scheme":"urn:tva:metadata:cs:UPCEventGenreCS:2009"}],"isAdult":false,"parentalRating":"3","cast":[],"directors":[],"images":[{"assetType":"tva-boxcover","assetTypes":["tva-boxcover"],"width":180,"height":260,"url":"https:\/\/wp15-images-hu-dynamic.horizon.tv\/HU\/Images\/upcgenre_80.jpg"},{"assetType":"boxart-small","assetTypes":["boxart-small"],"width":75,"height":108,"url":"https:\/\/wp15-images-hu-dynamic.horizon.tv\/HU\/Images\/upcgenre_80.jpg?w=75&h=108&mode=box"},{"assetType":"boxart-large","assetTypes":["boxart-large"],"width":180,"height":260,"url":"https:\/\/wp15-images-hu-dynamic.horizon.tv\/HU\/Images\/upcgenre_80.jpg?w=180&h=260&mode=box"},{"assetType":"boxart-xlarge","assetTypes":["boxart-xlarge"],"width":210,"height":303,"url":"https:\/\/wp15-images-hu-dynamic.horizon.tv\/HU\/Images\/upcgenre_80.jpg?w=210&h=303&mode=box"},{"assetType":"boxart-medium","assetTypes":["boxart-medium"],"width":110,"height":159,"url":"https:\/\/wp15-images-hu-dynamic.horizon.tv\/HU\/Images\/upcgenre_80.jpg?w=110&h=159&mode=box"}],"mediaGroupId":"crid:~~2F~~2Fport.hu~~2F66926447","shortDescription":"Divat, diz\u00e1jn, lakberendez\u00e9s. Ahol a st\u00edlus kezd\u0151dik\u2026","mediaType":"Episode","isReplayTv":false,"seriesEpisodeNumber":"1805060510","seriesNumber":"1805101635","videoStreams":[],"entitlements":["VIP","_OPEN_"],"currentProductIds":[],"currentTvodProductIds":[]},"parentId":"crid:~~2F~~2Fport.hu~~2F66926447","rootId":"crid:~~2F~~2Fport.hu~~2F66926447"}