{"id":"crid:~~2F~~2Fport.hu~~2F67677733-imi:00100000005D5EDB","countryCode":"HU","languageCode":"hun","deviceCode":"web","startTime":1525708200000,"endTime":1525712100000,"stationId":"826989607192","imi":"imi:00100000005D5EDB","mediaGroupId":"crid:~~2F~~2Fport.hu~~2F29245167","program":{"id":"crid:~~2F~~2Fport.hu~~2F67677733","title":"Szulejm\u00e1n","description":"(VI.\/84) A Szulejm\u00e1n, ak\u00e1rcsak az Ezel vagy a Sz\u00edv h\u00eddjai, a legnagyobb ig\u00e9nyess\u00e9ggel k\u00e9sz\u00fclt. A par\u00e1d\u00e9s koszt\u00fcm\u00f6s t\u00f6r\u00f6k t\u00e9v\u00e9sorozat l\u00e1tv\u00e1nyoss\u00e1ga mellett, politikai cselsz\u00f6v\u00e9sek \u00e9s szerelmi intrik\u00e1k tekintet\u00e9ben is felveszi a versenyt b\u00e1rmely amerikai vagy angol produkci\u00f3val.Szulejm\u00e1n, a t\u00f6r\u00f6k birodalom fiatal uralkod\u00f3ja nagyobb \u00e1lmokat d\u00e9delget, mint amit Nagy S\u00e1ndor valaha is el tudott volna k\u00e9pzelni. 26 \u00e9vesen a vil\u00e1g megh\u00f3d\u00edt\u00e1s\u00e1ra k\u00e9sz\u00fcl, \u00e9s ezt els\u0151sorban \u00faj m\u00f3dszerekkel pr\u00f3b\u00e1lja el\u00e9rni. K\u00f6zben folyamatosan \u00e9rkeznek az \u00faj szolg\u00e1k \u00e9s h\u00e1remh\u00f6lgyek a szult\u00e1n palot\u00e1j\u00e1ba, hogy a frissen tr\u00f3nra ker\u00fclt uralkod\u00f3 kedv\u00e9re v\u00e1logathasson. \u00cdgy ker\u00fcl az udvarba a gy\u00f6ny\u00f6r\u0171 Rokszolana, akinek a csal\u00e1dj\u00e1t a tat\u00e1rok lem\u00e9sz\u00e1rolt\u00e1k. A h\u00e1remben l\u00e9v\u0151 l\u00e1ny m\u00e9ly benyom\u00e1st tesz Szulejm\u00e1nra, \u00e1m a szult\u00e1n asszonya \u00e9s \u00e9desanyja rossz szemmel n\u00e9zik a fell\u00e1ngol\u00f3 szerelmet, \u00e9s mindent megtesznek, hogy elt\u00e1vol\u00edts\u00e1k az udvarb\u00f3l Rokszolan\u00e1t. Az asszonyok f\u00e9lt\u00e9kenys\u00e9ge mellett az uralkod\u00f3ra t\u00f6bben is vesz\u00e9lyt jelentenek. N\u00e9h\u00e1ny befoly\u00e1sos pasa, akik ellenzik Szulejm\u00e1n szokatlan reformint\u00e9zked\u00e9seit, aki a ter\u00fcleteiken \u00e9l\u0151 egyiptomiaknak \u00e9s a k\u00fcl\u00f6nb\u00f6z\u0151 sz\u00e1rmaz\u00e1s\u00fa keresked\u0151knek szabads\u00e1gjogot adom\u00e1nyoz, cselsz\u00f6v\u00e9sre k\u00e9sz\u00fclnek a szult\u00e1n ellen.","longDescription":"(VI.\/84) A Szulejm\u00e1n, ak\u00e1rcsak az Ezel vagy a Sz\u00edv h\u00eddjai, a legnagyobb ig\u00e9nyess\u00e9ggel k\u00e9sz\u00fclt. A par\u00e1d\u00e9s koszt\u00fcm\u00f6s t\u00f6r\u00f6k t\u00e9v\u00e9sorozat l\u00e1tv\u00e1nyoss\u00e1ga mellett, politikai cselsz\u00f6v\u00e9sek \u00e9s szerelmi intrik\u00e1k tekintet\u00e9ben is felveszi a versenyt b\u00e1rmely amerikai vagy angol produkci\u00f3val.Szulejm\u00e1n, a t\u00f6r\u00f6k birodalom fiatal uralkod\u00f3ja nagyobb \u00e1lmokat d\u00e9delget, mint amit Nagy S\u00e1ndor valaha is el tudott volna k\u00e9pzelni. 26 \u00e9vesen a vil\u00e1g megh\u00f3d\u00edt\u00e1s\u00e1ra k\u00e9sz\u00fcl, \u00e9s ezt els\u0151sorban \u00faj m\u00f3dszerekkel pr\u00f3b\u00e1lja el\u00e9rni. K\u00f6zben folyamatosan \u00e9rkeznek az \u00faj szolg\u00e1k \u00e9s h\u00e1remh\u00f6lgyek a szult\u00e1n palot\u00e1j\u00e1ba, hogy a frissen tr\u00f3nra ker\u00fclt uralkod\u00f3 kedv\u00e9re v\u00e1logathasson. \u00cdgy ker\u00fcl az udvarba a gy\u00f6ny\u00f6r\u0171 Rokszolana, akinek a csal\u00e1dj\u00e1t a tat\u00e1rok lem\u00e9sz\u00e1rolt\u00e1k. A h\u00e1remben l\u00e9v\u0151 l\u00e1ny m\u00e9ly benyom\u00e1st tesz Szulejm\u00e1nra, \u00e1m a szult\u00e1n asszonya \u00e9s \u00e9desanyja rossz szemmel n\u00e9zik a fell\u00e1ngol\u00f3 szerelmet, \u00e9s mindent megtesznek, hogy elt\u00e1vol\u00edts\u00e1k az udvarb\u00f3l Rokszolan\u00e1t. Az asszonyok f\u00e9lt\u00e9kenys\u00e9ge mellett az uralkod\u00f3ra t\u00f6bben is vesz\u00e9lyt jelentenek. N\u00e9h\u00e1ny befoly\u00e1sos pasa, akik ellenzik Szulejm\u00e1n szokatlan reformint\u00e9zked\u00e9seit, aki a ter\u00fcleteiken \u00e9l\u0151 egyiptomiaknak \u00e9s a k\u00fcl\u00f6nb\u00f6z\u0151 sz\u00e1rmaz\u00e1s\u00fa keresked\u0151knek szabads\u00e1gjogot adom\u00e1nyoz, cselsz\u00f6v\u00e9sre k\u00e9sz\u00fclnek a szult\u00e1n ellen.","languageCode":"hun","countryCode":"HU","deviceCode":"web","medium":"TV","categories":[{"id":"271090244428","title":"Dr\u00e1ma","scheme":"urn:tva:metadata:cs:UPCEventGenreCS:2009"},{"id":"271090244430","title":"Akci\u00f3film","scheme":"urn:tva:metadata:cs:UPCEventGenreCS:2009"}],"isAdult":false,"parentalRating":"12","cast":["Halit Ergen\u00e7","Nur Aysan","Okan Yalabik","Meryem Uzerli","Nebahat \u00c7ehre","Selma Erge\u00e7","Tansel \u00d6ngel","Filiz Ahmet","Burcu Tuna"],"directors":["Yagmur Taylan","Durul Taylan"],"images":[{"assetType":"boxart-medium","assetTypes":["boxart-medium"],"width":110,"height":159,"url":"https:\/\/wp19-images-hu-dynamic.horizon.tv\/HU\/Images\/bc_a024bdd4dfbbb6a5d95193f1e7fa311fc3b0f585.jpg?w=110&h=159&mode=box"},{"assetType":"boxart-xlarge","assetTypes":["boxart-xlarge"],"width":210,"height":303,"url":"https:\/\/wp19-images-hu-dynamic.horizon.tv\/HU\/Images\/bc_a024bdd4dfbbb6a5d95193f1e7fa311fc3b0f585.jpg?w=210&h=303&mode=box"},{"assetType":"boxart-large","assetTypes":["boxart-large"],"width":180,"height":260,"url":"https:\/\/wp19-images-hu-dynamic.horizon.tv\/HU\/Images\/bc_a024bdd4dfbbb6a5d95193f1e7fa311fc3b0f585.jpg?w=180&h=260&mode=box"},{"assetType":"boxart-small","assetTypes":["boxart-small"],"width":75,"height":108,"url":"https:\/\/wp19-images-hu-dynamic.horizon.tv\/HU\/Images\/bc_a024bdd4dfbbb6a5d95193f1e7fa311fc3b0f585.jpg?w=75&h=108&mode=box"},{"assetType":"tva-boxcover","assetTypes":["tva-boxcover"],"width":180,"height":260,"url":"https:\/\/wp19-images-hu-dynamic.horizon.tv\/HU\/Images\/bc_a024bdd4dfbbb6a5d95193f1e7fa311fc3b0f585.jpg"},{"assetType":"HighResLandscape","assetTypes":["HighResLandscape"],"url":"https:\/\/wp13-images-hu-dynamic.horizon.tv\/HU\/Images\/hrl_30c76ee6b8f04a82eeae1b5e05accb622c3bf5a0.jpg"},{"assetType":"HighResPortrait","assetTypes":["HighResPortrait"],"url":"https:\/\/wp13-images-hu-dynamic.horizon.tv\/HU\/Images\/hrp_a024bdd4dfbbb6a5d95193f1e7fa311fc3b0f585.jpg"}],"mediaGroupId":"crid:~~2F~~2Fport.hu~~2F29245167","secondaryTitle":"(VI.\/84)","shortDescription":"Szulejm\u00e1n, a t\u00f6r\u00f6k birodalom fiatal uralkod\u00f3ja nagy \u00e1lmokat d\u00e9delget: 26 \u00e9vesen a vil\u00e1g megh\u00f3d\u00edt\u00e1s\u00e1ra k\u00e9sz\u00fcl, \u00e9s ezt els\u0151sorban \u00faj m\u00f3dszerekkel pr\u00f3b\u00e1lja el\u00e9rni.","mediaType":"Episode","year":"2011","isReplayTv":false,"seriesEpisodeNumber":"84","seriesNumber":"6","videoStreams":[],"airDate":1293840000000,"entitlements":["VIP","_OPEN_"],"currentProductIds":[],"currentTvodProductIds":[]},"parentId":"crid:~~2F~~2Fport.hu~~2F29245167","rootId":"crid:~~2F~~2Fport.hu~~2F29245167"}