{"id":"crid:~~2F~~2Fport.hu~~2F90447238-imi:00100000005D342C","countryCode":"HU","languageCode":"hun","deviceCode":"web","startTime":1525622100000,"endTime":1525624200000,"stationId":"826989607138","imi":"imi:00100000005D342C","mediaGroupId":"crid:~~2F~~2Fport.hu~~2F66536463","program":{"id":"crid:~~2F~~2Fport.hu~~2F90447238","title":"F\u00f3rum","description":"k\u00f6z\u00f6ns\u00e9gvita a politik\u00e1r\u00f3l","longDescription":"k\u00f6z\u00f6ns\u00e9gvita a politik\u00e1r\u00f3l","languageCode":"hun","countryCode":"HU","deviceCode":"web","medium":"TV","categories":[{"id":"271090244398","title":"T\u00e1rsadalmi\/Politikai","scheme":"urn:tva:metadata:cs:UPCEventGenreCS:2009"}],"isAdult":false,"parentalRating":"3","cast":[],"directors":[],"images":[{"assetType":"boxart-medium","assetTypes":["boxart-medium"],"width":110,"height":159,"url":"https:\/\/wp13-images-hu-dynamic.horizon.tv\/HU\/Images\/upcgenre_80.jpg?w=110&h=159&mode=box"},{"assetType":"tva-boxcover","assetTypes":["tva-boxcover"],"width":180,"height":260,"url":"https:\/\/wp13-images-hu-dynamic.horizon.tv\/HU\/Images\/upcgenre_80.jpg"},{"assetType":"boxart-xlarge","assetTypes":["boxart-xlarge"],"width":210,"height":303,"url":"https:\/\/wp13-images-hu-dynamic.horizon.tv\/HU\/Images\/upcgenre_80.jpg?w=210&h=303&mode=box"},{"assetType":"boxart-small","assetTypes":["boxart-small"],"width":75,"height":108,"url":"https:\/\/wp13-images-hu-dynamic.horizon.tv\/HU\/Images\/upcgenre_80.jpg?w=75&h=108&mode=box"},{"assetType":"boxart-large","assetTypes":["boxart-large"],"width":180,"height":260,"url":"https:\/\/wp13-images-hu-dynamic.horizon.tv\/HU\/Images\/upcgenre_80.jpg?w=180&h=260&mode=box"}],"mediaGroupId":"crid:~~2F~~2Fport.hu~~2F66536463","shortDescription":"k\u00f6z\u00f6ns\u00e9gvita a politik\u00e1r\u00f3l","mediaType":"Episode","isReplayTv":false,"seriesEpisodeNumber":"1805061755","seriesNumber":"1805100910","videoStreams":[],"entitlements":["VIP","_OPEN_"],"currentProductIds":[],"currentTvodProductIds":[]},"parentId":"crid:~~2F~~2Fport.hu~~2F66536463","rootId":"crid:~~2F~~2Fport.hu~~2F66536463"}