{"id":"crid:~~2F~~2Fport.hu~~2F67419139-imi:00100000005D5432","countryCode":"HU","languageCode":"hun","deviceCode":"web","startTime":1525710300000,"endTime":1525713300000,"stationId":"826989607236","imi":"imi:00100000005D5432","mediaGroupId":"crid:~~2F~~2Fport.hu~~2F22071299","program":{"id":"crid:~~2F~~2Fport.hu~~2F67419139","title":"T.J. Hooker","description":"(III.\/15) TJ Hooker a kem\u00e9ny, veter\u00e1n rend\u0151r\u0151rmester visszautas\u00edtotta a nyomoz\u00f3i jelv\u00e9nyt, hogy visszat\u00e9rhessen oda, ahol a legink\u00e1bb sz\u00fcks\u00e9g van r\u00e1: az utc\u00e1ra. Hooker a tragikus esem\u00e9ny, partnere hal\u00e1la ut\u00e1n d\u00f6nt\u00f6tt \u00fagy, hogy a Rend\u0151r Akad\u00e9mi\u00e1n folytatja tov\u00e1bb hivat\u00e1s\u00e1t, ahol \u00e1tadhatja tapasztalatait az \u00fajoncoknak. Hooker nemcsak a rend\u0151ri munka cs\u00ednj\u00e1t-b\u00ednj\u00e1t tan\u00edtja, hanem azt is, hogy mindez milyen komoly hat\u00e1ssal van a rend\u0151r\u00f6kre \u00e9s azok csal\u00e1djaira.Hooker a kem\u00e9ny fell\u00e9p\u00e9s h\u00edve, s ez\u00e9rt sokszor \u00f6ssze\u00fctk\u00f6z\u00e9sbe ker\u00fcl Sheridan kapit\u00e1nnyal, aki szeretn\u00e9 a rend\u0151rkapit\u00e1nys\u00e1got egy kicsit k\u00f6nnyedebb sz\u00ednben felt\u00fcntetni, mik\u00f6zben Hooker \u00e9s Romano, Hooker fiatal t\u00e1rsa \u00e1lland\u00f3 vesz\u00e9lynek vannak kit\u00e9ve nap mint nap.","longDescription":"(III.\/15) TJ Hooker a kem\u00e9ny, veter\u00e1n rend\u0151r\u0151rmester visszautas\u00edtotta a nyomoz\u00f3i jelv\u00e9nyt, hogy visszat\u00e9rhessen oda, ahol a legink\u00e1bb sz\u00fcks\u00e9g van r\u00e1: az utc\u00e1ra. Hooker a tragikus esem\u00e9ny, partnere hal\u00e1la ut\u00e1n d\u00f6nt\u00f6tt \u00fagy, hogy a Rend\u0151r Akad\u00e9mi\u00e1n folytatja tov\u00e1bb hivat\u00e1s\u00e1t, ahol \u00e1tadhatja tapasztalatait az \u00fajoncoknak. Hooker nemcsak a rend\u0151ri munka cs\u00ednj\u00e1t-b\u00ednj\u00e1t tan\u00edtja, hanem azt is, hogy mindez milyen komoly hat\u00e1ssal van a rend\u0151r\u00f6kre \u00e9s azok csal\u00e1djaira.Hooker a kem\u00e9ny fell\u00e9p\u00e9s h\u00edve, s ez\u00e9rt sokszor \u00f6ssze\u00fctk\u00f6z\u00e9sbe ker\u00fcl Sheridan kapit\u00e1nnyal, aki szeretn\u00e9 a rend\u0151rkapit\u00e1nys\u00e1got egy kicsit k\u00f6nnyedebb sz\u00ednben felt\u00fcntetni, mik\u00f6zben Hooker \u00e9s Romano, Hooker fiatal t\u00e1rsa \u00e1lland\u00f3 vesz\u00e9lynek vannak kit\u00e9ve nap mint nap.","languageCode":"hun","countryCode":"HU","deviceCode":"web","medium":"TV","categories":[{"id":"271090244428","title":"Dr\u00e1ma","scheme":"urn:tva:metadata:cs:UPCEventGenreCS:2009"},{"id":"271090756041","title":"Krimi","scheme":"urn:tva:metadata:cs:UPCEventGenreCS:2009"}],"isAdult":false,"parentalRating":"12","cast":["William Shatner","Heather Locklear","Lee Bryant","April Clough","James Darren"],"directors":["Reza Badiyi","Cliff Bole"],"images":[{"assetType":"boxart-xlarge","assetTypes":["boxart-xlarge"],"width":210,"height":303,"url":"https:\/\/wp27-images-hu-dynamic.horizon.tv\/HU\/Images\/bc_387b0eef338ad6ee7231e6a37917d45adc022812.jpg?w=210&h=303&mode=box"},{"assetType":"boxart-large","assetTypes":["boxart-large"],"width":180,"height":260,"url":"https:\/\/wp27-images-hu-dynamic.horizon.tv\/HU\/Images\/bc_387b0eef338ad6ee7231e6a37917d45adc022812.jpg?w=180&h=260&mode=box"},{"assetType":"boxart-medium","assetTypes":["boxart-medium"],"width":110,"height":159,"url":"https:\/\/wp27-images-hu-dynamic.horizon.tv\/HU\/Images\/bc_387b0eef338ad6ee7231e6a37917d45adc022812.jpg?w=110&h=159&mode=box"},{"assetType":"boxart-small","assetTypes":["boxart-small"],"width":75,"height":108,"url":"https:\/\/wp27-images-hu-dynamic.horizon.tv\/HU\/Images\/bc_387b0eef338ad6ee7231e6a37917d45adc022812.jpg?w=75&h=108&mode=box"},{"assetType":"tva-boxcover","assetTypes":["tva-boxcover"],"width":180,"height":260,"url":"https:\/\/wp27-images-hu-dynamic.horizon.tv\/HU\/Images\/bc_387b0eef338ad6ee7231e6a37917d45adc022812.jpg"},{"assetType":"HighResLandscape","assetTypes":["HighResLandscape"],"url":"https:\/\/wp19-images-hu-dynamic.horizon.tv\/HU\/Images\/hrl_56b02bbf90ec60b28c03db144d1456025c7f534c.jpg"},{"assetType":"HighResPortrait","assetTypes":["HighResPortrait"],"url":"https:\/\/wp19-images-hu-dynamic.horizon.tv\/HU\/Images\/hrp_387b0eef338ad6ee7231e6a37917d45adc022812.jpg"}],"mediaGroupId":"crid:~~2F~~2Fport.hu~~2F22071299","secondaryTitle":"(III.\/15)","shortDescription":"(III.\/15) TJ Hooker a kem\u00e9ny, veter\u00e1n rend\u0151r\u0151rmester visszautas\u00edtotta a nyomoz\u00f3i jelv\u00e9nyt, hogy visszat\u00e9rhessen oda, ahol a legink\u00e1bb sz\u00fcks\u00e9g van r\u00e1: az utc\u00e1ra. Hooker a tragikus esem\u00e9ny, partnere...","mediaType":"Episode","year":"1982","isReplayTv":false,"seriesEpisodeNumber":"15","seriesNumber":"3","videoStreams":[],"airDate":378691200000,"entitlements":["VIP","_OPEN_"],"currentProductIds":[],"currentTvodProductIds":[]},"parentId":"crid:~~2F~~2Fport.hu~~2F22071299","rootId":"crid:~~2F~~2Fport.hu~~2F22071299"}