{"id":"crid:~~2F~~2Fport.hu~~2F1606067-imi:00100000005DA959","countryCode":"HU","languageCode":"hun","deviceCode":"web","startTime":1525533300000,"endTime":1525538700000,"stationId":"826989607217","imi":"imi:00100000005DA959","mediaGroupId":"crid:~~2F~~2Fport.hu~~2F1606067","program":{"id":"crid:~~2F~~2Fport.hu~~2F1606067","title":"Leskel\u0151d\u0151k","description":"Mi\u00f3ta az esz\u00fcket tudj\u00e1k, Tim \u00e9s Alexander elv\u00e1laszthatatlan j\u00f3 bar\u00e1tok. Tim nagyon szeretne m\u00e1r mag\u00e1nak egy bar\u00e1tn\u0151t, Alexander pedig jobb jegyeket a suliban. \u00c1lmaik megval\u00f3s\u00edt\u00e1s\u00e1hoz kidolgozz\u00e1k h\u00e1t a t\u00f6k\u00e9letes tervet, amelyhez nem kell m\u00e1s, csak egy elektromos v\u00edzforral\u00f3, egy apr\u00f3 robot, a suli tervrajzai, valamint 100 t\u00e9rfigyel\u0151 kamera. \u00c9s ezzel kezdet\u00e9t veheti az \u00e9vsz\u00e1zad sz\u00e9lh\u00e1moss\u00e1ga, csakhogy Tim \u00e9s Alexander hamarosan olyan titkokra lel, melyekr\u0151l nem lett volna szabad tudniuk.","longDescription":"Mi\u00f3ta az esz\u00fcket tudj\u00e1k, Tim \u00e9s Alexander elv\u00e1laszthatatlan j\u00f3 bar\u00e1tok. Tim nagyon szeretne m\u00e1r mag\u00e1nak egy bar\u00e1tn\u0151t, Alexander pedig jobb jegyeket a suliban. \u00c1lmaik megval\u00f3s\u00edt\u00e1s\u00e1hoz kidolgozz\u00e1k h\u00e1t a t\u00f6k\u00e9letes tervet, amelyhez nem kell m\u00e1s, csak egy elektromos v\u00edzforral\u00f3, egy apr\u00f3 robot, a suli tervrajzai, valamint 100 t\u00e9rfigyel\u0151 kamera. \u00c9s ezzel kezdet\u00e9t veheti az \u00e9vsz\u00e1zad sz\u00e9lh\u00e1moss\u00e1ga, csakhogy Tim \u00e9s Alexander hamarosan olyan titkokra lel, melyekr\u0151l nem lett volna szabad tudniuk.","languageCode":"hun","countryCode":"HU","deviceCode":"web","medium":"Movie","categories":[{"id":"271090244334","title":"Kom\u00e9dia\/Filmv\u00edgj\u00e1t\u00e9k","scheme":"urn:tva:metadata:cs:UPCEventGenreCS:2009"}],"isAdult":false,"parentalRating":"7","cast":["Frederik Ludvig Mansa","Sophus Emil Lokkegaard","Emilie Lovenstein Vegeberg","Simon Maagaard Holm","Josefine Hage Thomsen"],"directors":["Christian E. Christiansen"],"images":[{"assetType":"boxart-xlarge","assetTypes":["boxart-xlarge"],"width":210,"height":303,"url":"https:\/\/wp21-images-hu-dynamic.horizon.tv\/HU\/Images\/bc_01b2c5d1d6e2f660e4334f77cb35e99701a38c8b.jpg?w=210&h=303&mode=box"},{"assetType":"boxart-small","assetTypes":["boxart-small"],"width":75,"height":108,"url":"https:\/\/wp21-images-hu-dynamic.horizon.tv\/HU\/Images\/bc_01b2c5d1d6e2f660e4334f77cb35e99701a38c8b.jpg?w=75&h=108&mode=box"},{"assetType":"tva-boxcover","assetTypes":["tva-boxcover"],"width":180,"height":260,"url":"https:\/\/wp21-images-hu-dynamic.horizon.tv\/HU\/Images\/bc_01b2c5d1d6e2f660e4334f77cb35e99701a38c8b.jpg"},{"assetType":"boxart-large","assetTypes":["boxart-large"],"width":180,"height":260,"url":"https:\/\/wp21-images-hu-dynamic.horizon.tv\/HU\/Images\/bc_01b2c5d1d6e2f660e4334f77cb35e99701a38c8b.jpg?w=180&h=260&mode=box"},{"assetType":"boxart-medium","assetTypes":["boxart-medium"],"width":110,"height":159,"url":"https:\/\/wp21-images-hu-dynamic.horizon.tv\/HU\/Images\/bc_01b2c5d1d6e2f660e4334f77cb35e99701a38c8b.jpg?w=110&h=159&mode=box"},{"assetType":"HighResLandscape","assetTypes":["HighResLandscape"],"url":"https:\/\/wp8-images-hu-dynamic.horizon.tv\/HU\/Images\/hrl_2b3e0fb6b54f84227b639aab5c5668d3fe961da8.jpg"}],"mediaGroupId":"crid:~~2F~~2Fport.hu~~2F1606067","shortDescription":"Tim \u00e9s Alexander elv\u00e1laszthatatlan j\u00f3 bar\u00e1tok. Tim nagyon szeretne m\u00e1r mag\u00e1nak egy bar\u00e1tn\u0151t, Alexander pedig jobb jegyeket a suliban. \u00c1lmaik megval\u00f3s\u00edt\u00e1s\u00e1hoz kidolgozz\u00e1k h\u00e1t a t\u00f6k\u00e9letes tervet.","mediaType":"FeatureFilm","year":"2009","isReplayTv":false,"videoStreams":[],"airDate":1230768000000,"entitlements":["VIP","_OPEN_"],"currentProductIds":[],"currentTvodProductIds":[]},"parentId":"crid:~~2F~~2Fport.hu~~2F1606067","rootId":"crid:~~2F~~2Fport.hu~~2F1606067"}