{"id":"crid:~~2F~~2Fport.hu~~2F88002148-imi:00100000005E2167","countryCode":"HU","languageCode":"hun","deviceCode":"web","startTime":1525633200000,"endTime":1525636800000,"stationId":"826989607211","imi":"imi:00100000005E2167","mediaGroupId":"crid:~~2F~~2Fport.hu~~2F88002083","program":{"id":"crid:~~2F~~2Fport.hu~~2F88002148","title":"Amerikai terepj\u00e1r\u00f3-tusa","description":"(I.\/2) Minden egy hatalmas csattan\u00e1ssal kezd\u0151dik, ami azonnali jav\u00edt\u00e1st ig\u00e9nyel. Pr\u00f3b\u00e1ra teszi a vezet\u0151ket a 23 m-es f\u00fcgg\u0151leges lejt\u0151, \u00e9s egy sof\u0151r a v\u00e9gs\u0151kig hajtja j\u00e1rm\u0171v\u00e9t.","longDescription":"(I.\/2) Minden egy hatalmas csattan\u00e1ssal kezd\u0151dik, ami azonnali jav\u00edt\u00e1st ig\u00e9nyel. Pr\u00f3b\u00e1ra teszi a vezet\u0151ket a 23 m-es f\u00fcgg\u0151leges lejt\u0151, \u00e9s egy sof\u0151r a v\u00e9gs\u0151kig hajtja j\u00e1rm\u0171v\u00e9t.","languageCode":"hun","countryCode":"HU","deviceCode":"web","medium":"TV","categories":[{"id":"271090244349","title":"Show","scheme":"urn:tva:metadata:cs:UPCEventGenreCS:2009"}],"isAdult":false,"parentalRating":"12","cast":[],"directors":[],"images":[{"assetType":"boxart-small","assetTypes":["boxart-small"],"width":75,"height":108,"url":"https:\/\/wp28-images-hu-dynamic.horizon.tv\/HU\/Images\/upcgenre_30.jpg?w=75&h=108&mode=box"},{"assetType":"boxart-medium","assetTypes":["boxart-medium"],"width":110,"height":159,"url":"https:\/\/wp28-images-hu-dynamic.horizon.tv\/HU\/Images\/upcgenre_30.jpg?w=110&h=159&mode=box"},{"assetType":"tva-boxcover","assetTypes":["tva-boxcover"],"width":180,"height":260,"url":"https:\/\/wp28-images-hu-dynamic.horizon.tv\/HU\/Images\/upcgenre_30.jpg"},{"assetType":"boxart-xlarge","assetTypes":["boxart-xlarge"],"width":210,"height":303,"url":"https:\/\/wp28-images-hu-dynamic.horizon.tv\/HU\/Images\/upcgenre_30.jpg?w=210&h=303&mode=box"},{"assetType":"boxart-large","assetTypes":["boxart-large"],"width":180,"height":260,"url":"https:\/\/wp28-images-hu-dynamic.horizon.tv\/HU\/Images\/upcgenre_30.jpg?w=180&h=260&mode=box"},{"assetType":"HighResLandscape","assetTypes":["HighResLandscape"],"url":"https:\/\/wp12-images-hu-dynamic.horizon.tv\/HU\/Images\/hrl_ddda6190b0c5207c07622f7293b94e74999eebff.jpg"}],"mediaGroupId":"crid:~~2F~~2Fport.hu~~2F88002083","secondaryTitle":"A szirten t\u00fal (I.\/2)","shortDescription":"A History Amerikai terepj\u00e1r\u00f3-tusa c\u00edm\u0171 m\u0171sor\u00e1ban 50 terepj\u00e1r\u00f3-tulajdonos teszi pr\u00f3b\u00e1ra saj\u00e1t \u00e9p\u00edt\u00e9s\u0171, \"neh\u00e9zs\u00faly\u00fa\" aut\u00f3j\u00e1t az Egyes\u00fclt \u00c1llamok egyik legkem\u00e9nyebb versenyp\u00e1ly\u00e1j\u00e1n. Embert \u00e9s g\u00e9pet pr\u00f3b\u00e1l\u00f3 feladatok v\u00e1rnak az amat\u0151r versenyz\u0151kre, hogy kider\u00fclj\u00f6n, ki kapja a Terepj\u00e1r\u00f3bajnok c\u00edmet.","mediaType":"Episode","year":"2017","isReplayTv":false,"seriesEpisodeNumber":"2","seriesNumber":"1","videoStreams":[],"airDate":1483228800000,"entitlements":["VIP","_OPEN_"],"currentProductIds":[],"currentTvodProductIds":[]},"parentId":"crid:~~2F~~2Fport.hu~~2F88002083","rootId":"crid:~~2F~~2Fport.hu~~2F88002083"}