{"id":"crid:~~2F~~2Fport.hu~~2F376337-imi:00100000005D4B6C","countryCode":"HU","languageCode":"hun","deviceCode":"web","startTime":1525633200000,"endTime":1525636800000,"stationId":"826989607175","imi":"imi:00100000005D4B6C","mediaGroupId":"crid:~~2F~~2Fport.hu~~2F39500442","program":{"id":"crid:~~2F~~2Fport.hu~~2F376337","title":"A betolakod\u00f3","description":"A kedves \u00e9s gy\u00f6ny\u00f6r\u0171 Virginia Martinez nevel\u0151n\u0151k\u00e9nt dolgozik Rodrigo Junquera h\u00e1z\u00e1n\u00e1l. A csal\u00e1df\u0151nek hat gyermeke van: Junior, Carlos Alberto, Raquel, Violeta, Aldo \u00e9s Memo. Amikor kider\u00fcl, hogy Rodrigo hal\u00e1los beteg, feles\u00e9g\u00fcl k\u00e9ri Virgini\u00e1t, hogy hal\u00e1la ut\u00e1n legyen, aki gondoskodjon a csal\u00e1dj\u00e1r\u00f3l. Sagrario, a h\u00e1zvezet\u0151n\u0151 az eg\u00e9sz \u00e9let\u00e9t a Junquera csal\u00e1dnak szentelte, mindig biztos t\u00e1maszt ny\u00fajtva a f\u00e9rfinak. Virginia titokban szerelmes Carlos Alberto-ba, aki r\u00e9gebben elcs\u00e1b\u00edtotta \u00e9s cs\u00fany\u00e1n kihaszn\u00e1lta \u0151t. Alirio Roldan, Rodrigo \u00fczlett\u00e1rsa, \u0151r\u00fclten f\u00e9lt\u00e9keny a f\u00e9rfi sikereire, ez\u00e9rt sz\u00edvb\u0151l gy\u0171l\u00f6li a Junquera-kat. A gy\u0171l\u00f6let \u00e9brentart\u00e1s\u00e1ban seg\u00edts\u00e9g\u00e9re van feles\u00e9ge, Maximiliana, aki m\u00e9g saj\u00e1t gyermekeit is k\u00e9pes felhaszn\u00e1lni c\u00e9ljai el\u00e9r\u00e9s\u00e9hez. Alirio ellenzi l\u00e1nya, Anabella \u00e9s Carlos Alberto Junquera eljegyz\u00e9s\u00e9t, de tehetetlen a makacs \u00e9s \u00f6nfej\u0171 l\u00e1nnyal szemben. Danilo Roldan aljas \u00e9s beh\u00edzelg\u0151, a megt\u00e9veszt\u00e9s mestere. Ami\u00f3ta el\u0151sz\u00f6r tal\u00e1lkozott Virgini\u00e1val, rend\u00fcletlen\u00fcl pr\u00f3b\u00e1l a kegyeibe f\u00e9rk\u0151zni. Apjuk hal\u00e1la ut\u00e1n a gyerekek val\u00f3s\u00e1ggal ellens\u00e9gekk\u00e9 v\u00e1lnak, semmibe veszik Virgini\u00e1t, aki megpr\u00f3b\u00e1lja teljes\u00edteni Rodrigo-nak tett \u00edg\u00e9reteit, de minden alkalommal falakba \u00fctk\u00f6zik. A legid\u0151sebb Junquera-fi\u00fa, a n\u0151cs\u00e1b\u00e1sz Junior k\u00e9tes \u00fczletekbe keveredik, \u00e9s p\u00e9nzt pr\u00f3b\u00e1l kicsalni Virgini\u00e1t\u00f3l. Carlos Alberto \u00e9rzelmei a l\u00e1ny ir\u00e1nt hull\u00e1mz\u00f3ak, egyszer szeret, m\u00e1skor gy\u0171l\u00f6l. Raquel, a k\u00f6nny\u0171v\u00e9r\u0171 n\u0151 ki nem \u00e1llhatja Virgini\u00e1t. Violeta \u00e9s Aldo, mindketten a tin\u00e9dzserek k\u00fcl\u00f6n vil\u00e1g\u00e1t \u00e9lik, viszont a legkisebb fi\u00fa, Memo rajong mostohaanyj\u00e1\u00e9rt. Amikor Virginia \u00e9rtes\u00fcl Carlos Alberto \u00e9s Anabella kapcsolat\u00e1r\u00f3l, a f\u00e1jdalom el\u00f6l Danilo karj\u00e1ba menek\u00fcl. Carlos Alberto azonban id\u0151vel r\u00e1j\u00f6n, hogy sz\u00e1m\u00e1ra csak egy n\u0151 l\u00e9tezik, \u00e9s az: Virginia...","longDescription":"A kedves \u00e9s gy\u00f6ny\u00f6r\u0171 Virginia Martinez nevel\u0151n\u0151k\u00e9nt dolgozik Rodrigo Junquera h\u00e1z\u00e1n\u00e1l. A csal\u00e1df\u0151nek hat gyermeke van: Junior, Carlos Alberto, Raquel, Violeta, Aldo \u00e9s Memo. Amikor kider\u00fcl, hogy Rodrigo hal\u00e1los beteg, feles\u00e9g\u00fcl k\u00e9ri Virgini\u00e1t, hogy hal\u00e1la ut\u00e1n legyen, aki gondoskodjon a csal\u00e1dj\u00e1r\u00f3l. Sagrario, a h\u00e1zvezet\u0151n\u0151 az eg\u00e9sz \u00e9let\u00e9t a Junquera csal\u00e1dnak szentelte, mindig biztos t\u00e1maszt ny\u00fajtva a f\u00e9rfinak. Virginia titokban szerelmes Carlos Alberto-ba, aki r\u00e9gebben elcs\u00e1b\u00edtotta \u00e9s cs\u00fany\u00e1n kihaszn\u00e1lta \u0151t. Alirio Roldan, Rodrigo \u00fczlett\u00e1rsa, \u0151r\u00fclten f\u00e9lt\u00e9keny a f\u00e9rfi sikereire, ez\u00e9rt sz\u00edvb\u0151l gy\u0171l\u00f6li a Junquera-kat. A gy\u0171l\u00f6let \u00e9brentart\u00e1s\u00e1ban seg\u00edts\u00e9g\u00e9re van feles\u00e9ge, Maximiliana, aki m\u00e9g saj\u00e1t gyermekeit is k\u00e9pes felhaszn\u00e1lni c\u00e9ljai el\u00e9r\u00e9s\u00e9hez. Alirio ellenzi l\u00e1nya, Anabella \u00e9s Carlos Alberto Junquera eljegyz\u00e9s\u00e9t, de tehetetlen a makacs \u00e9s \u00f6nfej\u0171 l\u00e1nnyal szemben. Danilo Roldan aljas \u00e9s beh\u00edzelg\u0151, a megt\u00e9veszt\u00e9s mestere. Ami\u00f3ta el\u0151sz\u00f6r tal\u00e1lkozott Virgini\u00e1val, rend\u00fcletlen\u00fcl pr\u00f3b\u00e1l a kegyeibe f\u00e9rk\u0151zni. Apjuk hal\u00e1la ut\u00e1n a gyerekek val\u00f3s\u00e1ggal ellens\u00e9gekk\u00e9 v\u00e1lnak, semmibe veszik Virgini\u00e1t, aki megpr\u00f3b\u00e1lja teljes\u00edteni Rodrigo-nak tett \u00edg\u00e9reteit, de minden alkalommal falakba \u00fctk\u00f6zik. A legid\u0151sebb Junquera-fi\u00fa, a n\u0151cs\u00e1b\u00e1sz Junior k\u00e9tes \u00fczletekbe keveredik, \u00e9s p\u00e9nzt pr\u00f3b\u00e1l kicsalni Virgini\u00e1t\u00f3l. Carlos Alberto \u00e9rzelmei a l\u00e1ny ir\u00e1nt hull\u00e1mz\u00f3ak, egyszer szeret, m\u00e1skor gy\u0171l\u00f6l. Raquel, a k\u00f6nny\u0171v\u00e9r\u0171 n\u0151 ki nem \u00e1llhatja Virgini\u00e1t. Violeta \u00e9s Aldo, mindketten a tin\u00e9dzserek k\u00fcl\u00f6n vil\u00e1g\u00e1t \u00e9lik, viszont a legkisebb fi\u00fa, Memo rajong mostohaanyj\u00e1\u00e9rt. Amikor Virginia \u00e9rtes\u00fcl Carlos Alberto \u00e9s Anabella kapcsolat\u00e1r\u00f3l, a f\u00e1jdalom el\u00f6l Danilo karj\u00e1ba menek\u00fcl. Carlos Alberto azonban id\u0151vel r\u00e1j\u00f6n, hogy sz\u00e1m\u00e1ra csak egy n\u0151 l\u00e9tezik, \u00e9s az: Virginia...","languageCode":"hun","countryCode":"HU","deviceCode":"web","medium":"TV","categories":[{"id":"271090244428","title":"Dr\u00e1ma","scheme":"urn:tva:metadata:cs:UPCEventGenreCS:2009"},{"id":"271090244433","title":"Melodr\u00e1ma","scheme":"urn:tva:metadata:cs:UPCEventGenreCS:2009"}],"isAdult":false,"parentalRating":"12","cast":["Gabriela Spanic","Arturo Peniche","Chantal Andere","Sergio Sendel","Laura Zapata","Karla \u00c1lvarez","Dominika Paleta","Silvia Manr\u00edquez","Jos\u00e9 Mar\u00eda Torre"],"directors":["Marta Luna","Beatriz Sheridan","Jes\u00fas N\u00e1jera"],"images":[{"assetType":"boxart-medium","assetTypes":["boxart-medium"],"width":110,"height":159,"url":"https:\/\/wp1-images-hu-dynamic.horizon.tv\/HU\/Images\/bc_15ad632f1a4f0166a5d99f7df1278adf5ea2b311.jpg?w=110&h=159&mode=box"},{"assetType":"boxart-xlarge","assetTypes":["boxart-xlarge"],"width":210,"height":303,"url":"https:\/\/wp1-images-hu-dynamic.horizon.tv\/HU\/Images\/bc_15ad632f1a4f0166a5d99f7df1278adf5ea2b311.jpg?w=210&h=303&mode=box"},{"assetType":"tva-boxcover","assetTypes":["tva-boxcover"],"width":180,"height":260,"url":"https:\/\/wp1-images-hu-dynamic.horizon.tv\/HU\/Images\/bc_15ad632f1a4f0166a5d99f7df1278adf5ea2b311.jpg"},{"assetType":"boxart-small","assetTypes":["boxart-small"],"width":75,"height":108,"url":"https:\/\/wp1-images-hu-dynamic.horizon.tv\/HU\/Images\/bc_15ad632f1a4f0166a5d99f7df1278adf5ea2b311.jpg?w=75&h=108&mode=box"},{"assetType":"boxart-large","assetTypes":["boxart-large"],"width":180,"height":260,"url":"https:\/\/wp1-images-hu-dynamic.horizon.tv\/HU\/Images\/bc_15ad632f1a4f0166a5d99f7df1278adf5ea2b311.jpg?w=180&h=260&mode=box"},{"assetType":"HighResLandscape","assetTypes":["HighResLandscape"],"url":"https:\/\/wp4-images-hu-dynamic.horizon.tv\/HU\/Images\/hrl_11df985fd33e0fc9d3af13e985614a6b6daa1efc.jpg"}],"mediaGroupId":"crid:~~2F~~2Fport.hu~~2F39500442","shortDescription":"A kedves \u00e9s gy\u00f6ny\u00f6r\u0171 Virginia Martinez nevel\u0151n\u0151k\u00e9nt dolgozik Rodrigo Junquera h\u00e1z\u00e1n\u00e1l. A csal\u00e1df\u0151nek hat gyermeke van: Junior, Carlos Alberto, Raquel, Violeta, Aldo \u00e9s Memo. Amikor kider\u00fcl, hogy...","mediaType":"Episode","year":"2001","duration":3900,"latestBroadcastStartTime":1525437600000,"latestBroadcastEndTime":1525441500000,"isReplayTv":true,"listingId":"crid:~~2F~~2Fport.hu~~2F376337-imi:00100000005D2A6E","seriesEpisodeNumber":"1805042200","seriesNumber":"1805032200","videoStreams":[],"airDate":978307200000,"entitlements":["crid:~~2F~~2Fupc.com~~2FReplayTV~~2FTV2_ReplayTV","crid:~~2F~~2Fupc.com~~2FReplayTV~~2FTV2_HD_ReplayTV","VIP","_OPEN_"],"currentProductIds":["crid:~~2F~~2Fupc.com~~2FReplayTV~~2FTV2_ReplayTV","crid:~~2F~~2Fupc.com~~2FReplayTV~~2FTV2_HD_ReplayTV"],"currentTvodProductIds":[]},"parentId":"crid:~~2F~~2Fport.hu~~2F39500442","rootId":"crid:~~2F~~2Fport.hu~~2F39500442"}