{"id":"crid:~~2F~~2Fport.hu~~2F90833799-imi:00100000005D31A1","countryCode":"HU","languageCode":"hun","deviceCode":"web","startTime":1525483800000,"endTime":1525486500000,"stationId":"826989607247","imi":"imi:00100000005D31A1","mediaGroupId":"crid:~~2F~~2Fport.hu~~2F66719270","program":{"id":"crid:~~2F~~2Fport.hu~~2F90833799","title":"Kedvenceink kedvencei","description":"A Zenebutik szt\u00e1rjai mutatj\u00e1k be kedvenc zen\u00e9iket. Megtudhatjuk, hogy nekik milyen zene tetszik. Mit hallgatnak a kocsiban utaz\u00e1s k\u00f6zben, vagy otthon eb\u00e9dn\u00e9l, k\u00e1v\u00e9z\u00e1skor \u00e9s melyek azok a zen\u00e9k, amelyekre sz\u00edvesen buliznak. Kedvenceink kedvencei a Zenebutikon \u2013 Mert vel\u00fcnk napk\u00f6zben is mulathatsz!","longDescription":"A Zenebutik szt\u00e1rjai mutatj\u00e1k be kedvenc zen\u00e9iket. Megtudhatjuk, hogy nekik milyen zene tetszik. Mit hallgatnak a kocsiban utaz\u00e1s k\u00f6zben, vagy otthon eb\u00e9dn\u00e9l, k\u00e1v\u00e9z\u00e1skor \u00e9s melyek azok a zen\u00e9k, amelyekre sz\u00edvesen buliznak. Kedvenceink kedvencei a Zenebutikon \u2013 Mert vel\u00fcnk napk\u00f6zben is mulathatsz!","languageCode":"hun","countryCode":"HU","deviceCode":"web","medium":"TV","categories":[{"id":"271090244377","title":"Zene","scheme":"urn:tva:metadata:cs:UPCEventGenreCS:2009"},{"id":"271090244378","title":"Rock\/pop","scheme":"urn:tva:metadata:cs:UPCEventGenreCS:2009"}],"isAdult":false,"parentalRating":"12","cast":[],"directors":[],"images":[{"assetType":"boxart-large","assetTypes":["boxart-large"],"width":180,"height":260,"url":"https:\/\/wp17-images-hu-dynamic.horizon.tv\/HU\/Images\/upcgenre_61.jpg?w=180&h=260&mode=box"},{"assetType":"boxart-small","assetTypes":["boxart-small"],"width":75,"height":108,"url":"https:\/\/wp17-images-hu-dynamic.horizon.tv\/HU\/Images\/upcgenre_61.jpg?w=75&h=108&mode=box"},{"assetType":"boxart-medium","assetTypes":["boxart-medium"],"width":110,"height":159,"url":"https:\/\/wp17-images-hu-dynamic.horizon.tv\/HU\/Images\/upcgenre_61.jpg?w=110&h=159&mode=box"},{"assetType":"boxart-xlarge","assetTypes":["boxart-xlarge"],"width":210,"height":303,"url":"https:\/\/wp17-images-hu-dynamic.horizon.tv\/HU\/Images\/upcgenre_61.jpg?w=210&h=303&mode=box"},{"assetType":"tva-boxcover","assetTypes":["tva-boxcover"],"width":180,"height":260,"url":"https:\/\/wp17-images-hu-dynamic.horizon.tv\/HU\/Images\/upcgenre_61.jpg"}],"mediaGroupId":"crid:~~2F~~2Fport.hu~~2F66719270","shortDescription":"A Zenebutik szt\u00e1rjai mutatj\u00e1k be kedvenc zen\u00e9iket. Megtudhatjuk, hogy nekik milyen zene tetszik. Mit hallgatnak a kocsiban utaz\u00e1s k\u00f6zben, vagy otthon eb\u00e9dn\u00e9l, k\u00e1v\u00e9z\u00e1skor \u00e9s melyek azok a zen\u00e9k,...","mediaType":"Episode","isReplayTv":false,"seriesEpisodeNumber":"1805050330","seriesNumber":"1805031300","videoStreams":[],"entitlements":["VIP","_OPEN_"],"currentProductIds":[],"currentTvodProductIds":[]},"parentId":"crid:~~2F~~2Fport.hu~~2F66719270","rootId":"crid:~~2F~~2Fport.hu~~2F66719270"}