{"id":"crid:~~2F~~2Fport.en~~2F88659572-imi:00100000005D6543","countryCode":"HU","languageCode":"hun","deviceCode":"web","startTime":1525680000000,"endTime":1525687200000,"stationId":"826989607257","imi":"imi:00100000005D6543","mediaGroupId":"crid:~~2F~~2Fport.en~~2F2581452","program":{"id":"crid:~~2F~~2Fport.en~~2F88659572","title":"Nothing But Hits","description":"Nothing But Hits features today's top-selling singles, the hottest new exclusives and the biggest chart acts of recent years!","longDescription":"Nothing But Hits features today's top-selling singles, the hottest new exclusives and the biggest chart acts of recent years!","languageCode":"hun","countryCode":"HU","deviceCode":"web","medium":"TV","categories":[{"id":"271090244377","title":"Zene","scheme":"urn:tva:metadata:cs:UPCEventGenreCS:2009"},{"id":"271090244378","title":"Rock\/pop","scheme":"urn:tva:metadata:cs:UPCEventGenreCS:2009"}],"isAdult":false,"parentalRating":"3","cast":[],"directors":[],"images":[{"assetType":"boxart-medium","assetTypes":["boxart-medium"],"width":110,"height":159,"url":"https:\/\/wp3-images-hu-dynamic.horizon.tv\/HU\/Images\/upcgenre_61.jpg?w=110&h=159&mode=box"},{"assetType":"boxart-small","assetTypes":["boxart-small"],"width":75,"height":108,"url":"https:\/\/wp3-images-hu-dynamic.horizon.tv\/HU\/Images\/upcgenre_61.jpg?w=75&h=108&mode=box"},{"assetType":"tva-boxcover","assetTypes":["tva-boxcover"],"width":180,"height":260,"url":"https:\/\/wp3-images-hu-dynamic.horizon.tv\/HU\/Images\/upcgenre_61.jpg"},{"assetType":"boxart-large","assetTypes":["boxart-large"],"width":180,"height":260,"url":"https:\/\/wp3-images-hu-dynamic.horizon.tv\/HU\/Images\/upcgenre_61.jpg?w=180&h=260&mode=box"},{"assetType":"boxart-xlarge","assetTypes":["boxart-xlarge"],"width":210,"height":303,"url":"https:\/\/wp3-images-hu-dynamic.horizon.tv\/HU\/Images\/upcgenre_61.jpg?w=210&h=303&mode=box"}],"mediaGroupId":"crid:~~2F~~2Fport.en~~2F2581452","shortDescription":"Nothing But Hits features today's top-selling singles, the hottest new exclusives and the biggest chart acts of recent years!","mediaType":"Episode","isReplayTv":false,"seriesEpisodeNumber":"1805071000","seriesNumber":"1805111000","videoStreams":[],"entitlements":["VIP","_OPEN_"],"currentProductIds":[],"currentTvodProductIds":[]},"parentId":"crid:~~2F~~2Fport.en~~2F2581452","rootId":"crid:~~2F~~2Fport.en~~2F2581452"}