{"id":"crid:~~2F~~2Fport.hu~~2F1404745-imi:00100000005D8C0A","countryCode":"HU","languageCode":"hun","deviceCode":"web","startTime":1525672800000,"endTime":1525676400000,"stationId":"826989607212","imi":"imi:00100000005D8C0A","mediaGroupId":"crid:~~2F~~2Fport.hu~~2F61418859","program":{"id":"crid:~~2F~~2Fport.hu~~2F1404745","title":"M\u00fami\u00e1k nyom\u00e1ban","description":"(I.\/4) A sorozat f\u0151szerepl\u0151je az ismert r\u00e9g\u00e9sz, Dr. Zahi Hawass, aki a vil\u00e1g egyik legizgalmasabb foglalkoz\u00e1s\u00e1t \u0171zi: \u00faj r\u00e9g\u00e9szeti leleteket fedez fel, mik\u00f6zben 250 \u00e1sat\u00e1st vezet Egyiptom-szerte. Szemtan\u00fai lehet\u00fcnk a kincsek ki\u00e1s\u00e1s\u00e1nak a hihetetlen j\u00f3 \u00e1llapotban megmaradt m\u00fami\u00e1kt\u00f3l Kleop\u00e1tra felt\u00e9telezett s\u00edrj\u00e1ig.","longDescription":"(I.\/4) A sorozat f\u0151szerepl\u0151je az ismert r\u00e9g\u00e9sz, Dr. Zahi Hawass, aki a vil\u00e1g egyik legizgalmasabb foglalkoz\u00e1s\u00e1t \u0171zi: \u00faj r\u00e9g\u00e9szeti leleteket fedez fel, mik\u00f6zben 250 \u00e1sat\u00e1st vezet Egyiptom-szerte. Szemtan\u00fai lehet\u00fcnk a kincsek ki\u00e1s\u00e1s\u00e1nak a hihetetlen j\u00f3 \u00e1llapotban megmaradt m\u00fami\u00e1kt\u00f3l Kleop\u00e1tra felt\u00e9telezett s\u00edrj\u00e1ig.","languageCode":"hun","countryCode":"HU","deviceCode":"web","medium":"TV","categories":[{"id":"271090244398","title":"T\u00e1rsadalmi\/Politikai","scheme":"urn:tva:metadata:cs:UPCEventGenreCS:2009"}],"isAdult":false,"parentalRating":"12","cast":[],"directors":["Jonathan Wyche"],"images":[{"assetType":"boxart-xlarge","assetTypes":["boxart-xlarge"],"width":210,"height":303,"url":"https:\/\/wp16-images-hu-dynamic.horizon.tv\/HU\/Images\/upcgenre_80.jpg?w=210&h=303&mode=box"},{"assetType":"boxart-medium","assetTypes":["boxart-medium"],"width":110,"height":159,"url":"https:\/\/wp16-images-hu-dynamic.horizon.tv\/HU\/Images\/upcgenre_80.jpg?w=110&h=159&mode=box"},{"assetType":"tva-boxcover","assetTypes":["tva-boxcover"],"width":180,"height":260,"url":"https:\/\/wp16-images-hu-dynamic.horizon.tv\/HU\/Images\/upcgenre_80.jpg"},{"assetType":"boxart-small","assetTypes":["boxart-small"],"width":75,"height":108,"url":"https:\/\/wp16-images-hu-dynamic.horizon.tv\/HU\/Images\/upcgenre_80.jpg?w=75&h=108&mode=box"},{"assetType":"boxart-large","assetTypes":["boxart-large"],"width":180,"height":260,"url":"https:\/\/wp16-images-hu-dynamic.horizon.tv\/HU\/Images\/upcgenre_80.jpg?w=180&h=260&mode=box"},{"assetType":"HighResLandscape","assetTypes":["HighResLandscape"],"url":"https:\/\/wp1-images-hu-dynamic.horizon.tv\/HU\/Images\/hrl_c601ad7b744377d10e7d87baf7e0d8cccacd0341.jpg"}],"mediaGroupId":"crid:~~2F~~2Fport.hu~~2F61418859","secondaryTitle":"(I.\/4)","shortDescription":"A sorozat f\u0151szerepl\u0151je az ismert r\u00e9g\u00e9sz, Dr. Zahi Hawass, aki a vil\u00e1g egyik legizgalmasabb foglalkoz\u00e1s\u00e1t \u0171zi: \u00faj r\u00e9g\u00e9szeti leleteket fedez fel, mik\u00f6zben 250 \u00e1sat\u00e1st vezet Egyiptom-szerte.","mediaType":"Episode","year":"2010","isReplayTv":true,"seriesEpisodeNumber":"4","seriesNumber":"1","videoStreams":[],"airDate":1262304000000,"entitlements":["VIP","_OPEN_"],"currentProductIds":[],"currentTvodProductIds":[]},"parentId":"crid:~~2F~~2Fport.hu~~2F61418859","rootId":"crid:~~2F~~2Fport.hu~~2F61418859"}