{"id":"crid:~~2F~~2Fport.hu~~2F64047678-imi:00100000005D2445","countryCode":"HU","languageCode":"hun","deviceCode":"web","startTime":1525480500000,"endTime":1525481700000,"stationId":"826989607211","imi":"imi:00100000005D2445","mediaGroupId":"crid:~~2F~~2Fport.hu~~2F3169731","program":{"id":"crid:~~2F~~2Fport.hu~~2F64047678","title":"Z\u00e1logcsillagok","description":"(XIII.\/6) Mit gondol Rick az 1547-es kiad\u00e1s\u00fa \"The Dance of Death\" k\u00f6nyvr\u0151l? \u00c9s Dr. Seuss liber\u00e1lis szellem\u0171, kit\u00f6m\u00f6tt \u00e1llat gy\u0171jtem\u00e9ny\u00e9r\u0151l?","longDescription":"(XIII.\/6) Mit gondol Rick az 1547-es kiad\u00e1s\u00fa \"The Dance of Death\" k\u00f6nyvr\u0151l? \u00c9s Dr. Seuss liber\u00e1lis szellem\u0171, kit\u00f6m\u00f6tt \u00e1llat gy\u0171jtem\u00e9ny\u00e9r\u0151l?","languageCode":"hun","countryCode":"HU","deviceCode":"web","medium":"TV","categories":[{"id":"271090244349","title":"Show","scheme":"urn:tva:metadata:cs:UPCEventGenreCS:2009"}],"isAdult":false,"parentalRating":"12","cast":[],"directors":[],"images":[{"assetType":"boxart-medium","assetTypes":["boxart-medium"],"width":110,"height":159,"url":"https:\/\/wp11-images-hu-dynamic.horizon.tv\/HU\/Images\/bc_5158a0f306c8675904c45e938bf703d1f9e8547e.jpg?w=110&h=159&mode=box"},{"assetType":"tva-boxcover","assetTypes":["tva-boxcover"],"width":180,"height":260,"url":"https:\/\/wp11-images-hu-dynamic.horizon.tv\/HU\/Images\/bc_5158a0f306c8675904c45e938bf703d1f9e8547e.jpg"},{"assetType":"boxart-xlarge","assetTypes":["boxart-xlarge"],"width":210,"height":303,"url":"https:\/\/wp11-images-hu-dynamic.horizon.tv\/HU\/Images\/bc_5158a0f306c8675904c45e938bf703d1f9e8547e.jpg?w=210&h=303&mode=box"},{"assetType":"boxart-large","assetTypes":["boxart-large"],"width":180,"height":260,"url":"https:\/\/wp11-images-hu-dynamic.horizon.tv\/HU\/Images\/bc_5158a0f306c8675904c45e938bf703d1f9e8547e.jpg?w=180&h=260&mode=box"},{"assetType":"boxart-small","assetTypes":["boxart-small"],"width":75,"height":108,"url":"https:\/\/wp11-images-hu-dynamic.horizon.tv\/HU\/Images\/bc_5158a0f306c8675904c45e938bf703d1f9e8547e.jpg?w=75&h=108&mode=box"},{"assetType":"HighResLandscape","assetTypes":["HighResLandscape"],"url":"https:\/\/wp5-images-hu-dynamic.horizon.tv\/HU\/Images\/hrl_89f87ed658c72258c034570c4970c0e606cf485e.jpg"},{"assetType":"HighResPortrait","assetTypes":["HighResPortrait"],"url":"https:\/\/wp5-images-hu-dynamic.horizon.tv\/HU\/Images\/hrp_44f807df39b92bcb1d3b2bdb77f2182b7e68943a.jpg"}],"mediaGroupId":"crid:~~2F~~2Fport.hu~~2F3169731","secondaryTitle":"Hal\u00e1l \u00e9s taxidermia (XIII.\/6)","shortDescription":"(XIII.\/6) Mit gondol Rick az 1547-es kiad\u00e1s\u00fa \"The Dance of Death\" k\u00f6nyvr\u0151l? \u00c9s Dr. Seuss liber\u00e1lis szellem\u0171, kit\u00f6m\u00f6tt \u00e1llat gy\u0171jtem\u00e9ny\u00e9r\u0151l?","mediaType":"Episode","year":"2015","isReplayTv":false,"seriesEpisodeNumber":"6","seriesNumber":"13","videoStreams":[],"airDate":1420070400000,"entitlements":["VIP","_OPEN_"],"currentProductIds":[],"currentTvodProductIds":[]},"parentId":"crid:~~2F~~2Fport.hu~~2F3169731","rootId":"crid:~~2F~~2Fport.hu~~2F3169731"}