{"id":"crid:~~2F~~2Fport.hu~~2F90570411-imi:00100000005D4259","countryCode":"HU","languageCode":"hun","deviceCode":"web","startTime":1525534380000,"endTime":1525535400000,"stationId":"826989607228","imi":"imi:00100000005D4259","mediaGroupId":"crid:~~2F~~2Fport.hu~~2F67977139","program":{"id":"crid:~~2F~~2Fport.hu~~2F90570411","title":"Itthon vagy!","description":"Magyarorsz\u00e1gr\u00f3l hat\u00e1ron innen \u00e9s t\u00fal. Sok olyan helysz\u00ednnel, ami az \u00fatik\u00f6nyvekb\u0151l sem marad ki, de sz\u00e1mos olyan inform\u00e1ci\u00f3val, ami lehet, hogy igen.Mes\u00e9l\u0151 v\u00e1rosok, mes\u00e9l\u0151 k\u00e9pek - helyenk\u00e9nt onnan, ahol csak a mad\u00e1r j\u00e1r.A sorozat szerkezete, tematik\u00e1ja mint egy modern, informat\u00edv \u00fatikalauz\u00e9. Infografik\u00e1k k\u00f6zbeiktat\u00e1s\u00e1val \u00fagy mutatunk be helyeket, programokat, szabadid\u0151s aktivit\u00e1sokat, hogy mindenki megtal\u00e1lhassa a neki legmegfelel\u0151bbet.","longDescription":"Magyarorsz\u00e1gr\u00f3l hat\u00e1ron innen \u00e9s t\u00fal. Sok olyan helysz\u00ednnel, ami az \u00fatik\u00f6nyvekb\u0151l sem marad ki, de sz\u00e1mos olyan inform\u00e1ci\u00f3val, ami lehet, hogy igen.Mes\u00e9l\u0151 v\u00e1rosok, mes\u00e9l\u0151 k\u00e9pek - helyenk\u00e9nt onnan, ahol csak a mad\u00e1r j\u00e1r.A sorozat szerkezete, tematik\u00e1ja mint egy modern, informat\u00edv \u00fatikalauz\u00e9. Infografik\u00e1k k\u00f6zbeiktat\u00e1s\u00e1val \u00fagy mutatunk be helyeket, programokat, szabadid\u0151s aktivit\u00e1sokat, hogy mindenki megtal\u00e1lhassa a neki legmegfelel\u0151bbet.","languageCode":"hun","countryCode":"HU","deviceCode":"web","medium":"TV","categories":[{"id":"271090244411","title":"Szabadid\u0151","scheme":"urn:tva:metadata:cs:UPCEventGenreCS:2009"},{"id":"271090244412","title":"Utaz\u00e1s","scheme":"urn:tva:metadata:cs:UPCEventGenreCS:2009"}],"isAdult":false,"parentalRating":"3","cast":[],"directors":["Krisk\u00f3 L\u00e1szl\u00f3","Csincsi Zolt\u00e1n"],"images":[{"assetType":"boxart-small","assetTypes":["boxart-small"],"width":75,"height":108,"url":"https:\/\/wp26-images-hu-dynamic.horizon.tv\/HU\/Images\/upcgenre_A1.jpg?w=75&h=108&mode=box"},{"assetType":"boxart-xlarge","assetTypes":["boxart-xlarge"],"width":210,"height":303,"url":"https:\/\/wp26-images-hu-dynamic.horizon.tv\/HU\/Images\/upcgenre_A1.jpg?w=210&h=303&mode=box"},{"assetType":"boxart-large","assetTypes":["boxart-large"],"width":180,"height":260,"url":"https:\/\/wp26-images-hu-dynamic.horizon.tv\/HU\/Images\/upcgenre_A1.jpg?w=180&h=260&mode=box"},{"assetType":"boxart-medium","assetTypes":["boxart-medium"],"width":110,"height":159,"url":"https:\/\/wp26-images-hu-dynamic.horizon.tv\/HU\/Images\/upcgenre_A1.jpg?w=110&h=159&mode=box"},{"assetType":"tva-boxcover","assetTypes":["tva-boxcover"],"width":180,"height":260,"url":"https:\/\/wp26-images-hu-dynamic.horizon.tv\/HU\/Images\/upcgenre_A1.jpg"},{"assetType":"HighResLandscape","assetTypes":["HighResLandscape"],"url":"https:\/\/wp14-images-hu-dynamic.horizon.tv\/HU\/Images\/hrl_3acf22b3b6779e906f7962e4f36a4b1842d93a7b.jpg"}],"mediaGroupId":"crid:~~2F~~2Fport.hu~~2F67977139","shortDescription":"Magyarorsz\u00e1gr\u00f3l hat\u00e1ron innen \u00e9s t\u00fal. Sok olyan helysz\u00ednnel, ami az \u00fatik\u00f6nyvekb\u0151l sem marad ki, de sz\u00e1mos olyan inform\u00e1ci\u00f3val, ami lehet, hogy igen.Mes\u00e9l\u0151 v\u00e1rosok, mes\u00e9l\u0151 k\u00e9pek - helyenk\u00e9nt onnan,...","mediaType":"Episode","isReplayTv":false,"seriesEpisodeNumber":"1805051733","seriesNumber":"1805070400","videoStreams":[],"entitlements":["VIP","_OPEN_"],"currentProductIds":[],"currentTvodProductIds":[]},"parentId":"crid:~~2F~~2Fport.hu~~2F67977139","rootId":"crid:~~2F~~2Fport.hu~~2F67977139"}