{"id":"crid:~~2F~~2Fport.hu~~2F81489122-imi:00100000005D288D","countryCode":"HU","languageCode":"hun","deviceCode":"web","startTime":1525487400000,"endTime":1525492800000,"stationId":"826989607137","imi":"imi:00100000005D288D","mediaGroupId":"crid:~~2F~~2Fport.hu~~2F81489122","program":{"id":"crid:~~2F~~2Fport.hu~~2F81489122","title":"Kentaur","description":"Kentaur egyszer\u0171 \u00e9letet \u00e9l a s\u00fcketn\u00e9ma feles\u00e9g\u00e9vel \u00e9s a kisfi\u00e1val egy t\u00e1voli kirg\u00edz faluban. \u00c1m \u00e9lete a feje tetej\u00e9re \u00e1ll, amikor a lelk\u00e9t egy legenda kezdi k\u00eds\u00e9rteni. Amikor ellopnak egy versenylovat, Kentaur szembes\u00fcl a k\u00f6vetkezm\u00e9nyekkel.","longDescription":"Kentaur egyszer\u0171 \u00e9letet \u00e9l a s\u00fcketn\u00e9ma feles\u00e9g\u00e9vel \u00e9s a kisfi\u00e1val egy t\u00e1voli kirg\u00edz faluban. \u00c1m \u00e9lete a feje tetej\u00e9re \u00e1ll, amikor a lelk\u00e9t egy legenda kezdi k\u00eds\u00e9rteni. Amikor ellopnak egy versenylovat, Kentaur szembes\u00fcl a k\u00f6vetkezm\u00e9nyekkel.","languageCode":"hun","countryCode":"HU","deviceCode":"web","medium":"Movie","categories":[{"id":"271090244330","title":"J\u00e1t\u00e9kfilm","scheme":"urn:tva:metadata:cs:UPCEventGenreCS:2009"}],"isAdult":false,"parentalRating":"12","cast":["Aktan Arym Kubat","Bolot Tentimyshov","Zarema Asanalieva","Ilim Kalmuratov","Nuraly Tursunkojoev"],"directors":["Aktan Arym Kubat"],"images":[{"assetType":"boxart-large","assetTypes":["boxart-large"],"width":180,"height":260,"url":"https:\/\/wp20-images-hu-dynamic.horizon.tv\/HU\/Images\/bc_6644a35802270dc26ddad58c7791c1615209d0d3.jpg?w=180&h=260&mode=box"},{"assetType":"boxart-small","assetTypes":["boxart-small"],"width":75,"height":108,"url":"https:\/\/wp20-images-hu-dynamic.horizon.tv\/HU\/Images\/bc_6644a35802270dc26ddad58c7791c1615209d0d3.jpg?w=75&h=108&mode=box"},{"assetType":"tva-boxcover","assetTypes":["tva-boxcover"],"width":180,"height":260,"url":"https:\/\/wp20-images-hu-dynamic.horizon.tv\/HU\/Images\/bc_6644a35802270dc26ddad58c7791c1615209d0d3.jpg"},{"assetType":"boxart-xlarge","assetTypes":["boxart-xlarge"],"width":210,"height":303,"url":"https:\/\/wp20-images-hu-dynamic.horizon.tv\/HU\/Images\/bc_6644a35802270dc26ddad58c7791c1615209d0d3.jpg?w=210&h=303&mode=box"},{"assetType":"boxart-medium","assetTypes":["boxart-medium"],"width":110,"height":159,"url":"https:\/\/wp20-images-hu-dynamic.horizon.tv\/HU\/Images\/bc_6644a35802270dc26ddad58c7791c1615209d0d3.jpg?w=110&h=159&mode=box"},{"assetType":"HighResPortrait","assetTypes":["HighResPortrait"],"url":"https:\/\/wp20-images-hu-dynamic.horizon.tv\/HU\/Images\/hrp_d3011ad9c9e929067842ec3aa89725ac6304af36.jpg"},{"assetType":"HighResLandscape","assetTypes":["HighResLandscape"],"url":"https:\/\/wp20-images-hu-dynamic.horizon.tv\/HU\/Images\/hrl_902b4c9efc75b326e7060690488cea98e7f8ebf1.jpg"}],"mediaGroupId":"crid:~~2F~~2Fport.hu~~2F81489122","shortDescription":"Kentaur egyszer\u0171 \u00e9letet \u00e9l a s\u00fcketn\u00e9ma feles\u00e9g\u00e9vel \u00e9s a kisfi\u00e1val egy t\u00e1voli kirg\u00edz faluban. \u00c1m \u00e9lete a feje tetej\u00e9re \u00e1ll, amikor a lelk\u00e9t egy legenda kezdi k\u00eds\u00e9rteni. Amikor ellopnak egy...","mediaType":"FeatureFilm","year":"2017","isReplayTv":false,"videoStreams":[],"airDate":1483228800000,"entitlements":["VIP","_OPEN_"],"currentProductIds":[],"currentTvodProductIds":[]},"parentId":"crid:~~2F~~2Fport.hu~~2F81489122","rootId":"crid:~~2F~~2Fport.hu~~2F81489122"}