{"id":"crid:~~2F~~2Fport.hu~~2F1249737-imi:00100000005D3774","countryCode":"HU","languageCode":"hun","deviceCode":"web","startTime":1525554900000,"endTime":1525561500000,"stationId":"826989607136","imi":"imi:00100000005D3774","mediaGroupId":"crid:~~2F~~2Fport.hu~~2F1249737","program":{"id":"crid:~~2F~~2Fport.hu~~2F1249737","title":"Equilibrium \u2013 Gyilkos nyugalom","description":"Valahol a 21. sz\u00e1zadban, a harmadik vil\u00e1gh\u00e1bor\u00fa ut\u00e1n: a megt\u00e9p\u00e1zott emberis\u00e9g \u00e9l\u00e9re egy gonosz csoport \u00e1ll, az Atya vezet\u00e9s\u00e9vel.","longDescription":"Valahol a 21. sz\u00e1zadban, a harmadik vil\u00e1gh\u00e1bor\u00fa ut\u00e1n: a megt\u00e9p\u00e1zott emberis\u00e9g \u00e9l\u00e9re egy gonosz csoport \u00e1ll, az Atya vezet\u00e9s\u00e9vel.","languageCode":"hun","countryCode":"HU","deviceCode":"web","medium":"Movie","categories":[{"id":"271090244333","title":"Sci-fi\/Horrorfilm","scheme":"urn:tva:metadata:cs:UPCEventGenreCS:2009"}],"isAdult":false,"parentalRating":"18","cast":["Christian Bale","Emily Watson","Joachim Paul Assb\u00f6ck","Sean Bean","Taye Diggs","William Fichtner"],"directors":["Kurt Wimmer"],"images":[{"assetType":"boxart-xlarge","assetTypes":["boxart-xlarge"],"width":210,"height":303,"url":"https:\/\/wp10-images-hu-dynamic.horizon.tv\/HU\/Images\/bc_06da40787f5013ccb0d32d5f6c18b26a86dae653.jpg?w=210&h=303&mode=box"},{"assetType":"boxart-medium","assetTypes":["boxart-medium"],"width":110,"height":159,"url":"https:\/\/wp10-images-hu-dynamic.horizon.tv\/HU\/Images\/bc_06da40787f5013ccb0d32d5f6c18b26a86dae653.jpg?w=110&h=159&mode=box"},{"assetType":"boxart-large","assetTypes":["boxart-large"],"width":180,"height":260,"url":"https:\/\/wp10-images-hu-dynamic.horizon.tv\/HU\/Images\/bc_06da40787f5013ccb0d32d5f6c18b26a86dae653.jpg?w=180&h=260&mode=box"},{"assetType":"boxart-small","assetTypes":["boxart-small"],"width":75,"height":108,"url":"https:\/\/wp10-images-hu-dynamic.horizon.tv\/HU\/Images\/bc_06da40787f5013ccb0d32d5f6c18b26a86dae653.jpg?w=75&h=108&mode=box"},{"assetType":"tva-boxcover","assetTypes":["tva-boxcover"],"width":180,"height":260,"url":"https:\/\/wp10-images-hu-dynamic.horizon.tv\/HU\/Images\/bc_06da40787f5013ccb0d32d5f6c18b26a86dae653.jpg"}],"mediaGroupId":"crid:~~2F~~2Fport.hu~~2F1249737","shortDescription":"Valahol a 21. sz\u00e1zadban, a harmadik vil\u00e1gh\u00e1bor\u00fa ut\u00e1n: a megt\u00e9p\u00e1zott emberis\u00e9g \u00e9l\u00e9re egy gonosz csoport \u00e1ll. Betiltanak mindennem\u0171 m\u0171v\u00e9szeti alkot\u00e1st, s\u0151t az \u00e9rzelmek \u00e1t\u00e9l\u00e9s\u00e9t is.","mediaType":"FeatureFilm","year":"2002","isReplayTv":false,"videoStreams":[],"airDate":1009843200000,"entitlements":["VIP","_OPEN_"],"currentProductIds":[],"currentTvodProductIds":[]},"parentId":"crid:~~2F~~2Fport.hu~~2F1249737","rootId":"crid:~~2F~~2Fport.hu~~2F1249737"}