{"id":"crid:~~2F~~2Fport.hu~~2F90801504-imi:00100000005D49D9","countryCode":"HU","languageCode":"hun","deviceCode":"web","startTime":1525582800000,"endTime":1525584600000,"stationId":"826989607277","imi":"imi:00100000005D49D9","mediaGroupId":"crid:~~2F~~2Fport.hu~~2F65560248","program":{"id":"crid:~~2F~~2Fport.hu~~2F90801504","title":"Kr\u00f3nika","description":"Heti h\u00edr\u00f6sszefoglal\u00f3","longDescription":"Heti h\u00edr\u00f6sszefoglal\u00f3","languageCode":"hun","countryCode":"HU","deviceCode":"web","medium":"TV","categories":[{"id":"271090244344","title":"H\u00edrek","scheme":"urn:tva:metadata:cs:UPCEventGenreCS:2009"}],"isAdult":false,"parentalRating":"3","cast":[],"directors":[],"images":[{"assetType":"boxart-xlarge","assetTypes":["boxart-xlarge"],"width":210,"height":303,"url":"https:\/\/wp19-images-hu-dynamic.horizon.tv\/HU\/Images\/upcgenre_20.jpg?w=210&h=303&mode=box"},{"assetType":"boxart-medium","assetTypes":["boxart-medium"],"width":110,"height":159,"url":"https:\/\/wp19-images-hu-dynamic.horizon.tv\/HU\/Images\/upcgenre_20.jpg?w=110&h=159&mode=box"},{"assetType":"boxart-large","assetTypes":["boxart-large"],"width":180,"height":260,"url":"https:\/\/wp19-images-hu-dynamic.horizon.tv\/HU\/Images\/upcgenre_20.jpg?w=180&h=260&mode=box"},{"assetType":"tva-boxcover","assetTypes":["tva-boxcover"],"width":180,"height":260,"url":"https:\/\/wp19-images-hu-dynamic.horizon.tv\/HU\/Images\/upcgenre_20.jpg"},{"assetType":"boxart-small","assetTypes":["boxart-small"],"width":75,"height":108,"url":"https:\/\/wp19-images-hu-dynamic.horizon.tv\/HU\/Images\/upcgenre_20.jpg?w=75&h=108&mode=box"}],"mediaGroupId":"crid:~~2F~~2Fport.hu~~2F65560248","shortDescription":"Heti h\u00edr\u00f6sszefoglal\u00f3","mediaType":"Episode","isReplayTv":false,"seriesEpisodeNumber":"1805060700","seriesNumber":"1805051800","videoStreams":[],"entitlements":["VIP","_OPEN_"],"currentProductIds":[],"currentTvodProductIds":[]},"parentId":"crid:~~2F~~2Fport.hu~~2F65560248","rootId":"crid:~~2F~~2Fport.hu~~2F65560248"}