{"id":"crid:~~2F~~2Fport.hu~~2F58386536-imi:00100000005D3972","countryCode":"HU","languageCode":"hun","deviceCode":"web","startTime":1525630200000,"endTime":1525633200000,"stationId":"826989607162","imi":"imi:00100000005D3972","mediaGroupId":"crid:~~2F~~2Fport.hu~~2F25262352","program":{"id":"crid:~~2F~~2Fport.hu~~2F58386536","title":"NASA: Lez\u00e1ratlan akt\u00e1k","description":"(II.\/6) Egy orosz szonda kider\u00edti, hogy valami felkavarta a Hold talaj\u00e1t m\u00e1r azel\u0151tt, hogy az amerikaiak vagy az oroszok oda\u00e9rtek volna. Vajon a n\u00e1cik j\u00e1rtak el\u0151sz\u00f6r a Holdon?","longDescription":"(II.\/6) Egy orosz szonda kider\u00edti, hogy valami felkavarta a Hold talaj\u00e1t m\u00e1r azel\u0151tt, hogy az amerikaiak vagy az oroszok oda\u00e9rtek volna. Vajon a n\u00e1cik j\u00e1rtak el\u0151sz\u00f6r a Holdon?","languageCode":"hun","countryCode":"HU","deviceCode":"web","medium":"TV","categories":[{"id":"271090244398","title":"T\u00e1rsadalmi\/Politikai","scheme":"urn:tva:metadata:cs:UPCEventGenreCS:2009"}],"isAdult":false,"parentalRating":"3","cast":[],"directors":[],"images":[{"assetType":"boxart-large","assetTypes":["boxart-large"],"width":180,"height":260,"url":"https:\/\/wp25-images-hu-dynamic.horizon.tv\/HU\/Images\/upcgenre_80.jpg?w=180&h=260&mode=box"},{"assetType":"boxart-xlarge","assetTypes":["boxart-xlarge"],"width":210,"height":303,"url":"https:\/\/wp25-images-hu-dynamic.horizon.tv\/HU\/Images\/upcgenre_80.jpg?w=210&h=303&mode=box"},{"assetType":"tva-boxcover","assetTypes":["tva-boxcover"],"width":180,"height":260,"url":"https:\/\/wp25-images-hu-dynamic.horizon.tv\/HU\/Images\/upcgenre_80.jpg"},{"assetType":"boxart-small","assetTypes":["boxart-small"],"width":75,"height":108,"url":"https:\/\/wp25-images-hu-dynamic.horizon.tv\/HU\/Images\/upcgenre_80.jpg?w=75&h=108&mode=box"},{"assetType":"boxart-medium","assetTypes":["boxart-medium"],"width":110,"height":159,"url":"https:\/\/wp25-images-hu-dynamic.horizon.tv\/HU\/Images\/upcgenre_80.jpg?w=110&h=159&mode=box"},{"assetType":"HighResLandscape","assetTypes":["HighResLandscape"],"url":"https:\/\/wp11-images-hu-dynamic.horizon.tv\/HU\/Images\/hrl_61414fa3dfc9d1552491668046117991370b6115.jpg"}],"mediaGroupId":"crid:~~2F~~2Fport.hu~~2F25262352","secondaryTitle":"N\u00e1cik a Holdon (II.\/6)","shortDescription":"Lehet-e \u00e9let a F\u00f6ld\u00f6n k\u00edv\u00fcl? Az uf\u00f3jelens\u00e9geket bemutat\u00f3 rendk\u00edv\u00fcli NASA-felv\u00e9telek mellett \u00fatt\u00f6r\u0151 jelent\u0151s\u00e9g\u0171 interj\u00fakat l\u00e1thatunk \u0171rhaj\u00f3sokkal \u00e9s tud\u00f3sokkal.","mediaType":"Episode","year":"2015","isReplayTv":false,"seriesEpisodeNumber":"6","seriesNumber":"2","videoStreams":[],"airDate":1420070400000,"entitlements":["VIP","_OPEN_"],"currentProductIds":[],"currentTvodProductIds":[]},"parentId":"crid:~~2F~~2Fport.hu~~2F25262352","rootId":"crid:~~2F~~2Fport.hu~~2F25262352"}