{"id":"crid:~~2F~~2Fport.hu~~2F90314671-imi:00100000005D4A5F","countryCode":"HU","languageCode":"hun","deviceCode":"web","startTime":1525582500000,"endTime":1525586100000,"stationId":"826989607193","imi":"imi:00100000005D4A5F","mediaGroupId":"crid:~~2F~~2Fport.hu~~2F66493983","program":{"id":"crid:~~2F~~2Fport.hu~~2F90314671","title":"Reggeli vigad\u00f3","description":"Zene","longDescription":"Zene","languageCode":"hun","countryCode":"HU","deviceCode":"web","medium":"TV","categories":[{"id":"271090244377","title":"Zene","scheme":"urn:tva:metadata:cs:UPCEventGenreCS:2009"}],"isAdult":false,"parentalRating":"12","cast":[],"directors":[],"images":[{"assetType":"boxart-medium","assetTypes":["boxart-medium"],"width":110,"height":159,"url":"https:\/\/wp27-images-hu-dynamic.horizon.tv\/HU\/Images\/upcgenre_60.jpg?w=110&h=159&mode=box"},{"assetType":"boxart-xlarge","assetTypes":["boxart-xlarge"],"width":210,"height":303,"url":"https:\/\/wp27-images-hu-dynamic.horizon.tv\/HU\/Images\/upcgenre_60.jpg?w=210&h=303&mode=box"},{"assetType":"boxart-large","assetTypes":["boxart-large"],"width":180,"height":260,"url":"https:\/\/wp27-images-hu-dynamic.horizon.tv\/HU\/Images\/upcgenre_60.jpg?w=180&h=260&mode=box"},{"assetType":"tva-boxcover","assetTypes":["tva-boxcover"],"width":180,"height":260,"url":"https:\/\/wp27-images-hu-dynamic.horizon.tv\/HU\/Images\/upcgenre_60.jpg"},{"assetType":"boxart-small","assetTypes":["boxart-small"],"width":75,"height":108,"url":"https:\/\/wp27-images-hu-dynamic.horizon.tv\/HU\/Images\/upcgenre_60.jpg?w=75&h=108&mode=box"}],"mediaGroupId":"crid:~~2F~~2Fport.hu~~2F66493983","shortDescription":"Zene","mediaType":"Episode","isReplayTv":false,"seriesEpisodeNumber":"1805060655","seriesNumber":"1805100655","videoStreams":[],"entitlements":["VIP","_OPEN_"],"currentProductIds":[],"currentTvodProductIds":[]},"parentId":"crid:~~2F~~2Fport.hu~~2F66493983","rootId":"crid:~~2F~~2Fport.hu~~2F66493983"}