{"id":"crid:~~2F~~2Fport.hu~~2F73643192-imi:00100000005D919B","countryCode":"HU","languageCode":"hun","deviceCode":"web","startTime":1525654800000,"endTime":1525656600000,"stationId":"826989607276","imi":"imi:00100000005D919B","mediaGroupId":"crid:~~2F~~2Fport.hu~~2F36980610","program":{"id":"crid:~~2F~~2Fport.hu~~2F73643192","title":"\u00c9let a Karib-szigeteken","description":"Egy kansasi csal\u00e1d a t\u00f6k\u00e9letes tengerparti lak\u00e1st keresi, hogy \u00faj kalandba v\u00e1ghasson az Amerikai Virgin-szigeteken.","longDescription":"Egy kansasi csal\u00e1d a t\u00f6k\u00e9letes tengerparti lak\u00e1st keresi, hogy \u00faj kalandba v\u00e1ghasson az Amerikai Virgin-szigeteken.","languageCode":"hun","countryCode":"HU","deviceCode":"web","medium":"TV","categories":[{"id":"271090244349","title":"Show","scheme":"urn:tva:metadata:cs:UPCEventGenreCS:2009"}],"isAdult":false,"parentalRating":"3","cast":[],"directors":[],"images":[{"assetType":"boxart-small","assetTypes":["boxart-small"],"width":75,"height":108,"url":"https:\/\/wp11-images-hu-dynamic.horizon.tv\/HU\/Images\/upcgenre_30.jpg?w=75&h=108&mode=box"},{"assetType":"boxart-large","assetTypes":["boxart-large"],"width":180,"height":260,"url":"https:\/\/wp11-images-hu-dynamic.horizon.tv\/HU\/Images\/upcgenre_30.jpg?w=180&h=260&mode=box"},{"assetType":"boxart-medium","assetTypes":["boxart-medium"],"width":110,"height":159,"url":"https:\/\/wp11-images-hu-dynamic.horizon.tv\/HU\/Images\/upcgenre_30.jpg?w=110&h=159&mode=box"},{"assetType":"tva-boxcover","assetTypes":["tva-boxcover"],"width":180,"height":260,"url":"https:\/\/wp11-images-hu-dynamic.horizon.tv\/HU\/Images\/upcgenre_30.jpg"},{"assetType":"boxart-xlarge","assetTypes":["boxart-xlarge"],"width":210,"height":303,"url":"https:\/\/wp11-images-hu-dynamic.horizon.tv\/HU\/Images\/upcgenre_30.jpg?w=210&h=303&mode=box"}],"mediaGroupId":"crid:~~2F~~2Fport.hu~~2F36980610","secondaryTitle":"Tengerpart St. Thomas sziget\u00e9n","shortDescription":"P\u00e1rok, csal\u00e1dok, akik beleszerettek a Karib-szigeteken val\u00f3 \u00e9letbe.","mediaType":"Episode","year":"2014","isReplayTv":false,"seriesEpisodeNumber":"1805070300","seriesNumber":"1805050300","videoStreams":[],"airDate":1388534400000,"entitlements":["VIP","_OPEN_"],"currentProductIds":[],"currentTvodProductIds":[]},"parentId":"crid:~~2F~~2Fport.hu~~2F36980610","rootId":"crid:~~2F~~2Fport.hu~~2F36980610"}