{"id":"crid:~~2F~~2Fport.hu~~2F90569943-imi:00100000005D3A0F","countryCode":"HU","languageCode":"hun","deviceCode":"web","startTime":1525532100000,"endTime":1525539300000,"stationId":"826989607180","imi":"imi:00100000005D3A0F","mediaGroupId":"crid:~~2F~~2Fport.hu~~2F69047442","program":{"id":"crid:~~2F~~2Fport.hu~~2F90569943","title":"H\u00e9tv\u00e9gi bel\u00e9p\u0151","description":"Show","longDescription":"Show","languageCode":"hun","countryCode":"HU","deviceCode":"web","medium":"TV","categories":[{"id":"271090244349","title":"Show","scheme":"urn:tva:metadata:cs:UPCEventGenreCS:2009"}],"isAdult":false,"parentalRating":"3","cast":[],"directors":[],"images":[{"assetType":"boxart-xlarge","assetTypes":["boxart-xlarge"],"width":210,"height":303,"url":"https:\/\/wp3-images-hu-dynamic.horizon.tv\/HU\/Images\/upcgenre_30.jpg?w=210&h=303&mode=box"},{"assetType":"boxart-medium","assetTypes":["boxart-medium"],"width":110,"height":159,"url":"https:\/\/wp3-images-hu-dynamic.horizon.tv\/HU\/Images\/upcgenre_30.jpg?w=110&h=159&mode=box"},{"assetType":"boxart-large","assetTypes":["boxart-large"],"width":180,"height":260,"url":"https:\/\/wp3-images-hu-dynamic.horizon.tv\/HU\/Images\/upcgenre_30.jpg?w=180&h=260&mode=box"},{"assetType":"boxart-small","assetTypes":["boxart-small"],"width":75,"height":108,"url":"https:\/\/wp3-images-hu-dynamic.horizon.tv\/HU\/Images\/upcgenre_30.jpg?w=75&h=108&mode=box"},{"assetType":"tva-boxcover","assetTypes":["tva-boxcover"],"width":180,"height":260,"url":"https:\/\/wp3-images-hu-dynamic.horizon.tv\/HU\/Images\/upcgenre_30.jpg"}],"mediaGroupId":"crid:~~2F~~2Fport.hu~~2F69047442","shortDescription":"Show","mediaType":"Episode","isReplayTv":false,"seriesEpisodeNumber":"1805051655","seriesNumber":"1805051000","videoStreams":[],"entitlements":["VIP","_OPEN_"],"currentProductIds":[],"currentTvodProductIds":[]},"parentId":"crid:~~2F~~2Fport.hu~~2F69047442","rootId":"crid:~~2F~~2Fport.hu~~2F69047442"}