{"id":"crid:~~2F~~2Fport.hu~~2F66729250-imi:00100000005D2FAB","countryCode":"HU","languageCode":"hun","deviceCode":"web","startTime":1525444500000,"endTime":1525448400000,"stationId":"826989607188","imi":"imi:00100000005D2FAB","mediaGroupId":"crid:~~2F~~2Fport.hu~~2F2431587","program":{"id":"crid:~~2F~~2Fport.hu~~2F66729250","title":"SOKO \u2013 Alpesi nyomoz\u00f3k","description":"Krimi","longDescription":"Krimi","languageCode":"hun","countryCode":"HU","deviceCode":"web","medium":"TV","categories":[{"id":"271090244428","title":"Dr\u00e1ma","scheme":"urn:tva:metadata:cs:UPCEventGenreCS:2009"},{"id":"271090756041","title":"Krimi","scheme":"urn:tva:metadata:cs:UPCEventGenreCS:2009"}],"isAdult":false,"parentalRating":"12","cast":["Kristina Sprenger","Jakob Seeb\u00f6ck","Heinz Marecek","Andrea L'Arronge","Ferry Oellinger","Max Engelke","Franziska Hackl","Simon Hatzl","Christine Klein","Isolde Pezet","Manfred Schmid","Christoph von Friedl","Max Woelky"],"directors":["Andreas Prochaska","Carl Lang","Martin Kinkel"],"images":[{"assetType":"boxart-large","assetTypes":["boxart-large"],"width":180,"height":260,"url":"https:\/\/wp3-images-hu-dynamic.horizon.tv\/HU\/Images\/bc_f2f752528657557b919cfa56436b95313d753974.jpg?w=180&h=260&mode=box"},{"assetType":"boxart-small","assetTypes":["boxart-small"],"width":75,"height":108,"url":"https:\/\/wp3-images-hu-dynamic.horizon.tv\/HU\/Images\/bc_f2f752528657557b919cfa56436b95313d753974.jpg?w=75&h=108&mode=box"},{"assetType":"boxart-xlarge","assetTypes":["boxart-xlarge"],"width":210,"height":303,"url":"https:\/\/wp3-images-hu-dynamic.horizon.tv\/HU\/Images\/bc_f2f752528657557b919cfa56436b95313d753974.jpg?w=210&h=303&mode=box"},{"assetType":"boxart-medium","assetTypes":["boxart-medium"],"width":110,"height":159,"url":"https:\/\/wp3-images-hu-dynamic.horizon.tv\/HU\/Images\/bc_f2f752528657557b919cfa56436b95313d753974.jpg?w=110&h=159&mode=box"},{"assetType":"tva-boxcover","assetTypes":["tva-boxcover"],"width":180,"height":260,"url":"https:\/\/wp3-images-hu-dynamic.horizon.tv\/HU\/Images\/bc_f2f752528657557b919cfa56436b95313d753974.jpg"},{"assetType":"HighResLandscape","assetTypes":["HighResLandscape"],"url":"https:\/\/wp22-images-hu-dynamic.horizon.tv\/HU\/Images\/hrl_1ab9cfa2845da47de660612ee4280845fdee2c21.jpg"}],"mediaGroupId":"crid:~~2F~~2Fport.hu~~2F2431587","secondaryTitle":"(XIII.\/5)","shortDescription":"Krimi","mediaType":"Episode","year":"2011","isReplayTv":false,"seriesEpisodeNumber":"5","seriesNumber":"13","videoStreams":[],"airDate":1293840000000,"entitlements":["VIP","_OPEN_"],"currentProductIds":[],"currentTvodProductIds":[]},"parentId":"crid:~~2F~~2Fport.hu~~2F2431587","rootId":"crid:~~2F~~2Fport.hu~~2F2431587"}