{"id":"crid:~~2F~~2Fport.hu~~2F68056558-imi:00100000005D5A8E","countryCode":"HU","languageCode":"hun","deviceCode":"web","startTime":1525705200000,"endTime":1525708800000,"stationId":"826989607216","imi":"imi:00100000005D5A8E","mediaGroupId":"crid:~~2F~~2Fport.hu~~2F67569907","program":{"id":"crid:~~2F~~2Fport.hu~~2F68056558","title":"Magyarorsz\u00e1g mad\u00e1rt\u00e1vlatb\u00f3l","description":"(3) Az OzoneNetwork egy itthon m\u00e9g teljesen egyed\u00fcl\u00e1ll\u00f3, \u00fajszer\u0171, t\u00f6bbr\u00e9szes, eg\u00e9sz est\u00e9s dokumentumfilm sorozattal jelentkezik. El\u0151sz\u00f6r l\u00e1thatj\u00e1k ugyanis Magyarorsz\u00e1got mad\u00e1rt\u00e1vlatb\u00f3l, egy oktokopterre felszerelt kamera seg\u00edts\u00e9g\u00e9vel.","longDescription":"(3) Az OzoneNetwork egy itthon m\u00e9g teljesen egyed\u00fcl\u00e1ll\u00f3, \u00fajszer\u0171, t\u00f6bbr\u00e9szes, eg\u00e9sz est\u00e9s dokumentumfilm sorozattal jelentkezik. El\u0151sz\u00f6r l\u00e1thatj\u00e1k ugyanis Magyarorsz\u00e1got mad\u00e1rt\u00e1vlatb\u00f3l, egy oktokopterre felszerelt kamera seg\u00edts\u00e9g\u00e9vel.","languageCode":"hun","countryCode":"HU","deviceCode":"web","medium":"TV","categories":[{"id":"271090244411","title":"Szabadid\u0151","scheme":"urn:tva:metadata:cs:UPCEventGenreCS:2009"},{"id":"271090244412","title":"Utaz\u00e1s","scheme":"urn:tva:metadata:cs:UPCEventGenreCS:2009"}],"isAdult":false,"parentalRating":"3","cast":[],"directors":[],"images":[{"assetType":"boxart-large","assetTypes":["boxart-large"],"width":180,"height":260,"url":"https:\/\/wp20-images-hu-dynamic.horizon.tv\/HU\/Images\/upcgenre_A1.jpg?w=180&h=260&mode=box"},{"assetType":"boxart-small","assetTypes":["boxart-small"],"width":75,"height":108,"url":"https:\/\/wp20-images-hu-dynamic.horizon.tv\/HU\/Images\/upcgenre_A1.jpg?w=75&h=108&mode=box"},{"assetType":"boxart-medium","assetTypes":["boxart-medium"],"width":110,"height":159,"url":"https:\/\/wp20-images-hu-dynamic.horizon.tv\/HU\/Images\/upcgenre_A1.jpg?w=110&h=159&mode=box"},{"assetType":"boxart-xlarge","assetTypes":["boxart-xlarge"],"width":210,"height":303,"url":"https:\/\/wp20-images-hu-dynamic.horizon.tv\/HU\/Images\/upcgenre_A1.jpg?w=210&h=303&mode=box"},{"assetType":"tva-boxcover","assetTypes":["tva-boxcover"],"width":180,"height":260,"url":"https:\/\/wp20-images-hu-dynamic.horizon.tv\/HU\/Images\/upcgenre_A1.jpg"},{"assetType":"HighResLandscape","assetTypes":["HighResLandscape"],"url":"https:\/\/wp4-images-hu-dynamic.horizon.tv\/HU\/Images\/hrl_6d02dffbe426c18e7e2586a00075c733766773e3.jpg"}],"mediaGroupId":"crid:~~2F~~2Fport.hu~~2F67569907","secondaryTitle":"Eger \u00e9s a B\u00fckk-hegys\u00e9g (3)","shortDescription":"Az OzoneNetwork egy eg\u00e9sz est\u00e9s dokumentumfilmmel jelentkezik. El\u0151sz\u00f6r l\u00e1thatj\u00e1k ugyanis Magyarorsz\u00e1got mad\u00e1rt\u00e1vlatb\u00f3l, egy oktokopterre felszerelt kamera seg\u00edts\u00e9g\u00e9vel.","mediaType":"Episode","year":"2014","duration":3600,"latestBroadcastStartTime":1525464000000,"latestBroadcastEndTime":1525467600000,"isReplayTv":true,"listingId":"crid:~~2F~~2Fport.hu~~2F68056558-imi:00100000005D237F","seriesEpisodeNumber":"3","seriesNumber":"1805111100","videoStreams":[],"airDate":1388534400000,"entitlements":["crid:~~2F~~2Fupc.com~~2FReplayTV~~2FOzone_Network_ReplayTV","VIP","_OPEN_"],"currentProductIds":["crid:~~2F~~2Fupc.com~~2FReplayTV~~2FOzone_Network_ReplayTV"],"currentTvodProductIds":[]},"parentId":"crid:~~2F~~2Fport.hu~~2F67569907","rootId":"crid:~~2F~~2Fport.hu~~2F67569907"}