{"id":"crid:~~2F~~2Fport.hu~~2F90630226-imi:00100000005D2C24","countryCode":"HU","languageCode":"hun","deviceCode":"web","startTime":1525420800000,"endTime":1525424400000,"stationId":"826989607122","imi":"imi:00100000005D2C24","mediaGroupId":"crid:~~2F~~2Fport.hu~~2F68465670","program":{"id":"crid:~~2F~~2Fport.hu~~2F90630226","title":"V\u00e1logat\u00e1s a Szent Istv\u00e1n Telev\u00edzi\u00f3 m\u0171soraib\u00f3l","description":"Vall\u00e1si M\u0171sor A Szent Istv\u00e1n Telev\u00edzi\u00f3 m\u0171sora.","longDescription":"Vall\u00e1si M\u0171sor A Szent Istv\u00e1n Telev\u00edzi\u00f3 m\u0171sora.","languageCode":"hun","countryCode":"HU","deviceCode":"web","medium":"TV","categories":[{"id":"271090244398","title":"T\u00e1rsadalmi\/Politikai","scheme":"urn:tva:metadata:cs:UPCEventGenreCS:2009"}],"isAdult":false,"parentalRating":"12","cast":[],"directors":[],"images":[{"assetType":"boxart-large","assetTypes":["boxart-large"],"width":180,"height":260,"url":"https:\/\/wp18-images-hu-dynamic.horizon.tv\/HU\/Images\/upcgenre_80.jpg?w=180&h=260&mode=box"},{"assetType":"boxart-small","assetTypes":["boxart-small"],"width":75,"height":108,"url":"https:\/\/wp18-images-hu-dynamic.horizon.tv\/HU\/Images\/upcgenre_80.jpg?w=75&h=108&mode=box"},{"assetType":"boxart-medium","assetTypes":["boxart-medium"],"width":110,"height":159,"url":"https:\/\/wp18-images-hu-dynamic.horizon.tv\/HU\/Images\/upcgenre_80.jpg?w=110&h=159&mode=box"},{"assetType":"tva-boxcover","assetTypes":["tva-boxcover"],"width":180,"height":260,"url":"https:\/\/wp18-images-hu-dynamic.horizon.tv\/HU\/Images\/upcgenre_80.jpg"},{"assetType":"boxart-xlarge","assetTypes":["boxart-xlarge"],"width":210,"height":303,"url":"https:\/\/wp18-images-hu-dynamic.horizon.tv\/HU\/Images\/upcgenre_80.jpg?w=210&h=303&mode=box"}],"mediaGroupId":"crid:~~2F~~2Fport.hu~~2F68465670","shortDescription":"Vall\u00e1si M\u0171sor A Szent Istv\u00e1n Telev\u00edzi\u00f3 m\u0171sora.","mediaType":"Episode","isReplayTv":false,"seriesEpisodeNumber":"1805041000","seriesNumber":"1805041000","videoStreams":[],"entitlements":["VIP","_OPEN_"],"currentProductIds":[],"currentTvodProductIds":[]},"parentId":"crid:~~2F~~2Fport.hu~~2F68465670","rootId":"crid:~~2F~~2Fport.hu~~2F68465670"}