{"id":"crid:~~2F~~2Fport.hu~~2F69391939-imi:00100000005D0F51","countryCode":"HU","languageCode":"hun","deviceCode":"web","startTime":1525396500000,"endTime":1525399500000,"stationId":"826989607186","imi":"imi:00100000005D0F51","mediaGroupId":"crid:~~2F~~2Fport.hu~~2F68182094","program":{"id":"crid:~~2F~~2Fport.hu~~2F69391939","title":"Gyilkos g\u00e9pek","description":"Legyenek egyszer\u0171ek, vagy a tudom\u00e1ny v\u00edvm\u00e1nyai, a fegyverek mindig a m\u0171szaki fejl\u0151d\u00e9s \u00e9lvonal\u00e1ba tartoztak, \u00e9s nem csak a h\u00e1bor\u00fak kimenetel\u00e9re voltak hat\u00e1ssal.","longDescription":"Legyenek egyszer\u0171ek, vagy a tudom\u00e1ny v\u00edvm\u00e1nyai, a fegyverek mindig a m\u0171szaki fejl\u0151d\u00e9s \u00e9lvonal\u00e1ba tartoztak, \u00e9s nem csak a h\u00e1bor\u00fak kimenetel\u00e9re voltak hat\u00e1ssal.","languageCode":"hun","countryCode":"HU","deviceCode":"web","medium":"TV","categories":[{"id":"271090244398","title":"T\u00e1rsadalmi\/Politikai","scheme":"urn:tva:metadata:cs:UPCEventGenreCS:2009"}],"isAdult":false,"parentalRating":"3","cast":[],"directors":[],"images":[{"assetType":"boxart-xlarge","assetTypes":["boxart-xlarge"],"width":210,"height":303,"url":"https:\/\/wp2-images-hu-dynamic.horizon.tv\/HU\/Images\/bc_d9d1b689c0484d4c6c861b465903293ff07fd5e6.jpg?w=210&h=303&mode=box"},{"assetType":"boxart-medium","assetTypes":["boxart-medium"],"width":110,"height":159,"url":"https:\/\/wp2-images-hu-dynamic.horizon.tv\/HU\/Images\/bc_d9d1b689c0484d4c6c861b465903293ff07fd5e6.jpg?w=110&h=159&mode=box"},{"assetType":"boxart-small","assetTypes":["boxart-small"],"width":75,"height":108,"url":"https:\/\/wp2-images-hu-dynamic.horizon.tv\/HU\/Images\/bc_d9d1b689c0484d4c6c861b465903293ff07fd5e6.jpg?w=75&h=108&mode=box"},{"assetType":"tva-boxcover","assetTypes":["tva-boxcover"],"width":180,"height":260,"url":"https:\/\/wp2-images-hu-dynamic.horizon.tv\/HU\/Images\/bc_d9d1b689c0484d4c6c861b465903293ff07fd5e6.jpg"},{"assetType":"boxart-large","assetTypes":["boxart-large"],"width":180,"height":260,"url":"https:\/\/wp2-images-hu-dynamic.horizon.tv\/HU\/Images\/bc_d9d1b689c0484d4c6c861b465903293ff07fd5e6.jpg?w=180&h=260&mode=box"},{"assetType":"HighResLandscape","assetTypes":["HighResLandscape"],"url":"https:\/\/wp26-images-hu-dynamic.horizon.tv\/HU\/Images\/hrl_288a651f048044139e14fdb85c112f71b3b9d77f.jpg"},{"assetType":"HighResPortrait","assetTypes":["HighResPortrait"],"url":"https:\/\/wp26-images-hu-dynamic.horizon.tv\/HU\/Images\/hrp_d9d1b689c0484d4c6c861b465903293ff07fd5e6.jpg"}],"mediaGroupId":"crid:~~2F~~2Fport.hu~~2F68182094","shortDescription":"Legyenek egyszer\u0171ek, vagy a tudom\u00e1ny v\u00edvm\u00e1nyai, a fegyverek mindig a m\u0171szaki fejl\u0151d\u00e9s \u00e9lvonal\u00e1ba tartoztak, \u00e9s nem csak a h\u00e1bor\u00fak kimenetel\u00e9re voltak hat\u00e1ssal.","mediaType":"Episode","isReplayTv":false,"seriesEpisodeNumber":"1805032215","seriesNumber":"1805022215","videoStreams":[],"entitlements":["VIP","_OPEN_"],"currentProductIds":[],"currentTvodProductIds":[]},"parentId":"crid:~~2F~~2Fport.hu~~2F68182094","rootId":"crid:~~2F~~2Fport.hu~~2F68182094"}