{"id":"crid:~~2F~~2Fport.hu~~2F55796997-imi:00100000005D3602","countryCode":"HU","languageCode":"hun","deviceCode":"web","startTime":1525576500000,"endTime":1525577400000,"stationId":"826989607225","imi":"imi:00100000005D3602","mediaGroupId":"crid:~~2F~~2Fport.hu~~2F54748803","program":{"id":"crid:~~2F~~2Fport.hu~~2F55796997","title":"Hamis cica","description":"(I.\/3) Gark, a macsk\u00e1nak \u00e1lc\u00e1zott, kilenc\u00e9ves, naiv f\u00f6ld\u00f6nk\u00edv\u00fcli a F\u00f6ldre \u00e9rkezik, ahol megismerkedik az elk\u00e9nyeztetett cic\u00e1val, Max-szel, \u00e9s ezzel kezdet\u00e9t veszi bar\u00e1ts\u00e1guk f\u00f6ld\u00f6nt\u00fali m\u00f3k\u00e1k sokas\u00e1g\u00e1val tark\u00edtott, vicces t\u00f6rt\u00e9nete.","longDescription":"(I.\/3) Gark, a macsk\u00e1nak \u00e1lc\u00e1zott, kilenc\u00e9ves, naiv f\u00f6ld\u00f6nk\u00edv\u00fcli a F\u00f6ldre \u00e9rkezik, ahol megismerkedik az elk\u00e9nyeztetett cic\u00e1val, Max-szel, \u00e9s ezzel kezdet\u00e9t veszi bar\u00e1ts\u00e1guk f\u00f6ld\u00f6nt\u00fali m\u00f3k\u00e1k sokas\u00e1g\u00e1val tark\u00edtott, vicces t\u00f6rt\u00e9nete.","languageCode":"hun","countryCode":"HU","deviceCode":"web","medium":"TV","categories":[{"id":"271090244371","title":"Gyermek\/Ifj\u00fas\u00e1gi","scheme":"urn:tva:metadata:cs:UPCEventGenreCS:2009"},{"id":"271090244376","title":"Rajzfilm","scheme":"urn:tva:metadata:cs:UPCEventGenreCS:2009"}],"isAdult":false,"parentalRating":"3","cast":["Kyle Soller","Sandra Dickinson","Kayvan Novak","Marc Wootton"],"directors":[],"images":[{"assetType":"boxart-small","assetTypes":["boxart-small"],"width":75,"height":108,"url":"https:\/\/wp5-images-hu-dynamic.horizon.tv\/HU\/Images\/bc_d77b91ac1ff71e641a8fd8e44c46f4a0e76f25e7.jpg?w=75&h=108&mode=box"},{"assetType":"boxart-large","assetTypes":["boxart-large"],"width":180,"height":260,"url":"https:\/\/wp5-images-hu-dynamic.horizon.tv\/HU\/Images\/bc_d77b91ac1ff71e641a8fd8e44c46f4a0e76f25e7.jpg?w=180&h=260&mode=box"},{"assetType":"boxart-xlarge","assetTypes":["boxart-xlarge"],"width":210,"height":303,"url":"https:\/\/wp5-images-hu-dynamic.horizon.tv\/HU\/Images\/bc_d77b91ac1ff71e641a8fd8e44c46f4a0e76f25e7.jpg?w=210&h=303&mode=box"},{"assetType":"tva-boxcover","assetTypes":["tva-boxcover"],"width":180,"height":260,"url":"https:\/\/wp5-images-hu-dynamic.horizon.tv\/HU\/Images\/bc_d77b91ac1ff71e641a8fd8e44c46f4a0e76f25e7.jpg"},{"assetType":"boxart-medium","assetTypes":["boxart-medium"],"width":110,"height":159,"url":"https:\/\/wp5-images-hu-dynamic.horizon.tv\/HU\/Images\/bc_d77b91ac1ff71e641a8fd8e44c46f4a0e76f25e7.jpg?w=110&h=159&mode=box"},{"assetType":"HighResLandscape","assetTypes":["HighResLandscape"],"url":"https:\/\/wp26-images-hu-dynamic.horizon.tv\/HU\/Images\/hrl_408683896f4a85b4d4b801f76e7f91108c4f400c.jpg"}],"mediaGroupId":"crid:~~2F~~2Fport.hu~~2F54748803","secondaryTitle":"(I.\/3)","shortDescription":"(I.\/3) Gark, a macsk\u00e1nak \u00e1lc\u00e1zott, kilenc\u00e9ves, naiv f\u00f6ld\u00f6nk\u00edv\u00fcli a F\u00f6ldre \u00e9rkezik, ahol megismerkedik az elk\u00e9nyeztetett cic\u00e1val, Max-szel, \u00e9s ezzel kezdet\u00e9t veszi bar\u00e1ts\u00e1guk f\u00f6ld\u00f6nt\u00fali m\u00f3k\u00e1k...","mediaType":"Episode","year":"2015","isReplayTv":true,"seriesEpisodeNumber":"3","seriesNumber":"1","videoStreams":[],"airDate":1420070400000,"entitlements":["VIP","_OPEN_"],"currentProductIds":[],"currentTvodProductIds":[]},"parentId":"crid:~~2F~~2Fport.hu~~2F54748803","rootId":"crid:~~2F~~2Fport.hu~~2F54748803"}