{"id":"crid:~~2F~~2Fport.hu~~2F63177573-imi:00100000005DA92F","countryCode":"HU","languageCode":"hun","deviceCode":"web","startTime":1525644300000,"endTime":1525650600000,"stationId":"826989607153","imi":"imi:00100000005DA92F","mediaGroupId":"crid:~~2F~~2Fport.hu~~2F63177573","program":{"id":"crid:~~2F~~2Fport.hu~~2F63177573","title":"Hi\u00fa \u00e1br\u00e1ndok","description":"Casey (Sophie N\u00e9lisse) \u00e9s Jonas (Josh Wiggins) k\u00e9t tizen\u00e9ves, akik k\u00e9ts\u00e9gbeesetten pr\u00f3b\u00e1lnak megsz\u00f6kni sz\u00e9tesett \u00e9s er\u0151szakos csal\u00e1djuk el\u0151l. A fiatalok k\u00f6zben megtapasztalj\u00e1k az \u00e9let keser\u0171 oldal\u00e1t, de az els\u0151 szerelem sz\u00e9ps\u00e9g\u00e9t is.","longDescription":"Casey (Sophie N\u00e9lisse) \u00e9s Jonas (Josh Wiggins) k\u00e9t tizen\u00e9ves, akik k\u00e9ts\u00e9gbeesetten pr\u00f3b\u00e1lnak megsz\u00f6kni sz\u00e9tesett \u00e9s er\u0151szakos csal\u00e1djuk el\u0151l. A fiatalok k\u00f6zben megtapasztalj\u00e1k az \u00e9let keser\u0171 oldal\u00e1t, de az els\u0151 szerelem sz\u00e9ps\u00e9g\u00e9t is.","languageCode":"hun","countryCode":"HU","deviceCode":"web","medium":"Movie","categories":[{"id":"271090244331","title":"Thriller","scheme":"urn:tva:metadata:cs:UPCEventGenreCS:2009"}],"isAdult":false,"parentalRating":"16","cast":["Josh Wiggins","Sophie N\u00e9lisse","Joe Cobden","Bill Paxton","Vickie Papavs","Colm Feore","Ryan Blakely","George Buza","Tara Nicodemo","Mike McPhaden","Richard Waugh","Blaise","Janine Davies"],"directors":["Nathan Morlando"],"images":[{"assetType":"boxart-xlarge","assetTypes":["boxart-xlarge"],"width":210,"height":303,"url":"https:\/\/wp21-images-hu-dynamic.horizon.tv\/HU\/Images\/upcgenre_11.jpg?w=210&h=303&mode=box"},{"assetType":"boxart-small","assetTypes":["boxart-small"],"width":75,"height":108,"url":"https:\/\/wp21-images-hu-dynamic.horizon.tv\/HU\/Images\/upcgenre_11.jpg?w=75&h=108&mode=box"},{"assetType":"tva-boxcover","assetTypes":["tva-boxcover"],"width":180,"height":260,"url":"https:\/\/wp21-images-hu-dynamic.horizon.tv\/HU\/Images\/upcgenre_11.jpg"},{"assetType":"boxart-large","assetTypes":["boxart-large"],"width":180,"height":260,"url":"https:\/\/wp21-images-hu-dynamic.horizon.tv\/HU\/Images\/upcgenre_11.jpg?w=180&h=260&mode=box"},{"assetType":"boxart-medium","assetTypes":["boxart-medium"],"width":110,"height":159,"url":"https:\/\/wp21-images-hu-dynamic.horizon.tv\/HU\/Images\/upcgenre_11.jpg?w=110&h=159&mode=box"}],"mediaGroupId":"crid:~~2F~~2Fport.hu~~2F63177573","shortDescription":"Casey (Sophie N\u00e9lisse) \u00e9s Jonas (Josh Wiggins) k\u00e9t tizen\u00e9ves, akik k\u00e9ts\u00e9gbeesetten pr\u00f3b\u00e1lnak megsz\u00f6kni sz\u00e9tesett \u00e9s er\u0151szakos csal\u00e1djuk el\u0151l. A fiatalok k\u00f6zben megtapasztalj\u00e1k az \u00e9let keser\u0171...","mediaType":"FeatureFilm","year":"2016","isReplayTv":false,"videoStreams":[],"airDate":1451606400000,"entitlements":["VIP","_OPEN_"],"currentProductIds":[],"currentTvodProductIds":[]},"parentId":"crid:~~2F~~2Fport.hu~~2F63177573","rootId":"crid:~~2F~~2Fport.hu~~2F63177573"}