{"id":"crid:~~2F~~2Fport.hu~~2F89037315-imi:00100000005D3C93","countryCode":"HU","languageCode":"hun","deviceCode":"web","startTime":1525636500000,"endTime":1525639800000,"stationId":"826989607161","imi":"imi:00100000005D3C93","mediaGroupId":"crid:~~2F~~2Fport.hu~~2F55897020","program":{"id":"crid:~~2F~~2Fport.hu~~2F89037315","title":"El\u00e1rulva","description":"Paige Birgfeldnek sokat kellett dolgoznia, hogy eltartsa h\u00e1rom gyermek\u00e9t. Volt azonban egy s\u00f6t\u00e9t titka, amely v\u00e9gzetesnek bizonyult a sz\u00e1m\u00e1ra.","longDescription":"Paige Birgfeldnek sokat kellett dolgoznia, hogy eltartsa h\u00e1rom gyermek\u00e9t. Volt azonban egy s\u00f6t\u00e9t titka, amely v\u00e9gzetesnek bizonyult a sz\u00e1m\u00e1ra.","languageCode":"hun","countryCode":"HU","deviceCode":"web","medium":"TV","categories":[{"id":"271090244398","title":"T\u00e1rsadalmi\/Politikai","scheme":"urn:tva:metadata:cs:UPCEventGenreCS:2009"},{"id":"271090244399","title":"Dokumentumfilm","scheme":"urn:tva:metadata:cs:UPCEventGenreCS:2009"}],"isAdult":false,"parentalRating":"3","cast":[],"directors":[],"images":[{"assetType":"boxart-large","assetTypes":["boxart-large"],"width":180,"height":260,"url":"https:\/\/wp17-images-hu-dynamic.horizon.tv\/HU\/Images\/upcgenre_81.jpg?w=180&h=260&mode=box"},{"assetType":"boxart-small","assetTypes":["boxart-small"],"width":75,"height":108,"url":"https:\/\/wp17-images-hu-dynamic.horizon.tv\/HU\/Images\/upcgenre_81.jpg?w=75&h=108&mode=box"},{"assetType":"boxart-medium","assetTypes":["boxart-medium"],"width":110,"height":159,"url":"https:\/\/wp17-images-hu-dynamic.horizon.tv\/HU\/Images\/upcgenre_81.jpg?w=110&h=159&mode=box"},{"assetType":"tva-boxcover","assetTypes":["tva-boxcover"],"width":180,"height":260,"url":"https:\/\/wp17-images-hu-dynamic.horizon.tv\/HU\/Images\/upcgenre_81.jpg"},{"assetType":"boxart-xlarge","assetTypes":["boxart-xlarge"],"width":210,"height":303,"url":"https:\/\/wp17-images-hu-dynamic.horizon.tv\/HU\/Images\/upcgenre_81.jpg?w=210&h=303&mode=box"}],"mediaGroupId":"crid:~~2F~~2Fport.hu~~2F55897020","secondaryTitle":"Kett\u0151s \u00e9let","shortDescription":"Paige Birgfeldnek sokat kellett dolgoznia, hogy eltartsa h\u00e1rom gyermek\u00e9t. Volt azonban egy s\u00f6t\u00e9t titka, amely v\u00e9gzetesnek bizonyult a sz\u00e1m\u00e1ra.","mediaType":"Episode","isReplayTv":false,"seriesEpisodeNumber":"1805040040","seriesNumber":"1805100905","videoStreams":[],"entitlements":["VIP","_OPEN_"],"currentProductIds":[],"currentTvodProductIds":[]},"parentId":"crid:~~2F~~2Fport.hu~~2F55897020","rootId":"crid:~~2F~~2Fport.hu~~2F55897020"}