{"id":"crid:~~2F~~2Fport.hu~~2F90688542-imi:00100000005D31BD","countryCode":"HU","languageCode":"hun","deviceCode":"web","startTime":1525439700000,"endTime":1525443600000,"stationId":"826989607176","imi":"imi:00100000005D31BD","mediaGroupId":"crid:~~2F~~2Fport.hu~~2F67076001","program":{"id":"crid:~~2F~~2Fport.hu~~2F90688542","title":"Shopping Kir\u00e1lyn\u0151k","description":"Adott 5 l\u00e1ny, akik \u00e9lnek-halnak a v\u00e1s\u00e1rl\u00e1s\u00e9rt, adott egy feladat: meghat\u00e1rozott st\u00edlusban a legjobban fel\u00f6lt\u00f6zni. A v\u00e1s\u00e1rl\u00e1sban a l\u00e1nyok szabad kezet kapnak, \u00e9s a v\u00e9g\u00e9n egym\u00e1st is k\u00edm\u00e9letlen\u00fcl pontozniuk kell.","longDescription":"Adott 5 l\u00e1ny, akik \u00e9lnek-halnak a v\u00e1s\u00e1rl\u00e1s\u00e9rt, adott egy feladat: meghat\u00e1rozott st\u00edlusban a legjobban fel\u00f6lt\u00f6zni. A v\u00e1s\u00e1rl\u00e1sban a l\u00e1nyok szabad kezet kapnak, \u00e9s a v\u00e9g\u00e9n egym\u00e1st is k\u00edm\u00e9letlen\u00fcl pontozniuk kell.","languageCode":"hun","countryCode":"HU","deviceCode":"web","medium":"TV","categories":[{"id":"271090244349","title":"Show","scheme":"urn:tva:metadata:cs:UPCEventGenreCS:2009"}],"isAdult":false,"parentalRating":"12","cast":[],"directors":[],"images":[{"assetType":"boxart-xlarge","assetTypes":["boxart-xlarge"],"width":210,"height":303,"url":"https:\/\/wp28-images-hu-dynamic.horizon.tv\/HU\/Images\/upcgenre_30.jpg?w=210&h=303&mode=box"},{"assetType":"boxart-large","assetTypes":["boxart-large"],"width":180,"height":260,"url":"https:\/\/wp28-images-hu-dynamic.horizon.tv\/HU\/Images\/upcgenre_30.jpg?w=180&h=260&mode=box"},{"assetType":"boxart-medium","assetTypes":["boxart-medium"],"width":110,"height":159,"url":"https:\/\/wp28-images-hu-dynamic.horizon.tv\/HU\/Images\/upcgenre_30.jpg?w=110&h=159&mode=box"},{"assetType":"boxart-small","assetTypes":["boxart-small"],"width":75,"height":108,"url":"https:\/\/wp28-images-hu-dynamic.horizon.tv\/HU\/Images\/upcgenre_30.jpg?w=75&h=108&mode=box"},{"assetType":"tva-boxcover","assetTypes":["tva-boxcover"],"width":180,"height":260,"url":"https:\/\/wp28-images-hu-dynamic.horizon.tv\/HU\/Images\/upcgenre_30.jpg"}],"mediaGroupId":"crid:~~2F~~2Fport.hu~~2F67076001","shortDescription":"Adott 5 l\u00e1ny, akik \u00e9lnek-halnak a v\u00e1s\u00e1rl\u00e1s\u00e9rt, adott egy feladat: meghat\u00e1rozott st\u00edlusban a legjobban fel\u00f6lt\u00f6zni. A l\u00e1nyok szabad kezet kapnak, \u00e9s a v\u00e9g\u00e9n egym\u00e1st is k\u00edm\u00e9letlen\u00fcl pontozniuk kell.","mediaType":"Episode","year":"2014","isReplayTv":false,"seriesEpisodeNumber":"1805041515","seriesNumber":"1805021515","videoStreams":[],"airDate":1388534400000,"entitlements":["VIP","_OPEN_"],"currentProductIds":[],"currentTvodProductIds":[]},"parentId":"crid:~~2F~~2Fport.hu~~2F67076001","rootId":"crid:~~2F~~2Fport.hu~~2F67076001"}