{"id":"crid:~~2F~~2Fport.hu~~2F1541467-imi:00100000005D0C0E","countryCode":"HU","languageCode":"hun","deviceCode":"web","startTime":1525386600000,"endTime":1525392900000,"stationId":"826989607169","imi":"imi:00100000005D0C0E","mediaGroupId":"crid:~~2F~~2Fport.hu~~2F1541467","program":{"id":"crid:~~2F~~2Fport.hu~~2F1541467","title":"Megac\u00e1pa az \u00f3ri\u00e1skrokodil ellen","description":"Afrik\u00e1ban felfedeznek egy 457-m\u00e9teres krokodilt. Amikor azonban a krokodilsz\u00f6rnyet sz\u00e1ll\u00edt\u00f3 haj\u00f3t megt\u00e1madja a f\u00e9lelmetes megalodon, mindk\u00e9t sz\u00f6rnyeteg kiszabadul az \u00f3ce\u00e1nba, \u00e9s tit\u00e1ni csat\u00e1t v\u00edvnak a Panama-csatorn\u00e1ban.","longDescription":"Afrik\u00e1ban felfedeznek egy 457-m\u00e9teres krokodilt. Amikor azonban a krokodilsz\u00f6rnyet sz\u00e1ll\u00edt\u00f3 haj\u00f3t megt\u00e1madja a f\u00e9lelmetes megalodon, mindk\u00e9t sz\u00f6rnyeteg kiszabadul az \u00f3ce\u00e1nba, \u00e9s tit\u00e1ni csat\u00e1t v\u00edvnak a Panama-csatorn\u00e1ban.","languageCode":"hun","countryCode":"HU","deviceCode":"web","medium":"Movie","categories":[{"id":"271090244338","title":"Akci\u00f3","scheme":"urn:tva:metadata:cs:UPCEventGenreCS:2009"}],"isAdult":false,"parentalRating":"12","cast":["Gary Stretch","Jaleel White","Sarah Lieving","Robert Picardo","Gerald Webb","Dylan Vox","Hannah Cowley","Steve Mason","Robert R. Shafer","Nicola Lambo","Michael Gaglio","Sean Cory","Tarnue Massaquoi","Bechir Sylvain","Anica Barbosa","Yoshie Morino","Gerald Bales","Peter Trenholm Smith","Rachel Riley","Colby Clayton Lemaster","Sheaun McKinney","Kevin Yarbrough","Louis Allen","Jessica Irvine Drake","Kaiwi Lyman-Mersereau","Sky Adams","Brandon Slagle","Mark DeLisle","Erica Duke","John A. Lorenz"],"directors":["Christopher Ray"],"images":[{"assetType":"boxart-medium","assetTypes":["boxart-medium"],"width":110,"height":159,"url":"https:\/\/wp26-images-hu-dynamic.horizon.tv\/HU\/Images\/bc_116bfdbb52c9d767ad6a373d96da8b6c4f4a5b70.jpg?w=110&h=159&mode=box"},{"assetType":"boxart-xlarge","assetTypes":["boxart-xlarge"],"width":210,"height":303,"url":"https:\/\/wp26-images-hu-dynamic.horizon.tv\/HU\/Images\/bc_116bfdbb52c9d767ad6a373d96da8b6c4f4a5b70.jpg?w=210&h=303&mode=box"},{"assetType":"boxart-large","assetTypes":["boxart-large"],"width":180,"height":260,"url":"https:\/\/wp26-images-hu-dynamic.horizon.tv\/HU\/Images\/bc_116bfdbb52c9d767ad6a373d96da8b6c4f4a5b70.jpg?w=180&h=260&mode=box"},{"assetType":"tva-boxcover","assetTypes":["tva-boxcover"],"width":180,"height":260,"url":"https:\/\/wp26-images-hu-dynamic.horizon.tv\/HU\/Images\/bc_116bfdbb52c9d767ad6a373d96da8b6c4f4a5b70.jpg"},{"assetType":"boxart-small","assetTypes":["boxart-small"],"width":75,"height":108,"url":"https:\/\/wp26-images-hu-dynamic.horizon.tv\/HU\/Images\/bc_116bfdbb52c9d767ad6a373d96da8b6c4f4a5b70.jpg?w=75&h=108&mode=box"}],"mediaGroupId":"crid:~~2F~~2Fport.hu~~2F1541467","shortDescription":"Afrik\u00e1ban felfedeznek egy 457 m\u00e9teres krokodilt. Amikor azonban a krokodilsz\u00f6rnyet sz\u00e1ll\u00edt\u00f3 haj\u00f3t megt\u00e1madja a f\u00e9lelmetes megalodon, mindk\u00e9t sz\u00f6rnyeteg kiszabadul az \u00f3ce\u00e1nba.","mediaType":"FeatureFilm","year":"2010","isReplayTv":false,"videoStreams":[],"airDate":1262304000000,"entitlements":["VIP","_OPEN_"],"currentProductIds":[],"currentTvodProductIds":[]},"parentId":"crid:~~2F~~2Fport.hu~~2F1541467","rootId":"crid:~~2F~~2Fport.hu~~2F1541467"}