{"id":"crid:~~2F~~2Fport.hu~~2F72234748-imi:00100000005E5903","countryCode":"HU","languageCode":"hun","deviceCode":"web","startTime":1525712400000,"endTime":1525714200000,"stationId":"826989607276","imi":"imi:00100000005E5903","mediaGroupId":"crid:~~2F~~2Fport.hu~~2F66040283","program":{"id":"crid:~~2F~~2Fport.hu~~2F72234748","title":"Tengerparti h\u00e1z olcs\u00f3n","description":"(V.\/7) Egy csupa energia csal\u00e1d \u2013 egy p\u00e1r \u00e9s totyog\u00f3s kisfiuk \u2013 Point Pleasant tengerpartjaira indulnak. Mivel azonban l\u00e9tfontoss\u00e1g\u00fa sz\u00e1mukra a gyerekbar\u00e1t k\u00f6rnyezet, a parkol\u00e1s \u00e9s a v\u00edz k\u00f6zels\u00e9ge, nincs k\u00f6nny\u0171 dolga vel\u00fck az ingatlan\u00fcgyn\u00f6knek.","longDescription":"(V.\/7) Egy csupa energia csal\u00e1d \u2013 egy p\u00e1r \u00e9s totyog\u00f3s kisfiuk \u2013 Point Pleasant tengerpartjaira indulnak. Mivel azonban l\u00e9tfontoss\u00e1g\u00fa sz\u00e1mukra a gyerekbar\u00e1t k\u00f6rnyezet, a parkol\u00e1s \u00e9s a v\u00edz k\u00f6zels\u00e9ge, nincs k\u00f6nny\u0171 dolga vel\u00fck az ingatlan\u00fcgyn\u00f6knek.","languageCode":"hun","countryCode":"HU","deviceCode":"web","medium":"TV","categories":[{"id":"271090244349","title":"Show","scheme":"urn:tva:metadata:cs:UPCEventGenreCS:2009"}],"isAdult":false,"parentalRating":"3","cast":["Matthew Ryan Anderson","Salina Mather","Mike Whitner"],"directors":["Billy Burgess","Ellen Lowrey"],"images":[{"assetType":"tva-boxcover","assetTypes":["tva-boxcover"],"width":180,"height":260,"url":"https:\/\/wp22-images-hu-dynamic.horizon.tv\/HU\/Images\/bc_2efb5337a7e8644d27e1feb54ab49535f07ef897.jpg"},{"assetType":"boxart-medium","assetTypes":["boxart-medium"],"width":110,"height":159,"url":"https:\/\/wp22-images-hu-dynamic.horizon.tv\/HU\/Images\/bc_2efb5337a7e8644d27e1feb54ab49535f07ef897.jpg?w=110&h=159&mode=box"},{"assetType":"boxart-small","assetTypes":["boxart-small"],"width":75,"height":108,"url":"https:\/\/wp22-images-hu-dynamic.horizon.tv\/HU\/Images\/bc_2efb5337a7e8644d27e1feb54ab49535f07ef897.jpg?w=75&h=108&mode=box"},{"assetType":"boxart-xlarge","assetTypes":["boxart-xlarge"],"width":210,"height":303,"url":"https:\/\/wp22-images-hu-dynamic.horizon.tv\/HU\/Images\/bc_2efb5337a7e8644d27e1feb54ab49535f07ef897.jpg?w=210&h=303&mode=box"},{"assetType":"boxart-large","assetTypes":["boxart-large"],"width":180,"height":260,"url":"https:\/\/wp22-images-hu-dynamic.horizon.tv\/HU\/Images\/bc_2efb5337a7e8644d27e1feb54ab49535f07ef897.jpg?w=180&h=260&mode=box"},{"assetType":"HighResLandscape","assetTypes":["HighResLandscape"],"url":"https:\/\/wp26-images-hu-dynamic.horizon.tv\/HU\/Images\/hrl_26ccab85733cde6b2193689ab68ff5cd31d96785.jpg"}],"mediaGroupId":"crid:~~2F~~2Fport.hu~~2F66040283","secondaryTitle":"Gyerekbar\u00e1t tengerparti h\u00e1z (V.\/7)","shortDescription":"Ismerj\u00fck meg azokat az ingatlan\u00fcgyn\u00f6ks\u00e9geket, amelyek megfizethet\u0151 tengerparti h\u00e1zak ad\u00e1s-v\u00e9tel\u00e9ben seg\u00edtkeznek.","mediaType":"Episode","year":"2015","isReplayTv":false,"seriesEpisodeNumber":"7","seriesNumber":"5","videoStreams":[],"airDate":1420070400000,"entitlements":["VIP","_OPEN_"],"currentProductIds":[],"currentTvodProductIds":[]},"parentId":"crid:~~2F~~2Fport.hu~~2F66040283","rootId":"crid:~~2F~~2Fport.hu~~2F66040283"}