{"id":"crid:~~2F~~2Fport.hu~~2F33434244-imi:00100000005E266E","countryCode":"HU","languageCode":"hun","deviceCode":"web","startTime":1525443300000,"endTime":1525444800000,"stationId":"826989607185","imi":"imi:00100000005E266E","mediaGroupId":"crid:~~2F~~2Fport.hu~~2F29590988","program":{"id":"crid:~~2F~~2Fport.hu~~2F33434244","title":"Vesz\u00e9lyes Henry","description":"Henry Hart lesz a szuperh\u0151s Captain Man fegyverhordoz\u00f3ja, \u00e1m ezt titkolnia kell a csal\u00e1dja el\u0151l. Rendelkez\u00e9s\u00fckre \u00e1ll mindenf\u00e9le high-tech k\u00fcty\u00fc, csak meg kell menteni\u00fck a vil\u00e1got!","longDescription":"Henry Hart lesz a szuperh\u0151s Captain Man fegyverhordoz\u00f3ja, \u00e1m ezt titkolnia kell a csal\u00e1dja el\u0151l. Rendelkez\u00e9s\u00fckre \u00e1ll mindenf\u00e9le high-tech k\u00fcty\u00fc, csak meg kell menteni\u00fck a vil\u00e1got!","languageCode":"hun","countryCode":"HU","deviceCode":"web","medium":"TV","categories":[{"id":"271090244428","title":"Dr\u00e1ma","scheme":"urn:tva:metadata:cs:UPCEventGenreCS:2009"},{"id":"271090244430","title":"Akci\u00f3film","scheme":"urn:tva:metadata:cs:UPCEventGenreCS:2009"}],"isAdult":false,"parentalRating":"3","cast":["Ella Anderson","Cooper Barnes","Riele Downs","Sean Ryan Fox","Jace Norman","Michael D. Cohen","Jeffrey Nicholas Brown","Kelly Sullivan","Joe Kaprielian","Winston Story"],"directors":["Dan Schneider","Nathan Kress","Adam Weissman","Russ Reinsel","Steve Hoefer"],"images":[{"assetType":"tva-boxcover","assetTypes":["tva-boxcover"],"width":180,"height":260,"url":"https:\/\/wp11-images-hu-dynamic.horizon.tv\/HU\/Images\/bc_f5e3aa144f93993a85b02e23d2c24c2487763a69.jpg"},{"assetType":"boxart-xlarge","assetTypes":["boxart-xlarge"],"width":210,"height":303,"url":"https:\/\/wp11-images-hu-dynamic.horizon.tv\/HU\/Images\/bc_f5e3aa144f93993a85b02e23d2c24c2487763a69.jpg?w=210&h=303&mode=box"},{"assetType":"boxart-large","assetTypes":["boxart-large"],"width":180,"height":260,"url":"https:\/\/wp11-images-hu-dynamic.horizon.tv\/HU\/Images\/bc_f5e3aa144f93993a85b02e23d2c24c2487763a69.jpg?w=180&h=260&mode=box"},{"assetType":"boxart-medium","assetTypes":["boxart-medium"],"width":110,"height":159,"url":"https:\/\/wp11-images-hu-dynamic.horizon.tv\/HU\/Images\/bc_f5e3aa144f93993a85b02e23d2c24c2487763a69.jpg?w=110&h=159&mode=box"},{"assetType":"boxart-small","assetTypes":["boxart-small"],"width":75,"height":108,"url":"https:\/\/wp11-images-hu-dynamic.horizon.tv\/HU\/Images\/bc_f5e3aa144f93993a85b02e23d2c24c2487763a69.jpg?w=75&h=108&mode=box"},{"assetType":"HighResLandscape","assetTypes":["HighResLandscape"],"url":"https:\/\/wp16-images-hu-dynamic.horizon.tv\/HU\/Images\/hrl_5c5f0f5fdcf46c822fe276a750f29d130efbb4ca.jpg"},{"assetType":"HighResPortrait","assetTypes":["HighResPortrait"],"url":"https:\/\/wp16-images-hu-dynamic.horizon.tv\/HU\/Images\/hrp_f5e3aa144f93993a85b02e23d2c24c2487763a69.jpg"}],"mediaGroupId":"crid:~~2F~~2Fport.hu~~2F29590988","secondaryTitle":"Jasper bajba ker\u00fcl (I.\/6)","shortDescription":"Henry Hart lesz a szuperh\u0151s Captain Man fegyverhordoz\u00f3ja, \u00e1m ezt titkolnia kell a csal\u00e1dja el\u0151l. Rendelkez\u00e9s\u00fckre \u00e1ll mindenf\u00e9le high-tech k\u00fcty\u00fc, csak meg kell menteni\u00fck a vil\u00e1got!","mediaType":"Episode","year":"2014","isReplayTv":true,"seriesEpisodeNumber":"6","seriesNumber":"1","videoStreams":[],"airDate":1388534400000,"entitlements":["VIP","_OPEN_"],"currentProductIds":[],"currentTvodProductIds":[]},"parentId":"crid:~~2F~~2Fport.hu~~2F29590988","rootId":"crid:~~2F~~2Fport.hu~~2F29590988"}