{"id":"crid:~~2F~~2Fport.hu~~2F90801515-imi:00100000005D49ED","countryCode":"HU","languageCode":"hun","deviceCode":"web","startTime":1525608000000,"endTime":1525618800000,"stationId":"826989607277","imi":"imi:00100000005D49ED","mediaGroupId":"crid:~~2F~~2Fport.hu~~2F65520252","program":{"id":"crid:~~2F~~2Fport.hu~~2F90801515","title":"K\u00e9p\u00fajs\u00e1g","description":"Hirdet\u00e9sek, k\u00f6z\u00e9rdek\u0171 inform\u00e1ci\u00f3k","longDescription":"Hirdet\u00e9sek, k\u00f6z\u00e9rdek\u0171 inform\u00e1ci\u00f3k","languageCode":"hun","countryCode":"HU","deviceCode":"web","medium":"TV","categories":[{"id":"271090244398","title":"T\u00e1rsadalmi\/Politikai","scheme":"urn:tva:metadata:cs:UPCEventGenreCS:2009"}],"isAdult":false,"parentalRating":"3","cast":[],"directors":[],"images":[{"assetType":"tva-boxcover","assetTypes":["tva-boxcover"],"width":180,"height":260,"url":"https:\/\/wp1-images-hu-dynamic.horizon.tv\/HU\/Images\/upcgenre_80.jpg"},{"assetType":"boxart-medium","assetTypes":["boxart-medium"],"width":110,"height":159,"url":"https:\/\/wp1-images-hu-dynamic.horizon.tv\/HU\/Images\/upcgenre_80.jpg?w=110&h=159&mode=box"},{"assetType":"boxart-large","assetTypes":["boxart-large"],"width":180,"height":260,"url":"https:\/\/wp1-images-hu-dynamic.horizon.tv\/HU\/Images\/upcgenre_80.jpg?w=180&h=260&mode=box"},{"assetType":"boxart-small","assetTypes":["boxart-small"],"width":75,"height":108,"url":"https:\/\/wp1-images-hu-dynamic.horizon.tv\/HU\/Images\/upcgenre_80.jpg?w=75&h=108&mode=box"},{"assetType":"boxart-xlarge","assetTypes":["boxart-xlarge"],"width":210,"height":303,"url":"https:\/\/wp1-images-hu-dynamic.horizon.tv\/HU\/Images\/upcgenre_80.jpg?w=210&h=303&mode=box"}],"mediaGroupId":"crid:~~2F~~2Fport.hu~~2F65520252","shortDescription":"Hirdet\u00e9sek, k\u00f6z\u00e9rdek\u0171 inform\u00e1ci\u00f3k","mediaType":"Episode","isReplayTv":false,"seriesEpisodeNumber":"1805061400","seriesNumber":"1805101005","videoStreams":[],"entitlements":["VIP","_OPEN_"],"currentProductIds":[],"currentTvodProductIds":[]},"parentId":"crid:~~2F~~2Fport.hu~~2F65520252","rootId":"crid:~~2F~~2Fport.hu~~2F65520252"}