{"id":"crid:~~2F~~2Fport.hu~~2F72306162-imi:00100000005D0144","countryCode":"HU","languageCode":"hun","deviceCode":"web","startTime":1525388400000,"endTime":1525389900000,"stationId":"826989607227","imi":"imi:00100000005D0144","mediaGroupId":"crid:~~2F~~2Fport.hu~~2F4989977","program":{"id":"crid:~~2F~~2Fport.hu~~2F72306162","title":"Mia \u00e9s \u00e9n","description":"(III.\/18) Ami egy fantasztikus t\u00fcnd\u00e9rmes\u00e9nek indul, Mia sz\u00e1m\u00e1ra val\u00f3s\u00e1gg\u00e1 v\u00e1lik. Meg kell tal\u00e1lnia az er\u0151t \u00f6nmag\u00e1ban, hogy k\u00e9pes legyen megmenteni az egyszarv\u00faak faj\u00e1t \u00e9s az eg\u00e9sz vil\u00e1got. Kor\u00e1bban m\u00e1r olvasott Centopia f\u00f6ldj\u00e9r\u0151l egy m\u00edtoszokr\u00f3l sz\u00f3l\u00f3 \u0151si k\u00f6nyvben \u00e9s most az apja \u00e1ltal k\u00e9sz\u00edtett port\u00e1l seg\u00edts\u00e9g\u00e9vel egyszer csak ebben a csod\u00e1latos vil\u00e1gban tal\u00e1lja mag\u00e1t elfek, egyszarv\u00faak \u00e9s s\u00e1rk\u00e1nyok k\u00f6z\u00f6tt.","longDescription":"(III.\/18) Ami egy fantasztikus t\u00fcnd\u00e9rmes\u00e9nek indul, Mia sz\u00e1m\u00e1ra val\u00f3s\u00e1gg\u00e1 v\u00e1lik. Meg kell tal\u00e1lnia az er\u0151t \u00f6nmag\u00e1ban, hogy k\u00e9pes legyen megmenteni az egyszarv\u00faak faj\u00e1t \u00e9s az eg\u00e9sz vil\u00e1got. Kor\u00e1bban m\u00e1r olvasott Centopia f\u00f6ldj\u00e9r\u0151l egy m\u00edtoszokr\u00f3l sz\u00f3l\u00f3 \u0151si k\u00f6nyvben \u00e9s most az apja \u00e1ltal k\u00e9sz\u00edtett port\u00e1l seg\u00edts\u00e9g\u00e9vel egyszer csak ebben a csod\u00e1latos vil\u00e1gban tal\u00e1lja mag\u00e1t elfek, egyszarv\u00faak \u00e9s s\u00e1rk\u00e1nyok k\u00f6z\u00f6tt.","languageCode":"hun","countryCode":"HU","deviceCode":"web","medium":"TV","categories":[{"id":"271090244428","title":"Dr\u00e1ma","scheme":"urn:tva:metadata:cs:UPCEventGenreCS:2009"}],"isAdult":false,"parentalRating":"6","cast":["Asia Amodeo","Linda Ballantyne","Josephine Benini","Jordan Barrit","Filippo Berti","Riccardo Bono","Andrew Bryant"],"directors":["Gerhard Hahn","Andrea de Sica","Luca Morsella","Larry Whitaker"],"images":[{"assetType":"boxart-large","assetTypes":["boxart-large"],"width":180,"height":260,"url":"https:\/\/wp25-images-hu-dynamic.horizon.tv\/HU\/Images\/bc_9eb911afd1962fb8e527432f2a486911715cf1c1.jpg?w=180&h=260&mode=box"},{"assetType":"boxart-small","assetTypes":["boxart-small"],"width":75,"height":108,"url":"https:\/\/wp25-images-hu-dynamic.horizon.tv\/HU\/Images\/bc_9eb911afd1962fb8e527432f2a486911715cf1c1.jpg?w=75&h=108&mode=box"},{"assetType":"boxart-xlarge","assetTypes":["boxart-xlarge"],"width":210,"height":303,"url":"https:\/\/wp25-images-hu-dynamic.horizon.tv\/HU\/Images\/bc_9eb911afd1962fb8e527432f2a486911715cf1c1.jpg?w=210&h=303&mode=box"},{"assetType":"boxart-medium","assetTypes":["boxart-medium"],"width":110,"height":159,"url":"https:\/\/wp25-images-hu-dynamic.horizon.tv\/HU\/Images\/bc_9eb911afd1962fb8e527432f2a486911715cf1c1.jpg?w=110&h=159&mode=box"},{"assetType":"tva-boxcover","assetTypes":["tva-boxcover"],"width":180,"height":260,"url":"https:\/\/wp25-images-hu-dynamic.horizon.tv\/HU\/Images\/bc_9eb911afd1962fb8e527432f2a486911715cf1c1.jpg"},{"assetType":"HighResPortrait","assetTypes":["HighResPortrait"],"url":"https:\/\/wp18-images-hu-dynamic.horizon.tv\/HU\/Images\/hrp_9eb911afd1962fb8e527432f2a486911715cf1c1.jpg"},{"assetType":"HighResLandscape","assetTypes":["HighResLandscape"],"url":"https:\/\/wp18-images-hu-dynamic.horizon.tv\/HU\/Images\/hrl_4887c28ac22e94a9eb603e72ba7d58bff1467753.jpg"}],"mediaGroupId":"crid:~~2F~~2Fport.hu~~2F4989977","secondaryTitle":"A sz\u00e9gyell\u0151s unikornis (III.\/18)","shortDescription":"Ami egy fantasztikus t\u00fcnd\u00e9rmes\u00e9nek indul, Mia sz\u00e1m\u00e1ra val\u00f3s\u00e1gg\u00e1 v\u00e1lik. Meg kell tal\u00e1lnia az er\u0151t \u00f6nmag\u00e1ban, hogy k\u00e9pes legyen megmenteni az egyszarv\u00faak faj\u00e1t \u00e9s az eg\u00e9sz vil\u00e1got.","mediaType":"Episode","year":"2015","isReplayTv":true,"seriesEpisodeNumber":"18","seriesNumber":"3","videoStreams":[],"airDate":1420070400000,"entitlements":["VIP","_OPEN_"],"currentProductIds":[],"currentTvodProductIds":[]},"parentId":"crid:~~2F~~2Fport.hu~~2F4989977","rootId":"crid:~~2F~~2Fport.hu~~2F4989977"}