{"id":"crid:~~2F~~2Fport.hu~~2F76652676-imi:00100000005D8832","countryCode":"HU","languageCode":"hun","deviceCode":"web","startTime":1525618800000,"endTime":1525622400000,"stationId":"826989607265","imi":"imi:00100000005D8832","mediaGroupId":"crid:~~2F~~2Fport.hu~~2F82179376","program":{"id":"crid:~~2F~~2Fport.hu~~2F76652676","title":"MTV Hot&Fresh","description":"A legjobbak \u00e9s leg\u00fajabbak! Friss \u00e9s ropog\u00f3s klipek csak Neked!","longDescription":"A legjobbak \u00e9s leg\u00fajabbak! Friss \u00e9s ropog\u00f3s klipek csak Neked!","languageCode":"hun","countryCode":"HU","deviceCode":"web","medium":"TV","categories":[{"id":"271090244377","title":"Zene","scheme":"urn:tva:metadata:cs:UPCEventGenreCS:2009"}],"isAdult":false,"parentalRating":"3","cast":[],"directors":[],"images":[{"assetType":"boxart-large","assetTypes":["boxart-large"],"width":180,"height":260,"url":"https:\/\/wp21-images-hu-dynamic.horizon.tv\/HU\/Images\/upcgenre_60.jpg?w=180&h=260&mode=box"},{"assetType":"boxart-medium","assetTypes":["boxart-medium"],"width":110,"height":159,"url":"https:\/\/wp21-images-hu-dynamic.horizon.tv\/HU\/Images\/upcgenre_60.jpg?w=110&h=159&mode=box"},{"assetType":"tva-boxcover","assetTypes":["tva-boxcover"],"width":180,"height":260,"url":"https:\/\/wp21-images-hu-dynamic.horizon.tv\/HU\/Images\/upcgenre_60.jpg"},{"assetType":"boxart-xlarge","assetTypes":["boxart-xlarge"],"width":210,"height":303,"url":"https:\/\/wp21-images-hu-dynamic.horizon.tv\/HU\/Images\/upcgenre_60.jpg?w=210&h=303&mode=box"},{"assetType":"boxart-small","assetTypes":["boxart-small"],"width":75,"height":108,"url":"https:\/\/wp21-images-hu-dynamic.horizon.tv\/HU\/Images\/upcgenre_60.jpg?w=75&h=108&mode=box"}],"mediaGroupId":"crid:~~2F~~2Fport.hu~~2F82179376","shortDescription":"A legjobbak \u00e9s leg\u00fajabbak! Friss \u00e9s ropog\u00f3s klipek csak Neked!","mediaType":"Episode","duration":3600,"latestBroadcastStartTime":1525363200000,"latestBroadcastEndTime":1525365000000,"isReplayTv":true,"listingId":"crid:~~2F~~2Fport.hu~~2F76652676-imi:00100000005D7EE9","seriesEpisodeNumber":"1805101800","seriesNumber":"1805101800","videoStreams":[],"entitlements":["crid:~~2F~~2Fupc.com~~2FReplayTV~~2FMTV_ReplayTV","VIP","_OPEN_"],"currentProductIds":["crid:~~2F~~2Fupc.com~~2FReplayTV~~2FMTV_ReplayTV"],"currentTvodProductIds":[]},"parentId":"crid:~~2F~~2Fport.hu~~2F82179376","rootId":"crid:~~2F~~2Fport.hu~~2F82179376"}