{"id":"crid:~~2F~~2Fport.hu~~2F26745444-imi:00100000005D3AD9","countryCode":"HU","languageCode":"hun","deviceCode":"web","startTime":1525552200000,"endTime":1525554000000,"stationId":"826989607213","imi":"imi:00100000005D3AD9","mediaGroupId":"crid:~~2F~~2Fport.hu~~2F1587189","program":{"id":"crid:~~2F~~2Fport.hu~~2F26745444","title":"Family Guy","description":"(XII.\/5) A Family Guy egy amerikai rajzfilmsorozat Quahog kital\u00e1lt v\u00e1ros\u00e1ban. A t\u00f6rt\u00e9net k\u00f6z\u00e9ppontj\u00e1ban a Griffin h\u00e1z \u00e1ll, ahol egy furcsa csal\u00e1d lakik: k\u00e9t sz\u00fcl\u0151, k\u00e9t gyerek, id\u00e1ig semmi k\u00fcl\u00f6n\u00f6s. De abban a h\u00e1zban \u00e9l Brian, a zseni\u00e1lis kutya, akinek a legt\u00f6bb s\u00fctnival\u00f3ja van a band\u00e1ban, \u00e9s egy mut\u00e1ns b\u00e9bi. Egy nem norm\u00e1lis csal\u00e1d mindennapjai egy nem norm\u00e1lis v\u00e1rosban.","longDescription":"(XII.\/5) A Family Guy egy amerikai rajzfilmsorozat Quahog kital\u00e1lt v\u00e1ros\u00e1ban. A t\u00f6rt\u00e9net k\u00f6z\u00e9ppontj\u00e1ban a Griffin h\u00e1z \u00e1ll, ahol egy furcsa csal\u00e1d lakik: k\u00e9t sz\u00fcl\u0151, k\u00e9t gyerek, id\u00e1ig semmi k\u00fcl\u00f6n\u00f6s. De abban a h\u00e1zban \u00e9l Brian, a zseni\u00e1lis kutya, akinek a legt\u00f6bb s\u00fctnival\u00f3ja van a band\u00e1ban, \u00e9s egy mut\u00e1ns b\u00e9bi. Egy nem norm\u00e1lis csal\u00e1d mindennapjai egy nem norm\u00e1lis v\u00e1rosban.","languageCode":"hun","countryCode":"HU","deviceCode":"web","medium":"TV","categories":[{"id":"271090244428","title":"Dr\u00e1ma","scheme":"urn:tva:metadata:cs:UPCEventGenreCS:2009"},{"id":"271090244432","title":"Kom\u00e9dia\/Filmv\u00edgj\u00e1t\u00e9k","scheme":"urn:tva:metadata:cs:UPCEventGenreCS:2009"}],"isAdult":false,"parentalRating":"16","cast":["Alex Borstein","Seth MacFarlane","Seth Green","Mila Kunis","Mike Henry"],"directors":["Andrew Gormley"],"images":[{"assetType":"tva-boxcover","assetTypes":["tva-boxcover"],"width":180,"height":260,"url":"https:\/\/wp17-images-hu-dynamic.horizon.tv\/HU\/Images\/bc_8259c469b7b0f38422cedd869c13d60e81d2c8c6.jpg"},{"assetType":"boxart-xlarge","assetTypes":["boxart-xlarge"],"width":210,"height":303,"url":"https:\/\/wp17-images-hu-dynamic.horizon.tv\/HU\/Images\/bc_8259c469b7b0f38422cedd869c13d60e81d2c8c6.jpg?w=210&h=303&mode=box"},{"assetType":"boxart-small","assetTypes":["boxart-small"],"width":75,"height":108,"url":"https:\/\/wp17-images-hu-dynamic.horizon.tv\/HU\/Images\/bc_8259c469b7b0f38422cedd869c13d60e81d2c8c6.jpg?w=75&h=108&mode=box"},{"assetType":"boxart-medium","assetTypes":["boxart-medium"],"width":110,"height":159,"url":"https:\/\/wp17-images-hu-dynamic.horizon.tv\/HU\/Images\/bc_8259c469b7b0f38422cedd869c13d60e81d2c8c6.jpg?w=110&h=159&mode=box"},{"assetType":"boxart-large","assetTypes":["boxart-large"],"width":180,"height":260,"url":"https:\/\/wp17-images-hu-dynamic.horizon.tv\/HU\/Images\/bc_8259c469b7b0f38422cedd869c13d60e81d2c8c6.jpg?w=180&h=260&mode=box"},{"assetType":"HighResPortrait","assetTypes":["HighResPortrait"],"url":"https:\/\/wp3-images-hu-dynamic.horizon.tv\/HU\/Images\/hrp_46fe56dbbd9639e9b4dc0f2d33051cd9d75e47b1.jpg"},{"assetType":"HighResLandscape","assetTypes":["HighResLandscape"],"url":"https:\/\/wp3-images-hu-dynamic.horizon.tv\/HU\/Images\/hrl_bb5f1ba0302520dcd6cc792e18804c6b260c7ca3.jpg"}],"mediaGroupId":"crid:~~2F~~2Fport.hu~~2F1587189","secondaryTitle":"(XII.\/5)","shortDescription":"A Family Guy egy amerikai rajzfilmsorozat Quahog kital\u00e1lt v\u00e1ros\u00e1ban. A t\u00f6rt\u00e9net k\u00f6z\u00e9ppontj\u00e1ban a Griffin h\u00e1z \u00e1ll, ahol egy furcsa csal\u00e1d lakik: k\u00e9t sz\u00fcl\u0151, k\u00e9t gyerek \u00e9s Brian, a zseni\u00e1lis kutya.","mediaType":"Episode","year":"2013","isReplayTv":false,"seriesEpisodeNumber":"5","seriesNumber":"12","videoStreams":[],"airDate":1356998400000,"entitlements":["VIP","_OPEN_"],"currentProductIds":[],"currentTvodProductIds":[]},"parentId":"crid:~~2F~~2Fport.hu~~2F1587189","rootId":"crid:~~2F~~2Fport.hu~~2F1587189"}