{"id":"crid:~~2F~~2Fport.hu~~2F90588910-imi:00100000005D3042","countryCode":"HU","languageCode":"hun","deviceCode":"web","startTime":1525490700000,"endTime":1525491000000,"stationId":"826989607245","imi":"imi:00100000005D3042","mediaGroupId":"crid:~~2F~~2Fport.hu~~2F70726706","program":{"id":"crid:~~2F~~2Fport.hu~~2F90588910","title":"Sz\u00f3lalj meg! \u2013 olaszul","description":"Nyelvlecke","longDescription":"Nyelvlecke","languageCode":"hun","countryCode":"HU","deviceCode":"web","medium":"TV","categories":[{"id":"271090244402","title":"Ismeretterjeszt\u0151 m\u0171sorok","scheme":"urn:tva:metadata:cs:UPCEventGenreCS:2009"},{"id":"271090244409","title":"Nyelvlecke","scheme":"urn:tva:metadata:cs:UPCEventGenreCS:2009"}],"isAdult":false,"parentalRating":"3","cast":[],"directors":[],"images":[{"assetType":"boxart-large","assetTypes":["boxart-large"],"width":180,"height":260,"url":"https:\/\/wp15-images-hu-dynamic.horizon.tv\/HU\/Images\/upcgenre_97.jpg?w=180&h=260&mode=box"},{"assetType":"boxart-small","assetTypes":["boxart-small"],"width":75,"height":108,"url":"https:\/\/wp15-images-hu-dynamic.horizon.tv\/HU\/Images\/upcgenre_97.jpg?w=75&h=108&mode=box"},{"assetType":"boxart-medium","assetTypes":["boxart-medium"],"width":110,"height":159,"url":"https:\/\/wp15-images-hu-dynamic.horizon.tv\/HU\/Images\/upcgenre_97.jpg?w=110&h=159&mode=box"},{"assetType":"tva-boxcover","assetTypes":["tva-boxcover"],"width":180,"height":260,"url":"https:\/\/wp15-images-hu-dynamic.horizon.tv\/HU\/Images\/upcgenre_97.jpg"},{"assetType":"boxart-xlarge","assetTypes":["boxart-xlarge"],"width":210,"height":303,"url":"https:\/\/wp15-images-hu-dynamic.horizon.tv\/HU\/Images\/upcgenre_97.jpg?w=210&h=303&mode=box"},{"assetType":"HighResLandscape","assetTypes":["HighResLandscape"],"url":"https:\/\/wp7-images-hu-dynamic.horizon.tv\/HU\/Images\/hrl_91b80f7dd7638b4d6ea724ce5489a55190cb6a84.jpg"}],"mediaGroupId":"crid:~~2F~~2Fport.hu~~2F70726706","shortDescription":"Nyelvlecke","mediaType":"Episode","isReplayTv":false,"seriesEpisodeNumber":"1805050525","seriesNumber":"1805031450","videoStreams":[],"entitlements":["VIP","_OPEN_"],"currentProductIds":[],"currentTvodProductIds":[]},"parentId":"crid:~~2F~~2Fport.hu~~2F70726706","rootId":"crid:~~2F~~2Fport.hu~~2F70726706"}