{"id":"crid:~~2F~~2Fport.hu~~2F72645704-imi:00100000005D3D91","countryCode":"HU","languageCode":"hun","deviceCode":"web","startTime":1525605300000,"endTime":1525605900000,"stationId":"826989607196","imi":"imi:00100000005D3D91","mediaGroupId":"crid:~~2F~~2Fport.hu~~2F42212720","program":{"id":"crid:~~2F~~2Fport.hu~~2F72645704","title":"Medvetes\u00f3k","description":"(III.\/10) A sorozat f\u0151szerepl\u0151i h\u00e1rom medve, egy grizzly, egy panda \u00e9s egy jegesmedve, akik San Francisco utc\u00e1it j\u00e1rva pr\u00f3b\u00e1lnak beilleszkedni a t\u00e1rsadalomba. Megtanulnak kosarazni, okostelefonnal szelfit k\u00e9sz\u00edteni \u00e9s kaj\u00e1t \u00e1rulni az utc\u00e1n.","longDescription":"(III.\/10) A sorozat f\u0151szerepl\u0151i h\u00e1rom medve, egy grizzly, egy panda \u00e9s egy jegesmedve, akik San Francisco utc\u00e1it j\u00e1rva pr\u00f3b\u00e1lnak beilleszkedni a t\u00e1rsadalomba. Megtanulnak kosarazni, okostelefonnal szelfit k\u00e9sz\u00edteni \u00e9s kaj\u00e1t \u00e1rulni az utc\u00e1n.","languageCode":"hun","countryCode":"HU","deviceCode":"web","medium":"TV","categories":[{"id":"271090244428","title":"Dr\u00e1ma","scheme":"urn:tva:metadata:cs:UPCEventGenreCS:2009"}],"isAdult":false,"parentalRating":"3","cast":["Eric Edelstein","Demetri Martin","Bobby Moynihan","Jason Lee","Charlyne Yi"],"directors":["Manny Hernandez"],"images":[{"assetType":"boxart-medium","assetTypes":["boxart-medium"],"width":110,"height":159,"url":"https:\/\/wp20-images-hu-dynamic.horizon.tv\/HU\/Images\/upcgenre_E0.jpg?w=110&h=159&mode=box"},{"assetType":"boxart-large","assetTypes":["boxart-large"],"width":180,"height":260,"url":"https:\/\/wp20-images-hu-dynamic.horizon.tv\/HU\/Images\/upcgenre_E0.jpg?w=180&h=260&mode=box"},{"assetType":"boxart-small","assetTypes":["boxart-small"],"width":75,"height":108,"url":"https:\/\/wp20-images-hu-dynamic.horizon.tv\/HU\/Images\/upcgenre_E0.jpg?w=75&h=108&mode=box"},{"assetType":"boxart-xlarge","assetTypes":["boxart-xlarge"],"width":210,"height":303,"url":"https:\/\/wp20-images-hu-dynamic.horizon.tv\/HU\/Images\/upcgenre_E0.jpg?w=210&h=303&mode=box"},{"assetType":"tva-boxcover","assetTypes":["tva-boxcover"],"width":180,"height":260,"url":"https:\/\/wp20-images-hu-dynamic.horizon.tv\/HU\/Images\/upcgenre_E0.jpg"}],"mediaGroupId":"crid:~~2F~~2Fport.hu~~2F42212720","secondaryTitle":"Panda's Art (III.\/10)","shortDescription":"A sorozat f\u0151szerepl\u0151i h\u00e1rom medve, egy grizzly, egy panda \u00e9s egy jegesmedve, akik San Francisco utc\u00e1it j\u00e1rva pr\u00f3b\u00e1lnak beilleszkedni a t\u00e1rsadalomba.","mediaType":"Episode","year":"2017","isReplayTv":false,"seriesEpisodeNumber":"10","seriesNumber":"3","videoStreams":[],"airDate":1483228800000,"entitlements":["VIP","_OPEN_"],"currentProductIds":[],"currentTvodProductIds":[]},"parentId":"crid:~~2F~~2Fport.hu~~2F42212720","rootId":"crid:~~2F~~2Fport.hu~~2F42212720"}