{"id":"crid:~~2F~~2Fport.hu~~2F90314592-imi:00100000005D2FFB","countryCode":"HU","languageCode":"hun","deviceCode":"web","startTime":1525413300000,"endTime":1525416900000,"stationId":"826989607193","imi":"imi:00100000005D2FFB","mediaGroupId":"crid:~~2F~~2Fport.hu~~2F73785908","program":{"id":"crid:~~2F~~2Fport.hu~~2F90314592","title":"Zenev\u00e1r\u00f3","description":"Zene","longDescription":"Zene","languageCode":"hun","countryCode":"HU","deviceCode":"web","medium":"TV","categories":[{"id":"271090244377","title":"Zene","scheme":"urn:tva:metadata:cs:UPCEventGenreCS:2009"}],"isAdult":false,"parentalRating":"12","cast":[],"directors":[],"images":[{"assetType":"boxart-large","assetTypes":["boxart-large"],"width":180,"height":260,"url":"https:\/\/wp2-images-hu-dynamic.horizon.tv\/HU\/Images\/upcgenre_60.jpg?w=180&h=260&mode=box"},{"assetType":"tva-boxcover","assetTypes":["tva-boxcover"],"width":180,"height":260,"url":"https:\/\/wp2-images-hu-dynamic.horizon.tv\/HU\/Images\/upcgenre_60.jpg"},{"assetType":"boxart-medium","assetTypes":["boxart-medium"],"width":110,"height":159,"url":"https:\/\/wp2-images-hu-dynamic.horizon.tv\/HU\/Images\/upcgenre_60.jpg?w=110&h=159&mode=box"},{"assetType":"boxart-small","assetTypes":["boxart-small"],"width":75,"height":108,"url":"https:\/\/wp2-images-hu-dynamic.horizon.tv\/HU\/Images\/upcgenre_60.jpg?w=75&h=108&mode=box"},{"assetType":"boxart-xlarge","assetTypes":["boxart-xlarge"],"width":210,"height":303,"url":"https:\/\/wp2-images-hu-dynamic.horizon.tv\/HU\/Images\/upcgenre_60.jpg?w=210&h=303&mode=box"}],"mediaGroupId":"crid:~~2F~~2Fport.hu~~2F73785908","shortDescription":"Zene","mediaType":"Episode","isReplayTv":false,"seriesEpisodeNumber":"1805040755","seriesNumber":"1805020755","videoStreams":[],"entitlements":["VIP","_OPEN_"],"currentProductIds":[],"currentTvodProductIds":[]},"parentId":"crid:~~2F~~2Fport.hu~~2F73785908","rootId":"crid:~~2F~~2Fport.hu~~2F73785908"}