{"id":"crid:~~2F~~2Fport.hu~~2F90324213-imi:00100000005D214D","countryCode":"HU","languageCode":"hun","deviceCode":"web","startTime":1525428000000,"endTime":1525433400000,"stationId":"826989607221","imi":"imi:00100000005D214D","mediaGroupId":"crid:~~2F~~2Fport.hu~~2F67512394","program":{"id":"crid:~~2F~~2Fport.hu~~2F90324213","title":"Trash Talk","description":"Amerikai sportmagazin","longDescription":"Amerikai sportmagazin","languageCode":"hun","countryCode":"HU","deviceCode":"web","medium":"TV","categories":[{"id":"271090244353","title":"Sport","scheme":"urn:tva:metadata:cs:UPCEventGenreCS:2009"},{"id":"271090244358","title":"Magazinm\u0171sor","scheme":"urn:tva:metadata:cs:UPCEventGenreCS:2009"}],"isAdult":false,"parentalRating":"3","cast":[],"directors":[],"images":[{"assetType":"boxart-xlarge","assetTypes":["boxart-xlarge"],"width":210,"height":303,"url":"https:\/\/wp25-images-hu-dynamic.horizon.tv\/HU\/Images\/upcgenre_42.jpg?w=210&h=303&mode=box"},{"assetType":"tva-boxcover","assetTypes":["tva-boxcover"],"width":180,"height":260,"url":"https:\/\/wp25-images-hu-dynamic.horizon.tv\/HU\/Images\/upcgenre_42.jpg"},{"assetType":"boxart-small","assetTypes":["boxart-small"],"width":75,"height":108,"url":"https:\/\/wp25-images-hu-dynamic.horizon.tv\/HU\/Images\/upcgenre_42.jpg?w=75&h=108&mode=box"},{"assetType":"boxart-medium","assetTypes":["boxart-medium"],"width":110,"height":159,"url":"https:\/\/wp25-images-hu-dynamic.horizon.tv\/HU\/Images\/upcgenre_42.jpg?w=110&h=159&mode=box"},{"assetType":"boxart-large","assetTypes":["boxart-large"],"width":180,"height":260,"url":"https:\/\/wp25-images-hu-dynamic.horizon.tv\/HU\/Images\/upcgenre_42.jpg?w=180&h=260&mode=box"}],"mediaGroupId":"crid:~~2F~~2Fport.hu~~2F67512394","secondaryTitle":"Amerikai sportmagazin","shortDescription":"Amerikai sportmagazin","mediaType":"Episode","isReplayTv":false,"seriesEpisodeNumber":"1805041200","seriesNumber":"1805032000","videoStreams":[],"entitlements":["VIP","_OPEN_"],"currentProductIds":[],"currentTvodProductIds":[]},"parentId":"crid:~~2F~~2Fport.hu~~2F67512394","rootId":"crid:~~2F~~2Fport.hu~~2F67512394"}