{"id":"crid:~~2F~~2Fport.hu~~2F67078066-imi:00100000005D5A6D","countryCode":"HU","languageCode":"hun","deviceCode":"web","startTime":1525702200000,"endTime":1525706100000,"stationId":"826989607166","imi":"imi:00100000005D5A6D","mediaGroupId":"crid:~~2F~~2Fport.hu~~2F18365577","program":{"id":"crid:~~2F~~2Fport.hu~~2F67078066","title":"Topmodell lehetsz!","description":"Coleen McLoughlin elv\u00e1llalta \u00e9lete legnagyobb kih\u00edv\u00e1s\u00e1t: term\u00e9szetes sz\u00e9ps\u00e9g\u0171, \"val\u00f3di\" n\u0151ket tal\u00e1ljon egy-egy vezet\u0151 m\u00e1rka rekl\u00e1marc\u00e1nak.Coleen minden epiz\u00f3dban nekiv\u00e1g Anglia utc\u00e1inak, hogy a megb\u00edz\u00f3j\u00e1t\u00f3l kapott le\u00edr\u00e1s alapj\u00e1n v\u00e1llalkoz\u00f3 kedv\u0171 - \u00e9s szigor\u00faan amat\u0151r - l\u00e1nyokat meggy\u0151zz\u00f6n a modellv\u00e1logat\u00e1son val\u00f3 r\u00e9szv\u00e9telr\u0151l. Ha valakinek a megjelen\u00e9se \u00e9s kisug\u00e1rz\u00e1sa illik az adott term\u00e9k rekl\u00e1mkamp\u00e1ny\u00e1hoz, Coleen \u00e9s csapata minden seg\u00edts\u00e9get megadnak neki, hogy a profi modellekkel is felvehesse a versenyt: sminkel\u00e9s, frizuraigaz\u00edt\u00e1s, fot\u00f3z\u00e1s egy portf\u00f3li\u00f3hoz. Vajon siker\u00fcl meggy\u0151zni a hirdet\u0151ket arr\u00f3l, hogy az \u00e1tlagos n\u0151 val\u00f3di sz\u00e9ps\u00e9ge felveheti a versenyt a fot\u00f3modellek szabv\u00e1nyszer\u0171 megjelen\u00e9s\u00e9vel?","longDescription":"Coleen McLoughlin elv\u00e1llalta \u00e9lete legnagyobb kih\u00edv\u00e1s\u00e1t: term\u00e9szetes sz\u00e9ps\u00e9g\u0171, \"val\u00f3di\" n\u0151ket tal\u00e1ljon egy-egy vezet\u0151 m\u00e1rka rekl\u00e1marc\u00e1nak.Coleen minden epiz\u00f3dban nekiv\u00e1g Anglia utc\u00e1inak, hogy a megb\u00edz\u00f3j\u00e1t\u00f3l kapott le\u00edr\u00e1s alapj\u00e1n v\u00e1llalkoz\u00f3 kedv\u0171 - \u00e9s szigor\u00faan amat\u0151r - l\u00e1nyokat meggy\u0151zz\u00f6n a modellv\u00e1logat\u00e1son val\u00f3 r\u00e9szv\u00e9telr\u0151l. Ha valakinek a megjelen\u00e9se \u00e9s kisug\u00e1rz\u00e1sa illik az adott term\u00e9k rekl\u00e1mkamp\u00e1ny\u00e1hoz, Coleen \u00e9s csapata minden seg\u00edts\u00e9get megadnak neki, hogy a profi modellekkel is felvehesse a versenyt: sminkel\u00e9s, frizuraigaz\u00edt\u00e1s, fot\u00f3z\u00e1s egy portf\u00f3li\u00f3hoz. Vajon siker\u00fcl meggy\u0151zni a hirdet\u0151ket arr\u00f3l, hogy az \u00e1tlagos n\u0151 val\u00f3di sz\u00e9ps\u00e9ge felveheti a versenyt a fot\u00f3modellek szabv\u00e1nyszer\u0171 megjelen\u00e9s\u00e9vel?","languageCode":"hun","countryCode":"HU","deviceCode":"web","medium":"TV","categories":[{"id":"271090244398","title":"T\u00e1rsadalmi\/Politikai","scheme":"urn:tva:metadata:cs:UPCEventGenreCS:2009"}],"isAdult":false,"parentalRating":"12","cast":[],"directors":[],"images":[{"assetType":"tva-boxcover","assetTypes":["tva-boxcover"],"width":180,"height":260,"url":"https:\/\/wp3-images-hu-dynamic.horizon.tv\/HU\/Images\/upcgenre_80.jpg"},{"assetType":"boxart-xlarge","assetTypes":["boxart-xlarge"],"width":210,"height":303,"url":"https:\/\/wp3-images-hu-dynamic.horizon.tv\/HU\/Images\/upcgenre_80.jpg?w=210&h=303&mode=box"},{"assetType":"boxart-medium","assetTypes":["boxart-medium"],"width":110,"height":159,"url":"https:\/\/wp3-images-hu-dynamic.horizon.tv\/HU\/Images\/upcgenre_80.jpg?w=110&h=159&mode=box"},{"assetType":"boxart-small","assetTypes":["boxart-small"],"width":75,"height":108,"url":"https:\/\/wp3-images-hu-dynamic.horizon.tv\/HU\/Images\/upcgenre_80.jpg?w=75&h=108&mode=box"},{"assetType":"boxart-large","assetTypes":["boxart-large"],"width":180,"height":260,"url":"https:\/\/wp3-images-hu-dynamic.horizon.tv\/HU\/Images\/upcgenre_80.jpg?w=180&h=260&mode=box"}],"mediaGroupId":"crid:~~2F~~2Fport.hu~~2F18365577","shortDescription":"Coleen minden epiz\u00f3dban nekiv\u00e1g Anglia utc\u00e1inak, hogy a megb\u00edz\u00f3j\u00e1t\u00f3l kapott le\u00edr\u00e1s alapj\u00e1n v\u00e1llalkoz\u00f3 kedv\u0171 - \u00e9s szigor\u00faan amat\u0151r - l\u00e1nyokat meggy\u0151zz\u00f6n a modellv\u00e1logat\u00e1son val\u00f3 r\u00e9szv\u00e9telr\u0151l.","mediaType":"Episode","isReplayTv":false,"seriesEpisodeNumber":"1805120720","seriesNumber":"1805111610","videoStreams":[],"entitlements":["VIP","_OPEN_"],"currentProductIds":[],"currentTvodProductIds":[]},"parentId":"crid:~~2F~~2Fport.hu~~2F18365577","rootId":"crid:~~2F~~2Fport.hu~~2F18365577"}