{"id":"crid:~~2F~~2Fport.hu~~2F91384484-imi:00100000005D93F1","countryCode":"HU","languageCode":"hun","deviceCode":"web","startTime":1525653600000,"endTime":1525655100000,"stationId":"826989607168","imi":"imi:00100000005D93F1","mediaGroupId":"crid:~~2F~~2Fport.hu~~2F70382137","program":{"id":"crid:~~2F~~2Fport.hu~~2F91384484","title":"Muffin\u00f3z\u00f3k","description":"A The Cupcake Girls egy j\u00f3\u00edz\u0171en sz\u00f3rakoztat\u00f3 dokumentumfilm-sorozat k\u00e9t v\u00e1llalkoz\u00f3 szellem\u0171 bar\u00e1tn\u0151, Heather \u00e9s Lori izgalmas \u00e9s vid\u00e1m utaz\u00e1s\u00e1r\u00f3l, melynek c\u00e9lja egy muffin-birodalom ki\u00e9p\u00edt\u00e9se. B\u00e1r sokan azt gondolhatj\u00e1k, hogy egy muffin-\u00fczletl\u00e1nc ir\u00e1ny\u00edt\u00e1sa csup\u00e1n \u00e9des semmittev\u00e9sb\u0151l \u00e1ll, Heather \u00e9s Lori tapasztalatai bizony\u00edtj\u00e1k, hogy a siker receptj\u00e9t bizony nem is olyan k\u00f6nny\u0171 dolog megtal\u00e1lni. Mik\u00f6zben a l\u00e1nyok v\u00e1llalkoz\u00e1s\u00e1nak sorsa \u00e9s a bar\u00e1ts\u00e1guk egyar\u00e1nt kock\u00e1n forog kalandjaik sor\u00e1n, \u0151k arra a fontos k\u00e9rd\u00e9sre keresik a v\u00e1laszt, hogy lehetnek-e egyszerre \u00fczlett\u00e1rsak \u00e9s bar\u00e1tn\u0151k, azaz vajon j\u00f3llakhatnak-e \u00fagy, hogy a k\u00f6zben a muffin is megmarad?","longDescription":"A The Cupcake Girls egy j\u00f3\u00edz\u0171en sz\u00f3rakoztat\u00f3 dokumentumfilm-sorozat k\u00e9t v\u00e1llalkoz\u00f3 szellem\u0171 bar\u00e1tn\u0151, Heather \u00e9s Lori izgalmas \u00e9s vid\u00e1m utaz\u00e1s\u00e1r\u00f3l, melynek c\u00e9lja egy muffin-birodalom ki\u00e9p\u00edt\u00e9se. B\u00e1r sokan azt gondolhatj\u00e1k, hogy egy muffin-\u00fczletl\u00e1nc ir\u00e1ny\u00edt\u00e1sa csup\u00e1n \u00e9des semmittev\u00e9sb\u0151l \u00e1ll, Heather \u00e9s Lori tapasztalatai bizony\u00edtj\u00e1k, hogy a siker receptj\u00e9t bizony nem is olyan k\u00f6nny\u0171 dolog megtal\u00e1lni. Mik\u00f6zben a l\u00e1nyok v\u00e1llalkoz\u00e1s\u00e1nak sorsa \u00e9s a bar\u00e1ts\u00e1guk egyar\u00e1nt kock\u00e1n forog kalandjaik sor\u00e1n, \u0151k arra a fontos k\u00e9rd\u00e9sre keresik a v\u00e1laszt, hogy lehetnek-e egyszerre \u00fczlett\u00e1rsak \u00e9s bar\u00e1tn\u0151k, azaz vajon j\u00f3llakhatnak-e \u00fagy, hogy a k\u00f6zben a muffin is megmarad?","languageCode":"hun","countryCode":"HU","deviceCode":"web","medium":"TV","categories":[{"id":"271090244349","title":"Show","scheme":"urn:tva:metadata:cs:UPCEventGenreCS:2009"}],"isAdult":false,"parentalRating":"12","cast":[],"directors":[],"images":[{"assetType":"boxart-large","assetTypes":["boxart-large"],"width":180,"height":260,"url":"https:\/\/wp1-images-hu-dynamic.horizon.tv\/HU\/Images\/bc_04db03f06a97da58520b3d3224cd076392ab7c0e.jpg?w=180&h=260&mode=box"},{"assetType":"boxart-xlarge","assetTypes":["boxart-xlarge"],"width":210,"height":303,"url":"https:\/\/wp1-images-hu-dynamic.horizon.tv\/HU\/Images\/bc_04db03f06a97da58520b3d3224cd076392ab7c0e.jpg?w=210&h=303&mode=box"},{"assetType":"tva-boxcover","assetTypes":["tva-boxcover"],"width":180,"height":260,"url":"https:\/\/wp1-images-hu-dynamic.horizon.tv\/HU\/Images\/bc_04db03f06a97da58520b3d3224cd076392ab7c0e.jpg"},{"assetType":"boxart-small","assetTypes":["boxart-small"],"width":75,"height":108,"url":"https:\/\/wp1-images-hu-dynamic.horizon.tv\/HU\/Images\/bc_04db03f06a97da58520b3d3224cd076392ab7c0e.jpg?w=75&h=108&mode=box"},{"assetType":"boxart-medium","assetTypes":["boxart-medium"],"width":110,"height":159,"url":"https:\/\/wp1-images-hu-dynamic.horizon.tv\/HU\/Images\/bc_04db03f06a97da58520b3d3224cd076392ab7c0e.jpg?w=110&h=159&mode=box"},{"assetType":"HighResLandscape","assetTypes":["HighResLandscape"],"url":"https:\/\/wp24-images-hu-dynamic.horizon.tv\/HU\/Images\/hrl_b975a69cb2c6505c10b38ce62a95471300319e03.jpg"}],"mediaGroupId":"crid:~~2F~~2Fport.hu~~2F70382137","shortDescription":"A The Cupcake Girls egy j\u00f3\u00edz\u0171en sz\u00f3rakoztat\u00f3 dokumentumfilm-sorozat k\u00e9t v\u00e1llalkoz\u00f3 szellem\u0171 bar\u00e1tn\u0151, Heather \u00e9s Lori izgalmas \u00e9s vid\u00e1m utaz\u00e1s\u00e1r\u00f3l, melynek c\u00e9lja egy muffin-birodalom ki\u00e9p\u00edt\u00e9se.","mediaType":"Episode","isReplayTv":false,"seriesEpisodeNumber":"1805070240","seriesNumber":"1805130240","videoStreams":[],"entitlements":["VIP","_OPEN_"],"currentProductIds":[],"currentTvodProductIds":[]},"parentId":"crid:~~2F~~2Fport.hu~~2F70382137","rootId":"crid:~~2F~~2Fport.hu~~2F70382137"}