{"id":"crid:~~2F~~2Fport.hu~~2F84370815-imi:00100000005D41CA","countryCode":"HU","languageCode":"hun","deviceCode":"web","startTime":1525542900000,"endTime":1525546500000,"stationId":"826989607278","imi":"imi:00100000005D41CA","mediaGroupId":"crid:~~2F~~2Fport.hu~~2F71697529","program":{"id":"crid:~~2F~~2Fport.hu~~2F84370815","title":"Muzsika Tv Extra","description":"Rock\/pop","longDescription":"Rock\/pop","languageCode":"hun","countryCode":"HU","deviceCode":"web","medium":"TV","categories":[{"id":"271090244377","title":"Zene","scheme":"urn:tva:metadata:cs:UPCEventGenreCS:2009"},{"id":"271090244378","title":"Rock\/pop","scheme":"urn:tva:metadata:cs:UPCEventGenreCS:2009"}],"isAdult":false,"parentalRating":"12","cast":[],"directors":[],"images":[{"assetType":"boxart-xlarge","assetTypes":["boxart-xlarge"],"width":210,"height":303,"url":"https:\/\/wp9-images-hu-dynamic.horizon.tv\/HU\/Images\/bc_1e5f4cd94cd92c05fc8014935e44595e36f74c3f.jpg?w=210&h=303&mode=box"},{"assetType":"boxart-large","assetTypes":["boxart-large"],"width":180,"height":260,"url":"https:\/\/wp9-images-hu-dynamic.horizon.tv\/HU\/Images\/bc_1e5f4cd94cd92c05fc8014935e44595e36f74c3f.jpg?w=180&h=260&mode=box"},{"assetType":"boxart-medium","assetTypes":["boxart-medium"],"width":110,"height":159,"url":"https:\/\/wp9-images-hu-dynamic.horizon.tv\/HU\/Images\/bc_1e5f4cd94cd92c05fc8014935e44595e36f74c3f.jpg?w=110&h=159&mode=box"},{"assetType":"tva-boxcover","assetTypes":["tva-boxcover"],"width":180,"height":260,"url":"https:\/\/wp9-images-hu-dynamic.horizon.tv\/HU\/Images\/bc_1e5f4cd94cd92c05fc8014935e44595e36f74c3f.jpg"},{"assetType":"boxart-small","assetTypes":["boxart-small"],"width":75,"height":108,"url":"https:\/\/wp9-images-hu-dynamic.horizon.tv\/HU\/Images\/bc_1e5f4cd94cd92c05fc8014935e44595e36f74c3f.jpg?w=75&h=108&mode=box"},{"assetType":"HighResLandscape","assetTypes":["HighResLandscape"],"url":"https:\/\/wp21-images-hu-dynamic.horizon.tv\/HU\/Images\/hrl_83e9f3e8d131ebba438a9a4aa14da6a93abfc648.jpg"},{"assetType":"HighResPortrait","assetTypes":["HighResPortrait"],"url":"https:\/\/wp21-images-hu-dynamic.horizon.tv\/HU\/Images\/hrp_1e5f4cd94cd92c05fc8014935e44595e36f74c3f.jpg"}],"mediaGroupId":"crid:~~2F~~2Fport.hu~~2F71697529","secondaryTitle":"Eur\u00f3pa Haj\u00f3","shortDescription":"Rock\/pop","mediaType":"Episode","year":"2017","duration":3600,"latestBroadcastStartTime":1525298400000,"latestBroadcastEndTime":1525302000000,"isReplayTv":true,"listingId":"crid:~~2F~~2Fport.hu~~2F84370815-imi:00100000005CF57E","seriesEpisodeNumber":"1805051955","seriesNumber":"1805051955","videoStreams":[],"airDate":1483228800000,"entitlements":["VIP","_OPEN_","crid:~~2F~~2Fupc.com~~2FReplayTV~~2Fmuzsika_tv_ReplayTV"],"currentProductIds":["crid:~~2F~~2Fupc.com~~2FReplayTV~~2Fmuzsika_tv_ReplayTV"],"currentTvodProductIds":[]},"parentId":"crid:~~2F~~2Fport.hu~~2F71697529","rootId":"crid:~~2F~~2Fport.hu~~2F71697529"}