{"id":"crid:~~2F~~2Fport.hu~~2F87122429-imi:00100000005D41C2","countryCode":"HU","languageCode":"hun","deviceCode":"web","startTime":1525597200000,"endTime":1525600800000,"stationId":"826989607278","imi":"imi:00100000005D41C2","mediaGroupId":"crid:~~2F~~2Fport.hu~~2F67124363","program":{"id":"crid:~~2F~~2Fport.hu~~2F87122429","title":"F\u0171re l\u00e9pni Ihos","description":"Az ismert kabar\u00e9szerz\u0151-humorista Ihos J\u00f3zsef ez\u00fattal \u00f6n\u00e1ll\u00f3 humoros, zen\u00e9s m\u0171sorral jelentkezik, melynek c\u00edme F\u0171re l\u00e9pni Ihos. A m\u0171sorban felt\u0171nnek kedvenc kabar\u00e9karaktereink \u00fajrat\u00f6ltve, p\u00e9ld\u00e1ul Kat\u00f3 n\u00e9ni vagy Pityesz \u00e9s Savanya. Meglepet\u00e9svend\u00e9gek, zen\u00e9s par\u00f3di\u00e1k \u00e9s humoros gegfilmek v\u00e1rj\u00e1k \u00faj k\u00f6nt\u00f6sben a sz\u00f3rakozni v\u00e1gy\u00f3kat.","longDescription":"Az ismert kabar\u00e9szerz\u0151-humorista Ihos J\u00f3zsef ez\u00fattal \u00f6n\u00e1ll\u00f3 humoros, zen\u00e9s m\u0171sorral jelentkezik, melynek c\u00edme F\u0171re l\u00e9pni Ihos. A m\u0171sorban felt\u0171nnek kedvenc kabar\u00e9karaktereink \u00fajrat\u00f6ltve, p\u00e9ld\u00e1ul Kat\u00f3 n\u00e9ni vagy Pityesz \u00e9s Savanya. Meglepet\u00e9svend\u00e9gek, zen\u00e9s par\u00f3di\u00e1k \u00e9s humoros gegfilmek v\u00e1rj\u00e1k \u00faj k\u00f6nt\u00f6sben a sz\u00f3rakozni v\u00e1gy\u00f3kat.","languageCode":"hun","countryCode":"HU","deviceCode":"web","medium":"TV","categories":[{"id":"271090244349","title":"Show","scheme":"urn:tva:metadata:cs:UPCEventGenreCS:2009"}],"isAdult":false,"parentalRating":"12","cast":[],"directors":["Gerencs\u00e9r Tam\u00e1s"],"images":[{"assetType":"boxart-xlarge","assetTypes":["boxart-xlarge"],"width":210,"height":303,"url":"https:\/\/wp15-images-hu-dynamic.horizon.tv\/HU\/Images\/upcgenre_30.jpg?w=210&h=303&mode=box"},{"assetType":"tva-boxcover","assetTypes":["tva-boxcover"],"width":180,"height":260,"url":"https:\/\/wp15-images-hu-dynamic.horizon.tv\/HU\/Images\/upcgenre_30.jpg"},{"assetType":"boxart-small","assetTypes":["boxart-small"],"width":75,"height":108,"url":"https:\/\/wp15-images-hu-dynamic.horizon.tv\/HU\/Images\/upcgenre_30.jpg?w=75&h=108&mode=box"},{"assetType":"boxart-medium","assetTypes":["boxart-medium"],"width":110,"height":159,"url":"https:\/\/wp15-images-hu-dynamic.horizon.tv\/HU\/Images\/upcgenre_30.jpg?w=110&h=159&mode=box"},{"assetType":"boxart-large","assetTypes":["boxart-large"],"width":180,"height":260,"url":"https:\/\/wp15-images-hu-dynamic.horizon.tv\/HU\/Images\/upcgenre_30.jpg?w=180&h=260&mode=box"}],"mediaGroupId":"crid:~~2F~~2Fport.hu~~2F67124363","shortDescription":"Ihos J\u00f3zsef \u00f6n\u00e1ll\u00f3 humoros, zen\u00e9s m\u0171sor\u00e1ban kabar\u00e9karaktereink t\u0171nnek fel, ez\u00fattal \u00fajrat\u00f6ltve. Meglepet\u00e9svend\u00e9gek, zen\u00e9s par\u00f3di\u00e1k \u00e9s humoros gegfilmek!","mediaType":"Episode","year":"2018","duration":3600,"latestBroadcastStartTime":1525204800000,"latestBroadcastEndTime":1525208400000,"isReplayTv":true,"listingId":"crid:~~2F~~2Fport.hu~~2F87122429-imi:00100000005CDC15","seriesEpisodeNumber":"1805060100","seriesNumber":"1805060100","videoStreams":[],"airDate":1514764800000,"entitlements":["VIP","_OPEN_","crid:~~2F~~2Fupc.com~~2FReplayTV~~2Fmuzsika_tv_ReplayTV"],"currentProductIds":["crid:~~2F~~2Fupc.com~~2FReplayTV~~2Fmuzsika_tv_ReplayTV"],"currentTvodProductIds":[]},"parentId":"crid:~~2F~~2Fport.hu~~2F67124363","rootId":"crid:~~2F~~2Fport.hu~~2F67124363"}