{"id":"crid:~~2F~~2Fport.hu~~2F72323283-imi:00100000005D2404","countryCode":"HU","languageCode":"hun","deviceCode":"web","startTime":1525442520000,"endTime":1525445400000,"stationId":"826989607162","imi":"imi:00100000005D2404","mediaGroupId":"crid:~~2F~~2Fport.hu~~2F45365623","program":{"id":"crid:~~2F~~2Fport.hu~~2F72323283","title":"Da Vinci masin\u00e1i","description":"(I.\/9) A csapat megval\u00f3s\u00edtja da Vinci egyik futurista tervrajz\u00e1t. A XV. sz\u00e1zadban meg\u00e1lmodott g\u00e9pezet vetekszik a modern masin\u00e1kkal, de igazi \u00e9rt\u00e9k\u00e9t az adja, hogy m\u0171k\u00f6dik-e a val\u00f3s\u00e1gban...","longDescription":"(I.\/9) A csapat megval\u00f3s\u00edtja da Vinci egyik futurista tervrajz\u00e1t. A XV. sz\u00e1zadban meg\u00e1lmodott g\u00e9pezet vetekszik a modern masin\u00e1kkal, de igazi \u00e9rt\u00e9k\u00e9t az adja, hogy m\u0171k\u00f6dik-e a val\u00f3s\u00e1gban...","languageCode":"hun","countryCode":"HU","deviceCode":"web","medium":"TV","categories":[{"id":"271090244398","title":"T\u00e1rsadalmi\/Politikai","scheme":"urn:tva:metadata:cs:UPCEventGenreCS:2009"}],"isAdult":false,"parentalRating":"3","cast":[],"directors":[],"images":[{"assetType":"boxart-large","assetTypes":["boxart-large"],"width":180,"height":260,"url":"https:\/\/wp13-images-hu-dynamic.horizon.tv\/HU\/Images\/bc_8048b5c9326263b77da4df59004cbd8c98adae7f.jpg?w=180&h=260&mode=box"},{"assetType":"boxart-small","assetTypes":["boxart-small"],"width":75,"height":108,"url":"https:\/\/wp13-images-hu-dynamic.horizon.tv\/HU\/Images\/bc_8048b5c9326263b77da4df59004cbd8c98adae7f.jpg?w=75&h=108&mode=box"},{"assetType":"tva-boxcover","assetTypes":["tva-boxcover"],"width":180,"height":260,"url":"https:\/\/wp13-images-hu-dynamic.horizon.tv\/HU\/Images\/bc_8048b5c9326263b77da4df59004cbd8c98adae7f.jpg"},{"assetType":"boxart-medium","assetTypes":["boxart-medium"],"width":110,"height":159,"url":"https:\/\/wp13-images-hu-dynamic.horizon.tv\/HU\/Images\/bc_8048b5c9326263b77da4df59004cbd8c98adae7f.jpg?w=110&h=159&mode=box"},{"assetType":"boxart-xlarge","assetTypes":["boxart-xlarge"],"width":210,"height":303,"url":"https:\/\/wp13-images-hu-dynamic.horizon.tv\/HU\/Images\/bc_8048b5c9326263b77da4df59004cbd8c98adae7f.jpg?w=210&h=303&mode=box"},{"assetType":"HighResPortrait","assetTypes":["HighResPortrait"],"url":"https:\/\/wp5-images-hu-dynamic.horizon.tv\/HU\/Images\/hrp_8048b5c9326263b77da4df59004cbd8c98adae7f.jpg"},{"assetType":"HighResLandscape","assetTypes":["HighResLandscape"],"url":"https:\/\/wp5-images-hu-dynamic.horizon.tv\/HU\/Images\/hrl_3876841b5808d7a0fd2a1a1344105c74974ad2ea.jpg"}],"mediaGroupId":"crid:~~2F~~2Fport.hu~~2F45365623","secondaryTitle":"(I.\/9)","shortDescription":"(I.\/9) A csapat megval\u00f3s\u00edtja da Vinci egyik futurista tervrajz\u00e1t. A XV. sz\u00e1zadban meg\u00e1lmodott g\u00e9pezet vetekszik a modern masin\u00e1kkal, de igazi \u00e9rt\u00e9k\u00e9t az adja, hogy m\u0171k\u00f6dik-e a val\u00f3s\u00e1gban...","mediaType":"Episode","year":"2009","isReplayTv":false,"seriesEpisodeNumber":"9","seriesNumber":"1","videoStreams":[],"airDate":1230768000000,"entitlements":["VIP","_OPEN_"],"currentProductIds":[],"currentTvodProductIds":[]},"parentId":"crid:~~2F~~2Fport.hu~~2F45365623","rootId":"crid:~~2F~~2Fport.hu~~2F45365623"}