{"id":"crid:~~2F~~2Fport.hu~~2F91383519-imi:00100000005D9445","countryCode":"HU","languageCode":"hun","deviceCode":"web","startTime":1525546800000,"endTime":1525548900000,"stationId":"826989607168","imi":"imi:00100000005D9445","mediaGroupId":"crid:~~2F~~2Fport.hu~~2F71559382","program":{"id":"crid:~~2F~~2Fport.hu~~2F91383519","title":"Nigella Falatoz\u00f3ja","description":"H\u00e1ziasszony: Nigella Lawson","longDescription":"H\u00e1ziasszony: Nigella Lawson","languageCode":"hun","countryCode":"HU","deviceCode":"web","medium":"TV","categories":[{"id":"271090244349","title":"Show","scheme":"urn:tva:metadata:cs:UPCEventGenreCS:2009"}],"isAdult":false,"parentalRating":"12","cast":[],"directors":[],"images":[{"assetType":"boxart-small","assetTypes":["boxart-small"],"width":75,"height":108,"url":"https:\/\/wp7-images-hu-dynamic.horizon.tv\/HU\/Images\/bc_274973570d3397c9137751b24f82512a09b4c4ef.jpg?w=75&h=108&mode=box"},{"assetType":"boxart-medium","assetTypes":["boxart-medium"],"width":110,"height":159,"url":"https:\/\/wp7-images-hu-dynamic.horizon.tv\/HU\/Images\/bc_274973570d3397c9137751b24f82512a09b4c4ef.jpg?w=110&h=159&mode=box"},{"assetType":"boxart-large","assetTypes":["boxart-large"],"width":180,"height":260,"url":"https:\/\/wp7-images-hu-dynamic.horizon.tv\/HU\/Images\/bc_274973570d3397c9137751b24f82512a09b4c4ef.jpg?w=180&h=260&mode=box"},{"assetType":"tva-boxcover","assetTypes":["tva-boxcover"],"width":180,"height":260,"url":"https:\/\/wp7-images-hu-dynamic.horizon.tv\/HU\/Images\/bc_274973570d3397c9137751b24f82512a09b4c4ef.jpg"},{"assetType":"boxart-xlarge","assetTypes":["boxart-xlarge"],"width":210,"height":303,"url":"https:\/\/wp7-images-hu-dynamic.horizon.tv\/HU\/Images\/bc_274973570d3397c9137751b24f82512a09b4c4ef.jpg?w=210&h=303&mode=box"},{"assetType":"HighResPortrait","assetTypes":["HighResPortrait"],"url":"https:\/\/wp14-images-hu-dynamic.horizon.tv\/HU\/Images\/hrp_fae72a41f975805f83d617cb703f6051ba4d6840.jpg"}],"mediaGroupId":"crid:~~2F~~2Fport.hu~~2F71559382","shortDescription":"H\u00e1ziasszony: Nigella Lawson","mediaType":"Episode","isReplayTv":false,"seriesEpisodeNumber":"1805052100","seriesNumber":"1805050620","videoStreams":[],"entitlements":["VIP","_OPEN_"],"currentProductIds":[],"currentTvodProductIds":[]},"parentId":"crid:~~2F~~2Fport.hu~~2F71559382","rootId":"crid:~~2F~~2Fport.hu~~2F71559382"}