{"id":"crid:~~2F~~2Fport.hu~~2F221887-imi:00100000005D6DF3","countryCode":"HU","languageCode":"hun","deviceCode":"web","startTime":1525681200000,"endTime":1525685100000,"stationId":"826989607170","imi":"imi:00100000005D6DF3","mediaGroupId":"crid:~~2F~~2Fport.hu~~2F2831726","program":{"id":"crid:~~2F~~2Fport.hu~~2F221887","title":"Charly, majom a csal\u00e1dban","description":"(V.\/5) Max \u00e9s Andrea a Berlini Egyetem Orvostudom\u00e1nyi Kar\u00e1t keresi fel, \u00e9s a seg\u00edts\u00e9g\u00fcket k\u00e9rik, hogy a szok\u00e1sos genetikai vizsg\u00e1lattal \u00e1llap\u00edts\u00e1k meg, hogy Andrea val\u00f3ban Max kisl\u00e1nya-e. A Ruppert kozmetikai laborat\u00f3riumban \u00e1llatk\u00eds\u00e9rleteket folytatnak. Az \u00e1llatgondoz\u00f3 telepr\u0151l ellopnak n\u00e9h\u00e1ny cerk\u00f3fmajmot k\u00eds\u00e9rleti c\u00e9lra. Andrea a majmok nyom\u00e1ba ered \u00e9s leleplezi a tolvajokat.","longDescription":"(V.\/5) Max \u00e9s Andrea a Berlini Egyetem Orvostudom\u00e1nyi Kar\u00e1t keresi fel, \u00e9s a seg\u00edts\u00e9g\u00fcket k\u00e9rik, hogy a szok\u00e1sos genetikai vizsg\u00e1lattal \u00e1llap\u00edts\u00e1k meg, hogy Andrea val\u00f3ban Max kisl\u00e1nya-e. A Ruppert kozmetikai laborat\u00f3riumban \u00e1llatk\u00eds\u00e9rleteket folytatnak. Az \u00e1llatgondoz\u00f3 telepr\u0151l ellopnak n\u00e9h\u00e1ny cerk\u00f3fmajmot k\u00eds\u00e9rleti c\u00e9lra. Andrea a majmok nyom\u00e1ba ered \u00e9s leleplezi a tolvajokat.","languageCode":"hun","countryCode":"HU","deviceCode":"web","medium":"TV","categories":[{"id":"271090244428","title":"Dr\u00e1ma","scheme":"urn:tva:metadata:cs:UPCEventGenreCS:2009"},{"id":"271090244432","title":"Kom\u00e9dia\/Filmv\u00edgj\u00e1t\u00e9k","scheme":"urn:tva:metadata:cs:UPCEventGenreCS:2009"}],"isAdult":false,"parentalRating":"12","cast":["Ralf Lindermann","Friederike M\u00f6ller","Karin Kienzer","Mike Zobrys","Ralph Schicha","Delia Deborah Wagner","Nicola Tiggeler","Regina Lemnitz","Aurelio Malfa","Saskia Valencia","Franziska Heyder","Wayne Carpendale","Patricia Lueger","Markus Brandl","Ursula Buschhorn","Lea Wolfram","Alexander Kasprik","Dieter Bach","Winfried Glatzeder","Dirk Schoedon","Jochen Nickel","Neil Abdullah"],"directors":["Helmut F\u00f6rnbacher","Franz Josef Gottlieb","Dieter Kehler","Monika Zinnenberg","Carl Lang","Axel Hannemann","Ed Ehrenberg"],"images":[{"assetType":"boxart-medium","assetTypes":["boxart-medium"],"width":110,"height":159,"url":"https:\/\/wp24-images-hu-dynamic.horizon.tv\/HU\/Images\/bc_d0901e17c37f3b76f47007980b19e459fa8a7485.jpg?w=110&h=159&mode=box"},{"assetType":"boxart-xlarge","assetTypes":["boxart-xlarge"],"width":210,"height":303,"url":"https:\/\/wp24-images-hu-dynamic.horizon.tv\/HU\/Images\/bc_d0901e17c37f3b76f47007980b19e459fa8a7485.jpg?w=210&h=303&mode=box"},{"assetType":"boxart-large","assetTypes":["boxart-large"],"width":180,"height":260,"url":"https:\/\/wp24-images-hu-dynamic.horizon.tv\/HU\/Images\/bc_d0901e17c37f3b76f47007980b19e459fa8a7485.jpg?w=180&h=260&mode=box"},{"assetType":"boxart-small","assetTypes":["boxart-small"],"width":75,"height":108,"url":"https:\/\/wp24-images-hu-dynamic.horizon.tv\/HU\/Images\/bc_d0901e17c37f3b76f47007980b19e459fa8a7485.jpg?w=75&h=108&mode=box"},{"assetType":"tva-boxcover","assetTypes":["tva-boxcover"],"width":180,"height":260,"url":"https:\/\/wp24-images-hu-dynamic.horizon.tv\/HU\/Images\/bc_d0901e17c37f3b76f47007980b19e459fa8a7485.jpg"},{"assetType":"HighResPortrait","assetTypes":["HighResPortrait"],"url":"https:\/\/wp3-images-hu-dynamic.horizon.tv\/HU\/Images\/hrp_d0901e17c37f3b76f47007980b19e459fa8a7485.jpg"},{"assetType":"HighResLandscape","assetTypes":["HighResLandscape"],"url":"https:\/\/wp3-images-hu-dynamic.horizon.tv\/HU\/Images\/hrl_810dc099151b11b389e98f1774f737b29ec5328f.jpg"}],"mediaGroupId":"crid:~~2F~~2Fport.hu~~2F2831726","secondaryTitle":"Andrea vesz\u00e9lybe ker\u00fcl (V.\/5)","shortDescription":"Charly, a majom a Lombardi csal\u00e1d kedvence. Apr\u00f3 cs\u00ednytev\u00e9sei, mark\u00e1ns jelleme nem kis gondot okoz a csal\u00e1dnak.","mediaType":"Episode","year":"2000","duration":3900,"latestBroadcastStartTime":1525444800000,"latestBroadcastEndTime":1525448700000,"isReplayTv":true,"listingId":"crid:~~2F~~2Fport.hu~~2F221887-imi:00100000005D20B0","seriesEpisodeNumber":"5","seriesNumber":"5","videoStreams":[],"airDate":946684800000,"entitlements":["VIP","crid:~~2F~~2Fupc.com~~2FReplayTV~~2FFEM3_ReplayTV","_OPEN_"],"currentProductIds":["crid:~~2F~~2Fupc.com~~2FReplayTV~~2FFEM3_ReplayTV"],"currentTvodProductIds":[]},"parentId":"crid:~~2F~~2Fport.hu~~2F2831726","rootId":"crid:~~2F~~2Fport.hu~~2F2831726"}