{"id":"crid:~~2F~~2Fport.hu~~2F67417379-imi:00100000005D25C9","countryCode":"HU","languageCode":"hun","deviceCode":"web","startTime":1525406940000,"endTime":1525407480000,"stationId":"826989607202","imi":"imi:00100000005D25C9","mediaGroupId":"crid:~~2F~~2Fport.hu~~2F58333220","program":{"id":"crid:~~2F~~2Fport.hu~~2F67417379","title":"Oscar o\u00e1zisa","description":"Ha egy mag\u00e1nyos gy\u00edk vagy egy k\u00f6ny\u00f6rtelen helyen, akkor az \u00e9let bizony kem\u00e9ny lehet. \u00dagy t\u0171nhet, mintha az eg\u00e9sz vil\u00e1g ellened fordult volna. Oscar eset\u00e9ben ez gyakran megesik, minden oldalr\u00f3l s\u00fajtva van. A sivatagi k\u00f6rnyezet m\u00e9g egy kis megk\u00f6nnyebb\u00fcl\u00e9st is ny\u00fajt neki, hiszen a t\u00e1rsaival val\u00f3 viszonya minden, csak nem j\u00f3szomsz\u00e9di. A csirk\u00e9k k\u00fcl\u00f6n\u00f6s kegyetlens\u00e9ggel t\u00e1madj\u00e1k meg az arra b\u00f3kl\u00e1sz\u00f3 Oscart, akinek a csintalan szurik\u00e1t\u00e1k sem nagyon hajland\u00f3ak seg\u00edteni. Azt\u00e1n ott van az \u00e1tkozott tri\u00f3 \u2013 Popy, Buck \u00e9s Harchi \u2013 akik szint\u00e9n megkeser\u00edtik Oscar \u00e9let\u00e9t. B\u00e1rmije is van, \u0151k elveszik. Ak\u00e1rhov\u00e1 megy, \u0151k k\u00f6vetik. Ami nem olyan j\u00f3 dolog, ha egyszer neh\u00e9z vizet tal\u00e1lni. De Oscar soha nem adja fel. N\u00e1la a poh\u00e1r f\u00e9lig tele van. De balszerencs\u00e9j\u00e9re a sivatagban ez a poh\u00e1r \u00e1ltal\u00e1ban homokkal van tele.Sz\u00f3val k\u00e9sz\u00fclj fel egy akci\u00f3d\u00fas, eszeveszett kalandra a t\u00fcsk\u00e9s kaktuszok k\u00f6z\u00f6tt, poros utakon \u00e1t, szikl\u00e1k sz\u00e9l\u00e9n t\u00e1ncolva, tele b\u00e1jjal \u00e9s eml\u00e9kezetes karakterekkel!","longDescription":"Ha egy mag\u00e1nyos gy\u00edk vagy egy k\u00f6ny\u00f6rtelen helyen, akkor az \u00e9let bizony kem\u00e9ny lehet. \u00dagy t\u0171nhet, mintha az eg\u00e9sz vil\u00e1g ellened fordult volna. Oscar eset\u00e9ben ez gyakran megesik, minden oldalr\u00f3l s\u00fajtva van. A sivatagi k\u00f6rnyezet m\u00e9g egy kis megk\u00f6nnyebb\u00fcl\u00e9st is ny\u00fajt neki, hiszen a t\u00e1rsaival val\u00f3 viszonya minden, csak nem j\u00f3szomsz\u00e9di. A csirk\u00e9k k\u00fcl\u00f6n\u00f6s kegyetlens\u00e9ggel t\u00e1madj\u00e1k meg az arra b\u00f3kl\u00e1sz\u00f3 Oscart, akinek a csintalan szurik\u00e1t\u00e1k sem nagyon hajland\u00f3ak seg\u00edteni. Azt\u00e1n ott van az \u00e1tkozott tri\u00f3 \u2013 Popy, Buck \u00e9s Harchi \u2013 akik szint\u00e9n megkeser\u00edtik Oscar \u00e9let\u00e9t. B\u00e1rmije is van, \u0151k elveszik. Ak\u00e1rhov\u00e1 megy, \u0151k k\u00f6vetik. Ami nem olyan j\u00f3 dolog, ha egyszer neh\u00e9z vizet tal\u00e1lni. De Oscar soha nem adja fel. N\u00e1la a poh\u00e1r f\u00e9lig tele van. De balszerencs\u00e9j\u00e9re a sivatagban ez a poh\u00e1r \u00e1ltal\u00e1ban homokkal van tele.Sz\u00f3val k\u00e9sz\u00fclj fel egy akci\u00f3d\u00fas, eszeveszett kalandra a t\u00fcsk\u00e9s kaktuszok k\u00f6z\u00f6tt, poros utakon \u00e1t, szikl\u00e1k sz\u00e9l\u00e9n t\u00e1ncolva, tele b\u00e1jjal \u00e9s eml\u00e9kezetes karakterekkel!","languageCode":"hun","countryCode":"HU","deviceCode":"web","medium":"TV","categories":[{"id":"271090244371","title":"Gyermek\/Ifj\u00fas\u00e1gi","scheme":"urn:tva:metadata:cs:UPCEventGenreCS:2009"},{"id":"271090244376","title":"Rajzfilm","scheme":"urn:tva:metadata:cs:UPCEventGenreCS:2009"}],"isAdult":false,"parentalRating":"3","cast":[],"directors":[],"images":[{"assetType":"boxart-medium","assetTypes":["boxart-medium"],"width":110,"height":159,"url":"https:\/\/wp1-images-hu-dynamic.horizon.tv\/HU\/Images\/upcgenre_55.jpg?w=110&h=159&mode=box"},{"assetType":"boxart-small","assetTypes":["boxart-small"],"width":75,"height":108,"url":"https:\/\/wp1-images-hu-dynamic.horizon.tv\/HU\/Images\/upcgenre_55.jpg?w=75&h=108&mode=box"},{"assetType":"boxart-xlarge","assetTypes":["boxart-xlarge"],"width":210,"height":303,"url":"https:\/\/wp1-images-hu-dynamic.horizon.tv\/HU\/Images\/upcgenre_55.jpg?w=210&h=303&mode=box"},{"assetType":"tva-boxcover","assetTypes":["tva-boxcover"],"width":180,"height":260,"url":"https:\/\/wp1-images-hu-dynamic.horizon.tv\/HU\/Images\/upcgenre_55.jpg"},{"assetType":"boxart-large","assetTypes":["boxart-large"],"width":180,"height":260,"url":"https:\/\/wp1-images-hu-dynamic.horizon.tv\/HU\/Images\/upcgenre_55.jpg?w=180&h=260&mode=box"},{"assetType":"HighResLandscape","assetTypes":["HighResLandscape"],"url":"https:\/\/wp7-images-hu-dynamic.horizon.tv\/HU\/Images\/hrl_c20aaa7496d812e84717c8509be7043bc6f0ce0a.jpg"}],"mediaGroupId":"crid:~~2F~~2Fport.hu~~2F58333220","shortDescription":"Ha egy mag\u00e1nyos gy\u00edk vagy egy k\u00f6ny\u00f6rtelen helyen, akkor az \u00e9let bizony kem\u00e9ny lehet. \u00dagy t\u0171nhet, mintha az eg\u00e9sz vil\u00e1g ellened fordult volna. Oscar eset\u00e9ben ez gyakran megesik, minden oldalr\u00f3l s\u00fajtva.","mediaType":"Episode","year":"2011","isReplayTv":true,"seriesEpisodeNumber":"1805040609","seriesNumber":"1805020600","videoStreams":[],"airDate":1293840000000,"entitlements":["VIP","_OPEN_"],"currentProductIds":[],"currentTvodProductIds":[]},"parentId":"crid:~~2F~~2Fport.hu~~2F58333220","rootId":"crid:~~2F~~2Fport.hu~~2F58333220"}