{"id":"crid:~~2F~~2Fport.hu~~2F70933509-imi:00100000005D5405","countryCode":"HU","languageCode":"hun","deviceCode":"web","startTime":1525691100000,"endTime":1525694100000,"stationId":"826989607189","imi":"imi:00100000005D5405","mediaGroupId":"crid:~~2F~~2Fport.hu~~2F70933507","program":{"id":"crid:~~2F~~2Fport.hu~~2F70933509","title":"\u00c1lland\u00f3 k\u00e9sz\u00fclts\u00e9gben","description":"(I.\/1) Ismerkedjenek meg az Eblen fiv\u00e9rekkel - az \u00e1ltaluk vezetett NightGuard biztons\u00e1gi c\u00e9g b\u00e1rmilyen b\u0171ncselekm\u00e9nnyel megbirk\u00f3zik, legyen az kicsi vagy nagy. Az utcai j\u00e1r\u0151r\u00f6z\u00e9sekt\u0151l h\u00edrhedt b\u0171n\u00f6z\u0151k nyakon cs\u00edp\u00e9s\u00e9ig, a h\u00e1rom braty\u00f3, JP, Zaine \u00e9s Moolie meg\u00e1ll\u00edthatatlan csapatk\u00e9nt viszik tov\u00e1bb a m\u00e1sodik gener\u00e1ci\u00f3s csal\u00e1di v\u00e1llalkoz\u00e1st.","longDescription":"(I.\/1) Ismerkedjenek meg az Eblen fiv\u00e9rekkel - az \u00e1ltaluk vezetett NightGuard biztons\u00e1gi c\u00e9g b\u00e1rmilyen b\u0171ncselekm\u00e9nnyel megbirk\u00f3zik, legyen az kicsi vagy nagy. Az utcai j\u00e1r\u0151r\u00f6z\u00e9sekt\u0151l h\u00edrhedt b\u0171n\u00f6z\u0151k nyakon cs\u00edp\u00e9s\u00e9ig, a h\u00e1rom braty\u00f3, JP, Zaine \u00e9s Moolie meg\u00e1ll\u00edthatatlan csapatk\u00e9nt viszik tov\u00e1bb a m\u00e1sodik gener\u00e1ci\u00f3s csal\u00e1di v\u00e1llalkoz\u00e1st.","languageCode":"hun","countryCode":"HU","deviceCode":"web","medium":"TV","categories":[{"id":"271090244398","title":"T\u00e1rsadalmi\/Politikai","scheme":"urn:tva:metadata:cs:UPCEventGenreCS:2009"},{"id":"271090244399","title":"Dokumentumfilm","scheme":"urn:tva:metadata:cs:UPCEventGenreCS:2009"}],"isAdult":false,"parentalRating":"3","cast":[],"directors":[],"images":[{"assetType":"tva-boxcover","assetTypes":["tva-boxcover"],"width":180,"height":260,"url":"https:\/\/wp11-images-hu-dynamic.horizon.tv\/HU\/Images\/upcgenre_81.jpg"},{"assetType":"boxart-small","assetTypes":["boxart-small"],"width":75,"height":108,"url":"https:\/\/wp11-images-hu-dynamic.horizon.tv\/HU\/Images\/upcgenre_81.jpg?w=75&h=108&mode=box"},{"assetType":"boxart-xlarge","assetTypes":["boxart-xlarge"],"width":210,"height":303,"url":"https:\/\/wp11-images-hu-dynamic.horizon.tv\/HU\/Images\/upcgenre_81.jpg?w=210&h=303&mode=box"},{"assetType":"boxart-large","assetTypes":["boxart-large"],"width":180,"height":260,"url":"https:\/\/wp11-images-hu-dynamic.horizon.tv\/HU\/Images\/upcgenre_81.jpg?w=180&h=260&mode=box"},{"assetType":"boxart-medium","assetTypes":["boxart-medium"],"width":110,"height":159,"url":"https:\/\/wp11-images-hu-dynamic.horizon.tv\/HU\/Images\/upcgenre_81.jpg?w=110&h=159&mode=box"}],"mediaGroupId":"crid:~~2F~~2Fport.hu~~2F70933507","secondaryTitle":"(I.\/1)","shortDescription":"Ismerkedjenek meg az Eblen fiv\u00e9rekkel - az \u00e1ltaluk vezetett NightGuard biztons\u00e1gi c\u00e9g b\u00e1rmilyen b\u0171ncselekm\u00e9nnyel megbirk\u00f3zik, legyen az kicsi vagy nagy.","mediaType":"Episode","year":"2016","isReplayTv":false,"seriesEpisodeNumber":"1","seriesNumber":"1","videoStreams":[],"airDate":1451606400000,"entitlements":["VIP","_OPEN_"],"currentProductIds":[],"currentTvodProductIds":[]},"parentId":"crid:~~2F~~2Fport.hu~~2F70933507","rootId":"crid:~~2F~~2Fport.hu~~2F70933507"}