{"id":"crid:~~2F~~2Fport.hu~~2F90833743-imi:00100000005D319C","countryCode":"HU","languageCode":"hun","deviceCode":"web","startTime":1525426200000,"endTime":1525428000000,"stationId":"826989607247","imi":"imi:00100000005D319C","mediaGroupId":"crid:~~2F~~2Fport.hu~~2F66719612","program":{"id":"crid:~~2F~~2Fport.hu~~2F90833743","title":"K\u00edv\u00e1ns\u00e1gpiac M\u00e1ri\u00f3val","description":"Az orsz\u00e1g harmonik\u00e1sa \u00e9s zen\u00e9sz bar\u00e1tai felkerekednek, \u00e9s ott, a helysz\u00ednen teljes\u00edtik a szerencs\u00e9sek zen\u00e9s k\u00edv\u00e1ns\u00e1gait. K\u00edv\u00e1ns\u00e1gpiac M\u00e1ri\u00f3val \u2013 minden h\u00e9tk\u00f6znap a Zenebutikon!","longDescription":"Az orsz\u00e1g harmonik\u00e1sa \u00e9s zen\u00e9sz bar\u00e1tai felkerekednek, \u00e9s ott, a helysz\u00ednen teljes\u00edtik a szerencs\u00e9sek zen\u00e9s k\u00edv\u00e1ns\u00e1gait. K\u00edv\u00e1ns\u00e1gpiac M\u00e1ri\u00f3val \u2013 minden h\u00e9tk\u00f6znap a Zenebutikon!","languageCode":"hun","countryCode":"HU","deviceCode":"web","medium":"TV","categories":[{"id":"271090244377","title":"Zene","scheme":"urn:tva:metadata:cs:UPCEventGenreCS:2009"},{"id":"271090244378","title":"Rock\/pop","scheme":"urn:tva:metadata:cs:UPCEventGenreCS:2009"}],"isAdult":false,"parentalRating":"12","cast":[],"directors":[],"images":[{"assetType":"boxart-small","assetTypes":["boxart-small"],"width":75,"height":108,"url":"https:\/\/wp22-images-hu-dynamic.horizon.tv\/HU\/Images\/upcgenre_61.jpg?w=75&h=108&mode=box"},{"assetType":"tva-boxcover","assetTypes":["tva-boxcover"],"width":180,"height":260,"url":"https:\/\/wp22-images-hu-dynamic.horizon.tv\/HU\/Images\/upcgenre_61.jpg"},{"assetType":"boxart-xlarge","assetTypes":["boxart-xlarge"],"width":210,"height":303,"url":"https:\/\/wp22-images-hu-dynamic.horizon.tv\/HU\/Images\/upcgenre_61.jpg?w=210&h=303&mode=box"},{"assetType":"boxart-medium","assetTypes":["boxart-medium"],"width":110,"height":159,"url":"https:\/\/wp22-images-hu-dynamic.horizon.tv\/HU\/Images\/upcgenre_61.jpg?w=110&h=159&mode=box"},{"assetType":"boxart-large","assetTypes":["boxart-large"],"width":180,"height":260,"url":"https:\/\/wp22-images-hu-dynamic.horizon.tv\/HU\/Images\/upcgenre_61.jpg?w=180&h=260&mode=box"}],"mediaGroupId":"crid:~~2F~~2Fport.hu~~2F66719612","shortDescription":"Az orsz\u00e1g harmonik\u00e1sa \u00e9s zen\u00e9sz bar\u00e1tai felkerekednek, \u00e9s ott, a helysz\u00ednen teljes\u00edtik a szerencs\u00e9sek zen\u00e9s k\u00edv\u00e1ns\u00e1gait. K\u00edv\u00e1ns\u00e1gpiac M\u00e1ri\u00f3val \u2013 minden h\u00e9tk\u00f6znap a Zenebutikon!","mediaType":"Episode","isReplayTv":false,"seriesEpisodeNumber":"1805041130","seriesNumber":"1805021130","videoStreams":[],"entitlements":["VIP","_OPEN_"],"currentProductIds":[],"currentTvodProductIds":[]},"parentId":"crid:~~2F~~2Fport.hu~~2F66719612","rootId":"crid:~~2F~~2Fport.hu~~2F66719612"}