{"id":"crid:~~2F~~2Fport.hu~~2F90725151-imi:00100000005D7B1B","countryCode":"HU","languageCode":"hun","deviceCode":"web","startTime":1525685700000,"endTime":1525689300000,"stationId":"826989607175","imi":"imi:00100000005D7B1B","mediaGroupId":"crid:~~2F~~2Fport.hu~~2F10821052","program":{"id":"crid:~~2F~~2Fport.hu~~2F90725151","title":"Marimar","description":"Antonieta a fej\u00e9be veszi, hogy feles\u00e9g\u00fcl megy Chuyhoz. Rodolfo San Genis meg akarja venni Marimar klubj\u00e1t. Esteban visszat\u00e9r Gemahoz \u00faj k\u00fclsej\u00e9vel.","longDescription":"Antonieta a fej\u00e9be veszi, hogy feles\u00e9g\u00fcl megy Chuyhoz. Rodolfo San Genis meg akarja venni Marimar klubj\u00e1t. Esteban visszat\u00e9r Gemahoz \u00faj k\u00fclsej\u00e9vel.","languageCode":"hun","countryCode":"HU","deviceCode":"web","medium":"TV","categories":[{"id":"271090244428","title":"Dr\u00e1ma","scheme":"urn:tva:metadata:cs:UPCEventGenreCS:2009"},{"id":"271090244433","title":"Melodr\u00e1ma","scheme":"urn:tva:metadata:cs:UPCEventGenreCS:2009"}],"isAdult":false,"parentalRating":"12","cast":["Chantal Andere","Eduardo Capetillo","Thal\u00eda","Marta Zamora","Ada Carrasco","Pituka de Foronda","Luis Gatica","Kenia Gazcon","Daniel Gauvry"],"directors":[],"images":[{"assetType":"boxart-medium","assetTypes":["boxart-medium"],"width":110,"height":159,"url":"https:\/\/wp14-images-hu-dynamic.horizon.tv\/HU\/Images\/upcgenre_E5.jpg?w=110&h=159&mode=box"},{"assetType":"tva-boxcover","assetTypes":["tva-boxcover"],"width":180,"height":260,"url":"https:\/\/wp14-images-hu-dynamic.horizon.tv\/HU\/Images\/upcgenre_E5.jpg"},{"assetType":"boxart-large","assetTypes":["boxart-large"],"width":180,"height":260,"url":"https:\/\/wp14-images-hu-dynamic.horizon.tv\/HU\/Images\/upcgenre_E5.jpg?w=180&h=260&mode=box"},{"assetType":"boxart-small","assetTypes":["boxart-small"],"width":75,"height":108,"url":"https:\/\/wp14-images-hu-dynamic.horizon.tv\/HU\/Images\/upcgenre_E5.jpg?w=75&h=108&mode=box"},{"assetType":"boxart-xlarge","assetTypes":["boxart-xlarge"],"width":210,"height":303,"url":"https:\/\/wp14-images-hu-dynamic.horizon.tv\/HU\/Images\/upcgenre_E5.jpg?w=210&h=303&mode=box"}],"mediaGroupId":"crid:~~2F~~2Fport.hu~~2F10821052","shortDescription":"Antonieta a fej\u00e9be veszi, hogy feles\u00e9g\u00fcl megy Chuyhoz. Rodolfo San Genis meg akarja venni Marimar klubj\u00e1t. Esteban visszat\u00e9r Gemahoz \u00faj k\u00fclsej\u00e9vel.","mediaType":"Episode","year":"1994","duration":3600,"latestBroadcastStartTime":1525460400000,"latestBroadcastEndTime":1525464000000,"isReplayTv":true,"listingId":"crid:~~2F~~2Fport.hu~~2F90725151-imi:00100000005D3179","seriesEpisodeNumber":"1805042100","seriesNumber":"1805111135","videoStreams":[],"airDate":757382400000,"entitlements":["crid:~~2F~~2Fupc.com~~2FReplayTV~~2FIzaura_TV_ReplayTV","VIP","_OPEN_"],"currentProductIds":["crid:~~2F~~2Fupc.com~~2FReplayTV~~2FIzaura_TV_ReplayTV"],"currentTvodProductIds":[]},"parentId":"crid:~~2F~~2Fport.hu~~2F10821052","rootId":"crid:~~2F~~2Fport.hu~~2F10821052"}