{"id":"crid:~~2F~~2Fport.hu~~2F1528881-imi:00100000005D2A27","countryCode":"HU","languageCode":"hun","deviceCode":"web","startTime":1525456800000,"endTime":1525460100000,"stationId":"826989607192","imi":"imi:00100000005D2A27","mediaGroupId":"crid:~~2F~~2Fport.hu~~2F1612584","program":{"id":"crid:~~2F~~2Fport.hu~~2F1528881","title":"CSI: A helysz\u00ednel\u0151k","description":"(I.\/19) Gil Grissom a Las Vegas-i elit helysz\u00ednel\u0151 csapat vezet\u0151je. Holly \u00e9pp hogy kiker\u00fclt az akad\u00e9mi\u00e1r\u00f3l, s r\u00f6gt\u00f6n csatlakozik a csapathoz. Jim Brass az egys\u00e9g vezet\u0151je \u00e9s megpr\u00f3b\u00e1lja elijeszteni Gribbs-et a helysz\u00ednel\u0151k brig\u00e1dj\u00e1t\u00f3l. Catherine Willow - anya, egy kisl\u00e1nya van -szint\u00e9n a csapat oszlopos tagja.","longDescription":"(I.\/19) Gil Grissom a Las Vegas-i elit helysz\u00ednel\u0151 csapat vezet\u0151je. Holly \u00e9pp hogy kiker\u00fclt az akad\u00e9mi\u00e1r\u00f3l, s r\u00f6gt\u00f6n csatlakozik a csapathoz. Jim Brass az egys\u00e9g vezet\u0151je \u00e9s megpr\u00f3b\u00e1lja elijeszteni Gribbs-et a helysz\u00ednel\u0151k brig\u00e1dj\u00e1t\u00f3l. Catherine Willow - anya, egy kisl\u00e1nya van -szint\u00e9n a csapat oszlopos tagja.","languageCode":"hun","countryCode":"HU","deviceCode":"web","medium":"TV","categories":[{"id":"271090244428","title":"Dr\u00e1ma","scheme":"urn:tva:metadata:cs:UPCEventGenreCS:2009"},{"id":"271090756041","title":"Krimi","scheme":"urn:tva:metadata:cs:UPCEventGenreCS:2009"}],"isAdult":false,"parentalRating":"12","cast":["Laurence Fishburne","Marg Helgenberger","George Eads","Eric Szmanda","Paul Guilfoyle","Robert David Hall","Jorja Fox","Gary Dourdan","William L. Petersen","David Berman","Wallace Langham","Archie Kao","Jon Wellner","Liz Vassey","Marc Vann","Louise Lombard","Elisabeth Harnois","Ted Danson","Alex Carter","Katey Sagal","Cliff de Young","Tom Noonan","Evan Rachel Wood","Keith David","Melinda Clarke","Kata Dob\u00f3","Bobcat Goldthwait","Bob Gunton","Jeffrey Morgan","Arye Gross","Jeffrey Combs","Xander Berkeley","Danny Huston","Megan Follows","Scott Wilson","Maury Chaykin","Nina Siemaszko","Pruitt Taylor Vince","Dina Meyer","Doug Savant","Dedee Pfeiffer","Jonathan Banks","Jason London","John Krasinski","Zeljko Ivanek","Lolita Davidovich","Stephen Baldwin","Jason Segel","Reni Santoni","Tony Curtis","John Saxon","Faye Dunaway","William Sadler","Ray Wise","Veronica Cartwright","Amanda Seyfried","Sean Young","Liev Schreiber","Peter Stormare","Julie Hagerty","John Hawkes","Anthony LaPaglia","Alex Kingston","Tippi Hedren","Taylor Swift","Justin Bieber","Elisabeth Shue"],"directors":["Lou Antonio","Danny Cannon","Charles Correll","Kenneth Fink","Jefery Levy","Richard J. Lewis","Peter Markle","Oz Scott","Michael Shapiro","Roy H. Wagner","Michael W. Watkins","Thomas J. Wright","Quentin Tarantino","William Friedkin"],"images":[{"assetType":"boxart-xlarge","assetTypes":["boxart-xlarge"],"width":210,"height":303,"url":"https:\/\/wp12-images-hu-dynamic.horizon.tv\/HU\/Images\/bc_01f4918ccbe61cc3d9c93ee54b20ba8615ff37a0.jpg?w=210&h=303&mode=box"},{"assetType":"boxart-small","assetTypes":["boxart-small"],"width":75,"height":108,"url":"https:\/\/wp12-images-hu-dynamic.horizon.tv\/HU\/Images\/bc_01f4918ccbe61cc3d9c93ee54b20ba8615ff37a0.jpg?w=75&h=108&mode=box"},{"assetType":"boxart-medium","assetTypes":["boxart-medium"],"width":110,"height":159,"url":"https:\/\/wp12-images-hu-dynamic.horizon.tv\/HU\/Images\/bc_01f4918ccbe61cc3d9c93ee54b20ba8615ff37a0.jpg?w=110&h=159&mode=box"},{"assetType":"tva-boxcover","assetTypes":["tva-boxcover"],"width":180,"height":260,"url":"https:\/\/wp12-images-hu-dynamic.horizon.tv\/HU\/Images\/bc_01f4918ccbe61cc3d9c93ee54b20ba8615ff37a0.jpg"},{"assetType":"boxart-large","assetTypes":["boxart-large"],"width":180,"height":260,"url":"https:\/\/wp12-images-hu-dynamic.horizon.tv\/HU\/Images\/bc_01f4918ccbe61cc3d9c93ee54b20ba8615ff37a0.jpg?w=180&h=260&mode=box"},{"assetType":"HighResPortrait","assetTypes":["HighResPortrait"],"url":"https:\/\/wp15-images-hu-dynamic.horizon.tv\/HU\/Images\/hrp_01f4918ccbe61cc3d9c93ee54b20ba8615ff37a0.jpg"},{"assetType":"HighResLandscape","assetTypes":["HighResLandscape"],"url":"https:\/\/wp15-images-hu-dynamic.horizon.tv\/HU\/Images\/hrl_4f13a948b6c9191b1e97136b650f9875c3193f4d.jpg"}],"mediaGroupId":"crid:~~2F~~2Fport.hu~~2F1612584","secondaryTitle":"(I.\/19)","shortDescription":"A CSI szerepl\u0151i nem riadnak vissza a l\u0151tt sebek, az \u00f6ml\u0151 v\u00e9r \u00e9s az anat\u00f3miai kuri\u00f3zumok l\u00e1tv\u00e1ny\u00e1t\u00f3l sem. A sorozat olyan t\u00f6rv\u00e9nysz\u00e9ki nyomoz\u00f3kr\u00f3l sz\u00f3l, akik a b\u0171nt\u00e9nyek sz\u00ednhely\u00e9n dolgoznak.","mediaType":"Episode","year":"2001","isReplayTv":false,"seriesEpisodeNumber":"19","seriesNumber":"1","videoStreams":[],"airDate":978307200000,"entitlements":["VIP","_OPEN_"],"currentProductIds":[],"currentTvodProductIds":[]},"parentId":"crid:~~2F~~2Fport.hu~~2F1612584","rootId":"crid:~~2F~~2Fport.hu~~2F1612584"}