{"id":"crid:~~2F~~2Fport.hu~~2F72537475-imi:00100000005D34B7","countryCode":"HU","languageCode":"hun","deviceCode":"web","startTime":1525519200000,"endTime":1525521000000,"stationId":"826989607227","imi":"imi:00100000005D34B7","mediaGroupId":"crid:~~2F~~2Fport.hu~~2F1596994","program":{"id":"crid:~~2F~~2Fport.hu~~2F72537475","title":"Bibi Blocksberg","description":"(I.\/1) Bibi egy b\u0171b\u00e1jos k\u00e9pess\u00e9ggel meg\u00e1ldott sz\u0151ke haj\u00fa kisl\u00e1ny, aki sosem f\u00e9r a b\u0151r\u00e9be, feln\u0151tteket sem k\u00edm\u00e9lve gyakran megvicceli k\u00f6rnyezet\u00e9t. Var\u00e1zssepr\u0171j\u00e9n rep\u00fclve a pil\u00f3t\u00e1kkal incselkedik, az oszt\u00e1lyf\u0151n\u00f6k\u00e9t vagy \u00e9ppen a polg\u00e1rmestert tr\u00e9f\u00e1lja meg, hogy ki\u00e1lljon a gyerekek \u00e9rdek\u00e9\u00e9rt. Bibi var\u00e1zslatos k\u00e9pess\u00e9gei, var\u00e1zssepr\u0171je vagy \u00e9ppen a var\u00e1zsig\u00e9i mindig j\u00f3l j\u00f6nnek, ha bajba ker\u00fcl kis t\u00e1rsaival. De csal\u00e1dja sem szokv\u00e1nyos, \u00e9desanyja is boszork\u00e1ny, \u00edgy el\u0151fordul, hogy sz\u00fclinapi aj\u00e1nd\u00e9kokk\u00e9nt var\u00e1zser\u0151 serkent\u0151ket k\u00e9sz\u00edtenek, vagy \u00e9desapj\u00e1t papag\u00e1jj\u00e1 v\u00e1ltoztatj\u00e1k. Bibi, Neustadtban, egy lak\u00f3telepen \u00e9l sz\u00fcleivel \u00e9s testv\u00e9r\u00e9vel. Nagy rokons\u00e1ggal \u00e9s sok-sok bar\u00e1ttal rendelkezik, \u00edgy az els\u0151 26 r\u00e9szben t\u00f6bbek k\u00f6z\u00f6tt tal\u00e1lkozhatunk Marit\u00e1val, M\u00f3nik\u00e1val, Fl\u00f3ri\u00e1nnal \u00e9s Tin\u00e1val is.","longDescription":"(I.\/1) Bibi egy b\u0171b\u00e1jos k\u00e9pess\u00e9ggel meg\u00e1ldott sz\u0151ke haj\u00fa kisl\u00e1ny, aki sosem f\u00e9r a b\u0151r\u00e9be, feln\u0151tteket sem k\u00edm\u00e9lve gyakran megvicceli k\u00f6rnyezet\u00e9t. Var\u00e1zssepr\u0171j\u00e9n rep\u00fclve a pil\u00f3t\u00e1kkal incselkedik, az oszt\u00e1lyf\u0151n\u00f6k\u00e9t vagy \u00e9ppen a polg\u00e1rmestert tr\u00e9f\u00e1lja meg, hogy ki\u00e1lljon a gyerekek \u00e9rdek\u00e9\u00e9rt. Bibi var\u00e1zslatos k\u00e9pess\u00e9gei, var\u00e1zssepr\u0171je vagy \u00e9ppen a var\u00e1zsig\u00e9i mindig j\u00f3l j\u00f6nnek, ha bajba ker\u00fcl kis t\u00e1rsaival. De csal\u00e1dja sem szokv\u00e1nyos, \u00e9desanyja is boszork\u00e1ny, \u00edgy el\u0151fordul, hogy sz\u00fclinapi aj\u00e1nd\u00e9kokk\u00e9nt var\u00e1zser\u0151 serkent\u0151ket k\u00e9sz\u00edtenek, vagy \u00e9desapj\u00e1t papag\u00e1jj\u00e1 v\u00e1ltoztatj\u00e1k. Bibi, Neustadtban, egy lak\u00f3telepen \u00e9l sz\u00fcleivel \u00e9s testv\u00e9r\u00e9vel. Nagy rokons\u00e1ggal \u00e9s sok-sok bar\u00e1ttal rendelkezik, \u00edgy az els\u0151 26 r\u00e9szben t\u00f6bbek k\u00f6z\u00f6tt tal\u00e1lkozhatunk Marit\u00e1val, M\u00f3nik\u00e1val, Fl\u00f3ri\u00e1nnal \u00e9s Tin\u00e1val is.","languageCode":"hun","countryCode":"HU","deviceCode":"web","medium":"TV","categories":[{"id":"271090244371","title":"Gyermek\/Ifj\u00fas\u00e1gi","scheme":"urn:tva:metadata:cs:UPCEventGenreCS:2009"},{"id":"271090244376","title":"Rajzfilm","scheme":"urn:tva:metadata:cs:UPCEventGenreCS:2009"}],"isAdult":false,"parentalRating":"6","cast":[],"directors":[],"images":[{"assetType":"boxart-small","assetTypes":["boxart-small"],"width":75,"height":108,"url":"https:\/\/wp22-images-hu-dynamic.horizon.tv\/HU\/Images\/bc_26d6b1939923c2014999f18ef06eb239c2038603.jpg?w=75&h=108&mode=box"},{"assetType":"boxart-large","assetTypes":["boxart-large"],"width":180,"height":260,"url":"https:\/\/wp22-images-hu-dynamic.horizon.tv\/HU\/Images\/bc_26d6b1939923c2014999f18ef06eb239c2038603.jpg?w=180&h=260&mode=box"},{"assetType":"tva-boxcover","assetTypes":["tva-boxcover"],"width":180,"height":260,"url":"https:\/\/wp22-images-hu-dynamic.horizon.tv\/HU\/Images\/bc_26d6b1939923c2014999f18ef06eb239c2038603.jpg"},{"assetType":"boxart-xlarge","assetTypes":["boxart-xlarge"],"width":210,"height":303,"url":"https:\/\/wp22-images-hu-dynamic.horizon.tv\/HU\/Images\/bc_26d6b1939923c2014999f18ef06eb239c2038603.jpg?w=210&h=303&mode=box"},{"assetType":"boxart-medium","assetTypes":["boxart-medium"],"width":110,"height":159,"url":"https:\/\/wp22-images-hu-dynamic.horizon.tv\/HU\/Images\/bc_26d6b1939923c2014999f18ef06eb239c2038603.jpg?w=110&h=159&mode=box"},{"assetType":"HighResLandscape","assetTypes":["HighResLandscape"],"url":"https:\/\/wp11-images-hu-dynamic.horizon.tv\/HU\/Images\/hrl_469201425e7c8413bada698d55ead7f4f996cb97.jpg"}],"mediaGroupId":"crid:~~2F~~2Fport.hu~~2F1596994","secondaryTitle":"Bibi \u00e9s az id\u0151j\u00f3s b\u00e9ka (I.\/1)","shortDescription":"Bibi egy b\u0171b\u00e1jos k\u00e9pess\u00e9ggel meg\u00e1ldott sz\u0151ke haj\u00fa kisl\u00e1ny, aki sosem f\u00e9r a b\u0151r\u00e9be, feln\u0151tteket sem k\u00edm\u00e9lve gyakran megvicceli k\u00f6rnyezet\u00e9t.","mediaType":"Episode","year":"1999","duration":1800,"latestBroadcastStartTime":1525211700000,"latestBroadcastEndTime":1525213500000,"isReplayTv":true,"listingId":"crid:~~2F~~2Fport.hu~~2F72537475-imi:00100000005CDC01","seriesEpisodeNumber":"1","seriesNumber":"1","videoStreams":[],"airDate":915148800000,"entitlements":["crid:~~2F~~2Fupc.com~~2FReplayTV~~2FMinimax_C8_ReplayTV_CU","VIP","_OPEN_"],"currentProductIds":["crid:~~2F~~2Fupc.com~~2FReplayTV~~2FMinimax_C8_ReplayTV_CU"],"currentTvodProductIds":[]},"parentId":"crid:~~2F~~2Fport.hu~~2F1596994","rootId":"crid:~~2F~~2Fport.hu~~2F1596994"}