{"id":"crid:~~2F~~2Fport.hu~~2F90589555-imi:00100000005D4ABE","countryCode":"HU","languageCode":"hun","deviceCode":"web","startTime":1525586400000,"endTime":1525588200000,"stationId":"826989607245","imi":"imi:00100000005D4ABE","mediaGroupId":"crid:~~2F~~2Fport.hu~~2F68170314","program":{"id":"crid:~~2F~~2Fport.hu~~2F90589555","title":"Fels\u0151s","description":"A Fels\u0151s c\u00edm\u0171 magazin nemcsak a gyerekeknek lehet \u00e9rdekes, hanem azoknak is, akik k\u00edv\u00e1ncsiak arra, hogy mit tanul manaps\u00e1g egy fels\u0151s, \u00e9s mindazok sz\u00e1m\u00e1ra, akik szeretik ismereteiket b\u0151v\u00edteni k\u00f6nnyed, sz\u00f3rakoztat\u00f3 form\u00e1ban.","longDescription":"A Fels\u0151s c\u00edm\u0171 magazin nemcsak a gyerekeknek lehet \u00e9rdekes, hanem azoknak is, akik k\u00edv\u00e1ncsiak arra, hogy mit tanul manaps\u00e1g egy fels\u0151s, \u00e9s mindazok sz\u00e1m\u00e1ra, akik szeretik ismereteiket b\u0151v\u00edteni k\u00f6nnyed, sz\u00f3rakoztat\u00f3 form\u00e1ban.","languageCode":"hun","countryCode":"HU","deviceCode":"web","medium":"TV","categories":[{"id":"271090244402","title":"Ismeretterjeszt\u0151 m\u0171sorok","scheme":"urn:tva:metadata:cs:UPCEventGenreCS:2009"},{"id":"271090244408","title":"Tov\u00e1bbtanul\u00e1s","scheme":"urn:tva:metadata:cs:UPCEventGenreCS:2009"}],"isAdult":false,"parentalRating":"3","cast":[],"directors":[],"images":[{"assetType":"tva-boxcover","assetTypes":["tva-boxcover"],"width":180,"height":260,"url":"https:\/\/wp18-images-hu-dynamic.horizon.tv\/HU\/Images\/upcgenre_96.jpg"},{"assetType":"boxart-small","assetTypes":["boxart-small"],"width":75,"height":108,"url":"https:\/\/wp18-images-hu-dynamic.horizon.tv\/HU\/Images\/upcgenre_96.jpg?w=75&h=108&mode=box"},{"assetType":"boxart-xlarge","assetTypes":["boxart-xlarge"],"width":210,"height":303,"url":"https:\/\/wp18-images-hu-dynamic.horizon.tv\/HU\/Images\/upcgenre_96.jpg?w=210&h=303&mode=box"},{"assetType":"boxart-medium","assetTypes":["boxart-medium"],"width":110,"height":159,"url":"https:\/\/wp18-images-hu-dynamic.horizon.tv\/HU\/Images\/upcgenre_96.jpg?w=110&h=159&mode=box"},{"assetType":"boxart-large","assetTypes":["boxart-large"],"width":180,"height":260,"url":"https:\/\/wp18-images-hu-dynamic.horizon.tv\/HU\/Images\/upcgenre_96.jpg?w=180&h=260&mode=box"}],"mediaGroupId":"crid:~~2F~~2Fport.hu~~2F68170314","shortDescription":"A Fels\u0151s c\u00edm\u0171 magazin nemcsak a gyerekeknek lehet \u00e9rdekes, hanem azoknak is, akik k\u00edv\u00e1ncsiak arra, hogy mit tanul manaps\u00e1g egy fels\u0151s, \u00e9s mindazok sz\u00e1m\u00e1ra, akik szeretik ismereteiket b\u0151v\u00edteni...","mediaType":"Episode","isReplayTv":false,"seriesEpisodeNumber":"1805060800","seriesNumber":"1805100700","videoStreams":[],"entitlements":["VIP","_OPEN_"],"currentProductIds":[],"currentTvodProductIds":[]},"parentId":"crid:~~2F~~2Fport.hu~~2F68170314","rootId":"crid:~~2F~~2Fport.hu~~2F68170314"}