{"id":"crid:~~2F~~2Fport.hu~~2F75101300-imi:00100000005D3DA7","countryCode":"HU","languageCode":"hun","deviceCode":"web","startTime":1525591800000,"endTime":1525592400000,"stationId":"826989607196","imi":"imi:00100000005D3DA7","mediaGroupId":"crid:~~2F~~2Fport.hu~~2F2462995","program":{"id":"crid:~~2F~~2Fport.hu~~2F75101300","title":"Kalandra fel!","description":"(IX.\/13) A sorozat k\u00e9t nem mindennapi j\u00f3bar\u00e1t - egy Finn nev\u0171 kissr\u00e1c \u00e9s var\u00e1zser\u0151vel b\u00edr\u00f3 kuty\u00e1ja, Jake izgalmas kalandjait mutatja be, akik a misztikus Ooo f\u00f6ldj\u00e9n \u00e9lik kalandos \u00e9let\u00fcket, ahol hercegn\u0151ket mentenek meg \u00e9s seg\u00edtenek a r\u00e1szorul\u00f3knak.","longDescription":"(IX.\/13) A sorozat k\u00e9t nem mindennapi j\u00f3bar\u00e1t - egy Finn nev\u0171 kissr\u00e1c \u00e9s var\u00e1zser\u0151vel b\u00edr\u00f3 kuty\u00e1ja, Jake izgalmas kalandjait mutatja be, akik a misztikus Ooo f\u00f6ldj\u00e9n \u00e9lik kalandos \u00e9let\u00fcket, ahol hercegn\u0151ket mentenek meg \u00e9s seg\u00edtenek a r\u00e1szorul\u00f3knak.","languageCode":"hun","countryCode":"HU","deviceCode":"web","medium":"TV","categories":[{"id":"271090244371","title":"Gyermek\/Ifj\u00fas\u00e1gi","scheme":"urn:tva:metadata:cs:UPCEventGenreCS:2009"},{"id":"271090244376","title":"Rajzfilm","scheme":"urn:tva:metadata:cs:UPCEventGenreCS:2009"}],"isAdult":false,"parentalRating":"3","cast":["Jeremy Shada","John di Maggio","Hynden Walch","Tom Kenny","Maria Bamford","Dee Bradley Baker","Mark Hamill","Clancy Brown"],"directors":["Larry Leichliter"],"images":[{"assetType":"boxart-large","assetTypes":["boxart-large"],"width":180,"height":260,"url":"https:\/\/wp1-images-hu-dynamic.horizon.tv\/HU\/Images\/bc_0bf872c4e4c80d898ed9784297810ec171c3fe6c.jpg?w=180&h=260&mode=box"},{"assetType":"boxart-small","assetTypes":["boxart-small"],"width":75,"height":108,"url":"https:\/\/wp1-images-hu-dynamic.horizon.tv\/HU\/Images\/bc_0bf872c4e4c80d898ed9784297810ec171c3fe6c.jpg?w=75&h=108&mode=box"},{"assetType":"boxart-xlarge","assetTypes":["boxart-xlarge"],"width":210,"height":303,"url":"https:\/\/wp1-images-hu-dynamic.horizon.tv\/HU\/Images\/bc_0bf872c4e4c80d898ed9784297810ec171c3fe6c.jpg?w=210&h=303&mode=box"},{"assetType":"boxart-medium","assetTypes":["boxart-medium"],"width":110,"height":159,"url":"https:\/\/wp1-images-hu-dynamic.horizon.tv\/HU\/Images\/bc_0bf872c4e4c80d898ed9784297810ec171c3fe6c.jpg?w=110&h=159&mode=box"},{"assetType":"tva-boxcover","assetTypes":["tva-boxcover"],"width":180,"height":260,"url":"https:\/\/wp1-images-hu-dynamic.horizon.tv\/HU\/Images\/bc_0bf872c4e4c80d898ed9784297810ec171c3fe6c.jpg"},{"assetType":"HighResLandscape","assetTypes":["HighResLandscape"],"url":"https:\/\/wp20-images-hu-dynamic.horizon.tv\/HU\/Images\/hrl_93045f7b6e1a6a793f99e022fdacdfcd2e5c89a6.jpg"},{"assetType":"HighResPortrait","assetTypes":["HighResPortrait"],"url":"https:\/\/wp20-images-hu-dynamic.horizon.tv\/HU\/Images\/hrp_0bf872c4e4c80d898ed9784297810ec171c3fe6c.jpg"}],"mediaGroupId":"crid:~~2F~~2Fport.hu~~2F2462995","secondaryTitle":"Whispers (IX.\/13)","shortDescription":"A sorozat k\u00e9t nem mindennapi j\u00f3bar\u00e1t - egy Finn nev\u0171 kissr\u00e1c \u00e9s var\u00e1zser\u0151vel b\u00edr\u00f3 kuty\u00e1ja, Jake izgalmas kalandjait mutatja be, akik a misztikus Ooo f\u00f6ldj\u00e9n \u00e9lik kalandos \u00e9let\u00fcket.","mediaType":"Episode","year":"2017","isReplayTv":false,"seriesEpisodeNumber":"13","seriesNumber":"9","videoStreams":[],"airDate":1483228800000,"entitlements":["VIP","_OPEN_"],"currentProductIds":[],"currentTvodProductIds":[]},"parentId":"crid:~~2F~~2Fport.hu~~2F2462995","rootId":"crid:~~2F~~2Fport.hu~~2F2462995"}