{"id":"crid:~~2F~~2Fport.hu~~2F1516641-imi:00100000005D3989","countryCode":"HU","languageCode":"hun","deviceCode":"web","startTime":1525607700000,"endTime":1525616400000,"stationId":"826989607134","imi":"imi:00100000005D3989","mediaGroupId":"crid:~~2F~~2Fport.hu~~2F1516641","program":{"id":"crid:~~2F~~2Fport.hu~~2F1516641","title":"A Newton fi\u00fak","description":"A Newton fi\u00fak, Willis (Matthew McConaughey), Jess (Ethan Hawke), Joe (Skeet Ulrich) \u00e9s Doc (Vincent D'Onofrio) Amerika legend\u00e1s alakjai. Legal\u00e1bb nyolcvan bankot raboltak ki Texast\u00f3l Kanad\u00e1ig, \u00e9s \u0151k tartj\u00e1k a legnagyobb vonatrabl\u00e1s rekordj\u00e1t a h\u00e1rommilli\u00f3 doll\u00e1ros chicag\u00f3i balh\u00e9val. T\u00f6rt\u00e9net\u00fckben a leg\u00e9rdekesebb, hogy mindezt b\u00f6rt\u00f6n n\u00e9lk\u00fcl meg\u00faszt\u00e1k, \u00e9s p\u00e1lyat\u00e1rsaikkal ellent\u00e9tben hossz\u00fa \u00e9letkort \u00e9rtek meg. Titkuk abban rejlett, hogy minden k\u00f6r\u00fclm\u00e9nyek k\u00f6z\u00f6tt betartott\u00e1k a legfontosabb szab\u00e1lyokat: nem \u00f6ltek meg senkit \u00e9s ker\u00fclt\u00e9k a felt\u0171n\u00e9st.","longDescription":"A Newton fi\u00fak, Willis (Matthew McConaughey), Jess (Ethan Hawke), Joe (Skeet Ulrich) \u00e9s Doc (Vincent D'Onofrio) Amerika legend\u00e1s alakjai. Legal\u00e1bb nyolcvan bankot raboltak ki Texast\u00f3l Kanad\u00e1ig, \u00e9s \u0151k tartj\u00e1k a legnagyobb vonatrabl\u00e1s rekordj\u00e1t a h\u00e1rommilli\u00f3 doll\u00e1ros chicag\u00f3i balh\u00e9val. T\u00f6rt\u00e9net\u00fckben a leg\u00e9rdekesebb, hogy mindezt b\u00f6rt\u00f6n n\u00e9lk\u00fcl meg\u00faszt\u00e1k, \u00e9s p\u00e1lyat\u00e1rsaikkal ellent\u00e9tben hossz\u00fa \u00e9letkort \u00e9rtek meg. Titkuk abban rejlett, hogy minden k\u00f6r\u00fclm\u00e9nyek k\u00f6z\u00f6tt betartott\u00e1k a legfontosabb szab\u00e1lyokat: nem \u00f6ltek meg senkit \u00e9s ker\u00fclt\u00e9k a felt\u0171n\u00e9st.","languageCode":"hun","countryCode":"HU","deviceCode":"web","medium":"Movie","categories":[{"id":"271090244338","title":"Akci\u00f3","scheme":"urn:tva:metadata:cs:UPCEventGenreCS:2009"}],"isAdult":false,"parentalRating":"3","cast":["Matthew McConaughey","Ethan Hawke","Julianna Margulies","Vincent D'Onofrio","Skeet Ulrich","Dwight Yoakam","Gail Cronauer"],"directors":["Richard Linklater"],"images":[{"assetType":"tva-boxcover","assetTypes":["tva-boxcover"],"width":180,"height":260,"url":"https:\/\/wp24-images-hu-dynamic.horizon.tv\/HU\/Images\/bc_48ff99cc98a0960b9985555fe48b78005a488fbd.jpg"},{"assetType":"boxart-large","assetTypes":["boxart-large"],"width":180,"height":260,"url":"https:\/\/wp24-images-hu-dynamic.horizon.tv\/HU\/Images\/bc_48ff99cc98a0960b9985555fe48b78005a488fbd.jpg?w=180&h=260&mode=box"},{"assetType":"boxart-xlarge","assetTypes":["boxart-xlarge"],"width":210,"height":303,"url":"https:\/\/wp24-images-hu-dynamic.horizon.tv\/HU\/Images\/bc_48ff99cc98a0960b9985555fe48b78005a488fbd.jpg?w=210&h=303&mode=box"},{"assetType":"boxart-medium","assetTypes":["boxart-medium"],"width":110,"height":159,"url":"https:\/\/wp24-images-hu-dynamic.horizon.tv\/HU\/Images\/bc_48ff99cc98a0960b9985555fe48b78005a488fbd.jpg?w=110&h=159&mode=box"},{"assetType":"boxart-small","assetTypes":["boxart-small"],"width":75,"height":108,"url":"https:\/\/wp24-images-hu-dynamic.horizon.tv\/HU\/Images\/bc_48ff99cc98a0960b9985555fe48b78005a488fbd.jpg?w=75&h=108&mode=box"}],"mediaGroupId":"crid:~~2F~~2Fport.hu~~2F1516641","shortDescription":"A Newton fi\u00fak l\u00e9tez\u0151 szem\u00e9lyek, Amerika elfeledett legend\u00e1s alakjai. 1919 \u00e9s 1924 k\u00f6z\u00f6tt legal\u00e1bb nyolcvan bankot raboltak ki Texast\u00f3l Kanad\u00e1ig. \u0150k tartj\u00e1k a legnagyobb vonatrabl\u00e1s rekordj\u00e1t is.","mediaType":"FeatureFilm","year":"1998","isReplayTv":false,"videoStreams":[],"airDate":883612800000,"entitlements":["VIP","_OPEN_"],"currentProductIds":[],"currentTvodProductIds":[]},"parentId":"crid:~~2F~~2Fport.hu~~2F1516641","rootId":"crid:~~2F~~2Fport.hu~~2F1516641"}