{"id":"crid:~~2F~~2Fport.hu~~2F67351755-imi:00100000005D2912","countryCode":"HU","languageCode":"hun","deviceCode":"web","startTime":1525437000000,"endTime":1525440600000,"stationId":"826989607139","imi":"imi:00100000005D2912","mediaGroupId":"crid:~~2F~~2Fport.hu~~2F2601334","program":{"id":"crid:~~2F~~2Fport.hu~~2F67351755","title":"Cobra 11","description":"(XVIII.\/8) A l\u00e9legzetel\u00e1ll\u00edt\u00f3 aut\u00f3s\u00fcld\u00f6z\u00e9sek folytat\u00f3dnak: a Cobra 11, az eur\u00f3pai filmgy\u00e1rt\u00e1s egyik legsikeresebb akci\u00f3sorozata. Aut\u00f3tolvajok, drogfut\u00e1rok, fegyvercsemp\u00e9szek, menek\u00fcl\u0151 gyilkosok \u00e9s \u00e1mokfut\u00f3 aut\u00f3sok \u2013 \u0151k Semir \u00e9s Tom sz\u00fcrk\u00e9nek aligha mondhat\u00f3 h\u00e9tk\u00f6znapjainak visszat\u00e9r\u0151 szerepl\u0151i.","longDescription":"(XVIII.\/8) A l\u00e9legzetel\u00e1ll\u00edt\u00f3 aut\u00f3s\u00fcld\u00f6z\u00e9sek folytat\u00f3dnak: a Cobra 11, az eur\u00f3pai filmgy\u00e1rt\u00e1s egyik legsikeresebb akci\u00f3sorozata. Aut\u00f3tolvajok, drogfut\u00e1rok, fegyvercsemp\u00e9szek, menek\u00fcl\u0151 gyilkosok \u00e9s \u00e1mokfut\u00f3 aut\u00f3sok \u2013 \u0151k Semir \u00e9s Tom sz\u00fcrk\u00e9nek aligha mondhat\u00f3 h\u00e9tk\u00f6znapjainak visszat\u00e9r\u0151 szerepl\u0151i.","languageCode":"hun","countryCode":"HU","deviceCode":"web","medium":"TV","categories":[{"id":"271090244428","title":"Dr\u00e1ma","scheme":"urn:tva:metadata:cs:UPCEventGenreCS:2009"},{"id":"271090244430","title":"Akci\u00f3film","scheme":"urn:tva:metadata:cs:UPCEventGenreCS:2009"}],"isAdult":false,"parentalRating":"12","cast":["Erdogan Atalay","Mark Keller","Charlotte Schwab","Ren\u00e9 Steinke","Jockel Tschiersch","Caroline Schreiber","Klaus Zmorek","Chrissy Schulz","Christian Oliver","Dietmar Huhn","Carina Wiese","Gottfried Vollmer","Johannes Brandrup","Niels Kurvin","Uwe B\u00fcschken","Lou Lou Rhemrev","Irmelin Beringer","Tom Beck"],"directors":["Diethard K\u00fcster","Arend Aghte","Pete Ariel","Gabriele Heberling","Raoul W. Heimrich"],"images":[{"assetType":"tva-boxcover","assetTypes":["tva-boxcover"],"width":180,"height":260,"url":"https:\/\/wp7-images-hu-dynamic.horizon.tv\/HU\/Images\/bc_abee981419dbff870f64251e79a9932e23c6b1ea.jpg"},{"assetType":"boxart-xlarge","assetTypes":["boxart-xlarge"],"width":210,"height":303,"url":"https:\/\/wp7-images-hu-dynamic.horizon.tv\/HU\/Images\/bc_abee981419dbff870f64251e79a9932e23c6b1ea.jpg?w=210&h=303&mode=box"},{"assetType":"boxart-medium","assetTypes":["boxart-medium"],"width":110,"height":159,"url":"https:\/\/wp7-images-hu-dynamic.horizon.tv\/HU\/Images\/bc_abee981419dbff870f64251e79a9932e23c6b1ea.jpg?w=110&h=159&mode=box"},{"assetType":"boxart-small","assetTypes":["boxart-small"],"width":75,"height":108,"url":"https:\/\/wp7-images-hu-dynamic.horizon.tv\/HU\/Images\/bc_abee981419dbff870f64251e79a9932e23c6b1ea.jpg?w=75&h=108&mode=box"},{"assetType":"boxart-large","assetTypes":["boxart-large"],"width":180,"height":260,"url":"https:\/\/wp7-images-hu-dynamic.horizon.tv\/HU\/Images\/bc_abee981419dbff870f64251e79a9932e23c6b1ea.jpg?w=180&h=260&mode=box"},{"assetType":"HighResPortrait","assetTypes":["HighResPortrait"],"url":"https:\/\/wp28-images-hu-dynamic.horizon.tv\/HU\/Images\/hrp_abee981419dbff870f64251e79a9932e23c6b1ea.jpg"},{"assetType":"HighResLandscape","assetTypes":["HighResLandscape"],"url":"https:\/\/wp28-images-hu-dynamic.horizon.tv\/HU\/Images\/hrl_61cc4f7bb6ceb0d810c67d8df57f147bb9494492.jpg"}],"mediaGroupId":"crid:~~2F~~2Fport.hu~~2F2601334","secondaryTitle":"Csapda (XVIII.\/8)","shortDescription":"Semir Gerkhan \u00e9s Tom Kranich az aut\u00f3p\u00e1lyrend\u0151rs\u00e9g k\u00e9t reneg\u00e1t tagja nem k\u00edm\u00e9li mag\u00e1t, ha az aut\u00f3p\u00e1ly\u00e1n k\u00f6zleked\u0151k biztons\u00e1g\u00e1r\u00f3l van sz\u00f3. Biztons\u00e1gi \u00f6veket bekapcsolni! Indul a Cobra 11!","mediaType":"Episode","year":"1996","isReplayTv":false,"seriesEpisodeNumber":"8","seriesNumber":"18","videoStreams":[],"airDate":820454400000,"entitlements":["VIP","_OPEN_"],"currentProductIds":[],"currentTvodProductIds":[]},"parentId":"crid:~~2F~~2Fport.hu~~2F2601334","rootId":"crid:~~2F~~2Fport.hu~~2F2601334"}