{"id":"crid:~~2F~~2Fport.hu~~2F3783389-imi:00100000005D2A25","countryCode":"HU","languageCode":"hun","deviceCode":"web","startTime":1525473600000,"endTime":1525476900000,"stationId":"826989607192","imi":"imi:00100000005D2A25","mediaGroupId":"crid:~~2F~~2Fport.hu~~2F1639792","program":{"id":"crid:~~2F~~2Fport.hu~~2F3783389","title":"Gyilkos elm\u00e9k","description":"(IV.\/11) A Criminal Minds az FBI egyik elitegys\u00e9g\u00e9nek az \u00e9let\u00e9t mutatja be. A maroknyi csapat c\u00e9lja, hogy Amerika legelvetem\u00fcltebb b\u0171n\u00f6z\u0151inek gondolkod\u00e1sm\u00f3dj\u00e1t felt\u00e9rk\u00e9pezze \u00e9s ezzel megel\u0151zze a tov\u00e1bbi b\u0171ncselekm\u00e9nyeket. Felkeresik a tett hely\u00e9t, a c\u00e9lszem\u00e9ly szem\u00e9lyes ter\u00e9t, otthon\u00e1t vagy a munkahely\u00e9t, hogy a lehet\u0151 legjobban azonosulhassanak vele.","longDescription":"(IV.\/11) A Criminal Minds az FBI egyik elitegys\u00e9g\u00e9nek az \u00e9let\u00e9t mutatja be. A maroknyi csapat c\u00e9lja, hogy Amerika legelvetem\u00fcltebb b\u0171n\u00f6z\u0151inek gondolkod\u00e1sm\u00f3dj\u00e1t felt\u00e9rk\u00e9pezze \u00e9s ezzel megel\u0151zze a tov\u00e1bbi b\u0171ncselekm\u00e9nyeket. Felkeresik a tett hely\u00e9t, a c\u00e9lszem\u00e9ly szem\u00e9lyes ter\u00e9t, otthon\u00e1t vagy a munkahely\u00e9t, hogy a lehet\u0151 legjobban azonosulhassanak vele.","languageCode":"hun","countryCode":"HU","deviceCode":"web","medium":"TV","categories":[{"id":"271090244428","title":"Dr\u00e1ma","scheme":"urn:tva:metadata:cs:UPCEventGenreCS:2009"},{"id":"271090756041","title":"Krimi","scheme":"urn:tva:metadata:cs:UPCEventGenreCS:2009"}],"isAdult":false,"parentalRating":"16","cast":["Joe Mantegna","Thomas Gibson","Shemar Moore","Adam Rodriguez","Matthew Gray Gubler","A.J. Cook","Paget Brewster","Kirsten Vangsness","Mandy Patinkin","Lola Glaudini"],"directors":["Charles Haid","Richard Shepard"],"images":[{"assetType":"boxart-large","assetTypes":["boxart-large"],"width":180,"height":260,"url":"https:\/\/wp12-images-hu-dynamic.horizon.tv\/HU\/Images\/bc_a62477ba6f552f11370ef35147c47b98f2c3321e.jpg?w=180&h=260&mode=box"},{"assetType":"boxart-medium","assetTypes":["boxart-medium"],"width":110,"height":159,"url":"https:\/\/wp12-images-hu-dynamic.horizon.tv\/HU\/Images\/bc_a62477ba6f552f11370ef35147c47b98f2c3321e.jpg?w=110&h=159&mode=box"},{"assetType":"tva-boxcover","assetTypes":["tva-boxcover"],"width":180,"height":260,"url":"https:\/\/wp12-images-hu-dynamic.horizon.tv\/HU\/Images\/bc_a62477ba6f552f11370ef35147c47b98f2c3321e.jpg"},{"assetType":"boxart-small","assetTypes":["boxart-small"],"width":75,"height":108,"url":"https:\/\/wp12-images-hu-dynamic.horizon.tv\/HU\/Images\/bc_a62477ba6f552f11370ef35147c47b98f2c3321e.jpg?w=75&h=108&mode=box"},{"assetType":"boxart-xlarge","assetTypes":["boxart-xlarge"],"width":210,"height":303,"url":"https:\/\/wp12-images-hu-dynamic.horizon.tv\/HU\/Images\/bc_a62477ba6f552f11370ef35147c47b98f2c3321e.jpg?w=210&h=303&mode=box"}],"mediaGroupId":"crid:~~2F~~2Fport.hu~~2F1639792","secondaryTitle":"Egy norm\u00e1lis ember (IV.\/11)","shortDescription":"Az izgalmas sorozatban egy elit nyomoz\u00f3csapat Amerika legelvetem\u00fcltebb b\u0171n\u00f6z\u0151inek gondolkod\u00e1s\u00e1t elemzi \u00e9s tagjai megpr\u00f3b\u00e1lnak a k\u00f6vetkez\u0151 b\u0171ncselekm\u00e9ny el\u00e9be v\u00e1gni.","mediaType":"Episode","year":"2008","isReplayTv":false,"seriesEpisodeNumber":"11","seriesNumber":"4","videoStreams":[],"airDate":1199145600000,"entitlements":["VIP","_OPEN_"],"currentProductIds":[],"currentTvodProductIds":[]},"parentId":"crid:~~2F~~2Fport.hu~~2F1639792","rootId":"crid:~~2F~~2Fport.hu~~2F1639792"}