{"id":"crid:~~2F~~2Fport.hu~~2F76192703-imi:00100000005E26CF","countryCode":"HU","languageCode":"hun","deviceCode":"web","startTime":1525549200000,"endTime":1525551000000,"stationId":"826989607185","imi":"imi:00100000005E26CF","mediaGroupId":"crid:~~2F~~2Fport.hu~~2F5547040","program":{"id":"crid:~~2F~~2Fport.hu~~2F76192703","title":"Tini nindzsa tekn\u0151c\u00f6k","description":"Visszat\u00e9rtek! \u00dajra itt van Leonardo, Donatello, Raffaello \u00e9s Michalangelo, vagyis a tini nindzsa tekn\u0151c\u00f6k, akik Szecska mestert\u0151l, a patk\u00e1ny szenszeit\u0151l tanult\u00e1k meg a nindzsucu m\u0171v\u00e9szet\u00e9t. A csatornarendszerben tal\u00e1lhat\u00f3 rejtekhely\u00fckr\u0151l el\u0151b\u00fajva, a h\u00fcll\u0151testv\u00e9rek belvetik magukat New York csod\u00e1latos vil\u00e1g\u00e1ba, hogy szembe tal\u00e1lj\u00e1k magukat a v\u00e1ros elk\u00e9pzelhetetlen\u00fcl vesz\u00e9lyes gonosztev\u0151ivel, \u00e9s elk\u00e9pzelhetetlen\u00fcl finom pizz\u00e1ival.A Z\u00faz\u00f3val, Kranggal \u00e9s rengeteg m\u00e1s szuperer\u0151s mut\u00e1nssal folytatott harcaik sor\u00e1n a tekn\u0151c\u00f6k lassan megtanulj\u00e1k, hogyan b\u00edzzanak magukban \u00e9s egym\u00e1sban, \u00e9s hogy hogyan v\u00e1ljanak olyan h\u0151ss\u00e9, akiv\u00e9 a sorsuk rendelte \u0151ket.","longDescription":"Visszat\u00e9rtek! \u00dajra itt van Leonardo, Donatello, Raffaello \u00e9s Michalangelo, vagyis a tini nindzsa tekn\u0151c\u00f6k, akik Szecska mestert\u0151l, a patk\u00e1ny szenszeit\u0151l tanult\u00e1k meg a nindzsucu m\u0171v\u00e9szet\u00e9t. A csatornarendszerben tal\u00e1lhat\u00f3 rejtekhely\u00fckr\u0151l el\u0151b\u00fajva, a h\u00fcll\u0151testv\u00e9rek belvetik magukat New York csod\u00e1latos vil\u00e1g\u00e1ba, hogy szembe tal\u00e1lj\u00e1k magukat a v\u00e1ros elk\u00e9pzelhetetlen\u00fcl vesz\u00e9lyes gonosztev\u0151ivel, \u00e9s elk\u00e9pzelhetetlen\u00fcl finom pizz\u00e1ival.A Z\u00faz\u00f3val, Kranggal \u00e9s rengeteg m\u00e1s szuperer\u0151s mut\u00e1nssal folytatott harcaik sor\u00e1n a tekn\u0151c\u00f6k lassan megtanulj\u00e1k, hogyan b\u00edzzanak magukban \u00e9s egym\u00e1sban, \u00e9s hogy hogyan v\u00e1ljanak olyan h\u0151ss\u00e9, akiv\u00e9 a sorsuk rendelte \u0151ket.","languageCode":"hun","countryCode":"HU","deviceCode":"web","medium":"TV","categories":[{"id":"271090244371","title":"Gyermek\/Ifj\u00fas\u00e1gi","scheme":"urn:tva:metadata:cs:UPCEventGenreCS:2009"},{"id":"271090244376","title":"Rajzfilm","scheme":"urn:tva:metadata:cs:UPCEventGenreCS:2009"}],"isAdult":false,"parentalRating":"6","cast":["Sean Astin","Jason Biggs","Greg Cipes","Rob Paulsen","Mae Whitman"],"directors":["Juan Meza-Leon","Alan Wan","Michael Chang"],"images":[{"assetType":"boxart-large","assetTypes":["boxart-large"],"width":180,"height":260,"url":"https:\/\/wp2-images-hu-dynamic.horizon.tv\/HU\/Images\/bc_211b0d38a1176febf3ba910378037fab84038220.jpg?w=180&h=260&mode=box"},{"assetType":"boxart-xlarge","assetTypes":["boxart-xlarge"],"width":210,"height":303,"url":"https:\/\/wp2-images-hu-dynamic.horizon.tv\/HU\/Images\/bc_211b0d38a1176febf3ba910378037fab84038220.jpg?w=210&h=303&mode=box"},{"assetType":"boxart-small","assetTypes":["boxart-small"],"width":75,"height":108,"url":"https:\/\/wp2-images-hu-dynamic.horizon.tv\/HU\/Images\/bc_211b0d38a1176febf3ba910378037fab84038220.jpg?w=75&h=108&mode=box"},{"assetType":"boxart-medium","assetTypes":["boxart-medium"],"width":110,"height":159,"url":"https:\/\/wp2-images-hu-dynamic.horizon.tv\/HU\/Images\/bc_211b0d38a1176febf3ba910378037fab84038220.jpg?w=110&h=159&mode=box"},{"assetType":"tva-boxcover","assetTypes":["tva-boxcover"],"width":180,"height":260,"url":"https:\/\/wp2-images-hu-dynamic.horizon.tv\/HU\/Images\/bc_211b0d38a1176febf3ba910378037fab84038220.jpg"}],"mediaGroupId":"crid:~~2F~~2Fport.hu~~2F5547040","secondaryTitle":"Drakula kript\u00e1ja","shortDescription":"A csatorn\u00e1kban \u00e9l n\u00e9gy pizzaim\u00e1d\u00f3 tini tekn\u0151c. A testv\u00e9rek arra sz\u00f6vetkeztek, hogy megments\u00e9k a vil\u00e1got a gonosz er\u0151kkel szemben, nindzsak\u00e9nt harcolnak, mester\u00fck, Szecska b\u00f6lcs tan\u00edt\u00e1sait k\u00f6vetve.","mediaType":"Episode","year":"2017","isReplayTv":false,"seriesEpisodeNumber":"1805052140","seriesNumber":"1805051810","videoStreams":[],"airDate":1483228800000,"entitlements":["VIP","_OPEN_"],"currentProductIds":[],"currentTvodProductIds":[]},"parentId":"crid:~~2F~~2Fport.hu~~2F5547040","rootId":"crid:~~2F~~2Fport.hu~~2F5547040"}