{"id":"crid:~~2F~~2Fport.hu~~2F63804432-imi:00100000005D2843","countryCode":"HU","languageCode":"hun","deviceCode":"web","startTime":1525443900000,"endTime":1525449300000,"stationId":"826989607135","imi":"imi:00100000005D2843","mediaGroupId":"crid:~~2F~~2Fport.hu~~2F63804432","program":{"id":"crid:~~2F~~2Fport.hu~~2F63804432","title":"A val\u00f3s\u00e1gshow ut\u00e1n","description":"Scottie egy n\u0151 sz\u00edv\u00e9\u00e9rt versenyzik a reality p\u00e1rkeres\u0151 t\u00e9v\u00e9show-ban. Apja v\u00e1ratlan hal\u00e1la miatt kil\u00e9p a m\u0171sorb\u00f3l, \u00e9s \u00fajra tal\u00e1lkozik az elidegenedett testv\u00e9r\u00e9vel, Kate-tel, aki arra tette fel az \u00e9let\u00e9t, hogy gondj\u00e1t viselje az apjuknak.","longDescription":"Scottie egy n\u0151 sz\u00edv\u00e9\u00e9rt versenyzik a reality p\u00e1rkeres\u0151 t\u00e9v\u00e9show-ban. Apja v\u00e1ratlan hal\u00e1la miatt kil\u00e9p a m\u0171sorb\u00f3l, \u00e9s \u00fajra tal\u00e1lkozik az elidegenedett testv\u00e9r\u00e9vel, Kate-tel, aki arra tette fel az \u00e9let\u00e9t, hogy gondj\u00e1t viselje az apjuknak.","languageCode":"hun","countryCode":"HU","deviceCode":"web","medium":"Movie","categories":[{"id":"271090244334","title":"Kom\u00e9dia\/Filmv\u00edgj\u00e1t\u00e9k","scheme":"urn:tva:metadata:cs:UPCEventGenreCS:2009"}],"isAdult":false,"parentalRating":"12","cast":["Matthew Morrison","Sarah Chalke","Jon Dore","Laura Bell Bundy","Juan Pablo di Pace","Isaiah Mustafa","Tony Cavalero","Aimee Garcia","Jane Lynch","John Heard","Michael Fairman","Katy Jacoby","Max Gecowets","Nathaniel Fuller","Floyd van Buskirk","Philip Cole","Nicholas Massouh"],"directors":["David Anderson"],"images":[{"assetType":"tva-boxcover","assetTypes":["tva-boxcover"],"width":180,"height":260,"url":"https:\/\/wp15-images-hu-dynamic.horizon.tv\/HU\/Images\/bc_d240ac6fba21220b87643b0314ac4314f0b86168.jpg"},{"assetType":"boxart-small","assetTypes":["boxart-small"],"width":75,"height":108,"url":"https:\/\/wp15-images-hu-dynamic.horizon.tv\/HU\/Images\/bc_d240ac6fba21220b87643b0314ac4314f0b86168.jpg?w=75&h=108&mode=box"},{"assetType":"boxart-xlarge","assetTypes":["boxart-xlarge"],"width":210,"height":303,"url":"https:\/\/wp15-images-hu-dynamic.horizon.tv\/HU\/Images\/bc_d240ac6fba21220b87643b0314ac4314f0b86168.jpg?w=210&h=303&mode=box"},{"assetType":"boxart-large","assetTypes":["boxart-large"],"width":180,"height":260,"url":"https:\/\/wp15-images-hu-dynamic.horizon.tv\/HU\/Images\/bc_d240ac6fba21220b87643b0314ac4314f0b86168.jpg?w=180&h=260&mode=box"},{"assetType":"boxart-medium","assetTypes":["boxart-medium"],"width":110,"height":159,"url":"https:\/\/wp15-images-hu-dynamic.horizon.tv\/HU\/Images\/bc_d240ac6fba21220b87643b0314ac4314f0b86168.jpg?w=110&h=159&mode=box"},{"assetType":"HighResLandscape","assetTypes":["HighResLandscape"],"url":"https:\/\/wp15-images-hu-dynamic.horizon.tv\/HU\/Images\/hrl_45e7ec5f643557fecafff1acffb1637b1fac17d8.jpg"},{"assetType":"HighResPortrait","assetTypes":["HighResPortrait"],"url":"https:\/\/wp15-images-hu-dynamic.horizon.tv\/HU\/Images\/hrp_f88205226d52bf4727f6c23e0e0e5bd6bd7c5190.jpg"}],"mediaGroupId":"crid:~~2F~~2Fport.hu~~2F63804432","shortDescription":"Scottie egy n\u0151 sz\u00edv\u00e9\u00e9rt versenyzik a reality p\u00e1rkeres\u0151 t\u00e9v\u00e9show-ban. Apja v\u00e1ratlan hal\u00e1la miatt kil\u00e9p a m\u0171sorb\u00f3l, \u00e9s \u00fajra tal\u00e1lkozik az elidegenedett testv\u00e9r\u00e9vel, Kate-tel, aki arra tette fel az...","mediaType":"FeatureFilm","year":"2016","isReplayTv":true,"videoStreams":[],"airDate":1451606400000,"entitlements":["VIP","_OPEN_"],"currentProductIds":[],"currentTvodProductIds":[]},"parentId":"crid:~~2F~~2Fport.hu~~2F63804432","rootId":"crid:~~2F~~2Fport.hu~~2F63804432"}