{"id":"crid:~~2F~~2Fport.hu~~2F67834214-imi:00100000005D1F77","countryCode":"HU","languageCode":"hun","deviceCode":"web","startTime":1525411200000,"endTime":1525414500000,"stationId":"826989607180","imi":"imi:00100000005D1F77","mediaGroupId":"crid:~~2F~~2Fport.hu~~2F70383617","program":{"id":"crid:~~2F~~2Fport.hu~~2F67834214","title":"Gasztroangyal","description":"A magyar gasztron\u00f3mia hajdan vil\u00e1gh\u00edr\u0171 volt. A Gasztroangyal eml\u00e9keztet a m\u00faltra, bemutatja a jelent, \u00e9s alak\u00edtja a j\u00f6v\u0151t. Borb\u00e1s Marcsi m\u0171sor\u00e1ban felkutatjuk a legjobb alapanyagokat, megismerj\u00fck a legnagyobb bor\u00e1szokat \u00e9s a legkiv\u00e1l\u00f3bb \u00e9ttermeket. Hagyom\u00e1ny \u00e9s trendek. A Gasztroangyal eszik, iszik, sosem alszik.","longDescription":"A magyar gasztron\u00f3mia hajdan vil\u00e1gh\u00edr\u0171 volt. A Gasztroangyal eml\u00e9keztet a m\u00faltra, bemutatja a jelent, \u00e9s alak\u00edtja a j\u00f6v\u0151t. Borb\u00e1s Marcsi m\u0171sor\u00e1ban felkutatjuk a legjobb alapanyagokat, megismerj\u00fck a legnagyobb bor\u00e1szokat \u00e9s a legkiv\u00e1l\u00f3bb \u00e9ttermeket. Hagyom\u00e1ny \u00e9s trendek. A Gasztroangyal eszik, iszik, sosem alszik.","languageCode":"hun","countryCode":"HU","deviceCode":"web","medium":"TV","categories":[{"id":"271090244349","title":"Show","scheme":"urn:tva:metadata:cs:UPCEventGenreCS:2009"}],"isAdult":false,"parentalRating":"12","cast":[],"directors":["Lafka D\u00e1vid"],"images":[{"assetType":"boxart-medium","assetTypes":["boxart-medium"],"width":110,"height":159,"url":"https:\/\/wp18-images-hu-dynamic.horizon.tv\/HU\/Images\/upcgenre_30.jpg?w=110&h=159&mode=box"},{"assetType":"boxart-xlarge","assetTypes":["boxart-xlarge"],"width":210,"height":303,"url":"https:\/\/wp18-images-hu-dynamic.horizon.tv\/HU\/Images\/upcgenre_30.jpg?w=210&h=303&mode=box"},{"assetType":"boxart-large","assetTypes":["boxart-large"],"width":180,"height":260,"url":"https:\/\/wp18-images-hu-dynamic.horizon.tv\/HU\/Images\/upcgenre_30.jpg?w=180&h=260&mode=box"},{"assetType":"boxart-small","assetTypes":["boxart-small"],"width":75,"height":108,"url":"https:\/\/wp18-images-hu-dynamic.horizon.tv\/HU\/Images\/upcgenre_30.jpg?w=75&h=108&mode=box"},{"assetType":"tva-boxcover","assetTypes":["tva-boxcover"],"width":180,"height":260,"url":"https:\/\/wp18-images-hu-dynamic.horizon.tv\/HU\/Images\/upcgenre_30.jpg"},{"assetType":"HighResLandscape","assetTypes":["HighResLandscape"],"url":"https:\/\/wp24-images-hu-dynamic.horizon.tv\/HU\/Images\/hrl_75e52bb24b7a4a6ea9bde531253ae27c58cefa36.jpg"}],"mediaGroupId":"crid:~~2F~~2Fport.hu~~2F70383617","secondaryTitle":"Paradicsom \u00e9s paprika","shortDescription":"Borb\u00e1s Marcsi m\u0171sor\u00e1ban felkutatjuk a legjobb alapanyagokat, megismerj\u00fck a legnagyobb bor\u00e1szokat \u00e9s a legkiv\u00e1l\u00f3bb \u00e9ttermeket. Hagyom\u00e1ny \u00e9s trendek. A Gasztroangyal eszik, iszik, sosem alszik.","mediaType":"Episode","year":"2015","isReplayTv":false,"seriesEpisodeNumber":"1805031800","seriesNumber":"1805020720","videoStreams":[],"airDate":1420070400000,"entitlements":["VIP","_OPEN_"],"currentProductIds":[],"currentTvodProductIds":[]},"parentId":"crid:~~2F~~2Fport.hu~~2F70383617","rootId":"crid:~~2F~~2Fport.hu~~2F70383617"}