{"id":"crid:~~2F~~2Fport.hu~~2F25567780-imi:00100000005D3F7F","countryCode":"HU","languageCode":"hun","deviceCode":"web","startTime":1525514400000,"endTime":1525518000000,"stationId":"826989607211","imi":"imi:00100000005D3F7F","mediaGroupId":"crid:~~2F~~2Fport.hu~~2F25445934","program":{"id":"crid:~~2F~~2Fport.hu~~2F25567780","title":"1-es hang\u00e1r: Az UFO akt\u00e1k","description":"(I.\/1) Trumant\u00f3l Obam\u00e1ig, napjaink eln\u00f6keinek sz\u00ednes \u00e9s ellentmond\u00e1sos t\u00f6rt\u00e9netei vannak az UFO-kr\u00f3l \u00e9s a f\u00f6ld\u00f6nk\u00edv\u00fcliekr\u0151l. S\u0151t, Eisenhowernek, Nixonnak, Carternek \u00e9s Reagannek \u00e1ll\u00edt\u00f3lag szem\u00e9lyes tapasztalataik is voltak.","longDescription":"(I.\/1) Trumant\u00f3l Obam\u00e1ig, napjaink eln\u00f6keinek sz\u00ednes \u00e9s ellentmond\u00e1sos t\u00f6rt\u00e9netei vannak az UFO-kr\u00f3l \u00e9s a f\u00f6ld\u00f6nk\u00edv\u00fcliekr\u0151l. S\u0151t, Eisenhowernek, Nixonnak, Carternek \u00e9s Reagannek \u00e1ll\u00edt\u00f3lag szem\u00e9lyes tapasztalataik is voltak.","languageCode":"hun","countryCode":"HU","deviceCode":"web","medium":"TV","categories":[{"id":"271090244398","title":"T\u00e1rsadalmi\/Politikai","scheme":"urn:tva:metadata:cs:UPCEventGenreCS:2009"},{"id":"271090244399","title":"Dokumentumfilm","scheme":"urn:tva:metadata:cs:UPCEventGenreCS:2009"}],"isAdult":false,"parentalRating":"12","cast":[],"directors":[],"images":[{"assetType":"boxart-large","assetTypes":["boxart-large"],"width":180,"height":260,"url":"https:\/\/wp8-images-hu-dynamic.horizon.tv\/HU\/Images\/upcgenre_81.jpg?w=180&h=260&mode=box"},{"assetType":"boxart-medium","assetTypes":["boxart-medium"],"width":110,"height":159,"url":"https:\/\/wp8-images-hu-dynamic.horizon.tv\/HU\/Images\/upcgenre_81.jpg?w=110&h=159&mode=box"},{"assetType":"tva-boxcover","assetTypes":["tva-boxcover"],"width":180,"height":260,"url":"https:\/\/wp8-images-hu-dynamic.horizon.tv\/HU\/Images\/upcgenre_81.jpg"},{"assetType":"boxart-small","assetTypes":["boxart-small"],"width":75,"height":108,"url":"https:\/\/wp8-images-hu-dynamic.horizon.tv\/HU\/Images\/upcgenre_81.jpg?w=75&h=108&mode=box"},{"assetType":"boxart-xlarge","assetTypes":["boxart-xlarge"],"width":210,"height":303,"url":"https:\/\/wp8-images-hu-dynamic.horizon.tv\/HU\/Images\/upcgenre_81.jpg?w=210&h=303&mode=box"},{"assetType":"HighResLandscape","assetTypes":["HighResLandscape"],"url":"https:\/\/wp5-images-hu-dynamic.horizon.tv\/HU\/Images\/hrl_79b204e9bd9765c6c57b7caf1e6532ca1c3deaf4.jpg"}],"mediaGroupId":"crid:~~2F~~2Fport.hu~~2F25445934","secondaryTitle":"Eln\u00f6ki tal\u00e1lkoz\u00e1sok (I.\/1)","shortDescription":"(I.\/1) Trumant\u00f3l Obam\u00e1ig, napjaink eln\u00f6keinek sz\u00ednes \u00e9s ellentmond\u00e1sos t\u00f6rt\u00e9netei vannak az UFO-kr\u00f3l \u00e9s a f\u00f6ld\u00f6nk\u00edv\u00fcliekr\u0151l. S\u0151t, Eisenhowernek, Nixonnak, Carternek \u00e9s Reagannek \u00e1ll\u00edt\u00f3lag szem\u00e9lyes...","mediaType":"Episode","year":"2014","isReplayTv":false,"seriesEpisodeNumber":"1","seriesNumber":"1","videoStreams":[],"airDate":1388534400000,"entitlements":["VIP","_OPEN_"],"currentProductIds":[],"currentTvodProductIds":[]},"parentId":"crid:~~2F~~2Fport.hu~~2F25445934","rootId":"crid:~~2F~~2Fport.hu~~2F25445934"}