{"id":"crid:~~2F~~2Fport.hu~~2F1407895-imi:00100000005D29F4","countryCode":"HU","languageCode":"hun","deviceCode":"web","startTime":1525464300000,"endTime":1525466100000,"stationId":"826989607209","imi":"imi:00100000005D29F4","mediaGroupId":"crid:~~2F~~2Fport.hu~~2F2528760","program":{"id":"crid:~~2F~~2Fport.hu~~2F1407895","title":"K\u00e9t pasi \u2013 meg egy kicsi","description":"(VI.\/2) Charlie egy megr\u00f6gz\u00f6tt aggleg\u00e9ny a hozz\u00e1 tartoz\u00f3 \u00e9letvitellel; egy h\u00e1zzal a tengerparton, egy Jaguarral a gar\u00e1zsban \u00e9s folytonos csajoz\u00e1ssal. A j\u00f3l megszokott laza malibui \u00e9letm\u00f3dja azonban f\u00e9lbeszakad, mikor b\u00e1tyja, Alan, aki \u00e9pp v\u00e1lni k\u00e9sz\u00fcl \u00e9s Alan fia, Jake bek\u00f6lt\u00f6znek hozz\u00e1.","longDescription":"(VI.\/2) Charlie egy megr\u00f6gz\u00f6tt aggleg\u00e9ny a hozz\u00e1 tartoz\u00f3 \u00e9letvitellel; egy h\u00e1zzal a tengerparton, egy Jaguarral a gar\u00e1zsban \u00e9s folytonos csajoz\u00e1ssal. A j\u00f3l megszokott laza malibui \u00e9letm\u00f3dja azonban f\u00e9lbeszakad, mikor b\u00e1tyja, Alan, aki \u00e9pp v\u00e1lni k\u00e9sz\u00fcl \u00e9s Alan fia, Jake bek\u00f6lt\u00f6znek hozz\u00e1.","languageCode":"hun","countryCode":"HU","deviceCode":"web","medium":"TV","categories":[{"id":"271090244428","title":"Dr\u00e1ma","scheme":"urn:tva:metadata:cs:UPCEventGenreCS:2009"},{"id":"271090244432","title":"Kom\u00e9dia\/Filmv\u00edgj\u00e1t\u00e9k","scheme":"urn:tva:metadata:cs:UPCEventGenreCS:2009"}],"isAdult":false,"parentalRating":"12","cast":["Ashton Kutcher","Jon Cryer","Angus T. Jones","Charlie Sheen","Conchata Ferrell","Holland Taylor","Marin Hinkle","Melanie Lynskey","Jennifer Taylor","Courtney Thorne-Smith","Graham Patrick Martin","Megan Fox","Jenny McCarthy","Denise Richards","Ryan Stiles","April Bowlby","Jane Lynch","Emmanuelle Vaugier","Judy Greer","Kelly Stables","Sophie Winkleman","Teri Hatcher","Heather Locklear"],"directors":["Lee Aronsohn","Chuck Lorre"],"images":[{"assetType":"boxart-large","assetTypes":["boxart-large"],"width":180,"height":260,"url":"https:\/\/wp1-images-hu-dynamic.horizon.tv\/HU\/Images\/bc_5fd2ee353d448ddd11ee779a94602744948f1d22.jpg?w=180&h=260&mode=box"},{"assetType":"boxart-xlarge","assetTypes":["boxart-xlarge"],"width":210,"height":303,"url":"https:\/\/wp1-images-hu-dynamic.horizon.tv\/HU\/Images\/bc_5fd2ee353d448ddd11ee779a94602744948f1d22.jpg?w=210&h=303&mode=box"},{"assetType":"boxart-small","assetTypes":["boxart-small"],"width":75,"height":108,"url":"https:\/\/wp1-images-hu-dynamic.horizon.tv\/HU\/Images\/bc_5fd2ee353d448ddd11ee779a94602744948f1d22.jpg?w=75&h=108&mode=box"},{"assetType":"tva-boxcover","assetTypes":["tva-boxcover"],"width":180,"height":260,"url":"https:\/\/wp1-images-hu-dynamic.horizon.tv\/HU\/Images\/bc_5fd2ee353d448ddd11ee779a94602744948f1d22.jpg"},{"assetType":"boxart-medium","assetTypes":["boxart-medium"],"width":110,"height":159,"url":"https:\/\/wp1-images-hu-dynamic.horizon.tv\/HU\/Images\/bc_5fd2ee353d448ddd11ee779a94602744948f1d22.jpg?w=110&h=159&mode=box"},{"assetType":"HighResLandscape","assetTypes":["HighResLandscape"],"url":"https:\/\/wp26-images-hu-dynamic.horizon.tv\/HU\/Images\/hrl_3ab629e151a6dd2dfe88066fb69fe8879a0a9e1d.jpg"},{"assetType":"HighResPortrait","assetTypes":["HighResPortrait"],"url":"https:\/\/wp26-images-hu-dynamic.horizon.tv\/HU\/Images\/hrp_5fd2ee353d448ddd11ee779a94602744948f1d22.jpg"}],"mediaGroupId":"crid:~~2F~~2Fport.hu~~2F2528760","secondaryTitle":"Fukar, benzinszop\u00f3, gy\u00fal\u00e9kony barom vagy (VI.\/2)","shortDescription":"Charlie (Charlie Sheen) megr\u00f6gz\u00f6tt aggleg\u00e9ny. J\u00f3l megszokott laza \u00e9s k\u00e9nyelmes \u00e9letm\u00f3dja hirtelen v\u00e9get \u00e9r, amikor b\u00e1tyja, Alan (Jon Cryer) fi\u00e1val, Jake-kel (Angus T. Jones) bek\u00f6lt\u00f6zik hozz\u00e1.","mediaType":"Episode","year":"2008","isReplayTv":false,"seriesEpisodeNumber":"2","seriesNumber":"6","videoStreams":[],"airDate":1199145600000,"entitlements":["VIP","_OPEN_"],"currentProductIds":[],"currentTvodProductIds":[]},"parentId":"crid:~~2F~~2Fport.hu~~2F2528760","rootId":"crid:~~2F~~2Fport.hu~~2F2528760"}