{"id":"crid:~~2F~~2Fport.hu~~2F1231631-imi:00100000005D416C","countryCode":"HU","languageCode":"hun","deviceCode":"web","startTime":1525633800000,"endTime":1525641300000,"stationId":"826989607173","imi":"imi:00100000005D416C","mediaGroupId":"crid:~~2F~~2Fport.hu~~2F1231631","program":{"id":"crid:~~2F~~2Fport.hu~~2F1231631","title":"\u00dczenet a palackban","description":"A v\u00e1l\u00e1s\u00e1n keserg\u0151 Theresa (Robin Wright Penn) \u00e9let\u00e9t k\u00e9t dolog t\u00f6lti ki: a kisfia, Jason \u00e9s a munk\u00e1ja a Chicago Tribune riporterek\u00e9nt. Egy mag\u00e1nyos tengerparti s\u00e9t\u00e1ja sor\u00e1n tal\u00e1l egy palackot, benne megind\u00edt\u00f3, szenved\u00e9lyes hang\u00fa \u00fczenettel. A lev\u00e9l k\u00f6lt\u0151is\u00e9ge \u00e9s f\u00e1jdalma sz\u00edven \u00fcti Theres\u00e1t, \u00e9s szinte beleszeret a f\u00e9rfiba, akit sosem l\u00e1tott. Azt\u00e1n, ahogy j\u00f3 riporterhez illik, nyomozni kezd a k\u00fcl\u00f6n\u00f6s \u00edr\u00e1s szerz\u0151je ut\u00e1n. Hamarosan kider\u00fcl, hogy hasonl\u00f3an sebzett emberrel hozta \u00f6ssze a sors. De Garret Blake (Kevin Costner) m\u00e9g Theres\u00e1n\u00e1l is elt\u00f6k\u00e9ltebb a fogadalm\u00e1ban, miszerint t\u00f6bb\u00e9 nem lesz szerelmes.","longDescription":"A v\u00e1l\u00e1s\u00e1n keserg\u0151 Theresa (Robin Wright Penn) \u00e9let\u00e9t k\u00e9t dolog t\u00f6lti ki: a kisfia, Jason \u00e9s a munk\u00e1ja a Chicago Tribune riporterek\u00e9nt. Egy mag\u00e1nyos tengerparti s\u00e9t\u00e1ja sor\u00e1n tal\u00e1l egy palackot, benne megind\u00edt\u00f3, szenved\u00e9lyes hang\u00fa \u00fczenettel. A lev\u00e9l k\u00f6lt\u0151is\u00e9ge \u00e9s f\u00e1jdalma sz\u00edven \u00fcti Theres\u00e1t, \u00e9s szinte beleszeret a f\u00e9rfiba, akit sosem l\u00e1tott. Azt\u00e1n, ahogy j\u00f3 riporterhez illik, nyomozni kezd a k\u00fcl\u00f6n\u00f6s \u00edr\u00e1s szerz\u0151je ut\u00e1n. Hamarosan kider\u00fcl, hogy hasonl\u00f3an sebzett emberrel hozta \u00f6ssze a sors. De Garret Blake (Kevin Costner) m\u00e9g Theres\u00e1n\u00e1l is elt\u00f6k\u00e9ltebb a fogadalm\u00e1ban, miszerint t\u00f6bb\u00e9 nem lesz szerelmes.","languageCode":"hun","countryCode":"HU","deviceCode":"web","medium":"Movie","categories":[{"id":"271090244336","title":"Romantikus film","scheme":"urn:tva:metadata:cs:UPCEventGenreCS:2009"}],"isAdult":false,"parentalRating":"12","cast":["Kevin Costner","Robin","Paul Newman","Jesse James","Robbie Coltrane","Illeana Douglas","John Savage"],"directors":["Luis Mandoki"],"images":[{"assetType":"boxart-medium","assetTypes":["boxart-medium"],"width":110,"height":159,"url":"https:\/\/wp18-images-hu-dynamic.horizon.tv\/HU\/Images\/bc_8fc9c910c0b3f0fe3b95a784725009f35bc562ee.jpg?w=110&h=159&mode=box"},{"assetType":"boxart-large","assetTypes":["boxart-large"],"width":180,"height":260,"url":"https:\/\/wp18-images-hu-dynamic.horizon.tv\/HU\/Images\/bc_8fc9c910c0b3f0fe3b95a784725009f35bc562ee.jpg?w=180&h=260&mode=box"},{"assetType":"boxart-xlarge","assetTypes":["boxart-xlarge"],"width":210,"height":303,"url":"https:\/\/wp18-images-hu-dynamic.horizon.tv\/HU\/Images\/bc_8fc9c910c0b3f0fe3b95a784725009f35bc562ee.jpg?w=210&h=303&mode=box"},{"assetType":"boxart-small","assetTypes":["boxart-small"],"width":75,"height":108,"url":"https:\/\/wp18-images-hu-dynamic.horizon.tv\/HU\/Images\/bc_8fc9c910c0b3f0fe3b95a784725009f35bc562ee.jpg?w=75&h=108&mode=box"},{"assetType":"tva-boxcover","assetTypes":["tva-boxcover"],"width":180,"height":260,"url":"https:\/\/wp18-images-hu-dynamic.horizon.tv\/HU\/Images\/bc_8fc9c910c0b3f0fe3b95a784725009f35bc562ee.jpg"},{"assetType":"HighResLandscape","assetTypes":["HighResLandscape"],"url":"https:\/\/wp11-images-hu-dynamic.horizon.tv\/HU\/Images\/hrl_bfffdd0e8dd34e5a0a974bcd6ee3108071e955b7.jpg"},{"assetType":"HighResPortrait","assetTypes":["HighResPortrait"],"url":"https:\/\/wp11-images-hu-dynamic.horizon.tv\/HU\/Images\/hrp_8fc9c910c0b3f0fe3b95a784725009f35bc562ee.jpg"}],"mediaGroupId":"crid:~~2F~~2Fport.hu~~2F1231631","shortDescription":"Theresa egy tengerparti s\u00e9t\u00e1ja sor\u00e1n tal\u00e1l egy palackot, benne megind\u00edt\u00f3, szenved\u00e9lyes hang\u00fa \u00fczenettel. A lev\u00e9l k\u00f6lt\u0151is\u00e9ge \u00e9s f\u00e1jdalma sz\u00edven \u00fcti Theres\u00e1t \u00e9s szinte beleszeret a f\u00e9rfiba.","mediaType":"FeatureFilm","year":"1999","isReplayTv":false,"videoStreams":[],"airDate":915148800000,"entitlements":["VIP","_OPEN_"],"currentProductIds":[],"currentTvodProductIds":[]},"parentId":"crid:~~2F~~2Fport.hu~~2F1231631","rootId":"crid:~~2F~~2Fport.hu~~2F1231631"}