{"id":"crid:~~2F~~2Fport.hu~~2F1559742-imi:00100000005D5EB0","countryCode":"HU","languageCode":"hun","deviceCode":"web","startTime":1525690800000,"endTime":1525692300000,"stationId":"826989607209","imi":"imi:00100000005D5EB0","mediaGroupId":"crid:~~2F~~2Fport.hu~~2F1596883","program":{"id":"crid:~~2F~~2Fport.hu~~2F1559742","title":"A Madagaszk\u00e1r pingvinjei","description":"(I.\/29) A Madagszk\u00e1r pingvinei c\u00edm\u0171 sorozat a nagysiker\u0171 Madagaszk\u00e1r anim\u00e1ci\u00f3s filmek spin-offja, mely a m\u00e1sodik r\u00e9sz esem\u00e9nyei ut\u00e1n j\u00e1tsz\u00f3dik, \u00e9s a film f\u0151 humorforr\u00e1s\u00e1ul szolg\u00e1l\u00f3 pingvinek kalandjait mutatja be a New York-i \u00e1llatkertben. A m\u0171sor szt\u00e1rjai a k\u00fcl\u00f6nb\u00f6z\u0151 szem\u00e9lyis\u00e9ggel meg\u00e1ldott pingvinek \u00e9s visszat\u00e9r a m\u00e9lt\u00e1n h\u00edres, narcisztikus lem\u00far is.","longDescription":"(I.\/29) A Madagszk\u00e1r pingvinei c\u00edm\u0171 sorozat a nagysiker\u0171 Madagaszk\u00e1r anim\u00e1ci\u00f3s filmek spin-offja, mely a m\u00e1sodik r\u00e9sz esem\u00e9nyei ut\u00e1n j\u00e1tsz\u00f3dik, \u00e9s a film f\u0151 humorforr\u00e1s\u00e1ul szolg\u00e1l\u00f3 pingvinek kalandjait mutatja be a New York-i \u00e1llatkertben. A m\u0171sor szt\u00e1rjai a k\u00fcl\u00f6nb\u00f6z\u0151 szem\u00e9lyis\u00e9ggel meg\u00e1ldott pingvinek \u00e9s visszat\u00e9r a m\u00e9lt\u00e1n h\u00edres, narcisztikus lem\u00far is.","languageCode":"hun","countryCode":"HU","deviceCode":"web","medium":"TV","categories":[{"id":"271090244371","title":"Gyermek\/Ifj\u00fas\u00e1gi","scheme":"urn:tva:metadata:cs:UPCEventGenreCS:2009"},{"id":"271090244376","title":"Rajzfilm","scheme":"urn:tva:metadata:cs:UPCEventGenreCS:2009"}],"isAdult":false,"parentalRating":"12","cast":["Jeff Bennett","Tom McGrath","John di Maggio","James Patrick Stuart","Andy Richter","Danny Jacobs","Kevin Michael Richardson","Tara Strong"],"directors":["Bret Haaland","Nicholas Filippi"],"images":[{"assetType":"boxart-medium","assetTypes":["boxart-medium"],"width":110,"height":159,"url":"https:\/\/wp4-images-hu-dynamic.horizon.tv\/HU\/Images\/bc_8419fee50aad4bc10066913d3b022175fcb9d3e7.jpg?w=110&h=159&mode=box"},{"assetType":"boxart-small","assetTypes":["boxart-small"],"width":75,"height":108,"url":"https:\/\/wp4-images-hu-dynamic.horizon.tv\/HU\/Images\/bc_8419fee50aad4bc10066913d3b022175fcb9d3e7.jpg?w=75&h=108&mode=box"},{"assetType":"tva-boxcover","assetTypes":["tva-boxcover"],"width":180,"height":260,"url":"https:\/\/wp4-images-hu-dynamic.horizon.tv\/HU\/Images\/bc_8419fee50aad4bc10066913d3b022175fcb9d3e7.jpg"},{"assetType":"boxart-xlarge","assetTypes":["boxart-xlarge"],"width":210,"height":303,"url":"https:\/\/wp4-images-hu-dynamic.horizon.tv\/HU\/Images\/bc_8419fee50aad4bc10066913d3b022175fcb9d3e7.jpg?w=210&h=303&mode=box"},{"assetType":"boxart-large","assetTypes":["boxart-large"],"width":180,"height":260,"url":"https:\/\/wp4-images-hu-dynamic.horizon.tv\/HU\/Images\/bc_8419fee50aad4bc10066913d3b022175fcb9d3e7.jpg?w=180&h=260&mode=box"},{"assetType":"HighResLandscape","assetTypes":["HighResLandscape"],"url":"https:\/\/wp7-images-hu-dynamic.horizon.tv\/HU\/Images\/hrl_f0069a575af3ac2671d933e244570f11d1b6b8ac.jpg"},{"assetType":"HighResPortrait","assetTypes":["HighResPortrait"],"url":"https:\/\/wp7-images-hu-dynamic.horizon.tv\/HU\/Images\/hrp_e00d28b3a2cad6ea62462582834b199b66ae1d5d.jpg"}],"mediaGroupId":"crid:~~2F~~2Fport.hu~~2F1596883","secondaryTitle":"A zsel\u00e9ny; Z\u00fa Tj\u00fab (I.\/29)","shortDescription":"A Madagszk\u00e1r pingvinei c\u00edm\u0171 sorozat a nagysiker\u0171 Madagaszk\u00e1r anim\u00e1ci\u00f3s filmek spin-offja, mely a m\u00e1sodik r\u00e9sz esem\u00e9nyei ut\u00e1n j\u00e1tsz\u00f3dik, \u00e9s a pingvinek kalandjait mutatja be a New York-i \u00e1llatkertben.","mediaType":"Episode","year":"2010","duration":1800,"latestBroadcastStartTime":1525449300000,"latestBroadcastEndTime":1525451100000,"isReplayTv":true,"listingId":"crid:~~2F~~2Fport.hu~~2F1559742-imi:00100000005D29FD","seriesEpisodeNumber":"29","seriesNumber":"1","videoStreams":[],"airDate":1262304000000,"entitlements":["crid:~~2F~~2Fupc.com~~2FReplayTV~~2Frtl_plus_ReplayTV","VIP","_OPEN_"],"currentProductIds":["crid:~~2F~~2Fupc.com~~2FReplayTV~~2Frtl_plus_ReplayTV"],"currentTvodProductIds":[]},"parentId":"crid:~~2F~~2Fport.hu~~2F1596883","rootId":"crid:~~2F~~2Fport.hu~~2F1596883"}