{"id":"crid:~~2F~~2Fport.hu~~2F90362185-imi:00100000005D3799","countryCode":"HU","languageCode":"hun","deviceCode":"web","startTime":1525611900000,"endTime":1525615200000,"stationId":"826989607220","imi":"imi:00100000005D3799","mediaGroupId":"crid:~~2F~~2Fport.hu~~2F66486869","program":{"id":"crid:~~2F~~2Fport.hu~~2F90362185","title":"Troll","description":"Fiatalos, lend\u00fcletes, gondolat\u00e9breszt\u0151. Dobos Marianne \u00e9s vend\u00e9gei sz\u00e9ttrollkodj\u00e1k a balliber\u00e1lis m\u00e9di\u00e1t.","longDescription":"Fiatalos, lend\u00fcletes, gondolat\u00e9breszt\u0151. Dobos Marianne \u00e9s vend\u00e9gei sz\u00e9ttrollkodj\u00e1k a balliber\u00e1lis m\u00e9di\u00e1t.","languageCode":"hun","countryCode":"HU","deviceCode":"web","medium":"TV","categories":[{"id":"271090244398","title":"T\u00e1rsadalmi\/Politikai","scheme":"urn:tva:metadata:cs:UPCEventGenreCS:2009"}],"isAdult":false,"parentalRating":"12","cast":[],"directors":[],"images":[{"assetType":"tva-boxcover","assetTypes":["tva-boxcover"],"width":180,"height":260,"url":"https:\/\/wp22-images-hu-dynamic.horizon.tv\/HU\/Images\/upcgenre_80.jpg"},{"assetType":"boxart-medium","assetTypes":["boxart-medium"],"width":110,"height":159,"url":"https:\/\/wp22-images-hu-dynamic.horizon.tv\/HU\/Images\/upcgenre_80.jpg?w=110&h=159&mode=box"},{"assetType":"boxart-large","assetTypes":["boxart-large"],"width":180,"height":260,"url":"https:\/\/wp22-images-hu-dynamic.horizon.tv\/HU\/Images\/upcgenre_80.jpg?w=180&h=260&mode=box"},{"assetType":"boxart-xlarge","assetTypes":["boxart-xlarge"],"width":210,"height":303,"url":"https:\/\/wp22-images-hu-dynamic.horizon.tv\/HU\/Images\/upcgenre_80.jpg?w=210&h=303&mode=box"},{"assetType":"boxart-small","assetTypes":["boxart-small"],"width":75,"height":108,"url":"https:\/\/wp22-images-hu-dynamic.horizon.tv\/HU\/Images\/upcgenre_80.jpg?w=75&h=108&mode=box"}],"mediaGroupId":"crid:~~2F~~2Fport.hu~~2F66486869","shortDescription":"Fiatalos, lend\u00fcletes, gondolat\u00e9breszt\u0151. Dobos Marianne \u00e9s vend\u00e9gei sz\u00e9ttrollkodj\u00e1k a balliber\u00e1lis m\u00e9di\u00e1t.","mediaType":"Episode","isReplayTv":false,"seriesEpisodeNumber":"1805061505","seriesNumber":"1805112105","videoStreams":[],"entitlements":["VIP","_OPEN_"],"currentProductIds":[],"currentTvodProductIds":[]},"parentId":"crid:~~2F~~2Fport.hu~~2F66486869","rootId":"crid:~~2F~~2Fport.hu~~2F66486869"}