{"id":"crid:~~2F~~2Fport.hu~~2F74926941-imi:00100000005D2A45","countryCode":"HU","languageCode":"hun","deviceCode":"web","startTime":1525481400000,"endTime":1525483020000,"stationId":"826989607230","imi":"imi:00100000005D2A45","mediaGroupId":"crid:~~2F~~2Fport.hu~~2F71618753","program":{"id":"crid:~~2F~~2Fport.hu~~2F74926941","title":"Andy \u00e9s Ben felfalja Ausztr\u00e1li\u00e1t","description":"Andy \u00e9s Ben, a k\u00e9t haver nekiindul, \u00e9s az alapanyagok beszerz\u00e9s\u00e9vel gy\u0171jt\u00f6tt tapasztalatokon kereszt\u00fcl fedezi fel Ausztr\u00e1lia igazi \u00edzeit. A d\u00edszlet maga a v\u00e1ltozatos ausztr\u00e1l \u00e9tkez\u00e9si kult\u00fara. Andy Allen \u00e9s Ben Milbourne a sz\u00f3 szoros \u00e9rtelm\u00e9ben fog vad\u00e1szni, horg\u00e1szni, gazd\u00e1lkodni, takarm\u00e1nyozni, \u00e9s b\u00e1rmit megszerezni, ami az ev\u00e9shez sz\u00fcks\u00e9ges.","longDescription":"Andy \u00e9s Ben, a k\u00e9t haver nekiindul, \u00e9s az alapanyagok beszerz\u00e9s\u00e9vel gy\u0171jt\u00f6tt tapasztalatokon kereszt\u00fcl fedezi fel Ausztr\u00e1lia igazi \u00edzeit. A d\u00edszlet maga a v\u00e1ltozatos ausztr\u00e1l \u00e9tkez\u00e9si kult\u00fara. Andy Allen \u00e9s Ben Milbourne a sz\u00f3 szoros \u00e9rtelm\u00e9ben fog vad\u00e1szni, horg\u00e1szni, gazd\u00e1lkodni, takarm\u00e1nyozni, \u00e9s b\u00e1rmit megszerezni, ami az ev\u00e9shez sz\u00fcks\u00e9ges.","languageCode":"hun","countryCode":"HU","deviceCode":"web","medium":"TV","categories":[{"id":"271090244349","title":"Show","scheme":"urn:tva:metadata:cs:UPCEventGenreCS:2009"}],"isAdult":false,"parentalRating":"12","cast":[],"directors":[],"images":[{"assetType":"boxart-small","assetTypes":["boxart-small"],"width":75,"height":108,"url":"https:\/\/wp13-images-hu-dynamic.horizon.tv\/HU\/Images\/upcgenre_30.jpg?w=75&h=108&mode=box"},{"assetType":"boxart-large","assetTypes":["boxart-large"],"width":180,"height":260,"url":"https:\/\/wp13-images-hu-dynamic.horizon.tv\/HU\/Images\/upcgenre_30.jpg?w=180&h=260&mode=box"},{"assetType":"tva-boxcover","assetTypes":["tva-boxcover"],"width":180,"height":260,"url":"https:\/\/wp13-images-hu-dynamic.horizon.tv\/HU\/Images\/upcgenre_30.jpg"},{"assetType":"boxart-xlarge","assetTypes":["boxart-xlarge"],"width":210,"height":303,"url":"https:\/\/wp13-images-hu-dynamic.horizon.tv\/HU\/Images\/upcgenre_30.jpg?w=210&h=303&mode=box"},{"assetType":"boxart-medium","assetTypes":["boxart-medium"],"width":110,"height":159,"url":"https:\/\/wp13-images-hu-dynamic.horizon.tv\/HU\/Images\/upcgenre_30.jpg?w=110&h=159&mode=box"}],"mediaGroupId":"crid:~~2F~~2Fport.hu~~2F71618753","shortDescription":"Andy \u00e9s Ben, a k\u00e9t haver nekiindul, \u00e9s az alapanyagok beszerz\u00e9s\u00e9vel gy\u0171jt\u00f6tt tapasztalatokon kereszt\u00fcl fedezi fel Ausztr\u00e1lia igazi \u00edzeit. A d\u00edszlet maga a v\u00e1ltozatos ausztr\u00e1l \u00e9tkez\u00e9si kult\u00fara. Andy...","mediaType":"Episode","year":"2017","isReplayTv":false,"seriesEpisodeNumber":"1805041400","seriesNumber":"1805031400","videoStreams":[],"airDate":1483228800000,"entitlements":["VIP","_OPEN_"],"currentProductIds":[],"currentTvodProductIds":[]},"parentId":"crid:~~2F~~2Fport.hu~~2F71618753","rootId":"crid:~~2F~~2Fport.hu~~2F71618753"}