{"id":"crid:~~2F~~2Fport.hu~~2F49953438-imi:00100000005E2666","countryCode":"HU","languageCode":"hun","deviceCode":"web","startTime":1525414200000,"endTime":1525414800000,"stationId":"826989607185","imi":"imi:00100000005E2666","mediaGroupId":"crid:~~2F~~2Fport.hu~~2F49949845","program":{"id":"crid:~~2F~~2Fport.hu~~2F49953438","title":"A l\u00e1rm\u00e1s csal\u00e1d","description":"(I.\/4) Elgondolkodt\u00e1l m\u00e1r azon, hogy milyen nagyszer\u0171 lehet egy nagycsal\u00e1dban feln\u0151ni? A tizenegy \u00e9ves Lincoln Loud seg\u00edts\u00e9g\u00e9vel a n\u00e9z\u0151k bepillant\u00e1st nyerhetnek abba, hogyan lehet t\u00fal\u00e9lni egy hatalmas h\u00e1ztart\u00e1s k\u00e1osz\u00e1t, k\u00fcl\u00f6n\u00f6sen ha \u0151 az egyetlen fi\u00fa, akinek t\u00edz n\u0151v\u00e9re van!","longDescription":"(I.\/4) Elgondolkodt\u00e1l m\u00e1r azon, hogy milyen nagyszer\u0171 lehet egy nagycsal\u00e1dban feln\u0151ni? A tizenegy \u00e9ves Lincoln Loud seg\u00edts\u00e9g\u00e9vel a n\u00e9z\u0151k bepillant\u00e1st nyerhetnek abba, hogyan lehet t\u00fal\u00e9lni egy hatalmas h\u00e1ztart\u00e1s k\u00e1osz\u00e1t, k\u00fcl\u00f6n\u00f6sen ha \u0151 az egyetlen fi\u00fa, akinek t\u00edz n\u0151v\u00e9re van!","languageCode":"hun","countryCode":"HU","deviceCode":"web","medium":"TV","categories":[{"id":"271090244371","title":"Gyermek\/Ifj\u00fas\u00e1gi","scheme":"urn:tva:metadata:cs:UPCEventGenreCS:2009"},{"id":"271090244376","title":"Rajzfilm","scheme":"urn:tva:metadata:cs:UPCEventGenreCS:2009"}],"isAdult":false,"parentalRating":"3","cast":["Jessica DiCicco","Nika Futterman","Grey Griffin","Lara Jill Miller","Liliana Mumy"],"directors":["Chris Savino","Kyle Marshall"],"images":[{"assetType":"boxart-xlarge","assetTypes":["boxart-xlarge"],"width":210,"height":303,"url":"https:\/\/wp4-images-hu-dynamic.horizon.tv\/HU\/Images\/upcgenre_55.jpg?w=210&h=303&mode=box"},{"assetType":"tva-boxcover","assetTypes":["tva-boxcover"],"width":180,"height":260,"url":"https:\/\/wp4-images-hu-dynamic.horizon.tv\/HU\/Images\/upcgenre_55.jpg"},{"assetType":"boxart-medium","assetTypes":["boxart-medium"],"width":110,"height":159,"url":"https:\/\/wp4-images-hu-dynamic.horizon.tv\/HU\/Images\/upcgenre_55.jpg?w=110&h=159&mode=box"},{"assetType":"boxart-small","assetTypes":["boxart-small"],"width":75,"height":108,"url":"https:\/\/wp4-images-hu-dynamic.horizon.tv\/HU\/Images\/upcgenre_55.jpg?w=75&h=108&mode=box"},{"assetType":"boxart-large","assetTypes":["boxart-large"],"width":180,"height":260,"url":"https:\/\/wp4-images-hu-dynamic.horizon.tv\/HU\/Images\/upcgenre_55.jpg?w=180&h=260&mode=box"}],"mediaGroupId":"crid:~~2F~~2Fport.hu~~2F49949845","secondaryTitle":"A ficak \/ Asztalok csat\u00e1ja (I.\/4)","shortDescription":"Egy hossz\u00fa csal\u00e1di kir\u00e1ndul\u00e1sra k\u00e9sz\u00fclve Lincoln megpr\u00f3b\u00e1lja bebiztos\u00edtani mag\u00e1nak a legjobb helyet a kocsiban. \/\/ Lincoln mindent megtesz, hogy el\u00e9g \u00e9rettnek bizonyuljon ahhoz, hogy a macsakaasztalt\u00f3l \u00e1t\u00fclhessen a feln\u0151ttek asztal\u00e1hoz.","mediaType":"Episode","year":"2015","duration":1200,"latestBroadcastStartTime":1525352400000,"latestBroadcastEndTime":1525353600000,"isReplayTv":true,"listingId":"crid:~~2F~~2Fport.hu~~2F49953438-imi:00100000005E1BD8","seriesEpisodeNumber":"4","seriesNumber":"1","videoStreams":[],"airDate":1420070400000,"entitlements":["crid:~~2F~~2Fupc.com~~2FReplayTV~~2FNickelodeon_HD_ReplayTV","crid:~~2F~~2Fupc.com~~2FReplayTV~~2FNickelodeon_ReplayTV","VIP","_OPEN_"],"currentProductIds":["crid:~~2F~~2Fupc.com~~2FReplayTV~~2FNickelodeon_HD_ReplayTV","crid:~~2F~~2Fupc.com~~2FReplayTV~~2FNickelodeon_ReplayTV"],"currentTvodProductIds":[]},"parentId":"crid:~~2F~~2Fport.hu~~2F49949845","rootId":"crid:~~2F~~2Fport.hu~~2F49949845"}