{"id":"crid:~~2F~~2Fport.hu~~2F90589562-imi:00100000005D4A90","countryCode":"HU","languageCode":"hun","deviceCode":"web","startTime":1525626180000,"endTime":1525627800000,"stationId":"826989607245","imi":"imi:00100000005D4A90","mediaGroupId":"crid:~~2F~~2Fport.hu~~2F68059642","program":{"id":"crid:~~2F~~2Fport.hu~~2F90589562","title":"Kultur\u00e1lis h\u00edrad\u00f3","description":"Premierek, ki\u00e1ll\u00edt\u00e1sok, koncertek, k\u00f6nyv- \u00e9s filmbemutat\u00f3k Magyarorsz\u00e1gon \u00e9s a K\u00e1rp\u00e1t-medenc\u00e9ben. Friss kultur\u00e1lis h\u00edrekkel jelentkez\u00fcnk minden h\u00e9tk\u00f6znap a Kultur\u00e1lis H\u00edrad\u00f3ban. M\u0171sorvezet\u0151: Ivanov Barbara \u00e9s Tak\u00e1cs Bence. Felel\u0151s szerkeszt\u0151: Bartha Krisztina","longDescription":"Premierek, ki\u00e1ll\u00edt\u00e1sok, koncertek, k\u00f6nyv- \u00e9s filmbemutat\u00f3k Magyarorsz\u00e1gon \u00e9s a K\u00e1rp\u00e1t-medenc\u00e9ben. Friss kultur\u00e1lis h\u00edrekkel jelentkez\u00fcnk minden h\u00e9tk\u00f6znap a Kultur\u00e1lis H\u00edrad\u00f3ban. M\u0171sorvezet\u0151: Ivanov Barbara \u00e9s Tak\u00e1cs Bence. Felel\u0151s szerkeszt\u0151: Bartha Krisztina","languageCode":"hun","countryCode":"HU","deviceCode":"web","medium":"TV","categories":[{"id":"271090244398","title":"T\u00e1rsadalmi\/Politikai","scheme":"urn:tva:metadata:cs:UPCEventGenreCS:2009"}],"isAdult":false,"parentalRating":"3","cast":[],"directors":[],"images":[{"assetType":"boxart-xlarge","assetTypes":["boxart-xlarge"],"width":210,"height":303,"url":"https:\/\/wp3-images-hu-dynamic.horizon.tv\/HU\/Images\/upcgenre_80.jpg?w=210&h=303&mode=box"},{"assetType":"boxart-medium","assetTypes":["boxart-medium"],"width":110,"height":159,"url":"https:\/\/wp3-images-hu-dynamic.horizon.tv\/HU\/Images\/upcgenre_80.jpg?w=110&h=159&mode=box"},{"assetType":"boxart-large","assetTypes":["boxart-large"],"width":180,"height":260,"url":"https:\/\/wp3-images-hu-dynamic.horizon.tv\/HU\/Images\/upcgenre_80.jpg?w=180&h=260&mode=box"},{"assetType":"boxart-small","assetTypes":["boxart-small"],"width":75,"height":108,"url":"https:\/\/wp3-images-hu-dynamic.horizon.tv\/HU\/Images\/upcgenre_80.jpg?w=75&h=108&mode=box"},{"assetType":"tva-boxcover","assetTypes":["tva-boxcover"],"width":180,"height":260,"url":"https:\/\/wp3-images-hu-dynamic.horizon.tv\/HU\/Images\/upcgenre_80.jpg"}],"mediaGroupId":"crid:~~2F~~2Fport.hu~~2F68059642","shortDescription":"Sz\u00ednh\u00e1z, film, koncert, k\u00f6nyv, ki\u00e1ll\u00edt\u00e1s \u2013 a kultur\u00e1lis \u00e9let legjava.","mediaType":"Episode","isReplayTv":false,"seriesEpisodeNumber":"1805061903","seriesNumber":"1805100635","videoStreams":[],"entitlements":["VIP","_OPEN_"],"currentProductIds":[],"currentTvodProductIds":[]},"parentId":"crid:~~2F~~2Fport.hu~~2F68059642","rootId":"crid:~~2F~~2Fport.hu~~2F68059642"}