{"id":"crid:~~2F~~2Fport.hu~~2F68095597-imi:00100000005D7284","countryCode":"HU","languageCode":"hun","deviceCode":"web","startTime":1525433040000,"endTime":1525433460000,"stationId":"826989607179","imi":"imi:00100000005D7284","mediaGroupId":"crid:~~2F~~2Fport.hu~~2F68094837","program":{"id":"crid:~~2F~~2Fport.hu~~2F68095597","title":"A h\u00e1rmasikrek","description":"Te is mindig arra v\u00e1gyt\u00e1l, hogy legyen egy ikertestv\u00e9red? Vagy mindj\u00e1rt kett\u0151? Leg\u00fajabb sorozatunkban h\u00e1rom ikertestv\u00e9r nem mindennapi kalandjait k\u00f6vetheted nyomon. A m\u00f3ka \u00e9s a kacag\u00e1s garant\u00e1lt!","longDescription":"Te is mindig arra v\u00e1gyt\u00e1l, hogy legyen egy ikertestv\u00e9red? Vagy mindj\u00e1rt kett\u0151? Leg\u00fajabb sorozatunkban h\u00e1rom ikertestv\u00e9r nem mindennapi kalandjait k\u00f6vetheted nyomon. A m\u00f3ka \u00e9s a kacag\u00e1s garant\u00e1lt!","languageCode":"hun","countryCode":"HU","deviceCode":"web","medium":"TV","categories":[{"id":"271090244371","title":"Gyermek\/Ifj\u00fas\u00e1gi","scheme":"urn:tva:metadata:cs:UPCEventGenreCS:2009"},{"id":"271090244376","title":"Rajzfilm","scheme":"urn:tva:metadata:cs:UPCEventGenreCS:2009"}],"isAdult":false,"parentalRating":"3","cast":[],"directors":[],"images":[{"assetType":"boxart-xlarge","assetTypes":["boxart-xlarge"],"width":210,"height":303,"url":"https:\/\/wp12-images-hu-dynamic.horizon.tv\/HU\/Images\/upcgenre_55.jpg?w=210&h=303&mode=box"},{"assetType":"boxart-medium","assetTypes":["boxart-medium"],"width":110,"height":159,"url":"https:\/\/wp12-images-hu-dynamic.horizon.tv\/HU\/Images\/upcgenre_55.jpg?w=110&h=159&mode=box"},{"assetType":"boxart-small","assetTypes":["boxart-small"],"width":75,"height":108,"url":"https:\/\/wp12-images-hu-dynamic.horizon.tv\/HU\/Images\/upcgenre_55.jpg?w=75&h=108&mode=box"},{"assetType":"boxart-large","assetTypes":["boxart-large"],"width":180,"height":260,"url":"https:\/\/wp12-images-hu-dynamic.horizon.tv\/HU\/Images\/upcgenre_55.jpg?w=180&h=260&mode=box"},{"assetType":"tva-boxcover","assetTypes":["tva-boxcover"],"width":180,"height":260,"url":"https:\/\/wp12-images-hu-dynamic.horizon.tv\/HU\/Images\/upcgenre_55.jpg"},{"assetType":"HighResLandscape","assetTypes":["HighResLandscape"],"url":"https:\/\/wp2-images-hu-dynamic.horizon.tv\/HU\/Images\/hrl_e0d48869688591eddcb4336d158f1cb09aa77b27.jpg"}],"mediaGroupId":"crid:~~2F~~2Fport.hu~~2F68094837","secondaryTitle":"(I.\/7)","shortDescription":"Te is mindig arra v\u00e1gyt\u00e1l, hogy legyen egy ikertestv\u00e9red? Vagy mindj\u00e1rt kett\u0151? Leg\u00fajabb sorozatunkban h\u00e1rom ikertestv\u00e9r nem mindennapi kalandjait k\u00f6vetheted nyomon. A m\u00f3ka \u00e9s a kacag\u00e1s garant\u00e1lt!","mediaType":"Episode","year":"2014","isReplayTv":false,"seriesEpisodeNumber":"7","seriesNumber":"1","videoStreams":[],"airDate":1388534400000,"entitlements":["VIP","_OPEN_"],"currentProductIds":[],"currentTvodProductIds":[]},"parentId":"crid:~~2F~~2Fport.hu~~2F68094837","rootId":"crid:~~2F~~2Fport.hu~~2F68094837"}