{"id":"crid:~~2F~~2Fport.hu~~2F31514009-imi:00100000005DA958","countryCode":"HU","languageCode":"hun","deviceCode":"web","startTime":1525515900000,"endTime":1525521300000,"stationId":"826989607217","imi":"imi:00100000005DA958","mediaGroupId":"crid:~~2F~~2Fport.hu~~2F31514009","program":{"id":"crid:~~2F~~2Fport.hu~~2F31514009","title":"A kis heged\u0171s","description":"Finn, a 9 \u00e9ves fi\u00fa \u00e1csk\u00e9nt dolgoz\u00f3 apj\u00e1val \u00e9l egy kis faluban. M\u00e9g egyikk\u0151j\u00fck sem tudta feldolgozni Finn \u00e9desanyj\u00e1nak hal\u00e1l\u00e1t, aki a sz\u00fcl\u00e9skor \u00e9let\u00e9t adta fi\u00e1nak. Mikor egy nap Finn egy k\u00f6zeli farmh\u00e1zban megl\u00e1t egy idegent heged\u00fclni, a fi\u00fat teljesen mag\u00e1val ragadja a zene, \u00e9s \u00fagy d\u00f6nt, hogy \u0151 is meg akar tanulni j\u00e1tszani ezen a hangszeren. De az apja megtiltja neki, hogy az idegent l\u00e1togassa, \u00e9s hogy heged\u00fclj\u00f6n, pedig a zene tal\u00e1n mindkett\u0151j\u00fck f\u00e1jdalm\u00e1ra gy\u00f3gy\u00edr lehetne.","longDescription":"Finn, a 9 \u00e9ves fi\u00fa \u00e1csk\u00e9nt dolgoz\u00f3 apj\u00e1val \u00e9l egy kis faluban. M\u00e9g egyikk\u0151j\u00fck sem tudta feldolgozni Finn \u00e9desanyj\u00e1nak hal\u00e1l\u00e1t, aki a sz\u00fcl\u00e9skor \u00e9let\u00e9t adta fi\u00e1nak. Mikor egy nap Finn egy k\u00f6zeli farmh\u00e1zban megl\u00e1t egy idegent heged\u00fclni, a fi\u00fat teljesen mag\u00e1val ragadja a zene, \u00e9s \u00fagy d\u00f6nt, hogy \u0151 is meg akar tanulni j\u00e1tszani ezen a hangszeren. De az apja megtiltja neki, hogy az idegent l\u00e1togassa, \u00e9s hogy heged\u00fclj\u00f6n, pedig a zene tal\u00e1n mindkett\u0151j\u00fck f\u00e1jdalm\u00e1ra gy\u00f3gy\u00edr lehetne.","languageCode":"hun","countryCode":"HU","deviceCode":"web","medium":"Movie","categories":[{"id":"271090244339","title":"csal\u00e1d","scheme":"urn:tva:metadata:cs:UPCEventGenreCS:2009"}],"isAdult":false,"parentalRating":"12","cast":["Mels van der Hoeven","Daan Schuurmans","Jan Decleir","Justin Emanuels","Jenny Arean","Hanna Verboom","Manou Kersting","Esther Scheldwacht","Mark van Eeuwen","Freerk Bos","Annelies Appelhof","Erik Tynman","Rick Hoving","Reinder Renting","Sarah Riemersma","Noah van den Berg","Jesse Hummel","Jelle Oosterveen","Fem Petraeus","Ad-Just Bouwman","Margje Wittermans","Bart van der Schaaf","Mirjam Hegger","Marit Holleeder","Sjaak Hartog","Nellie Benner","Jose Sanchez Carmona","Jelmar Decnop","Jeroen Kuipers","Bonne Niks"],"directors":["Frans Weisz"],"images":[{"assetType":"boxart-medium","assetTypes":["boxart-medium"],"width":110,"height":159,"url":"https:\/\/wp18-images-hu-dynamic.horizon.tv\/HU\/Images\/bc_9e75834319bc5b4e0497e5bebc45f27e48f11979.jpg?w=110&h=159&mode=box"},{"assetType":"boxart-large","assetTypes":["boxart-large"],"width":180,"height":260,"url":"https:\/\/wp18-images-hu-dynamic.horizon.tv\/HU\/Images\/bc_9e75834319bc5b4e0497e5bebc45f27e48f11979.jpg?w=180&h=260&mode=box"},{"assetType":"boxart-small","assetTypes":["boxart-small"],"width":75,"height":108,"url":"https:\/\/wp18-images-hu-dynamic.horizon.tv\/HU\/Images\/bc_9e75834319bc5b4e0497e5bebc45f27e48f11979.jpg?w=75&h=108&mode=box"},{"assetType":"boxart-xlarge","assetTypes":["boxart-xlarge"],"width":210,"height":303,"url":"https:\/\/wp18-images-hu-dynamic.horizon.tv\/HU\/Images\/bc_9e75834319bc5b4e0497e5bebc45f27e48f11979.jpg?w=210&h=303&mode=box"},{"assetType":"tva-boxcover","assetTypes":["tva-boxcover"],"width":180,"height":260,"url":"https:\/\/wp18-images-hu-dynamic.horizon.tv\/HU\/Images\/bc_9e75834319bc5b4e0497e5bebc45f27e48f11979.jpg"},{"assetType":"HighResLandscape","assetTypes":["HighResLandscape"],"url":"https:\/\/wp20-images-hu-dynamic.horizon.tv\/HU\/Images\/hrl_0ff9d971a7eaa17ceab48f4761920fb7b4d34f7d.jpg"},{"assetType":"HighResPortrait","assetTypes":["HighResPortrait"],"url":"https:\/\/wp20-images-hu-dynamic.horizon.tv\/HU\/Images\/hrp_75b71f2da14cd816bb62741d12b66f94087ddd06.jpg"}],"mediaGroupId":"crid:~~2F~~2Fport.hu~~2F31514009","shortDescription":"Egy nap Finn egy k\u00f6zeli farmh\u00e1zban megl\u00e1t egy idegent heged\u00fclni. A fi\u00fat teljesen mag\u00e1val ragadja a zene, \u00e9s \u00fagy d\u00f6nt, hogy \u0151 is meg akar tanulni j\u00e1tszani ezen a hangszeren. De az apja megtiltja neki.","mediaType":"FeatureFilm","year":"2013","isReplayTv":false,"videoStreams":[],"airDate":1356998400000,"entitlements":["VIP","_OPEN_"],"currentProductIds":[],"currentTvodProductIds":[]},"parentId":"crid:~~2F~~2Fport.hu~~2F31514009","rootId":"crid:~~2F~~2Fport.hu~~2F31514009"}