{"id":"crid:~~2F~~2Fport.hu~~2F74170146-imi:00100000005D31A8","countryCode":"HU","languageCode":"hun","deviceCode":"web","startTime":1525451400000,"endTime":1525453200000,"stationId":"826989607176","imi":"imi:00100000005D31A8","mediaGroupId":"crid:~~2F~~2Fport.hu~~2F4786921","program":{"id":"crid:~~2F~~2Fport.hu~~2F74170146","title":"Hogyan k\u00e9sz\u00fclt?","description":"(V.\/6) Akiben valaha felmer\u00fclt a k\u00e9rd\u00e9s, hogy \"ez honnan ered\" vagy \"ez hogyan k\u00e9sz\u00fclt\", az \u00e9lvezni fogja a m\u0171sort. Szem\u00fcgyre vehet egy-egy h\u00e9tk\u00f6znapi t\u00e1rgyat \u00e9s megtudhatja: \"Hogyan k\u00e9sz\u00fclt\". Nem igaz, hogy hamar meg\u00f6regszik, aki k\u00edv\u00e1ncsi!","longDescription":"(V.\/6) Akiben valaha felmer\u00fclt a k\u00e9rd\u00e9s, hogy \"ez honnan ered\" vagy \"ez hogyan k\u00e9sz\u00fclt\", az \u00e9lvezni fogja a m\u0171sort. Szem\u00fcgyre vehet egy-egy h\u00e9tk\u00f6znapi t\u00e1rgyat \u00e9s megtudhatja: \"Hogyan k\u00e9sz\u00fclt\". Nem igaz, hogy hamar meg\u00f6regszik, aki k\u00edv\u00e1ncsi!","languageCode":"hun","countryCode":"HU","deviceCode":"web","medium":"TV","categories":[{"id":"271090244398","title":"T\u00e1rsadalmi\/Politikai","scheme":"urn:tva:metadata:cs:UPCEventGenreCS:2009"}],"isAdult":false,"parentalRating":"12","cast":[],"directors":[],"images":[{"assetType":"boxart-small","assetTypes":["boxart-small"],"width":75,"height":108,"url":"https:\/\/wp13-images-hu-dynamic.horizon.tv\/HU\/Images\/bc_21980383c401f2541561966b60d63f175995585e.jpg?w=75&h=108&mode=box"},{"assetType":"tva-boxcover","assetTypes":["tva-boxcover"],"width":180,"height":260,"url":"https:\/\/wp13-images-hu-dynamic.horizon.tv\/HU\/Images\/bc_21980383c401f2541561966b60d63f175995585e.jpg"},{"assetType":"boxart-xlarge","assetTypes":["boxart-xlarge"],"width":210,"height":303,"url":"https:\/\/wp13-images-hu-dynamic.horizon.tv\/HU\/Images\/bc_21980383c401f2541561966b60d63f175995585e.jpg?w=210&h=303&mode=box"},{"assetType":"boxart-large","assetTypes":["boxart-large"],"width":180,"height":260,"url":"https:\/\/wp13-images-hu-dynamic.horizon.tv\/HU\/Images\/bc_21980383c401f2541561966b60d63f175995585e.jpg?w=180&h=260&mode=box"},{"assetType":"boxart-medium","assetTypes":["boxart-medium"],"width":110,"height":159,"url":"https:\/\/wp13-images-hu-dynamic.horizon.tv\/HU\/Images\/bc_21980383c401f2541561966b60d63f175995585e.jpg?w=110&h=159&mode=box"},{"assetType":"HighResPortrait","assetTypes":["HighResPortrait"],"url":"https:\/\/wp7-images-hu-dynamic.horizon.tv\/HU\/Images\/hrp_21980383c401f2541561966b60d63f175995585e.jpg"},{"assetType":"HighResLandscape","assetTypes":["HighResLandscape"],"url":"https:\/\/wp7-images-hu-dynamic.horizon.tv\/HU\/Images\/hrl_9fdfe0bdb8db0a805ecc3c7676b3ce8825d0e7ff.jpg"}],"mediaGroupId":"crid:~~2F~~2Fport.hu~~2F4786921","secondaryTitle":"(V.\/6)","shortDescription":"Akiben valaha felmer\u00fclt a k\u00e9rd\u00e9s, hogy \"ez honnan ered\" vagy \"ez hogyan k\u00e9sz\u00fclt\", az \u00e9lvezni fogja a m\u0171sort. Szem\u00fcgyre vehet egy-egy h\u00e9tk\u00f6znapi t\u00e1rgyat \u00e9s megtudhatja: \"Hogyan k\u00e9sz\u00fclt\".","mediaType":"Episode","isReplayTv":false,"seriesEpisodeNumber":"6","seriesNumber":"5","videoStreams":[],"entitlements":["VIP","_OPEN_"],"currentProductIds":[],"currentTvodProductIds":[]},"parentId":"crid:~~2F~~2Fport.hu~~2F4786921","rootId":"crid:~~2F~~2Fport.hu~~2F4786921"}