{"id":"crid:~~2F~~2Fport.hu~~2F91910129-imi:00100000005E2BB0","countryCode":"HU","languageCode":"hun","deviceCode":"web","startTime":1525715100000,"endTime":1525716000000,"stationId":"826989607266","imi":"imi:00100000005E2BB0","mediaGroupId":"crid:~~2F~~2Fport.hu~~2F66068389","program":{"id":"crid:~~2F~~2Fport.hu~~2F91910129","title":"Biztons\u00e1gi Z\u00f3na","description":"T\u00e1rsadalmi\/Politikai","longDescription":"T\u00e1rsadalmi\/Politikai","languageCode":"hun","countryCode":"HU","deviceCode":"web","medium":"TV","categories":[{"id":"271090244398","title":"T\u00e1rsadalmi\/Politikai","scheme":"urn:tva:metadata:cs:UPCEventGenreCS:2009"}],"isAdult":false,"parentalRating":"3","cast":[],"directors":[],"images":[{"assetType":"boxart-large","assetTypes":["boxart-large"],"width":180,"height":260,"url":"https:\/\/wp5-images-hu-dynamic.horizon.tv\/HU\/Images\/upcgenre_80.jpg?w=180&h=260&mode=box"},{"assetType":"boxart-xlarge","assetTypes":["boxart-xlarge"],"width":210,"height":303,"url":"https:\/\/wp5-images-hu-dynamic.horizon.tv\/HU\/Images\/upcgenre_80.jpg?w=210&h=303&mode=box"},{"assetType":"boxart-small","assetTypes":["boxart-small"],"width":75,"height":108,"url":"https:\/\/wp5-images-hu-dynamic.horizon.tv\/HU\/Images\/upcgenre_80.jpg?w=75&h=108&mode=box"},{"assetType":"tva-boxcover","assetTypes":["tva-boxcover"],"width":180,"height":260,"url":"https:\/\/wp5-images-hu-dynamic.horizon.tv\/HU\/Images\/upcgenre_80.jpg"},{"assetType":"boxart-medium","assetTypes":["boxart-medium"],"width":110,"height":159,"url":"https:\/\/wp5-images-hu-dynamic.horizon.tv\/HU\/Images\/upcgenre_80.jpg?w=110&h=159&mode=box"}],"mediaGroupId":"crid:~~2F~~2Fport.hu~~2F66068389","shortDescription":"T\u00e1rsadalmi\/Politikai","mediaType":"Episode","isReplayTv":false,"seriesEpisodeNumber":"1805071945","seriesNumber":"1805110725","videoStreams":[],"entitlements":["VIP","_OPEN_"],"currentProductIds":[],"currentTvodProductIds":[]},"parentId":"crid:~~2F~~2Fport.hu~~2F66068389","rootId":"crid:~~2F~~2Fport.hu~~2F66068389"}