{"id":"crid:~~2F~~2Fport.hu~~2F68112087-imi:00100000005D35C1","countryCode":"HU","languageCode":"hun","deviceCode":"web","startTime":1525494600000,"endTime":1525496100000,"stationId":"826989607225","imi":"imi:00100000005D35C1","mediaGroupId":"crid:~~2F~~2Fport.hu~~2F50322054","program":{"id":"crid:~~2F~~2Fport.hu~~2F68112087","title":"Miraculous Katicabog\u00e1r \u00e9s Fekete Macska kalandjai","description":"(I.\/15) Marinette \u00e9s Adrien kiv\u00e9teles k\u00f6z\u00e9piskol\u00e1sok. Meg kell menteni\u00fck P\u00e1rizst! Gonosz l\u00e9nyeket \u2013 az Akum\u00e1kat \u2013 kell elkapniuk, akik b\u00e1rkit \u00e1talak\u00edtanak gonoszokk\u00e1. Ezek ut\u00e1n szuperh\u0151s\u00f6kk\u00e9 v\u00e1lnak: Marinette Katicabog\u00e1rr\u00e1, Adrien pedig Fekete Macsk\u00e1v\u00e1.","longDescription":"(I.\/15) Marinette \u00e9s Adrien kiv\u00e9teles k\u00f6z\u00e9piskol\u00e1sok. Meg kell menteni\u00fck P\u00e1rizst! Gonosz l\u00e9nyeket \u2013 az Akum\u00e1kat \u2013 kell elkapniuk, akik b\u00e1rkit \u00e1talak\u00edtanak gonoszokk\u00e1. Ezek ut\u00e1n szuperh\u0151s\u00f6kk\u00e9 v\u00e1lnak: Marinette Katicabog\u00e1rr\u00e1, Adrien pedig Fekete Macsk\u00e1v\u00e1.","languageCode":"hun","countryCode":"HU","deviceCode":"web","medium":"TV","categories":[{"id":"271090244371","title":"Gyermek\/Ifj\u00fas\u00e1gi","scheme":"urn:tva:metadata:cs:UPCEventGenreCS:2009"},{"id":"271090244376","title":"Rajzfilm","scheme":"urn:tva:metadata:cs:UPCEventGenreCS:2009"}],"isAdult":false,"parentalRating":"3","cast":["Bryce Papenbrook","Carrie Keranen"],"directors":[],"images":[{"assetType":"boxart-large","assetTypes":["boxart-large"],"width":180,"height":260,"url":"https:\/\/wp6-images-hu-dynamic.horizon.tv\/HU\/Images\/bc_7755e9fb48328234edcd55b0dd8374d4eef98b89.jpg?w=180&h=260&mode=box"},{"assetType":"boxart-small","assetTypes":["boxart-small"],"width":75,"height":108,"url":"https:\/\/wp6-images-hu-dynamic.horizon.tv\/HU\/Images\/bc_7755e9fb48328234edcd55b0dd8374d4eef98b89.jpg?w=75&h=108&mode=box"},{"assetType":"tva-boxcover","assetTypes":["tva-boxcover"],"width":180,"height":260,"url":"https:\/\/wp6-images-hu-dynamic.horizon.tv\/HU\/Images\/bc_7755e9fb48328234edcd55b0dd8374d4eef98b89.jpg"},{"assetType":"boxart-medium","assetTypes":["boxart-medium"],"width":110,"height":159,"url":"https:\/\/wp6-images-hu-dynamic.horizon.tv\/HU\/Images\/bc_7755e9fb48328234edcd55b0dd8374d4eef98b89.jpg?w=110&h=159&mode=box"},{"assetType":"boxart-xlarge","assetTypes":["boxart-xlarge"],"width":210,"height":303,"url":"https:\/\/wp6-images-hu-dynamic.horizon.tv\/HU\/Images\/bc_7755e9fb48328234edcd55b0dd8374d4eef98b89.jpg?w=210&h=303&mode=box"},{"assetType":"HighResLandscape","assetTypes":["HighResLandscape"],"url":"https:\/\/wp18-images-hu-dynamic.horizon.tv\/HU\/Images\/hrl_c74bd5cb7140be2bf2e121c1bb0f792916dcdcad.jpg"}],"mediaGroupId":"crid:~~2F~~2Fport.hu~~2F50322054","secondaryTitle":"(I.\/15)","shortDescription":"Marinette \u00e9s Adrien kiv\u00e9teles k\u00f6z\u00e9piskol\u00e1sok. Meg kell menteni\u00fck P\u00e1rizst! Gonosz l\u00e9nyeket \u2013 az Akum\u00e1kat \u2013 kell elkapniuk, akik b\u00e1rkit \u00e1talak\u00edtanak gonoszokk\u00e1.","mediaType":"Episode","year":"2015","isReplayTv":true,"seriesEpisodeNumber":"15","seriesNumber":"1","videoStreams":[],"airDate":1420070400000,"entitlements":["VIP","_OPEN_"],"currentProductIds":[],"currentTvodProductIds":[]},"parentId":"crid:~~2F~~2Fport.hu~~2F50322054","rootId":"crid:~~2F~~2Fport.hu~~2F50322054"}