{"id":"crid:~~2F~~2Fport.hu~~2F83435616-imi:00100000005D3BB7","countryCode":"HU","languageCode":"hun","deviceCode":"web","startTime":1525636800000,"endTime":1525638600000,"stationId":"826989607178","imi":"imi:00100000005D3BB7","mediaGroupId":"crid:~~2F~~2Fport.hu~~2F83435615","program":{"id":"crid:~~2F~~2Fport.hu~~2F83435616","title":"Katie Price \u0151r\u00fclt \u00e9lete","description":"Katie bejelenti, hogy folytatja \u00e9nekesi p\u00e1lyafut\u00e1s\u00e1t, de nem \u00e9rt egyet Kierannal, hogy ki legyen a producere. Kieran k\u00e9t \u00faj alpak\u00e1val megszegi Katie \u00e1llatokra vonatkoz\u00f3 tilalm\u00e1t.","longDescription":"Katie bejelenti, hogy folytatja \u00e9nekesi p\u00e1lyafut\u00e1s\u00e1t, de nem \u00e9rt egyet Kierannal, hogy ki legyen a producere. Kieran k\u00e9t \u00faj alpak\u00e1val megszegi Katie \u00e1llatokra vonatkoz\u00f3 tilalm\u00e1t.","languageCode":"hun","countryCode":"HU","deviceCode":"web","medium":"TV","categories":[{"id":"271090244398","title":"T\u00e1rsadalmi\/Politikai","scheme":"urn:tva:metadata:cs:UPCEventGenreCS:2009"},{"id":"271090244399","title":"Dokumentumfilm","scheme":"urn:tva:metadata:cs:UPCEventGenreCS:2009"}],"isAdult":false,"parentalRating":"3","cast":[],"directors":[],"images":[{"assetType":"boxart-xlarge","assetTypes":["boxart-xlarge"],"width":210,"height":303,"url":"https:\/\/wp16-images-hu-dynamic.horizon.tv\/HU\/Images\/upcgenre_81.jpg?w=210&h=303&mode=box"},{"assetType":"boxart-large","assetTypes":["boxart-large"],"width":180,"height":260,"url":"https:\/\/wp16-images-hu-dynamic.horizon.tv\/HU\/Images\/upcgenre_81.jpg?w=180&h=260&mode=box"},{"assetType":"boxart-small","assetTypes":["boxart-small"],"width":75,"height":108,"url":"https:\/\/wp16-images-hu-dynamic.horizon.tv\/HU\/Images\/upcgenre_81.jpg?w=75&h=108&mode=box"},{"assetType":"tva-boxcover","assetTypes":["tva-boxcover"],"width":180,"height":260,"url":"https:\/\/wp16-images-hu-dynamic.horizon.tv\/HU\/Images\/upcgenre_81.jpg"},{"assetType":"boxart-medium","assetTypes":["boxart-medium"],"width":110,"height":159,"url":"https:\/\/wp16-images-hu-dynamic.horizon.tv\/HU\/Images\/upcgenre_81.jpg?w=110&h=159&mode=box"}],"mediaGroupId":"crid:~~2F~~2Fport.hu~~2F83435615","secondaryTitle":"K\u00f6sz\u00f6n\u00f6m a zen\u00e9t","shortDescription":"Katie bejelenti, hogy folytatja \u00e9nekesi p\u00e1lyafut\u00e1s\u00e1t, de nem \u00e9rt egyet Kierannal, hogy ki legyen a producere. Kieran k\u00e9t \u00faj alpak\u00e1val megszegi Katie \u00e1llatokra vonatkoz\u00f3 tilalm\u00e1t.","mediaType":"Episode","isReplayTv":false,"seriesEpisodeNumber":"1805062200","seriesNumber":"1805062200","videoStreams":[],"entitlements":["VIP","_OPEN_"],"currentProductIds":[],"currentTvodProductIds":[]},"parentId":"crid:~~2F~~2Fport.hu~~2F83435615","rootId":"crid:~~2F~~2Fport.hu~~2F83435615"}