{"id":"crid:~~2F~~2Fport.hu~~2F66911630-imi:00100000005D392D","countryCode":"HU","languageCode":"hun","deviceCode":"web","startTime":1525581000000,"endTime":1525582800000,"stationId":"826989607160","imi":"imi:00100000005D392D","mediaGroupId":"crid:~~2F~~2Fport.hu~~2F3169735","program":{"id":"crid:~~2F~~2Fport.hu~~2F66911630","title":"Hogyan csin\u00e1lj\u00e1k?","description":"Mag\u00e1t\u00f3l \u00e9rtet\u0151d\u0151en haszn\u00e1ljuk a k\u00f6r\u00fcl\u00f6tt\u00fcnk lev\u0151 t\u00e1rgyakat \u00e9s anyagokat \u2013 a mobiltelefont, a napszem\u00fcveget, a betont, a ceruz\u00e1t, a vas\u00fati s\u00edneket, a gumiabroncsot... \u00e9s m\u00e9g a vizet is. Esz\u00fcnkbe sem jut, hogy a l\u00e1tsz\u00f3lag egyszer\u0171 dolgok sokszor mennyire bonyolult m\u0171szaki \u00e9s gy\u00e1rt\u00e1si elj\u00e1r\u00e1sok eredm\u00e9nyei.","longDescription":"Mag\u00e1t\u00f3l \u00e9rtet\u0151d\u0151en haszn\u00e1ljuk a k\u00f6r\u00fcl\u00f6tt\u00fcnk lev\u0151 t\u00e1rgyakat \u00e9s anyagokat \u2013 a mobiltelefont, a napszem\u00fcveget, a betont, a ceruz\u00e1t, a vas\u00fati s\u00edneket, a gumiabroncsot... \u00e9s m\u00e9g a vizet is. Esz\u00fcnkbe sem jut, hogy a l\u00e1tsz\u00f3lag egyszer\u0171 dolgok sokszor mennyire bonyolult m\u0171szaki \u00e9s gy\u00e1rt\u00e1si elj\u00e1r\u00e1sok eredm\u00e9nyei.","languageCode":"hun","countryCode":"HU","deviceCode":"web","medium":"TV","categories":[{"id":"271090244398","title":"T\u00e1rsadalmi\/Politikai","scheme":"urn:tva:metadata:cs:UPCEventGenreCS:2009"}],"isAdult":false,"parentalRating":"3","cast":[],"directors":[],"images":[{"assetType":"boxart-xlarge","assetTypes":["boxart-xlarge"],"width":210,"height":303,"url":"https:\/\/wp24-images-hu-dynamic.horizon.tv\/HU\/Images\/upcgenre_80.jpg?w=210&h=303&mode=box"},{"assetType":"boxart-small","assetTypes":["boxart-small"],"width":75,"height":108,"url":"https:\/\/wp24-images-hu-dynamic.horizon.tv\/HU\/Images\/upcgenre_80.jpg?w=75&h=108&mode=box"},{"assetType":"boxart-medium","assetTypes":["boxart-medium"],"width":110,"height":159,"url":"https:\/\/wp24-images-hu-dynamic.horizon.tv\/HU\/Images\/upcgenre_80.jpg?w=110&h=159&mode=box"},{"assetType":"boxart-large","assetTypes":["boxart-large"],"width":180,"height":260,"url":"https:\/\/wp24-images-hu-dynamic.horizon.tv\/HU\/Images\/upcgenre_80.jpg?w=180&h=260&mode=box"},{"assetType":"tva-boxcover","assetTypes":["tva-boxcover"],"width":180,"height":260,"url":"https:\/\/wp24-images-hu-dynamic.horizon.tv\/HU\/Images\/upcgenre_80.jpg"},{"assetType":"HighResLandscape","assetTypes":["HighResLandscape"],"url":"https:\/\/wp7-images-hu-dynamic.horizon.tv\/HU\/Images\/hrl_5c80ed8c68882bb8ccab7315280a38308cbce894.jpg"}],"mediaGroupId":"crid:~~2F~~2Fport.hu~~2F3169735","secondaryTitle":"\u00c9p\u00fcletek, Villanyoszlopok, L\u00e9gg\u00f6mbgy\u00e1rt\u00f3k","shortDescription":"Mag\u00e1t\u00f3l \u00e9rtet\u0151d\u0151en haszn\u00e1ljuk a k\u00f6r\u00fcl\u00f6tt\u00fcnk lev\u0151 t\u00e1rgyakat \u00e9s anyagokat. Esz\u00fcnkbe sem jut, hogy a l\u00e1tsz\u00f3lag egyszer\u0171 dolgok sokszor mennyire bonyolult m\u0171szaki \u00e9s gy\u00e1rt\u00e1si elj\u00e1r\u00e1sok eredm\u00e9nyei.","mediaType":"Episode","isReplayTv":false,"seriesEpisodeNumber":"1805060630","seriesNumber":"1805100600","videoStreams":[],"entitlements":["VIP","_OPEN_"],"currentProductIds":[],"currentTvodProductIds":[]},"parentId":"crid:~~2F~~2Fport.hu~~2F3169735","rootId":"crid:~~2F~~2Fport.hu~~2F3169735"}