{"id":"crid:~~2F~~2Fport.hu~~2F60206526-imi:00100000005D857B","countryCode":"HU","languageCode":"hun","deviceCode":"web","startTime":1525498200000,"endTime":1525500000000,"stationId":"826989607271","imi":"imi:00100000005D857B","mediaGroupId":"crid:~~2F~~2Fport.hu~~2F7365545","program":{"id":"crid:~~2F~~2Fport.hu~~2F60206526","title":"Nemzetk\u00f6zi h\u00e1zvad\u00e1szok","description":"(LXXXIII.\/3) Bob \u00e9s Brielle otthagyj\u00e1k a kanadai kisv\u00e1rosi \u00e9letet egy \u00faj munkalehet\u0151s\u00e9g\u00e9rt Ausztr\u00e1li\u00e1ban. Bob szeretn\u00e9, ha \u00faj otthonuk a belv\u00e1ros sz\u00edv\u00e9ben \u00e1llna, Brielle szerint azonban a kertv\u00e1rosban jobban otthon \u00e9rezn\u00e9k magukat.","longDescription":"(LXXXIII.\/3) Bob \u00e9s Brielle otthagyj\u00e1k a kanadai kisv\u00e1rosi \u00e9letet egy \u00faj munkalehet\u0151s\u00e9g\u00e9rt Ausztr\u00e1li\u00e1ban. Bob szeretn\u00e9, ha \u00faj otthonuk a belv\u00e1ros sz\u00edv\u00e9ben \u00e1llna, Brielle szerint azonban a kertv\u00e1rosban jobban otthon \u00e9rezn\u00e9k magukat.","languageCode":"hun","countryCode":"HU","deviceCode":"web","medium":"TV","categories":[{"id":"271090244398","title":"T\u00e1rsadalmi\/Politikai","scheme":"urn:tva:metadata:cs:UPCEventGenreCS:2009"}],"isAdult":false,"parentalRating":"3","cast":[],"directors":[],"images":[{"assetType":"boxart-medium","assetTypes":["boxart-medium"],"width":110,"height":159,"url":"https:\/\/wp20-images-hu-dynamic.horizon.tv\/HU\/Images\/upcgenre_80.jpg?w=110&h=159&mode=box"},{"assetType":"boxart-xlarge","assetTypes":["boxart-xlarge"],"width":210,"height":303,"url":"https:\/\/wp20-images-hu-dynamic.horizon.tv\/HU\/Images\/upcgenre_80.jpg?w=210&h=303&mode=box"},{"assetType":"tva-boxcover","assetTypes":["tva-boxcover"],"width":180,"height":260,"url":"https:\/\/wp20-images-hu-dynamic.horizon.tv\/HU\/Images\/upcgenre_80.jpg"},{"assetType":"boxart-large","assetTypes":["boxart-large"],"width":180,"height":260,"url":"https:\/\/wp20-images-hu-dynamic.horizon.tv\/HU\/Images\/upcgenre_80.jpg?w=180&h=260&mode=box"},{"assetType":"boxart-small","assetTypes":["boxart-small"],"width":75,"height":108,"url":"https:\/\/wp20-images-hu-dynamic.horizon.tv\/HU\/Images\/upcgenre_80.jpg?w=75&h=108&mode=box"},{"assetType":"HighResLandscape","assetTypes":["HighResLandscape"],"url":"https:\/\/wp4-images-hu-dynamic.horizon.tv\/HU\/Images\/hrl_76d79c8608431fc9da78258d5ab30eeb22f3a9f8.jpg"}],"mediaGroupId":"crid:~~2F~~2Fport.hu~~2F7365545","secondaryTitle":"Nincs p\u00e9nz\u00fcnk Melbourne-re (LXXXIII.\/3)","shortDescription":"(LXXXIII.\/3) Bob \u00e9s Brielle otthagyj\u00e1k a kanadai kisv\u00e1rosi \u00e9letet egy \u00faj munkalehet\u0151s\u00e9g\u00e9rt Ausztr\u00e1li\u00e1ban. Bob szeretn\u00e9, ha \u00faj otthonuk a belv\u00e1ros sz\u00edv\u00e9ben \u00e1llna, Brielle szerint azonban a...","mediaType":"Episode","year":"2006","isReplayTv":false,"seriesEpisodeNumber":"3","seriesNumber":"83","videoStreams":[],"airDate":1136073600000,"entitlements":["VIP","_OPEN_"],"currentProductIds":[],"currentTvodProductIds":[]},"parentId":"crid:~~2F~~2Fport.hu~~2F7365545","rootId":"crid:~~2F~~2Fport.hu~~2F7365545"}