{"id":"crid:~~2F~~2Fport.hu~~2F42825858-imi:00100000005E2883","countryCode":"HU","languageCode":"hun","deviceCode":"web","startTime":1525607100000,"endTime":1525609200000,"stationId":"826989607126","imi":"imi:00100000005E2883","mediaGroupId":"crid:~~2F~~2Fport.hu~~2F4944651","program":{"id":"crid:~~2F~~2Fport.hu~~2F42825858","title":"Nevel\u00e9sb\u0151l el\u00e9gs\u00e9ges","description":"(IV.\/16) Nem egyszer\u0171 egy le\u00e1nyanya, pl\u00e1ne nem egy \"leg\u00e9nyapa\" \u00e9lete, ha egyed\u00fcl\u00e1ll\u00f3 sz\u00fcl\u0151v\u00e9 v\u00e1lik. De a h\u00faszas \u00e9vei elej\u00e9n j\u00e1r\u00f3 Jimmyt nem kell f\u00e9lteni, m\u00f6g\u00f6tte \u00e1ll az eg\u00e9sz Chance csal\u00e1d. Az Emmy-d\u00edjas Greg Garcia v\u00edgj\u00e1t\u00e9ksorozata.","longDescription":"(IV.\/16) Nem egyszer\u0171 egy le\u00e1nyanya, pl\u00e1ne nem egy \"leg\u00e9nyapa\" \u00e9lete, ha egyed\u00fcl\u00e1ll\u00f3 sz\u00fcl\u0151v\u00e9 v\u00e1lik. De a h\u00faszas \u00e9vei elej\u00e9n j\u00e1r\u00f3 Jimmyt nem kell f\u00e9lteni, m\u00f6g\u00f6tte \u00e1ll az eg\u00e9sz Chance csal\u00e1d. Az Emmy-d\u00edjas Greg Garcia v\u00edgj\u00e1t\u00e9ksorozata.","languageCode":"hun","countryCode":"HU","deviceCode":"web","medium":"TV","categories":[{"id":"271090244428","title":"Dr\u00e1ma","scheme":"urn:tva:metadata:cs:UPCEventGenreCS:2009"},{"id":"271090244432","title":"Kom\u00e9dia\/Filmv\u00edgj\u00e1t\u00e9k","scheme":"urn:tva:metadata:cs:UPCEventGenreCS:2009"}],"isAdult":false,"parentalRating":"12","cast":["Lucas Neff","Shannon Woodward","Martha Plimpton","Garret Dillahunt","Gregg Binkley","Cloris Leachman","Ray Santiago","Kelly Heyer","Kate Micucci"],"directors":["Michael Fresco","Eyal Gordin","Jace Alexander","Randall Einhorn"],"images":[{"assetType":"boxart-large","assetTypes":["boxart-large"],"width":180,"height":260,"url":"https:\/\/wp2-images-hu-dynamic.horizon.tv\/HU\/Images\/bc_51679813b29eabfdc6cb89e811af02881f0420ae.jpg?w=180&h=260&mode=box"},{"assetType":"boxart-medium","assetTypes":["boxart-medium"],"width":110,"height":159,"url":"https:\/\/wp2-images-hu-dynamic.horizon.tv\/HU\/Images\/bc_51679813b29eabfdc6cb89e811af02881f0420ae.jpg?w=110&h=159&mode=box"},{"assetType":"boxart-small","assetTypes":["boxart-small"],"width":75,"height":108,"url":"https:\/\/wp2-images-hu-dynamic.horizon.tv\/HU\/Images\/bc_51679813b29eabfdc6cb89e811af02881f0420ae.jpg?w=75&h=108&mode=box"},{"assetType":"boxart-xlarge","assetTypes":["boxart-xlarge"],"width":210,"height":303,"url":"https:\/\/wp2-images-hu-dynamic.horizon.tv\/HU\/Images\/bc_51679813b29eabfdc6cb89e811af02881f0420ae.jpg?w=210&h=303&mode=box"},{"assetType":"tva-boxcover","assetTypes":["tva-boxcover"],"width":180,"height":260,"url":"https:\/\/wp2-images-hu-dynamic.horizon.tv\/HU\/Images\/bc_51679813b29eabfdc6cb89e811af02881f0420ae.jpg"},{"assetType":"HighResPortrait","assetTypes":["HighResPortrait"],"url":"https:\/\/wp5-images-hu-dynamic.horizon.tv\/HU\/Images\/hrp_9065be87d67b116aacfb75c650e2825f263a3d0f.jpg"},{"assetType":"HighResLandscape","assetTypes":["HighResLandscape"],"url":"https:\/\/wp5-images-hu-dynamic.horizon.tv\/HU\/Images\/hrl_d0a8c3c6de3f663a5b441bd48cc468da2c971dba.jpg"}],"mediaGroupId":"crid:~~2F~~2Fport.hu~~2F4944651","secondaryTitle":"(IV.\/16)","shortDescription":"Nem egyszer\u0171 egy le\u00e1nyanya, pl\u00e1ne nem egy \"leg\u00e9nyapa\" \u00e9lete, ha egyed\u00fcl\u00e1ll\u00f3 sz\u00fcl\u0151v\u00e9 v\u00e1lik. De Jimmyt nem kell f\u00e9lteni, m\u00f6g\u00f6tte \u00e1ll az eg\u00e9sz Chance csal\u00e1d. Az Emmy-d\u00edjas Greg Garcia v\u00edgj\u00e1t\u00e9ksorozata.","mediaType":"Episode","year":"2014","isReplayTv":false,"seriesEpisodeNumber":"16","seriesNumber":"4","videoStreams":[],"airDate":1388534400000,"entitlements":["VIP","_OPEN_"],"currentProductIds":[],"currentTvodProductIds":[]},"parentId":"crid:~~2F~~2Fport.hu~~2F4944651","rootId":"crid:~~2F~~2Fport.hu~~2F4944651"}