{"id":"crid:~~2F~~2Fport.hu~~2F79469944-imi:00100000005D62A4","countryCode":"HU","languageCode":"hun","deviceCode":"web","startTime":1525625700000,"endTime":1525627200000,"stationId":"826989607190","imi":"imi:00100000005D62A4","mediaGroupId":"crid:~~2F~~2Fport.hu~~2F44065050","program":{"id":"crid:~~2F~~2Fport.hu~~2F79469944","title":"Shimmer \u00e9s Shine, a dzsinn testv\u00e9rek","description":"Rajzfilm","longDescription":"Rajzfilm","languageCode":"hun","countryCode":"HU","deviceCode":"web","medium":"TV","categories":[{"id":"271090244371","title":"Gyermek\/Ifj\u00fas\u00e1gi","scheme":"urn:tva:metadata:cs:UPCEventGenreCS:2009"},{"id":"271090244376","title":"Rajzfilm","scheme":"urn:tva:metadata:cs:UPCEventGenreCS:2009"}],"isAdult":false,"parentalRating":"3","cast":[],"directors":[],"images":[{"assetType":"tva-boxcover","assetTypes":["tva-boxcover"],"width":180,"height":260,"url":"https:\/\/wp8-images-hu-dynamic.horizon.tv\/HU\/Images\/upcgenre_55.jpg"},{"assetType":"boxart-medium","assetTypes":["boxart-medium"],"width":110,"height":159,"url":"https:\/\/wp8-images-hu-dynamic.horizon.tv\/HU\/Images\/upcgenre_55.jpg?w=110&h=159&mode=box"},{"assetType":"boxart-small","assetTypes":["boxart-small"],"width":75,"height":108,"url":"https:\/\/wp8-images-hu-dynamic.horizon.tv\/HU\/Images\/upcgenre_55.jpg?w=75&h=108&mode=box"},{"assetType":"boxart-xlarge","assetTypes":["boxart-xlarge"],"width":210,"height":303,"url":"https:\/\/wp8-images-hu-dynamic.horizon.tv\/HU\/Images\/upcgenre_55.jpg?w=210&h=303&mode=box"},{"assetType":"boxart-large","assetTypes":["boxart-large"],"width":180,"height":260,"url":"https:\/\/wp8-images-hu-dynamic.horizon.tv\/HU\/Images\/upcgenre_55.jpg?w=180&h=260&mode=box"},{"assetType":"HighResLandscape","assetTypes":["HighResLandscape"],"url":"https:\/\/wp21-images-hu-dynamic.horizon.tv\/HU\/Images\/hrl_7b1b259e9739d4869834fda91a0a42b5c2020305.jpg"}],"mediaGroupId":"crid:~~2F~~2Fport.hu~~2F44065050","secondaryTitle":"A T\u00e1nc Var\u00e1zsa (III.\/11)","shortDescription":"Rajzfilm","mediaType":"Episode","year":"2017","duration":1500,"latestBroadcastStartTime":1525096500000,"latestBroadcastEndTime":1525098000000,"isReplayTv":true,"listingId":"crid:~~2F~~2Fport.hu~~2F79469944-imi:00100000005CFACB","seriesEpisodeNumber":"11","seriesNumber":"3","videoStreams":[],"airDate":1483228800000,"entitlements":["VIP","_OPEN_","crid:~~2F~~2Fupc.com~~2FReplayTV~~2FNick_Jr_ReplayTV"],"currentProductIds":["crid:~~2F~~2Fupc.com~~2FReplayTV~~2FNick_Jr_ReplayTV"],"currentTvodProductIds":[]},"parentId":"crid:~~2F~~2Fport.hu~~2F44065050","rootId":"crid:~~2F~~2Fport.hu~~2F44065050"}