{"id":"crid:~~2F~~2Fport.hu~~2F88765831-imi:00100000005D29DA","countryCode":"HU","languageCode":"hun","deviceCode":"web","startTime":1525442400000,"endTime":1525446000000,"stationId":"826989607278","imi":"imi:00100000005D29DA","mediaGroupId":"crid:~~2F~~2Fport.hu~~2F66418874","program":{"id":"crid:~~2F~~2Fport.hu~~2F88765831","title":"Hungarian Pop Top","description":"Rock\/pop","longDescription":"Rock\/pop","languageCode":"hun","countryCode":"HU","deviceCode":"web","medium":"TV","categories":[{"id":"271090244377","title":"Zene","scheme":"urn:tva:metadata:cs:UPCEventGenreCS:2009"},{"id":"271090244378","title":"Rock\/pop","scheme":"urn:tva:metadata:cs:UPCEventGenreCS:2009"}],"isAdult":false,"parentalRating":"12","cast":[],"directors":[],"images":[{"assetType":"tva-boxcover","assetTypes":["tva-boxcover"],"width":180,"height":260,"url":"https:\/\/wp26-images-hu-dynamic.horizon.tv\/HU\/Images\/bc_f0e3750020ebbc96c8aed48d41d0268ad97704ba.jpg"},{"assetType":"boxart-large","assetTypes":["boxart-large"],"width":180,"height":260,"url":"https:\/\/wp26-images-hu-dynamic.horizon.tv\/HU\/Images\/bc_f0e3750020ebbc96c8aed48d41d0268ad97704ba.jpg?w=180&h=260&mode=box"},{"assetType":"boxart-small","assetTypes":["boxart-small"],"width":75,"height":108,"url":"https:\/\/wp26-images-hu-dynamic.horizon.tv\/HU\/Images\/bc_f0e3750020ebbc96c8aed48d41d0268ad97704ba.jpg?w=75&h=108&mode=box"},{"assetType":"boxart-medium","assetTypes":["boxart-medium"],"width":110,"height":159,"url":"https:\/\/wp26-images-hu-dynamic.horizon.tv\/HU\/Images\/bc_f0e3750020ebbc96c8aed48d41d0268ad97704ba.jpg?w=110&h=159&mode=box"},{"assetType":"boxart-xlarge","assetTypes":["boxart-xlarge"],"width":210,"height":303,"url":"https:\/\/wp26-images-hu-dynamic.horizon.tv\/HU\/Images\/bc_f0e3750020ebbc96c8aed48d41d0268ad97704ba.jpg?w=210&h=303&mode=box"},{"assetType":"HighResLandscape","assetTypes":["HighResLandscape"],"url":"https:\/\/wp9-images-hu-dynamic.horizon.tv\/HU\/Images\/hrl_5830d5b530c18514cf9449d6df900fdf16015f1a.jpg"},{"assetType":"HighResPortrait","assetTypes":["HighResPortrait"],"url":"https:\/\/wp9-images-hu-dynamic.horizon.tv\/HU\/Images\/hrp_f0e3750020ebbc96c8aed48d41d0268ad97704ba.jpg"}],"mediaGroupId":"crid:~~2F~~2Fport.hu~~2F66418874","shortDescription":"Rock\/pop","mediaType":"Episode","year":"2018","duration":3600,"latestBroadcastStartTime":1524060000000,"latestBroadcastEndTime":1524063600000,"isReplayTv":true,"listingId":"crid:~~2F~~2Fport.hu~~2F88765831-imi:00100000005B953F","seriesEpisodeNumber":"1805041600","seriesNumber":"1805021600","videoStreams":[],"airDate":1514764800000,"entitlements":["VIP","_OPEN_"],"currentProductIds":[],"currentTvodProductIds":[]},"parentId":"crid:~~2F~~2Fport.hu~~2F66418874","rootId":"crid:~~2F~~2Fport.hu~~2F66418874"}