{"id":"crid:~~2F~~2Fport.hu~~2F1294379-imi:00100000005D4CE8","countryCode":"HU","languageCode":"hun","deviceCode":"web","startTime":1525527000000,"endTime":1525528800000,"stationId":"826989607249","imi":"imi:00100000005D4CE8","mediaGroupId":"crid:~~2F~~2Fport.hu~~2F2463021","program":{"id":"crid:~~2F~~2Fport.hu~~2F1294379","title":"Egy r\u00e9m rendes csal\u00e1d","description":"(I.\/5) A sorozat egy elk\u00e9peszt\u0151, sz\u00f3rakoztat\u00f3an realisztikus v\u00e1lasz az amerikai telev\u00edzi\u00f3kban igen gyakran idealiz\u00e1lt csal\u00e1dmodellre. Al Bundy, Peggy Bundy \u00e9s k\u00f6z\u00f6s gyermekeik, Kelly \u00e9s Bud t\u00f6rt\u00e9nete a k\u00fclv\u00e1rosi Chicag\u00f3ban zajlik. \u00c9let\u00fck nem felt\u00e9tlen\u00fcl mintaszer\u0171, \u00e1m \u00e1lland\u00f3 eml\u00e9keztet\u0151 a modern h\u00e1zass\u00e1g \u00e9s csal\u00e1di \u00e9let gyenge pontjainak.","longDescription":"(I.\/5) A sorozat egy elk\u00e9peszt\u0151, sz\u00f3rakoztat\u00f3an realisztikus v\u00e1lasz az amerikai telev\u00edzi\u00f3kban igen gyakran idealiz\u00e1lt csal\u00e1dmodellre. Al Bundy, Peggy Bundy \u00e9s k\u00f6z\u00f6s gyermekeik, Kelly \u00e9s Bud t\u00f6rt\u00e9nete a k\u00fclv\u00e1rosi Chicag\u00f3ban zajlik. \u00c9let\u00fck nem felt\u00e9tlen\u00fcl mintaszer\u0171, \u00e1m \u00e1lland\u00f3 eml\u00e9keztet\u0151 a modern h\u00e1zass\u00e1g \u00e9s csal\u00e1di \u00e9let gyenge pontjainak.","languageCode":"hun","countryCode":"HU","deviceCode":"web","medium":"TV","categories":[{"id":"271090244428","title":"Dr\u00e1ma","scheme":"urn:tva:metadata:cs:UPCEventGenreCS:2009"},{"id":"271090244432","title":"Kom\u00e9dia\/Filmv\u00edgj\u00e1t\u00e9k","scheme":"urn:tva:metadata:cs:UPCEventGenreCS:2009"}],"isAdult":false,"parentalRating":"12","cast":["Katey Sagal","David Faustino","Amanda Bearse","David Garrison","Ted McGinley","Jerry Hall","Kim Morgan Greene","Pauly Shore","Tiffani Thiessen","Cheech Marin","Bubba Smith","Joseph Bologna","Joey Lauren Adams","Kari Wuhrer","Jon Lovitz","Bobcat Goldthwait","Linda Blair","Corey Feldman","Randall \"Tex\" Cobb","Charlene Tilton"],"directors":["Amanda Bearse","Gerry Cohen","Linda Day","Brian Levant"],"images":[{"assetType":"boxart-large","assetTypes":["boxart-large"],"width":180,"height":260,"url":"https:\/\/wp6-images-hu-dynamic.horizon.tv\/HU\/Images\/bc_482c1f58bbff7252024b8843155cf436b57a5a1f.jpg?w=180&h=260&mode=box"},{"assetType":"boxart-small","assetTypes":["boxart-small"],"width":75,"height":108,"url":"https:\/\/wp6-images-hu-dynamic.horizon.tv\/HU\/Images\/bc_482c1f58bbff7252024b8843155cf436b57a5a1f.jpg?w=75&h=108&mode=box"},{"assetType":"boxart-xlarge","assetTypes":["boxart-xlarge"],"width":210,"height":303,"url":"https:\/\/wp6-images-hu-dynamic.horizon.tv\/HU\/Images\/bc_482c1f58bbff7252024b8843155cf436b57a5a1f.jpg?w=210&h=303&mode=box"},{"assetType":"tva-boxcover","assetTypes":["tva-boxcover"],"width":180,"height":260,"url":"https:\/\/wp6-images-hu-dynamic.horizon.tv\/HU\/Images\/bc_482c1f58bbff7252024b8843155cf436b57a5a1f.jpg"},{"assetType":"boxart-medium","assetTypes":["boxart-medium"],"width":110,"height":159,"url":"https:\/\/wp6-images-hu-dynamic.horizon.tv\/HU\/Images\/bc_482c1f58bbff7252024b8843155cf436b57a5a1f.jpg?w=110&h=159&mode=box"},{"assetType":"HighResLandscape","assetTypes":["HighResLandscape"],"url":"https:\/\/wp19-images-hu-dynamic.horizon.tv\/HU\/Images\/hrl_62ecbf03e94da7d00a27885b447fd03d80917171.jpg"},{"assetType":"HighResPortrait","assetTypes":["HighResPortrait"],"url":"https:\/\/wp19-images-hu-dynamic.horizon.tv\/HU\/Images\/hrp_0238772ad5847e55fe4ada9a624026b90c88ea65.jpg"}],"mediaGroupId":"crid:~~2F~~2Fport.hu~~2F2463021","secondaryTitle":"Egy zs\u00e1k alma (I.\/5)","shortDescription":"Az Egy r\u00e9m rendes csal\u00e1d egy elk\u00e9peszt\u0151, f\u00e1jdalmasan realisztikus v\u00e1lasz az amerikai telev\u00edzi\u00f3kban igen gyakran idealiz\u00e1lt csal\u00e1dmodellre. \u00c9let\u00fck nem felt\u00e9tlen\u00fcl mintaszer\u0171, \u00e1m felett\u00e9bb sz\u00f3rakozat\u00f3.","mediaType":"Episode","year":"1987","duration":1800,"latestBroadcastStartTime":1525334100000,"latestBroadcastEndTime":1525335900000,"isReplayTv":true,"listingId":"crid:~~2F~~2Fport.hu~~2F1294379-imi:00100000005D1496","seriesEpisodeNumber":"5","seriesNumber":"1","videoStreams":[],"airDate":536457600000,"entitlements":["VIP","crid:~~2F~~2Fupc.com~~2FReplayTV~~2FHumor_Plus_ReplayTV","_OPEN_"],"currentProductIds":["crid:~~2F~~2Fupc.com~~2FReplayTV~~2FHumor_Plus_ReplayTV"],"currentTvodProductIds":[]},"parentId":"crid:~~2F~~2Fport.hu~~2F2463021","rootId":"crid:~~2F~~2Fport.hu~~2F2463021"}