{"id":"crid:~~2F~~2Fport.hu~~2F1358453-imi:00100000005D4893","countryCode":"HU","languageCode":"hun","deviceCode":"web","startTime":1525531200000,"endTime":1525538700000,"stationId":"826989607158","imi":"imi:00100000005D4893","mediaGroupId":"crid:~~2F~~2Fport.hu~~2F1358453","program":{"id":"crid:~~2F~~2Fport.hu~~2F1358453","title":"N\u00e9m\u00f3 nyom\u00e1ban","description":"Miut\u00e1n a fi\u00e1t elkapt\u00e1k a Nagy-korallg\u00e1ton \u00e9s Sydneybe vitt\u00e9k, a f\u00e9l\u00e9nk boh\u00f3chal \u00fatra kell, hogy hazahozza gyermek\u00e9t.","longDescription":"Miut\u00e1n a fi\u00e1t elkapt\u00e1k a Nagy-korallg\u00e1ton \u00e9s Sydneybe vitt\u00e9k, a f\u00e9l\u00e9nk boh\u00f3chal \u00fatra kell, hogy hazahozza gyermek\u00e9t.","languageCode":"hun","countryCode":"HU","deviceCode":"web","medium":"Movie","categories":[{"id":"271090244339","title":"csal\u00e1d","scheme":"urn:tva:metadata:cs:UPCEventGenreCS:2009"}],"isAdult":false,"parentalRating":"12","cast":[],"directors":["Andrew Stanton","Lee Unkrich"],"images":[{"assetType":"boxart-small","assetTypes":["boxart-small"],"width":75,"height":108,"url":"https:\/\/wp22-images-hu-dynamic.horizon.tv\/HU\/Images\/bc_914be352b326788332ea5a38309ccc2678c2732d.jpg?w=75&h=108&mode=box"},{"assetType":"tva-boxcover","assetTypes":["tva-boxcover"],"width":180,"height":260,"url":"https:\/\/wp22-images-hu-dynamic.horizon.tv\/HU\/Images\/bc_914be352b326788332ea5a38309ccc2678c2732d.jpg"},{"assetType":"boxart-large","assetTypes":["boxart-large"],"width":180,"height":260,"url":"https:\/\/wp22-images-hu-dynamic.horizon.tv\/HU\/Images\/bc_914be352b326788332ea5a38309ccc2678c2732d.jpg?w=180&h=260&mode=box"},{"assetType":"boxart-medium","assetTypes":["boxart-medium"],"width":110,"height":159,"url":"https:\/\/wp22-images-hu-dynamic.horizon.tv\/HU\/Images\/bc_914be352b326788332ea5a38309ccc2678c2732d.jpg?w=110&h=159&mode=box"},{"assetType":"boxart-xlarge","assetTypes":["boxart-xlarge"],"width":210,"height":303,"url":"https:\/\/wp22-images-hu-dynamic.horizon.tv\/HU\/Images\/bc_914be352b326788332ea5a38309ccc2678c2732d.jpg?w=210&h=303&mode=box"},{"assetType":"HighResLandscape","assetTypes":["HighResLandscape"],"url":"https:\/\/wp11-images-hu-dynamic.horizon.tv\/HU\/Images\/hrl_251b52ed34f8a2d9f40d80ed5d0c3a9c7fac2541.jpg"},{"assetType":"HighResPortrait","assetTypes":["HighResPortrait"],"url":"https:\/\/wp11-images-hu-dynamic.horizon.tv\/HU\/Images\/hrp_914be352b326788332ea5a38309ccc2678c2732d.jpg"}],"mediaGroupId":"crid:~~2F~~2Fport.hu~~2F1358453","shortDescription":"Miut\u00e1n a fi\u00e1t elkapt\u00e1k a Nagy-korallg\u00e1ton \u00e9s Sydneybe vitt\u00e9k, a f\u00e9l\u00e9nk boh\u00f3chal \u00fatra kell, hogy hazahozza gyermek\u00e9t.","mediaType":"FeatureFilm","year":"2003","isReplayTv":false,"videoStreams":[],"airDate":1041379200000,"entitlements":["VIP","_OPEN_"],"currentProductIds":[],"currentTvodProductIds":[]},"parentId":"crid:~~2F~~2Fport.hu~~2F1358453","rootId":"crid:~~2F~~2Fport.hu~~2F1358453"}